<?xml version="1.0" encoding="ISO-8859-1" standalone="no"?>
<newsitem date="1997-06-20" id="root" itemid="675620" xml:lang="en">
<title>SOUTH AFRICA: S.Africa urges travel ban to Brazzaville.</title>
<headline>S.Africa urges travel ban to Brazzaville.</headline>
<dateline>JOHANNESBURG 1997-06-20</dateline>
<text>
<p>South Africa urged its nationals on Friday not to travel to the Congo where French forces are due to withdraw at the weekend.</p>
<p>A temporary truce is in place between troops loyal to the president and a rival faction supporting a former Marxist military ruler following 12 days of fighting in the capital Brazzaville. The truce officially ends at Friday midnight (2300 GMT).</p>
<p>Pretoria's Foreign Affairs Department said in a statement it viewed the current situation as unstable.</p>
<p>"The South African government advises citizens and residents of South Africa not to travel to the Republic of Congo until a lasting cessation of hostilities has been achieved," it said.</p>
<p>"In the light of the announced withdrawal of French forces, South African citizens and residents remaining in the country are also advised to take all necessary precautions to ensure their safety and to consider leaving the country temporarily..."</p>
<p>Pretoria has no diplomatic mission in Congo and has struggled to trace its nationals working in Brazzaville, but several South Africans have been evacuated with French help.</p>
<p>France, Congo's former colonial ruler, said on Thursday it would complete its pullout of 1,250 troops, who had evacuated 5,700 foreign nationals, in the next few days despite pleas from U.N. envoy Mohamed Sahnoun for some to stay.</p>
</text>
<copyright>(c) Reuters Limited 1997</copyright>
<metadata>
<codes class="bip:countries:1.0">
  <code code="CONGO">
    <editdetail action="confirmed" attribution="Reuters BIP Coding Group" date="1997-06-20"/>
  </code>
  <code code="FRA">
    <editdetail action="confirmed" attribution="Reuters BIP Coding Group" date="1997-06-20"/>
  </code>
  <code code="SAFR">
    <editdetail action="confirmed" attribution="Reuters BIP Coding Group" date="1997-06-20"/>
  </code>
</codes>
<codes class="bip:topics:1.0">
  <code code="GCAT">
    <editdetail action="confirmed" attribution="Reuters BIP Coding Group" date="1997-06-20"/>
  </code>
  <code code="GDIP">
    <editdetail action="confirmed" attribution="Reuters BIP Coding Group" date="1997-06-20"/>
  </code>
  <code code="GVIO">
    <editdetail action="confirmed" attribution="Reuters BIP Coding Group" date="1997-06-20"/>
  </code>
</codes>
<dc element="dc.date.created" value="1997-06-20"/>
<dc element="dc.publisher" value="Reuters Holdings Plc"/>
<dc element="dc.date.published" value="1997-06-20"/>
<dc element="dc.source" value="Reuters"/>
<dc element="dc.creator.location" value="JOHANNESBURG"/>
<dc element="dc.creator.location.country.name" value="SOUTH AFRICA"/>
<dc element="dc.source" value="Reuters"/>
</metadata>
</newsitem>
