<?xml version="1.0" encoding="ISO-8859-1" standalone="no"?>
<newsitem date="1997-06-20" id="root" itemid="676086" xml:lang="en">
<title>USA: Europeans ride American-style bull market amid shaky euro deal.</title>
<headline>Europeans ride American-style bull market amid shaky euro deal.</headline>
<byline>Pierre Belec</byline>
<dateline>NEW YORK</dateline>
<text>
<p>Money keeps pouring into stocks, propelling them to record highs, and Europeans, worried that their revolutionary plan for a single currency might unravel, are joining the American-style bull market.</p>
<p>The Dow Jones industrial average galloped to record levels just a week after racking up six straight sessions of new highs on a near-perfect U.S. economic story.</p>
<p>On Friday, the index of 30-blue-chip stocks closed up 19.45 points at a new high of 7,796.51, surpassing its June 13 record close of 7,782.04, adding to this year's gain of more than 21 percent. For the week, it was up 14.47 points.</p>
<p>Investors are showing no letup in their appetite for stocks as $18.5 billion flowed into U.S. stock mutual funds in May, bringing the total so far this year to $92 billion, according to the Washington-based Investment Company Institute, a mutual fund trade group.</p>
<p>Foreign investors are also thirsty for U.S. stocks.</p>
<p>The Federal Reserve estimates that in the first quarter, foreigners bought U.S. stocks at twice the pace of last year, gobbling up 6.5 percent of the more than $10.1 trillion invested in the nation's stock market. The total was also the highest since 1990.</p>
<p>Analysts said the rush by Europeans to U.S. stocks accelerated in the second quarter on concern that the building blocks of the European Monetary Union seemed to be falling part following the surprise outcome of the elections in two key European Union member countries -- France and Britain.</p>
<p>French voters picked a Socialist prime minister and in Britain, the long-ruling Conservative party went down to a crushing defeat in an apparent rejection of the common currency that would rob them of their national identity and have a central European bank dictate their economic life.</p>
<p>Some saw the French vote differently, saying it was not against the single European currency, which will be known as the euro.</p>
<p>"The vote in France was a vote against continued austerity and it was a desire to see the economy grow and in getting unemployment down," said Bill Westhoff, senior vice president of global investments at IDS International, an asset management firm. "It was probably pro-growth and not anti-euro."</p>
<p>The experts say the changes in the euro treaty that were negotiated this past week by EU finance ministers may have once again bailed out the single-currency plan, but the potential fallout from their agreement on jobs and fiscal discipline in the 15-nation group has spawned even more uncertainties.</p>
<p>The feeling is that the EU has simply agreed on a watered-down treaty and papered over jobs and budget austerity worries by France and Germany -- the driving forces behind the single currency.</p>
<p>As the debate grows over how best to achieve European Monetary Union, the big worry is that the plan will not fly in its present form and may be delayed or even scrapped.</p>
<p>"Global investors have become a little more cautious about the idea that European markets such as German stocks and bonds are totally stable stores of value and they are starting to ask themselves what will happen to their investments if the European economic unification plan fails to take hold," said John Geraghty at North American Equity Services, a consulting firm.</p>
<p>"People are putting safety first," he said. "And, there has been a definite movement to safety and the safest market is outside of the EU in the United States."</p>
<p>Geraghty said Wall Street has the best performing market, with stocks continuing to barrel to new highs on low interest rates and subdued inflatiom -- a near-perfect mix for investors.</p>
<p>"Right now, the chances of the euro plan of being endorsed on its official 1999 timetable don't look good because of the widely different social and economic agendas among European countries," he said.</p>
<p>The countries have been working for the past five years to get their economies into shape prior to the 1999 introduction of the euro.</p>
<p>The goal is to raise the EU to a new level and boost its competition against the dollar, putting it on a par with the United States -- the world's biggest economy.</p>
<p>Critics say the euro plan, which would bring tough rules for controlling government finances, is being driven simply by political imperatives that have ignored the implications of the economic marriage.</p>
<p>"The probability is for more of the same, and more of the same will lead to delays and changes in the euro plan," Geraghty said. "The longer before they strike, the less chances that they will strike at all."</p>
<p>The European Union's high jobless rates, which in some countries is the highest since the end of the Second World War has thrown cold water on the euro's prospects, raising doubts about the chances that it will be introduced no later than Jan. 1, 1999.</p>
<p>Overseas investors are also weighing all of the scenarios for EMU and are worried that if there is monetary union, it will be toothless and weak.</p>
<p>"An unravelling of the euro deal would be bullish for all dollar instruments ... and it would increase the U.S. markets' safe-haven status," said Michael Metz, chief investment strategist at Oppenheimer &amp; Co.</p>
<p>"The other ramification if the euro does not happen is that it could mean the end of fiscal discipline for European countries which have embarked on very stringent spending cuts in order to join the euro," he said.</p>
<p>"Some resurgence of fiscal stimulus to get these economies to reacccelerate would be good for worldwide growth but it could raise some concern about inflation," Metz said.</p>
<p>On Friday, the Nasdaq composite index closed 0.04 of a point lower at 1,447.10 but was up 24.07 for the week.</p>
<p>The Standard &amp; Poor's index of 500 stocks rose 0.71 to a new high of 898.70, for a gain of 5.43 on the week. The American Stock Exchange index was off 5.03 at 623.27, down 6.83 from last Friday.</p>
<p>The NYSE composite index of all listed common stocks rose 0.08 to a new high of 467.84, up 2.67 for the week.</p>
<p>(Questions or comments on the Stocks-Week Column can be addressed to Pierre.Belec(at)Reuters.Com where "(at)" stands for the "at" symbol on the computer keyboard.)</p>
</text>
<copyright>(c) Reuters Limited 1997</copyright>
<metadata>
<codes class="bip:countries:1.0">
  <code code="USA">
    <editdetail action="confirmed" attribution="Reuters BIP Coding Group" date="1997-06-20"/>
  </code>
</codes>
<codes class="bip:topics:1.0">
  <code code="M11">
    <editdetail action="confirmed" attribution="Reuters BIP Coding Group" date="1997-06-20"/>
  </code>
  <code code="MCAT">
    <editdetail action="confirmed" attribution="Reuters BIP Coding Group" date="1997-06-20"/>
  </code>
</codes>
<dc element="dc.publisher" value="Reuters Holdings Plc"/>
<dc element="dc.date.published" value="1997-06-20"/>
<dc element="dc.source" value="Reuters"/>
<dc element="dc.creator.location" value="NEW YORK"/>
<dc element="dc.creator.location.country.name" value="USA"/>
<dc element="dc.source" value="Reuters"/>
</metadata>
</newsitem>
