<?xml version="1.0" encoding="ISO-8859-1" standalone="no"?>
<newsitem date="1997-06-20" id="root" itemid="676930" xml:lang="en">
<title>DUBAI: Iran invites Iraq to Islamic summit.</title>
<headline>Iran invites Iraq to Islamic summit.</headline>
<dateline>DUBAI 1997-06-20</dateline>
<text>
<p>An Iranian envoy to Baghdad delivered an invitation to Iraq to attend an Organisation of Islamic Conference summit which Tehran plans to host in December, Iran radio reported on Friday.</p>
<p>It said Health Minister Ali Ridha Mirandi, who arrived in Baghdad on Thursday, relayed the invitation to Iraq's Foreign Minister Mohammad Said al-Sahhaf.</p>
<p>Mirandi is also the personal envoy of Iranian President Ali Hashemi Rafsanjani.</p>
<p>Iranian envoys have in the past three months delivered invitations to Moslem heads of states to attend the OIC summit, but it was not clear from the radio report wether Iran's invitation to Iraq was addressed to President Saddam Hussein.</p>
<p>Saddam's presence at the summit of the Moslem world's biggest body could face reservations by some Gulf Arab leaders, mainly Kuwait which was invaded and occupied by Iraqi troops for seven months in 1990-1991.</p>
<p>Iraq and Iran, two major Gulf powers and old enemies who fought the 1980-88 Iraq-Iran War, are locked on a set of issues which hinder normal ties between them such as prisoners of war.</p>
<p>Diplomats said Rafsanjani's despatch of the health minister to Baghdad was aimed at displaying a humanitarian gesture towards Iraq.</p>
</text>
<copyright>(c) Reuters Limited 1997</copyright>
<metadata>
<codes class="bip:countries:1.0">
  <code code="IRAN">
    <editdetail action="confirmed" attribution="Reuters BIP Coding Group" date="1997-06-20"/>
  </code>
  <code code="IRAQ">
    <editdetail action="confirmed" attribution="Reuters BIP Coding Group" date="1997-06-20"/>
  </code>
  <code code="ISLAM">
    <editdetail action="confirmed" attribution="Reuters BIP Coding Group" date="1997-06-20"/>
  </code>
</codes>
<codes class="bip:topics:1.0">
  <code code="GCAT">
    <editdetail action="confirmed" attribution="Reuters BIP Coding Group" date="1997-06-20"/>
  </code>
  <code code="GDIP">
    <editdetail action="confirmed" attribution="Reuters BIP Coding Group" date="1997-06-20"/>
  </code>
</codes>
<dc element="dc.date.created" value="1997-06-20"/>
<dc element="dc.publisher" value="Reuters Holdings Plc"/>
<dc element="dc.date.published" value="1997-06-20"/>
<dc element="dc.source" value="Reuters"/>
<dc element="dc.creator.location" value="DUBAI"/>
<dc element="dc.creator.location.country.name" value="DUBAI"/>
<dc element="dc.source" value="Reuters"/>
</metadata>
</newsitem>
