<?xml version="1.0" encoding="ISO-8859-1" standalone="no"?>
<newsitem date="1997-06-20" id="root" itemid="676299" xml:lang="en">
<title>USA: Hancock sales practices under scrutiny by states.</title>
<headline>Hancock sales practices under scrutiny by states.</headline>
<byline>Michael Ellis</byline>
<dateline>BOSTON 1997-06-20</dateline>
<text>
<p>John Hancock Mutual Life Insurance Co on Friday said it was in talks with the Massachusetts Division of Insurance and regulators from other states about allegations of deceptive sales practices.</p>
<p>"The allegations and time period are exactly the same as those spelled out in a class-action suit filed against us in 1995," the company said in a short statement. "We've been talking about them with the (insurance) commissioner's office and regulators from a number of other states for many months now, and we will continue to do so until this is resolved."  </p>
<p>A spokesman for Hancock, contacted by Reuters, did not identify the other states in talks with the company.</p>
<p>Hancock faces a class-action lawsuit charging that the company improperly "churned" policies to generate fresh commissions for agents and revenues for the company.</p>
<p>The Massachusetts Division of Insurance said it recently began a broad investigation into Hancock's sales practices and was seeking company documents on disciplinary actions against its agents over the past 18 years.  </p>
<p>Michael Goetz, a spokesman for the state insurance division, said the investigation was in the early stages and covered a deceptive sales practice known as churning -- marketing life insurance as an investment and policies that include so-called vanishing premiums.</p>
<p>"We've made a very substantial request of them to provide us all of the names of agents they have disciplined," he said. The agency has also requested sales marketing literature and procedural manuals to train agents.  </p>
<p>"The purpose of that is so that we can go through it and see whether it bears out allegations of unfair conduct," he said. "They've indicated a willingness to cooperate with our investigation," he said.</p>
<p>The investigation into John Hancock is just the latest shadow cast over the insurance industry. The Prudential Insurance Co of America could end up paying more than $2.5 billion to policyholders to settle class-action lawsuits alleging that the company engaged in deceptive sales practices.</p>
<p>((Boston bureau, (617) 367-4176))</p>
</text>
<copyright>(c) Reuters Limited 1997</copyright>
<metadata>
<codes class="bip:countries:1.0">
  <code code="USA">
    <editdetail action="confirmed" attribution="Reuters BIP Coding Group" date="1997-06-20"/>
  </code>
</codes>
<codes class="bip:industries:1.0">
  <code code="I82002">
    <editdetail action="confirmed" attribution="Reuters BIP Coding Group" date="1997-06-20"/>
  </code>
</codes>
<codes class="bip:topics:1.0">
  <code code="C13">
    <editdetail action="confirmed" attribution="Reuters BIP Coding Group" date="1997-06-20"/>
  </code>
  <code code="C31">
    <editdetail action="confirmed" attribution="Reuters BIP Coding Group" date="1997-06-20"/>
  </code>
  <code code="CCAT">
    <editdetail action="confirmed" attribution="Reuters BIP Coding Group" date="1997-06-20"/>
  </code>
</codes>
<dc element="dc.date.created" value="1997-06-20"/>
<dc element="dc.publisher" value="Reuters Holdings Plc"/>
<dc element="dc.date.published" value="1997-06-20"/>
<dc element="dc.source" value="Reuters"/>
<dc element="dc.creator.location" value="BOSTON"/>
<dc element="dc.creator.location.country.name" value="USA"/>
<dc element="dc.source" value="Reuters"/>
</metadata>
</newsitem>
