<?xml version="1.0" encoding="ISO-8859-1" standalone="no"?>
<newsitem date="1997-06-20" id="root" itemid="677224" xml:lang="en">
<title>ITALY: Police capture alleged Mafia priest-killer.</title>
<headline>Police capture alleged Mafia priest-killer.</headline>
<dateline>PALERMO, Sicily 1997-06-20</dateline>
<text>
<p>Police in Sicily claimed another success in their war on the Mafia on Friday with the arrest of an alleged hitman wanted for the killing of a Roman Catholic priest.</p>
<p>Salvatore Grigoli, 42, was captured on Thursday night when police burst into a small apartment on the edge of the Sicilian capital where he had been hiding.</p>
<p>Grigoli, who was preparing a meal when the raid took place, was armed with a pistol but offered no resistance, police said. They said the suspect had grown a goatee beard and sideburns to try to disguise his appearance.</p>
<p>Grigoli had been sought for the slaying in September 1993 of Father Giuseppe Puglisi, who was shot in the back of the head outside his home in the crime-ridden Brancaccio district of Palermo where he preached against the Mafia.</p>
<p>He was also wanted in connection with a failed attempt to kill a prominent Mafia turncoat, Salvatore Contorno, and fatal bomb attacks in Rome, Florence and Milan in 1993 which police have attributed to the Cosa Nostra.</p>
<p>Police have gradually put most of the mob's known bosses behind bars since the bombing murders in 1992 of leading anti-Mafia magistrates Giovanni Falcone and Paolo Borsellino.</p>
<p>Their most recent coup was the arrest earlier this month of crime chieftain Pietro Aglieri, a leading lieutenant of captured "boss of bosses" Salvatoren Riina.</p>
</text>
<copyright>(c) Reuters Limited 1997</copyright>
<metadata>
<codes class="bip:countries:1.0">
  <code code="ITALY">
    <editdetail action="confirmed" attribution="Reuters BIP Coding Group" date="1997-06-20"/>
  </code>
</codes>
<codes class="bip:topics:1.0">
  <code code="GCAT">
    <editdetail action="confirmed" attribution="Reuters BIP Coding Group" date="1997-06-20"/>
  </code>
  <code code="GCRIM">
    <editdetail action="confirmed" attribution="Reuters BIP Coding Group" date="1997-06-20"/>
  </code>
</codes>
<dc element="dc.date.created" value="1997-06-20"/>
<dc element="dc.publisher" value="Reuters Holdings Plc"/>
<dc element="dc.date.published" value="1997-06-20"/>
<dc element="dc.source" value="Reuters"/>
<dc element="dc.creator.location" value="PALERMO, Sicily"/>
<dc element="dc.creator.location.country.name" value="ITALY"/>
<dc element="dc.source" value="Reuters"/>
</metadata>
</newsitem>
