<?xml version="1.0" encoding="ISO-8859-1" standalone="no"?>
<newsitem date="1997-06-20" id="root" itemid="676734" xml:lang="en">
<title>USA: Special prosecutor defends lengthy probe of Espy.</title>
<headline>Special prosecutor defends lengthy probe of Espy.</headline>
<dateline>WASHINGTON 1997-06-19</dateline>
<text>
<p>The independent prosecutor investigating allegations of misconduct by former Clinton Administration Agriculture Secretary Mike Espy on Thursday defended the nearly three-year-long probe and said he would complete it "fairly, vigorously and expeditiously."</p>
<p>"This investigation is in fact about big business and powerful individuals illegally buying and attempting to buy access to a member of the president's cabinet who regulates their industry," said Donald Smaltz, who was appointed independent counsel in August 1994 to investigate Espy.</p>
<p>Smaltz issued a statement responding to a story in the June 16 issue of Time magazine, which said the probe has cost taxpayers more than $9 million with little to show for it.</p>
<p>Earlier this month, a federal judge granted a new trial to convicted Tyson Foods lobbyist Jack Williams after Smaltz's prosecutors failed to tell Williams' lawyers that a key FBI witness had admitted lying under oath in an unrelated matter.</p>
<p>In March, another federal judge dismissed Smaltz's case against Espy's brother because of lack of evidence to show Henry Espy had defrauded election officials when running for Mike Espy's former congressional seat.</p>
<p>But Smaltz said the magazine did not mention his team's criminal convictions of three corporations, five individuals and one law firm, plus the collection of more than $3.5 million in fines. The convictions are related to gifts given to Espy or his brother to win access and influence decisions, he said.</p>
<p>The Time magazine story said Smaltz was expected to complete his investigation this summer with possible indictments against Espy and Tyson Foods.</p>
<p>"Notwithstanding Time's unfounded criticism and efforts to trivialize this investigation even before its conclusion, I will continue to perform the duties for which I was appointed fairly, vigorously and expeditiously," Smaltz said.</p>
</text>
<copyright>(c) Reuters Limited 1997</copyright>
<metadata>
<codes class="bip:countries:1.0">
  <code code="USA">
    <editdetail action="confirmed" attribution="Reuters BIP Coding Group" date="1997-06-20"/>
  </code>
</codes>
<codes class="bip:topics:1.0">
  <code code="GCAT">
    <editdetail action="confirmed" attribution="Reuters BIP Coding Group" date="1997-06-20"/>
  </code>
  <code code="GCRIM">
    <editdetail action="confirmed" attribution="Reuters BIP Coding Group" date="1997-06-20"/>
  </code>
  <code code="GPOL">
    <editdetail action="confirmed" attribution="Reuters BIP Coding Group" date="1997-06-20"/>
  </code>
</codes>
<dc element="dc.date.created" value="1997-06-19"/>
<dc element="dc.publisher" value="Reuters Holdings Plc"/>
<dc element="dc.date.published" value="1997-06-20"/>
<dc element="dc.source" value="Reuters"/>
<dc element="dc.creator.location" value="WASHINGTON"/>
<dc element="dc.creator.location.country.name" value="USA"/>
<dc element="dc.source" value="Reuters"/>
</metadata>
</newsitem>
