<?xml version="1.0" encoding="ISO-8859-1" standalone="no"?>
<newsitem date="1997-06-20" id="root" itemid="677019" xml:lang="en">
<title>USA: N.J. Gov vetoes bill to link Camden, Phila. ports.</title>
<headline>N.J. Gov vetoes bill to link Camden, Phila. ports.</headline>
<dateline>NEW YORK 1997-06-20</dateline>
<text>
<p>New Jersey Gov Christine Whitman said Friday she had conditionally vetoed legislation that would facilitate the unification of ports in Camden and Philadelphia.</p>
<p>Whitman urged lawmakers to remove provisions in the bill she viewed as unconstitutional. The provisions allow New Jersey's Senate president and Assembly speaker to appoint two members to the port's board.</p>
<p>The Governor also recommended that lawmakers give the state's Economic Development Authority and Treasury Department discretion to set annual rent payments at the port.</p>
<p>--Steven Dickson, 212-859-1652</p>
</text>
<copyright>(c) Reuters Limited 1997</copyright>
<metadata>
<codes class="bip:countries:1.0">
  <code code="USA">
    <editdetail action="confirmed" attribution="Reuters BIP Coding Group" date="1997-06-20"/>
  </code>
</codes>
<codes class="bip:industries:1.0">
  <code code="I76300">
    <editdetail action="confirmed" attribution="Reuters BIP Coding Group" date="1997-06-20"/>
  </code>
</codes>
<codes class="bip:topics:1.0">
  <code code="C13">
    <editdetail action="confirmed" attribution="Reuters BIP Coding Group" date="1997-06-20"/>
  </code>
  <code code="CCAT">
    <editdetail action="confirmed" attribution="Reuters BIP Coding Group" date="1997-06-20"/>
  </code>
  <code code="GCAT">
    <editdetail action="confirmed" attribution="Reuters BIP Coding Group" date="1997-06-20"/>
  </code>
  <code code="GPOL">
    <editdetail action="confirmed" attribution="Reuters BIP Coding Group" date="1997-06-20"/>
  </code>
</codes>
<dc element="dc.date.created" value="1997-06-20"/>
<dc element="dc.publisher" value="Reuters Holdings Plc"/>
<dc element="dc.date.published" value="1997-06-20"/>
<dc element="dc.source" value="Reuters"/>
<dc element="dc.creator.location" value="NEW YORK"/>
<dc element="dc.creator.location.country.name" value="USA"/>
<dc element="dc.source" value="Reuters"/>
</metadata>
</newsitem>
