<?xml version="1.0" encoding="ISO-8859-1" standalone="no"?>
<newsitem date="1997-06-20" id="root" itemid="677419" xml:lang="en">
<title>NEW ZEALAND: Maine holders to offer up to NZ$40 mln support.</title>
<headline>Maine holders to offer up to NZ$40 mln support.</headline>
<dateline>WELLINGTON 1997-06-20</dateline>
<text>
<p>The principal shareholder in Skellerup New Zealand Ltd, Maine Investments Ltd, said on Friday it was actively developing a "structuring of aspects of its operations" in the face of considerable speculation about the company.</p>
<p>Maine's shareholders would contribute up to NZ$40 million in additional equity and financial support to the company, provided associated rearrangements could be agreed with the banking syndicate, the company said in a statement.</p>
<p>It was optimistic that agreement would be reached soon.  </p>
<p>On May 16 Skellerup Finance Ltd said in response to an inquiry by the New Zealand Stock Exchange concerning the fall in price of the company's listed bonds that it was unable to provide an explanation.</p>
<p>The bonds were initially issued in March 1996 with a yield of 10 percent.</p>
<p>The exchange's inquiry was the third in a month attempting to discover why the yield in the bonds had risen so high.  </p>
<p>After the Stock Exchange's second request it was revealed that bankers from Boston-based Maine had reduced interest cover ratios for 1997 and brought forward some senior debt pre-payment requirements.</p>
<p>Murray Bolton, who led the leveraged buy-out of the Skellerup Group, told the National Business Review on April 25 that Maine reduced senior debt to $235 million from $315 million. He said then that investor concerns were "unjustified".</p>
<p>The Independent business weekly reported on May 2 on the sudden departure of Skellerup Finance's chief financial officer Wayne McCarthy.  </p>
<p>The Skellerup bonds traded as high as 35.05 percent on Friday, but eased back to 30.0 percent.</p>
<p>-- Wellington newsroom 64 4 4734 746</p>
</text>
<copyright>(c) Reuters Limited 1997</copyright>
<metadata>
<codes class="bip:countries:1.0">
  <code code="NZ">
    <editdetail action="confirmed" attribution="Reuters BIP Coding Group" date="1997-06-20"/>
  </code>
</codes>
<codes class="bip:industries:1.0">
  <code code="I83100">
    <editdetail action="confirmed" attribution="Reuters BIP Coding Group" date="1997-06-20"/>
  </code>
</codes>
<codes class="bip:topics:1.0">
  <code code="C11">
    <editdetail action="confirmed" attribution="Reuters BIP Coding Group" date="1997-06-20"/>
  </code>
  <code code="C17">
    <editdetail action="confirmed" attribution="Reuters BIP Coding Group" date="1997-06-20"/>
  </code>
  <code code="C171">
    <editdetail action="confirmed" attribution="Reuters BIP Coding Group" date="1997-06-20"/>
  </code>
  <code code="CCAT">
    <editdetail action="confirmed" attribution="Reuters BIP Coding Group" date="1997-06-20"/>
  </code>
</codes>
<dc element="dc.date.created" value="1997-06-20"/>
<dc element="dc.publisher" value="Reuters Holdings Plc"/>
<dc element="dc.date.published" value="1997-06-20"/>
<dc element="dc.source" value="Reuters"/>
<dc element="dc.creator.location" value="WELLINGTON"/>
<dc element="dc.creator.location.country.name" value="NEW ZEALAND"/>
<dc element="dc.source" value="Reuters"/>
</metadata>
</newsitem>
