<?xml version="1.0" encoding="ISO-8859-1" standalone="no"?>
<newsitem date="1997-06-20" id="root" itemid="676412" xml:lang="en">
<title>SPAIN: Peseta debt/interbank closing report.</title>
<headline>Peseta debt/interbank closing report.</headline>
<dateline>MADRID 1997-06-20</dateline>
<text>
<p>Spanish government bonds ended slightly higher, following  German Bunds as bonos strove to keep the yield spread unchanged, dealers said.</p>
<p>The market climate was uncertain, with dealers awaiting the outcome of the Group of Seven weekend meeting, as well as clarification of French economic policy and Federal Reserve monetary policy.</p>
<p>"We are in a waiting situation for more news on French economic policy, G-7 strategy, and Fed policy," an economist at Capital Markets in Madrid said.</p>
</text>
<copyright>(c) Reuters Limited 1997</copyright>
<metadata>
<codes class="bip:countries:1.0">
  <code code="SPAIN">
    <editdetail action="confirmed" attribution="Reuters BIP Coding Group" date="1997-06-20"/>
  </code>
</codes>
<codes class="bip:topics:1.0">
  <code code="M12">
    <editdetail action="confirmed" attribution="Reuters BIP Coding Group" date="1997-06-20"/>
  </code>
  <code code="M13">
    <editdetail action="confirmed" attribution="Reuters BIP Coding Group" date="1997-06-20"/>
  </code>
  <code code="M131">
    <editdetail action="confirmed" attribution="Reuters BIP Coding Group" date="1997-06-20"/>
  </code>
  <code code="MCAT">
    <editdetail action="confirmed" attribution="Reuters BIP Coding Group" date="1997-06-20"/>
  </code>
</codes>
<dc element="dc.date.created" value="1997-06-20"/>
<dc element="dc.publisher" value="Reuters Holdings Plc"/>
<dc element="dc.date.published" value="1997-06-20"/>
<dc element="dc.source" value="Reuters"/>
<dc element="dc.creator.location" value="MADRID"/>
<dc element="dc.creator.location.country.name" value="SPAIN"/>
<dc element="dc.source" value="Reuters"/>
</metadata>
</newsitem>
