<?xml version="1.0" encoding="ISO-8859-1" standalone="no"?>
<newsitem date="1997-06-20" id="root" itemid="675968" xml:lang="en">
<title>HONG KONG: Hong Kong puts damper on smuggled firecrackers.</title>
<headline>Hong Kong puts damper on smuggled firecrackers.</headline>
<dateline>HONG KONG 1997-06-20</dateline>
<text>
<p>Revellers wanting to make Hong Kong's return to Chinese rule go with a bang had their hopes doused on Friday when customs officers announced their largest ever haul of smuggled firecrackers.</p>
<p>Authorities seized over 10 tonnes of China-made firecrackers and other fireworks and arrested the driver of a container truck, said Kwok Sin-chik, divisional customs chief at Lok Ma Chau, on Hong Kong's land border with China.</p>
<p>The 667 boxes of firecrackers were found on Thursday hidden behind crates of rattan chairs, Kwok told Reuters.</p>
<p>"Our officers became suspicious when they saw (the truck) weighed so much when it was supposed to be carrying only rattan chairs," he added.</p>
<p>Firecrackers are strictly banned in Hong Kong for safety reasons. People are often caught smuggling in small quantities.</p>
<p>Kwok declined to speculate on whether the haul was linked to handover parties. Hong Kong reverts to China at midnight on June 30, and people all over the territory are gearing up for lavish celebrations.</p>
</text>
<copyright>(c) Reuters Limited 1997</copyright>
<metadata>
<codes class="bip:countries:1.0">
  <code code="CHINA">
    <editdetail action="confirmed" attribution="Reuters BIP Coding Group" date="1997-06-20"/>
  </code>
  <code code="HKONG">
    <editdetail action="confirmed" attribution="Reuters BIP Coding Group" date="1997-06-20"/>
  </code>
</codes>
<codes class="bip:topics:1.0">
  <code code="GCAT">
    <editdetail action="confirmed" attribution="Reuters BIP Coding Group" date="1997-06-20"/>
  </code>
  <code code="GCRIM">
    <editdetail action="confirmed" attribution="Reuters BIP Coding Group" date="1997-06-20"/>
  </code>
  <code code="GODD">
    <editdetail action="confirmed" attribution="Reuters BIP Coding Group" date="1997-06-20"/>
  </code>
</codes>
<dc element="dc.date.created" value="1997-06-20"/>
<dc element="dc.publisher" value="Reuters Holdings Plc"/>
<dc element="dc.date.published" value="1997-06-20"/>
<dc element="dc.source" value="Reuters"/>
<dc element="dc.creator.location" value="HONG KONG"/>
<dc element="dc.creator.location.country.name" value="HONG KONG"/>
<dc element="dc.source" value="Reuters"/>
</metadata>
</newsitem>
