<?xml version="1.0" encoding="ISO-8859-1" standalone="no"?>
<newsitem date="1997-06-20" id="root" itemid="676958" xml:lang="en">
<title>USA: U.S. feeder cattle markets - USDA.</title>
<headline>U.S. feeder cattle markets - USDA.</headline>
<text>
<p>Med/lrg frame 1 700-799 lb steers (dollars/cwt)</p>
<p>Market	   Date   Trend		   Price Range</p>
<p>Amarillo	06/18   not well tested     74.25-76.10</p>
<p>Billings	06/20   not tested	  not available</p>
<p>Dodge City    06/19   limited test	  76.85-82.00</p>
<p>Lexington     06/12   not well tested     63.00-67.00</p>
<p>Louisville    06/18   steady-up $1	  73.00-80.50</p>
<p>Oklahoma City 06/17   mixed		   75.00-80.75</p>
<p>St.Joseph     06/19   steady-up $2	not available</p>
<p>San Antonio   06/19   fully steady	not available</p>
<p>Sioux City    06/19   not tested	  not available</p>
<p>St Louis	06/20   steady		not available</p>
<p>Sioux Falls   06/20   up $1-$3		73.75-83.25</p>
<p>West Fargo    06/19   steady-up $2	not available</p>
<p>--Chicago newsdesk - 312-408-8720</p>
</text>
<copyright>(c) Reuters Limited 1997</copyright>
<metadata>
<codes class="bip:countries:1.0">
  <code code="USA">
    <editdetail action="confirmed" attribution="Reuters BIP Coding Group" date="1997-06-20"/>
  </code>
</codes>
<codes class="bip:topics:1.0">
  <code code="M14">
    <editdetail action="confirmed" attribution="Reuters BIP Coding Group" date="1997-06-20"/>
  </code>
  <code code="M141">
    <editdetail action="confirmed" attribution="Reuters BIP Coding Group" date="1997-06-20"/>
  </code>
  <code code="MCAT">
    <editdetail action="confirmed" attribution="Reuters BIP Coding Group" date="1997-06-20"/>
  </code>
</codes>
<dc element="dc.publisher" value="Reuters Holdings Plc"/>
<dc element="dc.date.published" value="1997-06-20"/>
<dc element="dc.source" value="Reuters"/>
<dc element="dc.creator.location.country.name" value="USA"/>
<dc element="dc.source" value="Reuters"/>
</metadata>
</newsitem>
