<?xml version="1.0" encoding="ISO-8859-1" standalone="no"?>
<newsitem date="1997-06-20" id="root" itemid="675986" xml:lang="en">
<title>MALAYSIA: Proton hints at listing of Lotus.</title>
<headline>Proton hints at listing of Lotus.</headline>
<dateline>KUALA LUMPUR 1997-06-20</dateline>
<text>
<p>Malaysian carmaker Perusahaan Otomobil Nasional Bhd (Proton) on Friday hinted that it may seek to list its British subsidiary, Group Lotus Ltd.</p>
<p>"I cannot confirm this as yet, but in the long run why not?" Proton chairman Saleh Sulong said when asked by reporters on speculation that the company may be looking to list Lotus.</p>
<p>He did not give other details at a news conference after the release of Proton's 1996/97 earnings.</p>
<p>Saleh said Lotus was very much involved in the design of a new Proton car model.</p>
<p>Proton and its late key-shareholder, Yahaya Ahmad, bought an 80 percent stake in Lotus for 51 million sterling (then $82.88 million) in October last year.</p>
<p>Proton's chief executive officer Tengku Mahaleel Tengku Ariff said Proton had completed designs for the completely "Malaysian-made" car.</p>
<p>"We have designed our own model. It is going into the final model fix. That has been approved by the board,' he said.</p>
<p>-- Kuala Lumpur newsroom (603-201 4813)</p>
</text>
<copyright>(c) Reuters Limited 1997</copyright>
<metadata>
<codes class="bip:countries:1.0">
  <code code="MALAY">
    <editdetail action="confirmed" attribution="Reuters BIP Coding Group" date="1997-06-20"/>
  </code>
  <code code="UK">
    <editdetail action="confirmed" attribution="Reuters BIP Coding Group" date="1997-06-20"/>
  </code>
</codes>
<codes class="bip:industries:1.0">
  <code code="I35101">
    <editdetail action="confirmed" attribution="Reuters BIP Coding Group" date="1997-06-20"/>
  </code>
</codes>
<codes class="bip:topics:1.0">
  <code code="C14">
    <editdetail action="confirmed" attribution="Reuters BIP Coding Group" date="1997-06-20"/>
  </code>
  <code code="CCAT">
    <editdetail action="confirmed" attribution="Reuters BIP Coding Group" date="1997-06-20"/>
  </code>
</codes>
<dc element="dc.date.created" value="1997-06-20"/>
<dc element="dc.publisher" value="Reuters Holdings Plc"/>
<dc element="dc.date.published" value="1997-06-20"/>
<dc element="dc.source" value="Reuters"/>
<dc element="dc.creator.location" value="KUALA LUMPUR"/>
<dc element="dc.creator.location.country.name" value="MALAYSIA"/>
<dc element="dc.source" value="Reuters"/>
</metadata>
</newsitem>
