<?xml version="1.0" encoding="ISO-8859-1" standalone="no"?>
<newsitem date="1997-06-20" id="root" itemid="675572" xml:lang="en">
<title>NIGERIA: Lack of fertiliser threatens Nigeria harvests.</title>
<headline>Lack of fertiliser threatens Nigeria harvests.</headline>
<dateline>LAGOS 1997-06-20</dateline>
<text>
<p>Nigerian farmers have warned that prospects of poor harvests this year are being made worse by their inability to obtain fertiliser following the withdrawal of state subsidies.</p>
<p>Farmers had resorted to organic manure, which may not be good enough, Murtala Nyako, president of the Practising Farmers Association of Nigeria, told reporters in the capital Abuja.</p>
<p>He was speaking after a meeting with military ruler General Sani Abacha and state military administrators to discuss the looming emergency.</p>
<p>A 50kg bag of fertiliser, which used to sell at a subsidised price of 150 naira, now sells for 1,500 naira.</p>
<p>No statement was issued at the end of the meeting although it is due to reconvene on Monday.</p>
<p>"It is now becoming too late," said Balarabe Musa, a former governor of the northern Kaduna State and now a farmer.</p>
<p>"I have my fears, and it is real, this year's harvest is going to be the worst in the nation's history," he told Tempo weekly newspaper.</p>
<p>--Lagos newsroom +234 1 2630317</p>
</text>
<copyright>(c) Reuters Limited 1997</copyright>
<metadata>
<codes class="bip:countries:1.0">
  <code code="NIGEA">
    <editdetail action="confirmed" attribution="Reuters BIP Coding Group" date="1997-06-20"/>
  </code>
</codes>
<codes class="bip:industries:1.0">
  <code code="I01001">
    <editdetail action="confirmed" attribution="Reuters BIP Coding Group" date="1997-06-20"/>
  </code>
  <code code="I25130">
    <editdetail action="confirmed" attribution="Reuters BIP Coding Group" date="1997-06-20"/>
  </code>
</codes>
<codes class="bip:topics:1.0">
  <code code="C21">
    <editdetail action="confirmed" attribution="Reuters BIP Coding Group" date="1997-06-20"/>
  </code>
  <code code="C24">
    <editdetail action="confirmed" attribution="Reuters BIP Coding Group" date="1997-06-20"/>
  </code>
  <code code="CCAT">
    <editdetail action="confirmed" attribution="Reuters BIP Coding Group" date="1997-06-20"/>
  </code>
  <code code="M14">
    <editdetail action="confirmed" attribution="Reuters BIP Coding Group" date="1997-06-20"/>
  </code>
  <code code="M141">
    <editdetail action="confirmed" attribution="Reuters BIP Coding Group" date="1997-06-20"/>
  </code>
  <code code="MCAT">
    <editdetail action="confirmed" attribution="Reuters BIP Coding Group" date="1997-06-20"/>
  </code>
</codes>
<dc element="dc.date.created" value="1997-06-20"/>
<dc element="dc.publisher" value="Reuters Holdings Plc"/>
<dc element="dc.date.published" value="1997-06-20"/>
<dc element="dc.source" value="Reuters"/>
<dc element="dc.creator.location" value="LAGOS"/>
<dc element="dc.creator.location.country.name" value="NIGERIA"/>
<dc element="dc.source" value="Reuters"/>
</metadata>
</newsitem>
