<?xml version="1.0" encoding="ISO-8859-1" standalone="no"?>
<newsitem date="1997-06-20" id="root" itemid="675931" xml:lang="en">
<title>MEXICO: Mexico says election won't change economic policy.</title>
<headline>Mexico says election won't change economic policy.</headline>
<dateline>MEXICO CITY 1997-06-19</dateline>
<text>
<p>Mexico will not waver from its current economic policy regardless of the outcome of key mid-term elections on July 6, a Finance Ministry official said on Thursday.</p>
<p>"I think that the course of economic policy is defined," Manuel Ramos Francia, planning director for the Finance Ministry, told reporters.</p>
<p>"The economy will develop in a stable way and we expect that there won't be any unfavourable effects from the electoral situation," he said.</p>
<p>Mexicans will elect all 500 members of the lower house of Congress, one-fourth of the Senate, six state governors and a mayor for Mexico City on July 6.</p>
<p>Some political analysts are predicting that the ruling Institutional Revolutionary Party (PRI), in power since 1929, could lose its majority in Congress for the first time as the two main opposition parties gain strength.</p>
<p>Ramos Francia said if the PRI no longer controlled the Chamber of Deputies, as the lower house is known, there merely would be a greater level of debate, "and I think that's healthy".</p>
<p>Even if the PRI were to lose its majority in the Chamber of Deputies, it likely would remain the largest single party.</p>
<p>The two strongest challengers are the leftist Party of the Democratic Revolution (PRD), which has pledged to back responsible economic policies in the next Congress, and the economically and socially conservative National Action Party (PAN).</p>
<p>-- David Monjaraz, Mexico City newsroom (525) 728-7901  </p>
<p>No text received</p>
</text>
<copyright>(c) Reuters Limited 1997</copyright>
<metadata>
<codes class="bip:countries:1.0">
  <code code="MEX">
    <editdetail action="confirmed" attribution="Reuters BIP Coding Group" date="1997-06-20"/>
  </code>
</codes>
<codes class="bip:topics:1.0">
  <code code="E12">
    <editdetail action="confirmed" attribution="Reuters BIP Coding Group" date="1997-06-20"/>
  </code>
  <code code="ECAT">
    <editdetail action="confirmed" attribution="Reuters BIP Coding Group" date="1997-06-20"/>
  </code>
  <code code="GCAT">
    <editdetail action="confirmed" attribution="Reuters BIP Coding Group" date="1997-06-20"/>
  </code>
  <code code="GPOL">
    <editdetail action="confirmed" attribution="Reuters BIP Coding Group" date="1997-06-20"/>
  </code>
  <code code="GVOTE">
    <editdetail action="confirmed" attribution="Reuters BIP Coding Group" date="1997-06-20"/>
  </code>
</codes>
<dc element="dc.date.created" value="1997-06-19"/>
<dc element="dc.publisher" value="Reuters Holdings Plc"/>
<dc element="dc.date.published" value="1997-06-20"/>
<dc element="dc.source" value="Reuters"/>
<dc element="dc.creator.location" value="MEXICO CITY"/>
<dc element="dc.creator.location.country.name" value="MEXICO"/>
<dc element="dc.source" value="Reuters"/>
</metadata>
</newsitem>
