<?xml version="1.0" encoding="ISO-8859-1" standalone="no"?>
<newsitem date="1997-06-20" id="root" itemid="677256" xml:lang="en">
<title>SWITZERLAND: UN refugee agency driver killed in Rwanda.</title>
<headline>UN refugee agency driver killed in Rwanda.</headline>
<dateline>GENEVA 1997-06-20</dateline>
<text>
<p>A Rwandan Hutu driver working for the U.N. refugee agency, his wife and two children were killed in Rwanda's troubled northwestern Ruhengeri region, the third attack against aid staff there in just over a week, the UNHCR said on Friday.</p>
<p>Agency spokesman Fernando del Mundo told a briefing that UNHCR had suspended its work in Ruhengeri after the killings and was evacuating its local staff.  </p>
<p>Del Mundo said UNHCR was still seeking more details on the circumstances surrounding the killing of the driver Felicien Bucyekabili and family members in Kigombe village on Thursday evening. He said an investigation had been launched.</p>
<p>Kigombe, about eight km (five miles) from Ruhengeri town, was the scene of the murder of a Rwandan Hutu field officer working for the U.N. food agency found dead in his home with his wife, small child and a relative last week. On Tuesday, the body of another Hutu employee of the World Food Programme was found dumped in a forest near Ruhengeri.</p>
<p>Aid officials said the latest killings coincided with a big operation by Rwanda's Tutsi-dominated army in Ruhengeri, a predominantly Hutu region near the border with Zaire. "It's almost getting to the stage of pitched battles," one said.</p>
<p>Because of worsening insecurity, Del Mundo said UNHCR expatriate staff had not visited Ruhengeri, which absorbed some 300,000 recent Hutu returnees from Zaire since late last year, for the past two weeks. The region has become a no-go area for many other international agencies including human rights observers.</p>
</text>
<copyright>(c) Reuters Limited 1997</copyright>
<metadata>
<codes class="bip:countries:1.0">
  <code code="RWANDA">
    <editdetail action="confirmed" attribution="Reuters BIP Coding Group" date="1997-06-20"/>
  </code>
  <code code="UN">
    <editdetail action="confirmed" attribution="Reuters BIP Coding Group" date="1997-06-20"/>
  </code>
</codes>
<codes class="bip:topics:1.0">
  <code code="GCAT">
    <editdetail action="confirmed" attribution="Reuters BIP Coding Group" date="1997-06-20"/>
  </code>
  <code code="GVIO">
    <editdetail action="confirmed" attribution="Reuters BIP Coding Group" date="1997-06-20"/>
  </code>
</codes>
<dc element="dc.date.created" value="1997-06-20"/>
<dc element="dc.publisher" value="Reuters Holdings Plc"/>
<dc element="dc.date.published" value="1997-06-20"/>
<dc element="dc.source" value="Reuters"/>
<dc element="dc.creator.location" value="GENEVA"/>
<dc element="dc.creator.location.country.name" value="SWITZERLAND"/>
<dc element="dc.source" value="Reuters"/>
</metadata>
</newsitem>
