<?xml version="1.0" encoding="ISO-8859-1" standalone="no"?>
<newsitem date="1997-06-20" id="root" itemid="677269" xml:lang="en">
<title>BELGIUM: EU clears GE/BankAmerica Spanish cable deal.</title>
<headline>EU clears GE/BankAmerica Spanish cable deal.</headline>
<dateline>BRUSSELS, Belgium 1997-06-20</dateline>
<text>
<p>The European Commission said Friday it approved a plan by U.S.-based General Electric Capital Services and BankAmerica International Investment to take joint control of Spanish cable TV operator Cableuropa SA.</p>
<p>Cableuropa announced in May that the two companies had taken a 32.5 percent stake in it through their joint venture Spain Telecommunications Ltd (Spainco).</p>
<p>"Cableuropa will be confronted with active competition from other companies that are firmly established in the markets in question, notably Telefonica in telecommunications and Sogecable in the pay TV market," the Commission said in a statement.</p>
</text>
<copyright>(c) Reuters Limited 1997</copyright>
<metadata>
<codes class="bip:countries:1.0">
  <code code="EEC">
    <editdetail action="confirmed" attribution="Reuters BIP Coding Group" date="1997-06-20"/>
  </code>
  <code code="SPAIN">
    <editdetail action="confirmed" attribution="Reuters BIP Coding Group" date="1997-06-20"/>
  </code>
</codes>
<codes class="bip:topics:1.0">
  <code code="C11">
    <editdetail action="confirmed" attribution="Reuters BIP Coding Group" date="1997-06-20"/>
  </code>
  <code code="C34">
    <editdetail action="confirmed" attribution="Reuters BIP Coding Group" date="1997-06-20"/>
  </code>
  <code code="G152">
    <editdetail action="confirmed" attribution="Reuters BIP Coding Group" date="1997-06-20"/>
  </code>
  <code code="G155">
    <editdetail action="confirmed" attribution="Reuters BIP Coding Group" date="1997-06-20"/>
  </code>
  <code code="G157">
    <editdetail action="confirmed" attribution="Reuters BIP Coding Group" date="1997-06-20"/>
  </code>
</codes>
<dc element="dc.date.created" value="1997-06-20"/>
<dc element="dc.publisher" value="Reuters Holdings Plc"/>
<dc element="dc.date.published" value="1997-06-20"/>
<dc element="dc.source" value="Reuters"/>
<dc element="dc.creator.location" value="BRUSSELS, Belgium"/>
<dc element="dc.creator.location.country.name" value="BELGIUM"/>
<dc element="dc.source" value="Reuters"/>
</metadata>
</newsitem>
