<?xml version="1.0" encoding="ISO-8859-1" standalone="no"?>
<newsitem date="1997-06-20" id="root" itemid="676826" xml:lang="en">
<title>UK: UK sugar beets progressing well, crop diseases low.</title>
<headline>UK sugar beets progressing well, crop diseases low.</headline>
<byline>Jeremy Smith</byline>
<dateline>LONDON 1997-06-20</dateline>
<text>
<p>Britain's 1997/98 sugar beet crop looks to have conquered its initial setbacks and has a low incidence of field pests, beet experts said on Friday.</p>
<p>The crop has also enjoyed much-needed rains in the past two weeks, evening up beet establishment and correcting earlier patchy emergence.</p>
<p>"The crop has been growing a lot with the rain. I think at the moment the crop is holding its own," said an official at independent consultants ADAS.</p>
<p>Dry spells and frost affected this year's beets at the critical germination stage, partially offsetting the advantage gained after planting was completed ahead of last year's programme.</p>
<p>Industry sources said fields were generally free of pest and disease.</p>
<p>Last week beet growers received a warning of downy mildew but experts said this week's cooler weather seemed to have prevented a further recurrence. Incidence was reported to be low at one percent.</p>
<p>"There's been very healthy growing with the rain," said an official at the National Farmers Union (NFU).</p>
<p>"There's very little disease about but there have been outbreaks of things like downy mildew which are unusual but I don't think are causing too much concern."</p>
<p>In a recent bulletin, the industry-funded IACR-Broom's Barn research centre said numbers of aphids -- which lead to the virus yellows disease -- were still low on treated and untreated fields although some were starting to be found in Essex, east of London.</p>
<p>Aphids would probably find leaves of early drilled crops unpalatable and the effect of virus yellows after the 20-leaf stage was negligible. Any aphids coming into such fields were unlikely to warrant chemical spraying, it said.</p>
<p>But if warmer weather were to arrive next week ahpid numbers could still increase, particularly in the crops which were sown later. Rain is expected to continue into early next week with temperatures below normal for the time of year.</p>
<p>"Aphids generally on beets, potatoes and cereals are low but they are ubiquitous and could increase almost anywhere," the ADAS official said.</p>
<p>Leaf miners, caterpillars and flea beetles did not appear to be major problems at present, the Broom's Barn report said.</p>
<p>While pygmy beetles could be found in a few crops, beets were growing fast so that they could keep up a sustained attack on the crop, it added.</p>
<p>Some weeds are already showing above beet plants but this was not expected to be too much of a problem for growers, although it would cost them more.</p>
<p>"It's going to have been an expensive year (for growers) with the way things have gone," the NFU official said. "The early lack of rain and the weed control element is going to mean more expense with more numbers of runs over the crop to deal with weeds."</p>
<p>--London Newsroom +44 171 542 8064</p>
</text>
<copyright>(c) Reuters Limited 1997</copyright>
<metadata>
<codes class="bip:countries:1.0">
  <code code="UK">
    <editdetail action="confirmed" attribution="Reuters BIP Coding Group" date="1997-06-20"/>
  </code>
</codes>
<codes class="bip:industries:1.0">
  <code code="I01001">
    <editdetail action="confirmed" attribution="Reuters BIP Coding Group" date="1997-06-20"/>
  </code>
  <code code="I0100128">
    <editdetail action="confirmed" attribution="Reuters BIP Coding Group" date="1997-06-20"/>
  </code>
</codes>
<codes class="bip:topics:1.0">
  <code code="C24">
    <editdetail action="confirmed" attribution="Reuters BIP Coding Group" date="1997-06-20"/>
  </code>
  <code code="CCAT">
    <editdetail action="confirmed" attribution="Reuters BIP Coding Group" date="1997-06-20"/>
  </code>
  <code code="M14">
    <editdetail action="confirmed" attribution="Reuters BIP Coding Group" date="1997-06-20"/>
  </code>
  <code code="M141">
    <editdetail action="confirmed" attribution="Reuters BIP Coding Group" date="1997-06-20"/>
  </code>
  <code code="MCAT">
    <editdetail action="confirmed" attribution="Reuters BIP Coding Group" date="1997-06-20"/>
  </code>
</codes>
<dc element="dc.date.created" value="1997-06-20"/>
<dc element="dc.publisher" value="Reuters Holdings Plc"/>
<dc element="dc.date.published" value="1997-06-20"/>
<dc element="dc.source" value="Reuters"/>
<dc element="dc.creator.location" value="LONDON"/>
<dc element="dc.creator.location.country.name" value="UK"/>
<dc element="dc.source" value="Reuters"/>
</metadata>
</newsitem>
