<?xml version="1.0" encoding="ISO-8859-1" standalone="no"?>
<newsitem date="1997-06-20" id="root" itemid="675737" xml:lang="en">
<title>ESTONIA: Estonia shares mixed, bank results may boost.</title>
<headline>Estonia shares mixed, bank results may boost.</headline>
<dateline>TALLINN 1997-06-20</dateline>
<text>
<p>Share prices on the Estonian stock exchange were mixed on Friday but the Talse index firmed slightly and dealers said new impetus may only come when banks' half-year results are issued at the start of July.</p>
<p>The market was hit by a calm ahead of a long weekend, when Estonians celebrate the midsummer holiday.</p>
<p>Total turnover on the main list was 46.5 million kroons and the Talse index gained 0.38 percent to 267.72.</p>
<p>Hansapank was the most active stock with 16 million kroons traded to gain 0.80 kroons to close at 142.00 kroons.</p>
<p>"Today's trade was normal for the last session before an extended break but the next two weeks should attract more interest ahead of the half year bank results," another said.</p>
<p>Dealers and investors are looking forward to July when banks are expected to report buoyant half-year results.</p>
<p>"The July figures will radically change the market and kick it off for the autumn season," another trader said.</p>
<p>"Several banks have said they are considering changing their profit estimates and these will be watched," one dealer said.</p>
<p>The free market saw trade of 17 million kroons with constuction company EMV the most active stock with an impressive gain of 6.75 kroons to close on 67.75 kroons.</p>
<p>The gains were made after it released five month results on Thursday, showing a profit of 7.8 million kroons.</p>
<p>Rakvere was traded up to end at 14.05 kroons, 0.65 kroons higher with 4.4 million kroons traded.</p>
<p>"Rakvere is still a good stock and as it was said, if the insiders thought it was a good stock then it is most likely still a good stock," one dealer said.</p>
<p>Rakvere was suspended for one day on Wednesday after the bourse announced that an insider trading investigation had started into trade of the company's stock.</p>
<p>-- David Mardiste, Tallinn newsroom, +372 620 9202, reuters@reuters.ee</p>
</text>
<copyright>(c) Reuters Limited 1997</copyright>
<metadata>
<codes class="bip:countries:1.0">
  <code code="ESTNIA">
    <editdetail action="confirmed" attribution="Reuters BIP Coding Group" date="1997-06-20"/>
  </code>
</codes>
<codes class="bip:topics:1.0">
  <code code="M11">
    <editdetail action="confirmed" attribution="Reuters BIP Coding Group" date="1997-06-20"/>
  </code>
  <code code="MCAT">
    <editdetail action="confirmed" attribution="Reuters BIP Coding Group" date="1997-06-20"/>
  </code>
</codes>
<dc element="dc.date.created" value="1997-06-20"/>
<dc element="dc.publisher" value="Reuters Holdings Plc"/>
<dc element="dc.date.published" value="1997-06-20"/>
<dc element="dc.source" value="Reuters"/>
<dc element="dc.creator.location" value="TALLINN"/>
<dc element="dc.creator.location.country.name" value="ESTONIA"/>
<dc element="dc.source" value="Reuters"/>
</metadata>
</newsitem>
