<?xml version="1.0" encoding="ISO-8859-1" standalone="no"?>
<newsitem date="1997-06-20" id="root" itemid="676272" xml:lang="en">
<title>USA: Pride signs Texaco supply contract.</title>
<headline>Pride signs Texaco supply contract.</headline>
<dateline>ABILINE, Texas 1997-06-20</dateline>
<text>
<p>Pride Cos LP said Friday it signed a long-term product supply agreement with Texaco Inc's subsidiary Texaco Trading and Transportation Inc.</p>
<p>Pride said it expects to buy more than 20,000 barrels a day of gasoline, diesel and jet fuel from Texaco after the oil company completes a new system of pipelines from the Gulf Coast to El Paso, Texas, in early 1998.  </p>
<p>"We feel the agreement will make it a little easier for us to refinance" a $25 million loan by NationsBank Corp, a Pride spokeswoman said. She added the current loan agreement prohibits Pride from phasing down its refinery operations.</p>
</text>
<copyright>(c) Reuters Limited 1997</copyright>
<metadata>
<codes class="bip:countries:1.0">
  <code code="USA">
    <editdetail action="confirmed" attribution="Reuters BIP Coding Group" date="1997-06-20"/>
  </code>
</codes>
<codes class="bip:industries:1.0">
  <code code="I13000">
    <editdetail action="confirmed" attribution="Reuters BIP Coding Group" date="1997-06-20"/>
  </code>
  <code code="I1300003">
    <editdetail action="confirmed" attribution="Reuters BIP Coding Group" date="1997-06-20"/>
  </code>
  <code code="I14000">
    <editdetail action="confirmed" attribution="Reuters BIP Coding Group" date="1997-06-20"/>
  </code>
  <code code="I81402">
    <editdetail action="confirmed" attribution="Reuters BIP Coding Group" date="1997-06-20"/>
  </code>
</codes>
<codes class="bip:topics:1.0">
  <code code="C33">
    <editdetail action="confirmed" attribution="Reuters BIP Coding Group" date="1997-06-20"/>
  </code>
  <code code="CCAT">
    <editdetail action="confirmed" attribution="Reuters BIP Coding Group" date="1997-06-20"/>
  </code>
</codes>
<dc element="dc.date.created" value="1997-06-20"/>
<dc element="dc.publisher" value="Reuters Holdings Plc"/>
<dc element="dc.date.published" value="1997-06-20"/>
<dc element="dc.source" value="Reuters"/>
<dc element="dc.creator.location" value="ABILINE, Texas"/>
<dc element="dc.creator.location.country.name" value="USA"/>
<dc element="dc.source" value="Reuters"/>
</metadata>
</newsitem>
