<?xml version="1.0" encoding="ISO-8859-1" standalone="no"?>
<newsitem date="1997-06-20" id="root" itemid="675887" xml:lang="en">
<title>ARGENTINA: Argentine Central Bank places $15.5 mln in repos.</title>
<headline>Argentine Central Bank places $15.5 mln in repos.</headline>
<dateline>BUENOS AIRES 1997-06-20</dateline>
<text>
<p>Argentina's Central Bank said it placed overnight repurchase agreements for $15.5 million Friday.</p>
<p>The loans to local banks were set at 9.0 percent against government bonds.</p>
<p>In the interbank market, overnight interest rates rose to 5.6 percent from 5.55 percent Thursday.</p>
<p>The U.S. dollar eased to 0.99953 pesos from 0.99985 at the close Thursday.</p>
<p>((--Buenos Aires Newsroom +541 318-0655))</p>
</text>
<copyright>(c) Reuters Limited 1997</copyright>
<metadata>
<codes class="bip:countries:1.0">
  <code code="ARG">
    <editdetail action="confirmed" attribution="Reuters BIP Coding Group" date="1997-06-20"/>
  </code>
</codes>
<codes class="bip:topics:1.0">
  <code code="M13">
    <editdetail action="confirmed" attribution="Reuters BIP Coding Group" date="1997-06-20"/>
  </code>
  <code code="M131">
    <editdetail action="confirmed" attribution="Reuters BIP Coding Group" date="1997-06-20"/>
  </code>
  <code code="MCAT">
    <editdetail action="confirmed" attribution="Reuters BIP Coding Group" date="1997-06-20"/>
  </code>
</codes>
<dc element="dc.date.created" value="1997-06-20"/>
<dc element="dc.publisher" value="Reuters Holdings Plc"/>
<dc element="dc.date.published" value="1997-06-20"/>
<dc element="dc.source" value="Reuters"/>
<dc element="dc.creator.location" value="BUENOS AIRES"/>
<dc element="dc.creator.location.country.name" value="ARGENTINA"/>
<dc element="dc.source" value="Reuters"/>
</metadata>
</newsitem>
