<?xml version="1.0" encoding="ISO-8859-1" standalone="no"?>
<newsitem date="1997-06-20" id="root" itemid="675948" xml:lang="en">
<title>CAMBODIA: Cambodia's Pol Pot said captured by ex-comrades.</title>
<headline>Cambodia's Pol Pot said captured by ex-comrades.</headline>
<byline>Robert Birsel</byline>
<dateline>PHNOM PENH 1997-06-20</dateline>
<text>
<p>Khmer Rouge strongman Pol Pot, one of the world's most notorious dictators, has been captured by his former followers who recently broke away from him, the rebels said in a radio broadcast on Friday.</p>
<p>"Pol Pot has been captured," said the radio in a broadcast from the north Cambodian guerrilla zone, monitored in Phnom Penh.</p>
<p>The Khmer Rouge splinter faction said its "national army" had captured Pol Pot on Thursday.</p>
<p>But officials in Phnom Penh were sceptical that the 69-year-old Pol Pot had been captured by renegades from his communist Khmer Rouge army.</p>
<p>"I don't believe it," said a senior official in First Prime Minister Prince Norodom Ranariddh's office.</p>
<p>"There's no news from our people yet and Khmer Rouge radio, at the moment, I don't believe it," Kong Vibol told Reuters.</p>
<p>Khmer Rouge radio reported earlier this week that the despised Pol Pot had turned himself in to them to "confess", but that too was denied by the coalition government in Phnom Penh.</p>
<p>Earlier on Friday Cambodia's First Prime Minister Prince Norodom Ranariddh said the breakaway Khmer Rouge faction was closing in on Pol Pot.</p>
<p>Pol Pot was was holed up in a land-mine strewn mountain camp in northern Cambodia, guarded by his last band of loyal men, the prince said.</p>
<p>Pol Pot, whose 1975-79 Khmer Rouge government was responsible for the death of more than a million Cambodians, has not been seen in public since 1980 two years after his overthrow at the hands of an invading Vietnamese army.</p>
<p>An aide to second prime minister Hun Sen said Pol Pot could not be considered captured until he was in government hands.</p>
<p>"If they say they've captured Pol Pot we can't believe it," said Om Yentieng, an adivser in the second prime minister's office.</p>
<p>"But if they hand him over to the government, for trial in an international court, then it means we've arrested Pol Pot," he said.</p>
<p>The Khmer Rouge has been waging a low-intensity guerrilla war against the government since boycotting a 1993 U.N.-suprevised election.</p>
<p>But the once-formidible Maoist guerrilla army has been decimated in recent years by government offensives, splits and defections.</p>
<p>Pol Pot led the die-hard rump of the Khmer Rouge from its northern stronghold of Anglong Veng until earlier this month when bitter factional erupted, according to reports reaching Phnom Penh.</p>
<p>Government officials say Pol Pot fled from Anglong Veng after ordering the execution of his defence chief and almost a dozen members of his family.</p>
<p>Cambodia's two premiers, who share power in a rocky coalition, were headed for a showdown over policy towards the self-destructing rebel army.</p>
<p>Ranariddh has been negotiating with leaders of the breakaway Khmer Rouge faction with a view to strengthening his political base before electioins, due next year.</p>
<p>Hun Sen decalared such talks illegal and said all Khmer Rouge leaders should be imprisoned. REUTER rsb sc</p>
</text>
<copyright>(c) Reuters Limited 1997</copyright>
<metadata>
<codes class="bip:countries:1.0">
  <code code="KAMPA">
    <editdetail action="confirmed" attribution="Reuters BIP Coding Group" date="1997-06-20"/>
  </code>
</codes>
<codes class="bip:topics:1.0">
  <code code="GCAT">
    <editdetail action="confirmed" attribution="Reuters BIP Coding Group" date="1997-06-20"/>
  </code>
  <code code="GPOL">
    <editdetail action="confirmed" attribution="Reuters BIP Coding Group" date="1997-06-20"/>
  </code>
  <code code="GVIO">
    <editdetail action="confirmed" attribution="Reuters BIP Coding Group" date="1997-06-20"/>
  </code>
</codes>
<dc element="dc.date.created" value="1997-06-20"/>
<dc element="dc.publisher" value="Reuters Holdings Plc"/>
<dc element="dc.date.published" value="1997-06-20"/>
<dc element="dc.source" value="Reuters"/>
<dc element="dc.creator.location" value="PHNOM PENH"/>
<dc element="dc.creator.location.country.name" value="CAMBODIA"/>
<dc element="dc.source" value="Reuters"/>
</metadata>
</newsitem>
