<?xml version="1.0" encoding="ISO-8859-1" standalone="no"?>
<newsitem date="1997-06-20" id="root" itemid="676164" xml:lang="en">
<title>USA: California county loses suit for beating Mexicans.</title>
<headline>California county loses suit for beating Mexicans.</headline>
<dateline>LOS ANGELES 1997-06-20</dateline>
<text>
<p>Two illegal immigrants who were beaten by police after a high speed freeway chase will get $740,000 under an agreement reached on Friday between the American Civil Liberties Union and Riverside County.</p>
<p>Mark Rosenbaum, legal director for the ACLU of southern California, told reporters the settlement would be split equally between Mexican nationals Enrique Funes Flores and his girlfriend, Alicia Sotero Vasquez.</p>
<p>Their beating on April 1 last year by two Riverside County Sheriff's deputies was captured on videotape by a television news crew in a helicopter and sparked public outrage over police violence after it was aired nationally.</p>
<p>The settlement "delivers an unmistakable message that in this country we do not enforce our immigration laws by means of hard batons and racial epithets," Rosenbaum told reporters.</p>
<p>Funes Flores and Sotero Vasquez were among more than a dozen immigrants in a pickup truck that was chased at high speed by Riverside County Sheriff's deputies for more than 60 miles (100 km) from the Riverside County town of Temecula to the Los Angeles suburb of El Monte.</p>
<p>When the chase ended, most of the immigrants, who had apparently been picked up by the truck after crossing the Mexican border into California illegally, tried to flee. But Funes Flores and Sotero Vasquez stayed with the vehicle and were seen being clubbed repeatedly with batons by the two deputies.</p>
</text>
<copyright>(c) Reuters Limited 1997</copyright>
<metadata>
<codes class="bip:countries:1.0">
  <code code="MEX">
    <editdetail action="confirmed" attribution="Reuters BIP Coding Group" date="1997-06-20"/>
  </code>
  <code code="USA">
    <editdetail action="confirmed" attribution="Reuters BIP Coding Group" date="1997-06-20"/>
  </code>
</codes>
<codes class="bip:topics:1.0">
  <code code="GCAT">
    <editdetail action="confirmed" attribution="Reuters BIP Coding Group" date="1997-06-20"/>
  </code>
  <code code="GCRIM">
    <editdetail action="confirmed" attribution="Reuters BIP Coding Group" date="1997-06-20"/>
  </code>
</codes>
<dc element="dc.date.created" value="1997-06-20"/>
<dc element="dc.publisher" value="Reuters Holdings Plc"/>
<dc element="dc.date.published" value="1997-06-20"/>
<dc element="dc.source" value="Reuters"/>
<dc element="dc.creator.location" value="LOS ANGELES"/>
<dc element="dc.creator.location.country.name" value="USA"/>
<dc element="dc.source" value="Reuters"/>
</metadata>
</newsitem>
