<?xml version="1.0" encoding="ISO-8859-1" standalone="no"?>
<newsitem date="1997-06-20" id="root" itemid="677045" xml:lang="en">
<title>USA: U.S. Midwest seen hot on Friday, rain for weekend.</title>
<headline>U.S. Midwest seen hot on Friday, rain for weekend.</headline>
<dateline>CHICAGO 1997-06-20</dateline>
<text>
<p>The western U.S. Midwest on Friday will likely see the hottest temperatures so far this year, followed by widespread rains over the weekend, meteorologists said.</p>
<p>"These are going to be the best growing degree days of the year," said Fred Gesser, chief forecaster for Weather Express in Nebraska. Growing degree days refer to the amount of heat units a plant receives.</p>
<p>"Yesterday was the hottest day in the western Corn Belt and today will match or exceed that," he added. The hot weather should cover Nebraska, southern Iowa and Illinois.</p>
<p>Temperatures were expected to peak in the 90s Fahrenheit from Nebraska to Illinois with upper 80s in Indiana and Ohio.</p>
<p>Rains moved across northern Iowa and southern Minnesota overnight but forecasters said coverage was lighter than expected. Some dry portions of northwest Iowa and southwest Minnesota largely missed out on the moisture, said Joel Burgio, meteorologist with Weather Services Corp.</p>
<p>"Rains were a little less than expected in general coverage," Burgio said. "There were two bands of thunderstorms that moved through that region but the coverage of that area wasn't too high."</p>
<p>He said Sioux City, Iowa, received only 0.02 inch of rain while nearby Sioux Falls, South Dakota, received 0.45 inch.</p>
<p>The weekend should bring another shot at precipitation for Iowa and Minnesota with rains also expected in Illinois, southern Wisconsin and northern Missouri.</p>
<p>"We have a good deal of thunderstorms in the forecast throughout most of the western Corn Belt and northern half of the eastern Corn Belt in the next 24 hours," Burgio said.</p>
<p>"We're looking for at least 0.50 to 2.00 inches, with the biggest rains in southern and eastern Iowa, northern Illinois, and southern Wisconsin over the next 24 to 48 hours."</p>
<p>Gesser predicted 0.25 to 1.50 inches with 60 to 70 percent coverage across the western two-thirds of the belt.</p>
<p>"The good news is we get some rains in Iowa and central Illinois where we do have some dry conditions," Gesser said. "The bad news is Minnesota got pretty much all they're going to get."</p>
<p>Long-range outlooks showed another storm system moving across the northwest and northern portions of the Corn Belt Monday through Wednesday.</p>
<p>((--Emily Kaiser 312-408-8749))</p>
</text>
<copyright>(c) Reuters Limited 1997</copyright>
<metadata>
<codes class="bip:countries:1.0">
  <code code="USA">
    <editdetail action="confirmed" attribution="Reuters BIP Coding Group" date="1997-06-20"/>
  </code>
</codes>
<codes class="bip:industries:1.0">
  <code code="I01001">
    <editdetail action="confirmed" attribution="Reuters BIP Coding Group" date="1997-06-20"/>
  </code>
  <code code="I0100132">
    <editdetail action="confirmed" attribution="Reuters BIP Coding Group" date="1997-06-20"/>
  </code>
</codes>
<codes class="bip:topics:1.0">
  <code code="C24">
    <editdetail action="confirmed" attribution="Reuters BIP Coding Group" date="1997-06-20"/>
  </code>
  <code code="CCAT">
    <editdetail action="confirmed" attribution="Reuters BIP Coding Group" date="1997-06-20"/>
  </code>
  <code code="GCAT">
    <editdetail action="confirmed" attribution="Reuters BIP Coding Group" date="1997-06-20"/>
  </code>
  <code code="GWEA">
    <editdetail action="confirmed" attribution="Reuters BIP Coding Group" date="1997-06-20"/>
  </code>
  <code code="M14">
    <editdetail action="confirmed" attribution="Reuters BIP Coding Group" date="1997-06-20"/>
  </code>
  <code code="M141">
    <editdetail action="confirmed" attribution="Reuters BIP Coding Group" date="1997-06-20"/>
  </code>
  <code code="MCAT">
    <editdetail action="confirmed" attribution="Reuters BIP Coding Group" date="1997-06-20"/>
  </code>
</codes>
<dc element="dc.date.created" value="1997-06-20"/>
<dc element="dc.publisher" value="Reuters Holdings Plc"/>
<dc element="dc.date.published" value="1997-06-20"/>
<dc element="dc.source" value="Reuters"/>
<dc element="dc.creator.location" value="CHICAGO"/>
<dc element="dc.creator.location.country.name" value="USA"/>
<dc element="dc.source" value="Reuters"/>
</metadata>
</newsitem>
