<?xml version="1.0" encoding="ISO-8859-1" standalone="no"?>
<newsitem date="1997-06-20" id="root" itemid="676347" xml:lang="en">
<title>PORTUGAL: Portuguese bonds end firmer, Bund spreads widen.</title>
<headline>Portuguese bonds end firmer, Bund spreads widen.</headline>
<dateline>LISBON 1997-06-20</dateline>
<text>
<p>1703 GMT - Portuguese bond futures and cash ended firmer, with 10-year bonds widening yield spreads slightly against Bunds as the market focused on a three-day meeting of Group of Seven (G7) leaders in Denver. *Sept 97 futures up 0.14 points to 109.86 *Feb 07 cash (OTC) 101.78 (101.65), yld 6.37 (6.38) *Spread vs 10-yr cash Bund 65 bps vs 61 bps</p>
<p>Portuguese bonds ended firmer as yield spreads against 10-year Bunds widened slightly with attention focused on the Group of Seven leaders' meeting in Denver and the forthcoming FOMC meeting, dealers said.</p>
<p>"September futures and cash bonds closed stronger, reflecting the trend in Europe, but the yield spread against 10-year Bunds increased slightly," one dealer said.</p>
<p>Another said: "We will be keeping an eye on the G7, concerns over the French economy and the proximity of the FOMC meeting (on July 1-2), and so spreads against Bunds (next Monday) should not drop below 60 basis points."</p>
<p>-- Lisbon newsroom +(351-1) 3538254</p>
</text>
<copyright>(c) Reuters Limited 1997</copyright>
<metadata>
<codes class="bip:countries:1.0">
  <code code="PORL">
    <editdetail action="confirmed" attribution="Reuters BIP Coding Group" date="1997-06-20"/>
  </code>
</codes>
<codes class="bip:topics:1.0">
  <code code="M12">
    <editdetail action="confirmed" attribution="Reuters BIP Coding Group" date="1997-06-20"/>
  </code>
  <code code="MCAT">
    <editdetail action="confirmed" attribution="Reuters BIP Coding Group" date="1997-06-20"/>
  </code>
</codes>
<dc element="dc.date.created" value="1997-06-20"/>
<dc element="dc.publisher" value="Reuters Holdings Plc"/>
<dc element="dc.date.published" value="1997-06-20"/>
<dc element="dc.source" value="Reuters"/>
<dc element="dc.creator.location" value="LISBON"/>
<dc element="dc.creator.location.country.name" value="PORTUGAL"/>
<dc element="dc.source" value="Reuters"/>
</metadata>
</newsitem>
