<?xml version="1.0" encoding="ISO-8859-1" standalone="no"?>
<newsitem date="1997-06-20" id="root" itemid="677112" xml:lang="en">
<title>USA: Gen Instrument announces restructuring terms.</title>
<headline>Gen Instrument announces restructuring terms.</headline>
<dateline>CHICAGO 1997-06-19</dateline>
<text>
<p>General Instrument Corp on Thursday announced the terms under which it will divide into three publically traded companies.</p>
<p>The company said that for each outstanding share of General Instrument stock shareholders will get one share of NextLevel Systems, one-third share of CommScope and one-quarter share of General Semiconductor.</p>
<p>The company said that -- subject to shareholder approval -- the three companies will start trading as separate public companies on July 28.</p>
<p>The company said its combined annual and special meeting of stockholders will be held on July 23.</p>
<p>The record date to vote at the meeting is June 10, the company added.</p>
</text>
<copyright>(c) Reuters Limited 1997</copyright>
<metadata>
<codes class="bip:countries:1.0">
  <code code="USA">
    <editdetail action="confirmed" attribution="Reuters BIP Coding Group" date="1997-06-20"/>
  </code>
</codes>
<codes class="bip:industries:1.0">
  <code code="I34100">
    <editdetail action="confirmed" attribution="Reuters BIP Coding Group" date="1997-06-20"/>
  </code>
</codes>
<codes class="bip:topics:1.0">
  <code code="C11">
    <editdetail action="confirmed" attribution="Reuters BIP Coding Group" date="1997-06-20"/>
  </code>
  <code code="CCAT">
    <editdetail action="confirmed" attribution="Reuters BIP Coding Group" date="1997-06-20"/>
  </code>
</codes>
<dc element="dc.date.created" value="1997-06-19"/>
<dc element="dc.publisher" value="Reuters Holdings Plc"/>
<dc element="dc.date.published" value="1997-06-20"/>
<dc element="dc.source" value="Reuters"/>
<dc element="dc.creator.location" value="CHICAGO"/>
<dc element="dc.creator.location.country.name" value="USA"/>
<dc element="dc.source" value="Reuters"/>
</metadata>
</newsitem>
