<?xml version="1.0" encoding="ISO-8859-1" standalone="no"?>
<newsitem date="1997-06-20" id="root" itemid="675996" xml:lang="en">
<title>THAILAND: New Thai finmin Thanong to hold news conference. [CORRECTED 13:05 GMT]</title>
<headline>New Thai finmin Thanong to hold news conference. [CORRECTED 13:05 GMT]</headline>
<dateline>BANGKOK 1997-06-20</dateline>
<text>
<p>New Thai Finance Minister Thanong Bidaya will hold a press conference at 8.30 p.m. local (1330 GMT) on Friday following his appointment, a government official said.</p>
<p>(Corrects from 1230 GMT).</p>
<p>Thanong, a banker, was named to replace Amnuay Viravan who resigned after policy differences with political rivals in the six-party coalition government of Thai Prime Minister Chavalit Yongchaiyudh.</p>
</text>
<copyright>(c) Reuters Limited 1997</copyright>
<metadata>
<codes class="bip:countries:1.0">
  <code code="THAIL">
    <editdetail action="confirmed" attribution="Reuters BIP Coding Group" date="1997-06-20"/>
  </code>
</codes>
<codes class="bip:topics:1.0">
  <code code="ECAT">
    <editdetail action="confirmed" attribution="Reuters BIP Coding Group" date="1997-06-20"/>
  </code>
  <code code="GCAT">
    <editdetail action="confirmed" attribution="Reuters BIP Coding Group" date="1997-06-20"/>
  </code>
  <code code="GPOL">
    <editdetail action="confirmed" attribution="Reuters BIP Coding Group" date="1997-06-20"/>
  </code>
</codes>
<dc element="dc.date.created" value="1997-06-20"/>
<dc element="dc.publisher" value="Reuters Holdings Plc"/>
<dc element="dc.date.published" value="1997-06-20"/>
<dc element="dc.source" value="Reuters"/>
<dc element="dc.creator.location" value="BANGKOK"/>
<dc element="dc.creator.location.country.name" value="THAILAND"/>
<dc element="dc.source" value="Reuters"/>
</metadata>
</newsitem>
