<?xml version="1.0" encoding="ISO-8859-1" standalone="no"?>
<newsitem date="1997-06-20" id="root" itemid="675718" xml:lang="en">
<title>HUNGARY: Hungary owes Croatia $1 mln in arms deal - lawyer.</title>
<headline>Hungary owes Croatia $1 mln in arms deal - lawyer.</headline>
<dateline>BUDAPEST 1997-06-20</dateline>
<text>
<p>Hungary owes neighbouring Croatia a $1 million refund for Kalashnikov automatic rifles bought in 1990, some of which were never delivered because of publicity about the deal just before the Croatian war, a lawyer said on Friday.</p>
<p>Hungarian lawyer Tamas Elter said he had filed a claim with Hungary's privatisation agency APV Rt on behalf of the Croatian government in an effort to end a long dispute over the arms shipment that prompted a major scandal in Hungary.</p>
<p>Hungary acknowledged in 1990 that it had sent 10,000 AK-47 rifles to Croatian separatists, but then prime minister Jozsef Antall stopped further supplies and sent an envoy to Belgrade to smoothe relations.</p>
<p>"Croatia raised the issue in 1991 and was given many promises by APV and by the Hungarian government," Elter told Reuters.</p>
<p>"Within APV there were two views -- one that this is just a business deal and the other concerned about the political implications," Elter added.</p>
<p>Elter said Croatia's most recent claim against Hungary sought a refund of $985,000, plus interest, for money that was transferred to Hungary's Technika Foreign Trading Company by Freeburn Company Ltd, acting for the Croatian government.</p>
<p>The Hungarian trading company later came under the control of APV and has since been liquidated, but Elter said the liquidator had agreed the claim was valid.</p>
<p>Asked where he thought the money might be, Elter said, "That is a question I can't answer."</p>
<p>Officials at APV were not available for comment.</p>
</text>
<copyright>(c) Reuters Limited 1997</copyright>
<metadata>
<codes class="bip:countries:1.0">
  <code code="CRTIA">
    <editdetail action="confirmed" attribution="Reuters BIP Coding Group" date="1997-06-20"/>
  </code>
  <code code="HUNG">
    <editdetail action="confirmed" attribution="Reuters BIP Coding Group" date="1997-06-20"/>
  </code>
</codes>
<codes class="bip:topics:1.0">
  <code code="E21">
    <editdetail action="confirmed" attribution="Reuters BIP Coding Group" date="1997-06-20"/>
  </code>
  <code code="E212">
    <editdetail action="confirmed" attribution="Reuters BIP Coding Group" date="1997-06-20"/>
  </code>
  <code code="E51">
    <editdetail action="confirmed" attribution="Reuters BIP Coding Group" date="1997-06-20"/>
  </code>
  <code code="E512">
    <editdetail action="confirmed" attribution="Reuters BIP Coding Group" date="1997-06-20"/>
  </code>
  <code code="ECAT">
    <editdetail action="confirmed" attribution="Reuters BIP Coding Group" date="1997-06-20"/>
  </code>
  <code code="GCAT">
    <editdetail action="confirmed" attribution="Reuters BIP Coding Group" date="1997-06-20"/>
  </code>
  <code code="GDEF">
    <editdetail action="confirmed" attribution="Reuters BIP Coding Group" date="1997-06-20"/>
  </code>
</codes>
<dc element="dc.date.created" value="1997-06-20"/>
<dc element="dc.publisher" value="Reuters Holdings Plc"/>
<dc element="dc.date.published" value="1997-06-20"/>
<dc element="dc.source" value="Reuters"/>
<dc element="dc.creator.location" value="BUDAPEST"/>
<dc element="dc.creator.location.country.name" value="HUNGARY"/>
<dc element="dc.source" value="Reuters"/>
</metadata>
</newsitem>
