<?xml version="1.0" encoding="ISO-8859-1" standalone="no"?>
<newsitem date="1997-06-20" id="root" itemid="676858" xml:lang="en">
<title>UK: NWE fuel oil barges fall, traders seen pricing down.</title>
<headline>NWE fuel oil barges fall, traders seen pricing down.</headline>
<dateline>LONDON 1997-06-20</dateline>
<text>
<p>European high sulphur fuel oil barges fetched lower numbers early on Friday as some traders eyeing cargoes were said to be trying to push the market down.</p>
<p>High sulphur barges exchanged hands in the early morning at $79 and $79.50 a tonne fob ARA before moving up to the $81 region, which is 50 cents below Thursday's closing level. Traders put the total traded at 10 kT.</p>
<p>"The market started at the low numbers as some traders are pricing cargoes and tried to push the market down," one trader said.</p>
<p>One of the parties to the lowest deal was said to be a trading house that actively tried to drive the market lower earlier this week against a major's bids to send prices to the upside.</p>
<p>Bunkers were heard done at $83/$84, or some $1 below trades a day earlier, for 380 CST material, traders said.</p>
<p>Low sulphur barges were actively talked this morning but no trades were reported with sellers still insisting on $96, or last done this week, while some buyers moved $2 further down to about $91.</p>
<p>"I had enquiries this morning for 1,000 tonnes and 5,000 tonnes this month. I can do may be 1,000 or 2,000 tonnes," one seller said.</p>
<p>"Several people are interested in buying for this month. One offer came in at $91 but I was not even prepared to discuss that number. I want to see $96," the seller added.</p>
<p>--Haitham Haddadin, London newsroom, +44 171 542 8145</p>
</text>
<copyright>(c) Reuters Limited 1997</copyright>
<metadata>
<codes class="bip:countries:1.0">
  <code code="UK">
    <editdetail action="confirmed" attribution="Reuters BIP Coding Group" date="1997-06-20"/>
  </code>
</codes>
<codes class="bip:topics:1.0">
  <code code="M14">
    <editdetail action="confirmed" attribution="Reuters BIP Coding Group" date="1997-06-20"/>
  </code>
  <code code="M143">
    <editdetail action="confirmed" attribution="Reuters BIP Coding Group" date="1997-06-20"/>
  </code>
  <code code="MCAT">
    <editdetail action="confirmed" attribution="Reuters BIP Coding Group" date="1997-06-20"/>
  </code>
</codes>
<dc element="dc.date.created" value="1997-06-20"/>
<dc element="dc.publisher" value="Reuters Holdings Plc"/>
<dc element="dc.date.published" value="1997-06-20"/>
<dc element="dc.source" value="Reuters"/>
<dc element="dc.creator.location" value="LONDON"/>
<dc element="dc.creator.location.country.name" value="UK"/>
<dc element="dc.source" value="Reuters"/>
</metadata>
</newsitem>
