<?xml version="1.0" encoding="ISO-8859-1" standalone="no"?>
<newsitem date="1997-06-20" id="root" itemid="677320" xml:lang="en">
<title>UK: British trainee surgeons operate alone - study.</title>
<headline>British trainee surgeons operate alone - study.</headline>
<dateline>LONDON 1997-06-20</dateline>
<text>
<p>Trainee British surgeons are regularly operating on patients without supervision, researchers reported on Friday.</p>
<p>Janet Wilson and colleagues at the University of Newcastle said a survey of 276 trainee surgeons and young consultants showed most had done first-time operations without supervision by a more experienced surgeon.</p>
<p>These included hernia repairs, kidney transplants, spleen removals, and removal of the thyroid gland.</p>
<p>In a letter to the British Medical Journal, Wilson said she had asked the 276 surgeons several questions in a postal survey.</p>
<p>"Respondents were asked to indicate whether they had ever undertaken a surgical procedure for the first time 'without your trainer being present in the theatre' (and) to specify any such procedure'," they wrote.</p>
<p>They found 86 percent of general surgeons said they had and 66 percent of ear, nose and throat surgeons.</p>
<p>"Unsupervised first surgery is not ideal training," Wilson wrote.</p>
</text>
<copyright>(c) Reuters Limited 1997</copyright>
<metadata>
<codes class="bip:countries:1.0">
  <code code="UK">
    <editdetail action="confirmed" attribution="Reuters BIP Coding Group" date="1997-06-20"/>
  </code>
</codes>
<codes class="bip:topics:1.0">
  <code code="GCAT">
    <editdetail action="confirmed" attribution="Reuters BIP Coding Group" date="1997-06-20"/>
  </code>
  <code code="GHEA">
    <editdetail action="confirmed" attribution="Reuters BIP Coding Group" date="1997-06-20"/>
  </code>
</codes>
<dc element="dc.date.created" value="1997-06-20"/>
<dc element="dc.publisher" value="Reuters Holdings Plc"/>
<dc element="dc.date.published" value="1997-06-20"/>
<dc element="dc.source" value="Reuters"/>
<dc element="dc.creator.location" value="LONDON"/>
<dc element="dc.creator.location.country.name" value="UK"/>
<dc element="dc.source" value="Reuters"/>
</metadata>
</newsitem>
