<?xml version="1.0" encoding="ISO-8859-1" standalone="no"?>
<newsitem date="1997-06-20" id="root" itemid="676001" xml:lang="en">
<title>SINGAPORE: Asia Fuel Oil-Steady as buyer emerges, sparks hope.</title>
<headline>Asia Fuel Oil-Steady as buyer emerges, sparks hope.</headline>
<dateline>SINGAPORE 1997-06-20</dateline>
<text>
<p>Singapore high sulphur fuel oil held steady despite falling swaps quotes as buying support emerged late Friday to support cash prices, traders said.</p>
<p>Late in the Asian trading day, two 20,000 tonnes cargo were sold by two majors to a Singapore-based trader at $100.00 and $101.00 per tonne respectively.</p>
<p>The cargoes were for loading in late July.</p>
<p>The trades sparked hopes that the market may be supported in in the near term. Traders were speculating that the buyer may be out to buy more fuel oil next week.  </p>
<p>The buyer told Reuters that the company is looking to cover some of its short positions.</p>
<p>But North Asian sellers were less optimistic.</p>
<p>A Japanese trader said there are ample supplies in the market and the company is also finding it difficult to move its supplies.</p>
<p>Traders said the weak bunker market has also contributed to the poor fundamentals.</p>
<p>"The bunker volumes seems to have shrunk despite the fact that our prices are even lower than Rotterdam's", said one trader.  </p>
<p>South Korean sellers were offering July fob Sout Korean barrels at below 20 cents discount to Singapore spot quotes.</p>
<p>Traders said reduced demand from China has aggravated the surplus situation.</p>
<p>The swaps market was discussed lower. July was last quoted at $98.00/$99.00 against Thursday's $98.50/$99.00.</p>
<p>August swaps were quoted at $97.75/$98.50 against $98.50/$99.00.</p>
<p> MTH  FOB SIN		     BUY/SELL	  PREV BUY/SELL</p>
<p>JUN  LSWR *		    15.50/15.80	   15.50/15.80</p>
<p> JUN  FUEL OIL (180 CST)    99.00/101.00	  99.00/101.00</p>
<p> JUN  FUEL OIL (380 CST)    92.00/94.00	   92.00/94.00</p>
<p> JUN  FUEL OIL SWAPS	  98.00/99.00	   98.50/99.75</p>
<p> JUL  FUEL OIL SWAPS	  97.75/98.50	   97.75/98.25</p>
<p>*Dollars per barrel</p>
<p>-- Singapore newsroom (+65-870 3082)</p>
</text>
<copyright>(c) Reuters Limited 1997</copyright>
<metadata>
<codes class="bip:countries:1.0">
  <code code="SINGP">
    <editdetail action="confirmed" attribution="Reuters BIP Coding Group" date="1997-06-20"/>
  </code>
</codes>
<codes class="bip:topics:1.0">
  <code code="M14">
    <editdetail action="confirmed" attribution="Reuters BIP Coding Group" date="1997-06-20"/>
  </code>
  <code code="M143">
    <editdetail action="confirmed" attribution="Reuters BIP Coding Group" date="1997-06-20"/>
  </code>
  <code code="MCAT">
    <editdetail action="confirmed" attribution="Reuters BIP Coding Group" date="1997-06-20"/>
  </code>
</codes>
<dc element="dc.date.created" value="1997-06-20"/>
<dc element="dc.publisher" value="Reuters Holdings Plc"/>
<dc element="dc.date.published" value="1997-06-20"/>
<dc element="dc.source" value="Reuters"/>
<dc element="dc.creator.location" value="SINGAPORE"/>
<dc element="dc.creator.location.country.name" value="SINGAPORE"/>
<dc element="dc.source" value="Reuters"/>
</metadata>
</newsitem>
