<?xml version="1.0" encoding="ISO-8859-1" standalone="no"?>
<newsitem date="1997-06-20" id="root" itemid="676783" xml:lang="en">
<title>UK: FORECAST - Consensus of key economic indicators.</title>
<headline>FORECAST - Consensus of key economic indicators.</headline>
<text>
<p>GMT------------KEY INDICATOR----------F/CAST-----RANGE--- PRVS</p>
<p> 2330 Thu   UK  CBI MONTHLY TRENDJUN  N/F	    N/A	N/A</p>
<p> 0500 Fri   JPN COINCIDENT IND   APR  17   PCT    10/75	80</p>
<p> 0500 Fri   JPN LEADING IND	APR  11   PCT  FLAT/50	30</p>
<p> 0645 Fri   FRA INDUST PROD	APR  0.4  PCT  -0.5/1.5   -0.6</p>
<p> 0645 Fri   FRA INDUST PROD (Y/Y)APR  1.4  PCT   0.3/3.2    1.2</p>
<p> N/A  Fri   GER.M3(ANLD VS Q4 95)MAY  N/F  PCT     N/A	7.7</p>
<p> N/A  Fri   GER.M3(ANLD VS Q4 96)MAY  6.4  PCT   6.0/6.8    6.7</p>
<p> 1530 Fr-Mo ITA CONSUMER PRICES  JUN  0.2  PCT  FLAT/0.3    0.3</p>
<p> 1530 Fr-Mo ITA CPI (CITIES Y/Y) JUN  1.6  PCT   1.4/1.7    1.6</p>
<p> 1800 Fri   USA FED BUDGET	 MAY  -49.4BLN     N/A     93.9</p>
<p>*ECONOMIC INDICATORS WEEK COMMENCING JUNE 23</p>
<p> N/A  Mo-Tu GER.PRODUCER PRICES  MAY  0.2  PCT   0.1/0.5    0.3</p>
<p> N/A  Mo-Tu GER.PRODUCER     Y/Y MAY  1.2  PCT   1.0/2.7    0.9</p>
<p> N/A  Mo-Tu E.G.PRODUCER     Y/Y MAY  N/F  PCT     N/A	1.6</p>
<p> N/A  Mo-Tu W.G.PRODUCER     Y/Y MAY  N/F  PCT     N/A	0.9</p>
<p> N/A  Mo-Fr GER.IMPORT PRICES    MAY  0.3  PCT  -0.3/0.7    0.2</p>
<p> N/A  Mo-Fr GER.IMPORT PRI  (Y/Y)MAY  2.6  PCT   2.1/3.0    2.7</p>
<p> N/A  Mo-Fr GER.EXPORT PRICES    MAY  N/F  PCT     N/A	1.0</p>
<p> N/A  Mo-Fr GER.EXPORT PRI  (Y/Y)MAY  N/F  PCT     N/A	0.3</p>
<p> 0645 Tue   FRA HOUSING STARTS   MAY  N/F  PCT     N/A	0.8</p>
<p> 1400 Tue   USA CONSUMER CONF    MAY  125.0	123/126. 127.1</p>
<p> 2350 Tue   JPN TANKAN SURVEY    Q2   -0.8	-4.0/1.0    2.0</p>
<p> 0645 Wed   FRA CONSUMER PRICES  MAY  0.2  PCT   0.1/0.4   FLAT</p>
<p> 0645 Wed   FRA CPI (PREL Y/Y)   MAY  0.9  PCT   0.8/1.1    0.9</p>
<p> 0830 Wed   ITA UNEMPLOYMENT     APR  N/F  PCT     N/A     12.4</p>
<p> 0830 Wed   UK  HICP (Y/Y)	 MAY  N/F  PCT     N/A	1.6</p>
<p> 0830 Wed   UK  NON-EU TRADE     MAY -550  MLN  -700/-300  -335</p>
<p> 0830 Wed   UK  TRADE IN GOODS   APR -625  MLN  -900/-350  -671</p>
<p> 0830 Wed   UK  TRD IN GDS EX OILAPR  N/F  MLN     N/A    -1297</p>
<p> 1230 Wed   CAN AVERAGE WKLY EARNAPR  N/F  PCT     N/A	2.7</p>
<p> 1230 Wed   CAN COMPOSITE INDEX  MAY  N/F  PCT     N/A	0.8</p>
<p> 1230 Wed   USA DURABLE GDS ORDRSMAY  0.5  PCT  FLAT/0.8    1.3</p>
<p> 1230 Wed   USA EX DEFENCE	 MAY  N/F  PCT     N/A	0.6</p>
<p> 1400 Wed   USA EXIST HOME SALES MAY  N/F  MLN     N/A	4.1</p>
<p> N/A  We-Fr W.G.CST OF LVNG (PRV)JUN  1.5  PCT   1.4/1.6    1.5</p>
<p> 0645 Thu   FRA CONSUMER SPEND   MAY  N/F  PCT     N/A	1.5</p>
<p> 1230 Thu   USA JOBLESS CLMS  21-Jun  N/F  K	 N/A    347.0</p>
<p> 1230 Thu   CAN INDUSTRIAL PRICESMAY  N/F  PCT     N/A	0.5</p>
<p> 1230 Thu   CAN RAW MATERIALS    MAY  N/F  PCT     N/A     -1.1</p>
<p> 1400 Thu   USA HELP WANTED INDX MAY  N/F	    N/A     88.0</p>
<p> 2030 Thu   USA M1		16-Jun  N/F  BLN     N/A    -11.7</p>
<p> 2030 Thu   USA M2		16-Jun  N/F  BLN     N/A     -2.7</p>
<p> 2030 Thu   USA M3		16-Jun  N/F  BLN     N/A     -2.8</p>
<p> 0030 Fri   JPN CONSUMER PRICES  MAY -0.3  PCT  -0.5/FLAT   0.3</p>
<p> 0030 Fri   JPN CPI (TOKYO;Y/Y)  MAY  1.5  PCT   1.4/1.9    1.4</p>
<p> 0030 Fri   JPN CONSUMER PRICES  MAY  0.7  PCT     N/A	2.0</p>
<p> 0030 Fri   JPN CPI (NAT'L) Y/Y  MAY  2.0  PCT     N/A	1.9</p>
<p> 0030 Fri   JPN JOB RATIO	  MAY  0.71	0.70/0.72  0.71</p>
<p> 0030 Fri   JPN UNEMPLOYMENT SA  MAY  3.3  PCT   3.2/3.4    3.3</p>
<p> 0430 Fri   JPN RETAIL SLS (PREL)MAY  -2.8 PCT     N/A     -8.1</p>
<p> 0430 Fri   JPN INDUST PROD PREL APR  2.5  PCT   2.2/2.9   -0.5</p>
<p> 0430 Fri   JPN INDUST PREL Y/Y  APR  5.5  PCT   5.2/6.1    4.8</p>
<p> 0645 Fri   FRA TRADE BAL. (FF.) APR  9.9  BLN     N/A	9.8</p>
<p> 0830 Fri   UK  CURRENT ACCOUNT  Q1   0.5  BLN  -0.3/1.1    0.9</p>
<p> 0830 Fri   UK  GDP  Q/Q	   Q1   0.9  PCT   0.3/1.0    1.6</p>
<p> 0830 Fri   UK  GDP  Y/Y	   Q1   3.0  PCT   2.8/3.0    5.8</p>
<p> 0830 Fri   UK  GDP EX OIL	 Q1   N/F  PCT     N/A	1.0</p>
<p> 0830 Fri   UK  GDP EX OIL Y/Y   Q1   N/F  PCT     N/A	3.0</p>
<p> 0830 Fri   UK  TRADE IN GOODS   Q1   -2.6 BLN  -3.2/-1.4  -2.6</p>
<p> 1230 Fri   USA IMPLICIT DEFLATORQ1   N/F  PCT     N/A	2.2</p>
<p> 1230 Fri   USA PRICE INDEX	Q1   N/F  PCT     N/A	2.8</p>
<p> 1230 Fri   USA REAL GDP (FINAL) Q1   2.7  PCT   2.0/3.4    5.8</p>
<p> 1400 Fri   USA MICH SVY(PREL)   JUN  N/F	    N/A    103.2</p>
<p> N/A  Fr-Fr GER.TRADE BAL. (DM)  APR  9.5  BLN   8.0/11.0   9.8</p>
<p> N/A  Fr-Fr GER.CURRENT A/C (DM) APR  -0.3 BLN  -2.9/2.0    2.3</p>
<p>*ECONOMIC INDICATORS WEEK COMMENCING JUNE 30</p>
<p> 0500 Mon   JPN CONSTRUCT ORDERS MAY  N/F  PCT     N/A    -16.1</p>
<p> 0500 Mon   JPN HOUSING STARTS   MAY -12.5 PCT  -15./-10.  -9.3</p>
<p> 0645 Mon   FRA UNEMPLOYMENT     MAY  N/F  K	 N/A	6.4</p>
<p> 0645 Mon   FRA UNEMPLOYMENT     MAY  N/F  PCT     N/A     12.8</p>
<p> 0700 Mon   ITA GDP (Q/Q) FINAL  Q1   0.2  PCT  -1.1/0.8   -0.3</p>
<p> 0700 Mon   ITA GDP (Y/Y) FINAL  Q1   N/F  PCT     N/A     -0.5</p>
<p> 0830 Mon   UK  M0 (PROV) SA     JUN  0.5  PCT     N/A	0.3</p>
<p> 0830 Mon   UK  M0 (PROV) Y/Y    JUN  5.9  PCT     N/A	6.1</p>
<p> 0830 Mon   UK  M4 (FINAL) SA    MAY  N/F  PCT     N/A	1.3</p>
<p> 0830 Mon   UK  M4 (FINAL)(Y/Y)  MAY  N/F  PCT     N/A     11.1</p>
<p> 0830 Mon   UK  M4 LENDING (FINALMAY  N/F  BLN     N/A	9.2</p>
<p> 1230 Mon   CAN REAL GDP (FACTOR APR  N/F  PCT     N/A     -0.3</p>
<p> 1230 Mon   USA PERSONAL INCOME  MAY  N/F  PCT     N/A	0.1</p>
<p> 1230 Mon   USA PERSONAL SPEND   MAY  N/F  PCT     N/A	0.1</p>
<p> 1400 Mon   USA CHICAGO  PMI     MAY  N/F	    N/A     56.8</p>
<p> 1400 Mon   USA MICH SVY(FINAL)  JUN  N/F	    N/A    103.2</p>
<p> 1400 Mon   USA NEW HOME SALES   JUN  N/F  K	 N/A    772.0</p>
<p> 0730 Tue   GER BME/RTR PMI	JUN  N/F	    N/A     57.5</p>
<p> 0730 Tue   JPN FOREIGN RESERVES JUN  N/F  BLN     N/A    221.8</p>
<p> 0730 Tue   UK  CONSUMER CREDIT  MAY  N/F  MLN     N/A    691.0</p>
<p> 0830 Tue   UK  PURCH MGR. INDEX.JUN  N/F  PCT     N/A     54.6</p>
<p> 1400 Tue   USA CONSTRUC SPNDG   APR  N/F  PCT     N/A     -1.0</p>
<p> 1400 Tue   USA LEAD INDICATORS  MAY  N/F  PCT     N/A     -0.1</p>
<p> 1400 Tue   USA NAPM		 JUN  N/F	    N/A     57.1</p>
<p> N/A  Tue   USA CARS		 JUN  N/F  MLN     N/A	6.8</p>
<p> 0700 Wed   ITA RETAIL SALES (Y/YMAR  N/F  PCT     N/A	1.3</p>
<p> 0830 Wed   UK  OFFICIAL RSRVS $ JUN  N/F  MLN     N/A    -26.0</p>
<p> 1400 Wed   USA FACTORY ORDERS   MAY  N/F  PCT     N/A	1.2</p>
<p> 0500 Thu   JPN NM HOUSEHOLD SPENMAY  N/F  PCT     N/A	0.9</p>
<p> 0500 Thu   JPN REAL HOUSEHOLD SPMAY  -1.6 PCT  -3.1/0.9   -1.0</p>
<p> 0830 Thu   UK  CONST'N NEW ORDS MAY  N/F  PCT     N/A     -2.0</p>
<p> 1030 Thu   UK  CBI SVY OF DISTRIJUN  N/F	    N/A	N/A</p>
<p> 1215 Thu   CAN INT'L RESERVES   JUN  N/F  BLN     N/A	1.2</p>
<p> 1230 Thu   CAN BUILDING PERMITS MAY  N/F  PCT     N/A	9.3</p>
<p> 1230 Thu   USA AVERAGE HRLY EARNJUN  N/F  PCT     N/A     -0.1</p>
<p> 1230 Thu   USA PAYROLL EMPLOY   JUN  N/F  K	 N/A    138.0</p>
<p> 1230 Thu   USA UNEMPLOYMENT     JUN  N/F  PCT     N/A	4.8</p>
<p> 1400 Thu   USA HOUSING COMPLETIOMAY  N/F  PCT     N/A     -0.1</p>
<p> N/A  Th-Mo E.G.MANU NEW ORDS Y/YMAY  N/F  PCT     N/A     18.3</p>
<p> N/A  Th-Mo E.G.INDUST PROD (Y/Y)MAY  N/F  PCT     N/A	1.7</p>
<p> N/A  Th-Mo GER.MANU NEW ORDERS  MAY  N/F  PCT     N/A	3.7</p>
<p> N/A  Th-Mo GER.MANU NEW ORDS Y/YMAY  N/F  PCT     N/A	7.0</p>
<p> N/A  Th-Mo GER.INDUST PROD	MAY  N/F  PCT     N/A     -1.3</p>
<p> N/A  Th-Mo GER.INDUST PROD (Y/Y)MAY  N/F  PCT     N/A	1.3</p>
<p> N/A  Th-Mo W.G.MANU NEW ORDS Y/YMAY  N/F  PCT     N/A	6.3</p>
<p> N/A  Th-Mo W.G.INDUST PROD (Y/Y)MAY  N/F  PCT     N/A	1.1</p>
<p> 0800 Fri   ITA CONSUMER PRICES 1JUN  N/F  PCT     N/A	0.3</p>
<p> 0800 Fri   ITA CPI 1995 BASE (Y/JUN  N/F  PCT     N/A	1.6</p>
<p> 0830 Fri   UK  HOUSING CMPLTNS  MAY  N/F  K	 N/A	1.0</p>
<p> 0830 Fri   UK  HOUSING STARTS   MAY  N/F  K	 N/A     -4.0</p>
<p> 0830 Fri   UK  PURCH MGR SRVCS  JUN  N/F  PCT     N/A     64.8</p>
<p>*ECONOMIC INDICATORS WEEK COMMENCING JULY 7</p>
<p> 2350 Su-Th JPN C/A YEN;NSA;IMF  MAY  N/F  BLN     N/A	1.1</p>
<p> 2350 Su-Th JPN TRADE YEN;NSA;IMFMAY  N/F  BLN     N/A	1.0</p>
<p> 0830 Mon   UK  INDUSTRIAL PROD  MAY  N/F  PCT     N/A	1.2</p>
<p> 0830 Mon   UK  INDUSTRIAL (Y/Y) MAY  N/F  PCT     N/A	2.2</p>
<p> 0830 Mon   UK  MANUF. OUTPUT    MAY  N/F  PCT     N/A	0.6</p>
<p> 0830 Mon   UK  MANUF. (Y/Y)     MAY  N/F  PCT     N/A	2.3</p>
<p> 1400 Mo-Fr FRA M3 (Y/Y) SA	MAY  N/F  PCT     N/A     -0.2</p>
<p> 2350 Mon   JPN WHOLESALE PRICES JUN  N/F  PCT     N/A     -0.7</p>
<p> 2350 Mon   JPN WHOLESALE PRI Y/YJUN  N/F  PCT     N/A	2.7</p>
<p> 0500 Tu-Th JPN ORDRS ex ships, eMAY  N/F  PCT     N/A	7.2</p>
<p> 0500 Tu-Th JPN ex ships (Y/Y)   MAY  N/F  PCT     N/A     -6.1</p>
<p> 0500 Tu-Th JPN MACHINERY ORDERS MAY  N/F  PCT     N/A	2.0</p>
<p> 0500 Tu-Th JPN MACH ORDERS (Y/Y)MAY  N/F  PCT     N/A     -1.3</p>
<p> 0830 Tue   UK  RETAIL PRICES    JUN  N/F  PCT     N/A	0.4</p>
<p> 0830 Tue   UK  RETAIL PRI (Y/Y) JUN  N/F  PCT     N/A	2.6</p>
<p> 0830 Tue   UK  RPI-X	 (Y/Y)JUN  N/F  PCT     N/A	2.5</p>
<p> 0830 Tue   UK  RPI-Y	 (Y/Y)JUN  N/F  PCT     N/A	2.0</p>
<p> 0855 Tue   E.G.UNEMPLOYMENT(NSA)JUN  N/F  PCT     N/A     17.2</p>
<p> 0855 Tue   E.G.UNEMPLOYMENT(NSA)JUN  N/F  MLN     N/A	1.3</p>
<p> 0855 Tue   E.G.UNEMPLOYMENT(SA) JUN  N/F  K	 N/A     30.0</p>
<p> 0855 Tue   GER UNEMPLOYMENT(NSA)JUN  N/F  PCT     N/A     11.1</p>
<p> 0855 Tue   GER UNEMPLOYMENT(NSA)JUN  N/F  MLN     N/A	4.3</p>
<p> 0855 Tue   GER UNEMPLOYMENT(SA) JUN  N/F  K	 N/A     56.0</p>
<p> 0855 Tue   W.G.UNEMPLOYMENT(NSA)JUN  N/F  PCT     N/A	9.6</p>
<p> 0855 Tue   W.G.UNEMPLOYMENT(NSA)JUN  N/F  MLN     N/A	3.0</p>
<p> 0855 Tue   W.G.UNEMPLOYMENT(SA) JUN  N/F  K	 N/A     25.0</p>
<p> 1400 Tue   USA WHOLESALE TRADE  MAY  N/F  PCT     N/A     -0.7</p>
<p> 2000 Tue   USA CONSUMER CREDIT BMAY  N/F  BLN     N/A	7.6</p>
<p> 1215 Wed   CAN HOUSING STARTS (AJUN  N/F  K	 N/A    152.3</p>
<p> 0645 Thu   FRA CURRENT A/C SA FFAPR  N/F  BLN     N/A	9.4</p>
<p> 1230 Thu   CAN HELP WANTED INDEXJUN  N/F	    N/A    106.0</p>
<p> 1230 Thu   CAN MOTOR VEH SALES  MAY  N/F  PCT     N/A	4.9</p>
<p> 1230 Thu   CAN NEW HOUSE PRICE YMAY  N/F  PCT     N/A	0.8</p>
<p> N/A  Th-Th E.G.CST OF LVNG  Y/Y JUN  N/F  PCT     N/A	1.8</p>
<p> N/A  Th-Th GER.COST OF LIVING   JUN  N/F  PCT     N/A	0.4</p>
<p> N/A  Th-Th GER.CST OF LVNG  Y/Y JUN  N/F  PCT     N/A	1.6</p>
<p> N/A  Th-Th W.G.CST OF LVNG  Y/Y JUN  N/F  PCT     N/A	1.5</p>
<p> 0645 Fri   FRA CONSUMER PRICES  JUN  N/F  PCT     N/A	0.2</p>
<p> 0645 Fri   FRA CPI (PREL Y/Y)   JUN  N/F  PCT     N/A	0.9</p>
<p> 1100 Fri   CAN EMPLOYMENT GROWTHJUN  N/F  K	 N/A     61.3</p>
<p> 1100 Fri   CAN UNEMPLOYMENT. RATJUN  N/F  PCT     N/A	9.5</p>
<p> 1230 Fri   USA PRODUCER PRICES  JUN  N/F  PCT     N/A     -0.3</p>
<p> 1230 Fri   USA PRODUCER PRI Y/Y JUN  N/F  PCT     N/A	0.3</p>
<p> 1230 Fri   USA PPI EX FOOD/ENERGJUN  N/F  PCT     N/A     -0.3</p>
<p>*ECONOMIC INDICATORS WEEK COMMENCING JULY 14</p>
<p> 0600 Mo-Tu GER WHOLESALE PRICES JUN  N/F  PCT     N/A	3.1</p>
<p> 0600 Mo-Tu GER WHOLESALE (Y/Y)  JUN  N/F  PCT     N/A	1.7</p>
<p> 0830 Mon   UK  OUTPUT EX FDT    JUN  N/F  PCT     N/A     UNCH</p>
<p> 0830 Mon   UK  OUTPUT X FDT Y/Y JUN  N/F  PCT     N/A	0.6</p>
<p> 0830 Mon   UK  PPI (INPUT) SA   JUN  N/F  PCT     N/A	0.7</p>
<p> 0830 Mon   UK  PPI (INPUT) Y/Y  JUN  N/F  PCT     N/A     -9.1</p>
<p> 0830 Mon   UK  PPI (OUTPUT) NSA JUN  N/F  PCT     N/A	0.1</p>
<p> 0830 Mon   UK  PPI (OUTPUT) Y/Y JUN  N/F  PCT     N/A	1.0</p>
<p> 0430 Tue   JPN INDUSTRIAL PRODCTAPR  N/F  PCT     N/A     -0.5</p>
<p> 0430 Tue   JPN INDUST(REV Y/Y)  APR  N/F  PCT     N/A	4.8</p>
<p> 0700 Tue   ITA.PRODUCER PRI     MAY  N/F  PCT     N/A     FLAT</p>
<p> 0700 Tue   ITA.PRODUCER (Y/Y)   MAY  N/F  PCT     N/A	0.8</p>
<p> 0700 Tue   ITA.WHOLESALE PRI    MAY  N/F  PCT     N/A     -0.4</p>
<p> 0700 Tue   ITA.WHOLESALE (Y/Y)  MAY  N/F  PCT     N/A     -0.7</p>
<p> 1400 Tue   CAN WAGE SETTLEMENTS MAY  N/F  PCT     N/A	2.1</p>
<p> 1430 Tue   USA RETAIL SALES     JUN  N/F  PCT     N/A     -0.1</p>
<p> 1430 Tue   USA SALES EX AUTO    JUN  N/F  PCT     N/A     -0.1</p>
<p> N/A  Tu-Fr GER.RETAIL SLS NM;Y/YMAY  N/F  PCT     N/A     UNCH</p>
<p> N/A  Tu-Fr GER.RETAIL SLS RL;Y/YMAY  N/F  PCT     N/A     -1.0</p>
<p> 0800 Wed   ITA INDUSTRIAL PROD  MAY  N/F  PCT     N/A	0.7</p>
<p> 0800 Wed   ITA INDUSTRIAL (Y/Y) MAY  N/F  PCT     N/A	8.2</p>
<p> 0830 Wed   UK  AVERAGE EARNINGS MAY  N/F  PCT     N/A	4.5</p>
<p> 0830 Wed   UK  PSBR		 JUN  N/F  BLN     N/A	4.0</p>
<p> 0830 Wed   UK  UNEMPLOYMENT     JUN  N/F  K	 N/A    -18.4</p>
<p> 0830 Wed   UK  UNEMPLOYMENT     JUN  N/F  PCT     N/A	5.8</p>
<p> 0830 Wed   UK  WAGE COSTS 3MTH/3MAY  N/F  PCT     N/A	2.2</p>
<p> 1230 Wed   CAN I-S RATIO	  MAY  N/F  PCT     N/A	1.3</p>
<p> 1230 Wed   CAN MANUF NEW ORDRS  MAY  N/F  PCT     N/A	4.9</p>
<p> 1230 Wed   CAN MANUF SHIPMENTS  MAY  N/F  PCT     N/A	0.7</p>
<p> 1230 Wed   CAN MANUF UNFILLD ORDMAY  N/F  PCT     N/A	4.4</p>
<p> 1230 Wed   USA BUSINESS INVENT  MAY  N/F  PCT     N/A	0.3</p>
<p> 1230 Wed   USA CONSUMER PRICES  JUN  N/F  PCT     N/A	0.1</p>
<p> 1230 Wed   USA CPI (Y/Y)	  JUN  N/F  PCT     N/A	2.2</p>
<p> 1230 Wed   USA CPI EX FOOD/ENRGYJUN  N/F  PCT     N/A	0.2</p>
<p> 1400 Wed   USA REAL EARNINGS    JUN  N/F  PCT     N/A	0.3</p>
<p> 1400 Wed   USA PHIL. FED SURVEY JUL  N/F	    N/A     25.3</p>
<p> 1415 Wed   USA CAPACITY UTIL    MAY  N/F  PCT     N/A     83.7</p>
<p> 1415 Wed   USA INDUSTRIAL PROD  MAY  N/F  PCT     N/A	0.4</p>
<p> 2350 We-Fr JPN M2 + CD	    JUN  N/F  PCT     N/A	3.0</p>
<p> 0645 Thu   FRA GDP (FINAL)Q/Q   Q1   0.4  PCT   0.2/0.7    0.2</p>
<p> 0645 Thu   FRA GDP (FINAL)Y/Y   Q1   1.3  PCT   0.9/2.1    2.1</p>
<p> 1100 Thu   CAN CONSUMER PRI NSA JUN  N/F  PCT     N/A	0.1</p>
<p> 1100 Thu   CAN CONSUMER PRI SA  JUN  N/F  PCT     N/A	0.1</p>
<p> 1100 Thu   CAN CONSUMER PRI Y/Y JUN  N/F  PCT     N/A	1.5</p>
<p> 1100 Thu   CAN EX FOOD ENRGY Y/YJUN  N/F  PCT     N/A	1.7</p>
<p> 1230 Thu   USA HOUSING STARTS   JUN  N/F  MLN     N/A	1.4</p>
<p> 2350 Thu   JPN TRADE BAL(CC;NSA)JUN  N/F	    N/A    738.3</p>
<p> 0830 Fri   UK  B/S NET MORT APPSJUN  N/F  BLN     N/A	3.2</p>
<p> 0830 Fri   UK  M4     (PROV.)   JUN  N/F  PCT     N/A	1.3</p>
<p> 0830 Fri   UK  M4     (PROV;Y/Y)JUN  N/F  PCT     N/A     11.1</p>
<p> 0830 Fri   UK  M4 LENDING (PROV)JUN  N/F  BLN     N/A	9.2</p>
<p> 0830 Fri   UK  MOTOR VHCL PROD  JUN  N/F  PCT     N/A     -4.2</p>
<p> 1230 Fri   CAN MERCH. EXPORTS   MAY  N/F  BLN     N/A     24.6</p>
<p> 1230 Fri   CAN MERCH. IMPORTS   MAY  N/F  BLN     N/A     22.9</p>
<p> 1230 Fri   CAN MERCH. TRADE     MAY  N/F  BLN     N/A	1.7</p>
<p> 1230 Fri   CAN WHOLESALE TRADE  MAY  N/F  PCT     N/A	3.0</p>
<p> 1230 Fri   USA INT'L TRADE	MAY  N/F  BLN     N/A	7.8</p>
<p> 1400 Fri   USA EXPORT PRICES    JUN  N/F  PCT     N/A     -0.2</p>
<p> 1400 Fri   USA IMPORT PRICES    JUN  N/F  PCT     N/A     UNCH</p>
<p>*ECONOMIC INDICATORS WEEK COMMENCING JULY 21</p>
<p> 0500 Mo-Th JPN COINCIDENT IND   APR  N/F  PCT     N/A     10.0</p>
<p> 0500 Mo-Th JPN LEADING IND	APR  N/F  PCT     N/A	5.6</p>
<p> 1230 Mon   CAN RETAIL SALES     MAY  N/F  PCT     N/A	1.1</p>
<p> 1230 Mon   CAN SALES EX AUTO    MAY  N/F  PCT     N/A	N/A</p>
<p> 1530 Mo-Tu ITA CONSUMER PRICES  JUL  N/F  PCT     N/A	N/A</p>
<p> 1530 Mo-Tu ITA CPI (CITIES Y/Y) JUL  N/F  PCT     N/A	N/A</p>
<p> N/A  Mo-We E.G PRODUCER     Y/Y JUN  N/F  PCT     N/A	N/A</p>
<p> N/A  Mo-We GER.M3(ANLD VS Q4 96)JUN  N/F  PCT     N/A	7.0</p>
<p> N/A  Mo-We GER.M3(ANLD VS Q4 95)JUN  N/F  PCT     N/A	7.7</p>
<p> N/A  Mo-We GER.PRODUCER     Y/Y JUN  N/F  PCT     N/A	N/A</p>
<p> N/A  Mo-We GER.PRODUCER PRI     JUN  N/F  PCT     N/A	N/A</p>
<p> N/A  Mo-We W.G PRODUCER     Y/Y JUN  N/F  PCT     N/A	N/A</p>
<p> 0645 Tue   FRA INDUST PROD	MAY  N/F  PCT     N/A	3.0</p>
<p> 0645 Tue   FRA INDUST PROD (Y/Y)MAY  N/F  PCT     N/A	2.2</p>
<p> 1230 Tue   CAN COMPOSITE INDEX  JUN  N/F  PCT     N/A	N/A</p>
<p> 2000 Tue   USA FED BUDGET	 JUN  N/F  BLN     N/A	N/A</p>
<p> 0830 Wed   UK  RETAIL SALES SA  JUN  N/F  PCT     N/A	1.1</p>
<p> 0830 Wed   UK  RETAIL SLS (Y/Y) JUN  N/F  PCT     N/A	5.3</p>
<p> 0830 Thu   UK  HICP (Y/Y)	 JUN  N/F  PCT     N/A	N/A</p>
<p> 0830 Thu   UK  NON-EU TRADE     JUN  N/F  MLN     N/A	N/A</p>
<p> 0830 Thu   UK  TRADE IN GOODS   MAY  N/F  MLN     N/A	N/A</p>
<p> 0830 Thu   UK  TRD IN GDS EX OILMAY  N/F  MLN     N/A	N/A</p>
<p> 1030 Thu   UK  CBI INDUSTRIAL TRJUL  N/F	    N/A	N/A</p>
<p> 0030 Fri   JPN CONSUMER PRICES  JUN  N/F  PCT     N/A	N/A</p>
<p> 0030 Fri   JPN CONSUMER PRICES  JUN  N/F  PCT     N/A	N/A</p>
<p> 0030 Fri   JPN CPI (NAT'L) Y/Y  JUN  N/F  PCT     N/A	N/A</p>
<p> 0030 Fri   JPN CPI (TOKYO;Y/Y)  JUN  N/F  PCT     N/A	N/A</p>
<p> 0645 Fri   FRA CONSUMER PRICES  JUN  N/F  PCT     N/A	N/A</p>
<p> 0645 Fri   FRA CPI FINAL (Y/Y)  JUN  N/F  PCT     N/A	N/A</p>
<p> 0645 Fri   FRA TRADE BAL. (FF.) MAY  N/F  BLN     N/A	N/A</p>
<p> 0830 Fri   UK  GDP (PREL) Q/Q   Q2   N/F  PCT     N/A	1.6</p>
<p> 0830 Fri   UK  GDP (PREL) Y/Y   Q2   3.2  PCT   2.2/4.1    5.8</p>
<p> 0830 Fri   UK  GDP EX OIL (PREL)Q2   N/F  PCT     N/A	1.0</p>
<p> 0830 Fri   UK  GDP EX OIL Y/Y   Q2   N/F  PCT     N/A	2.9</p>
<p> 1230 Fri   CAN INDUSTRIAL PRICESJUN  N/F  PCT     N/A	N/A</p>
<p> 1230 Fri   CAN RAW MATERIALS    JUN  N/F  PCT     N/A	N/A</p>
<p> 1230 Fri   USA DURABLE GDS ORDRSJUN  N/F  PCT     N/A	N/A</p>
<p> 1230 Fri   USA EX DEFENCE	 JUN  N/F  PCT     N/A	N/A</p>
<p> 1400 Fri   USA EXIST HOME SALES JUN  N/F  MLN     N/A	N/A</p>
<p> N/A  Fr-Mo GER.EXPORT PRI  (Y/Y)JUN  N/F  PCT     N/A	N/A</p>
<p> N/A  Fr-Mo GER.EXPORT PRICES    JUN  N/F  PCT     N/A	N/A</p>
<p> N/A  Fr-Mo GER.IMPORT PRI  (Y/Y)JUN  N/F  PCT     N/A	N/A</p>
<p> N/A  Fr-Mo GER.IMPORT PRICES    JUN  N/F  PCT     N/A	N/A</p>
<p> N/A  Fr-Mo W.G.CST OF LVNG (PRV)JUL  N/F  PCT     N/A	N/A</p>
<p>*ECONOMIC INDICATORS WEEK COMMENCING JULY 28</p>
<p> 0430 Mon   JPN RETAIL SLS (PREL)JUN  N/F  PCT     N/A	N/A</p>
<p> 1215 Mon   CAN HOUSING STARTS (AQ2   N/F  K	 N/A    155.2</p>
<p> 1230 Mon   CAN AVERAGE WKLY EARNMAY  N/F  PCT     N/A	N/A</p>
<p> 1400 Mon   USA HELP WANTED INDX JUN  N/F	    N/A	N/A</p>
<p> 0645 Tue   FRA CONSUMER SPEND   JUN  N/F  PCT     N/A	N/A</p>
<p> 0645 Tue   FRA HOUSING STARTS   JUN  N/F  PCT     N/A	N/A</p>
<p> 0830 Tue   UK  M4 (FINAL) SA    JUN  N/F  PCT     N/A	N/A</p>
<p> 0830 Tue   UK  M4 (FINAL)(Y/Y)  JUN  N/F  PCT     N/A	N/A</p>
<p> 0830 Tue   UK  M4 LENDING (FINALJUN  N/F  BLN     N/A	N/A</p>
<p> 1230 Tue   USA EMPLOY COST INDEXQ2   N/F  PCT     N/A	N/A</p>
<p> 1400 Tue   USA CONSUMER CONF    JUN  N/F	    N/A	N/A</p>
<p> 0030 Wed   JPN JOB RATIO	  JUN  N/F	    N/A	N/A</p>
<p> 0030 Wed   JPN UNEMPLOYMENT SA  JUN  N/F  PCT     N/A	N/A</p>
<p> 0500 Wed   JPN HOUSING STARTS   JUN  N/F  PCT     N/A	N/A</p>
<p> 0630 Wed   JPN INDUST PREL Y/Y  MAY  N/F  PCT     N/A	N/A</p>
<p> 0630 Wed   JPN INDUST PROD PREL MAY  N/F  PCT     N/A	N/A</p>
<p> 1230 Wed   CAN REAL GDP (FACTOR MAY  N/F  PCT     N/A	N/A</p>
<p> 1400 Wed   USA NEW HOME SALES   JUL  N/F  K	 N/A	N/A</p>
<p> 1400 Wed   USA CHICAGO  PMI     JUN  N/F	    N/A     56.8</p>
<p> 1400 Wed   USA MICH SVY(FINAL)  JUL  N/F	    N/A	N/A</p>
<p> 0500 Thu   JPN CONSTRUCT ORDERS JUN  N/F  PCT     N/A	N/A</p>
<p> 0645 Thu   FRA UNEMPLOYMENT     JUN  N/F  K	 N/A	N/A</p>
<p> 0645 Thu   FRA UNEMPLOYMENT     JUN  N/F  PCT     N/A	N/A</p>
<p> 1230 Thu   USA IMPLICIT DEFLATORQ2   N/F  PCT     N/A	N/A</p>
<p> 1230 Thu   USA REAL GDP (ADVANCEQ2   2.7  PCT   2.0/3.4    N/A</p>
<p> 0730 Fri   GER BME/RTR PMI	JUL  N/F	    N/A	N/A</p>
<p> 0730 Fri   JPN FOREIGN RESERVES JUL  N/F  BLN     N/A	N/A</p>
<p> 0830 Fri   UK  CONSUMER CREDIT  JUN  N/F  MLN     N/A	N/A</p>
<p> 0830 Fri   UK  PURCH MGR. INDEX.JUL  N/F  PCT     N/A	N/A</p>
<p> 1100 Fri   CAN EMPLOYMENT GROWTHJUL  N/F  K	 N/A	N/A</p>
<p> 1100 Fri   CAN UNEMPLOYMENT. RATJUL  N/F  PCT     N/A	N/A</p>
<p> 1230 Fri   USA LEAD INDICATORS  JUL  N/F  PCT     N/A	N/A</p>
<p> 1230 Fri   USA PAYROLL EMPLOY   JUL  N/F  K	 N/A	N/A</p>
<p> 1230 Fri   USA PERSONAL INCOME  JUN  N/F  PCT     N/A	N/A</p>
<p> 1230 Fri   USA PERSONAL SPEND   JUN  N/F  PCT     N/A	N/A</p>
<p> 1230 Fri   USA UNEMPLOYMENT     JUL  N/F  PCT     N/A	N/A</p>
<p> 1400 Fri   USA CONSTRUC SPNDG   MAY  N/F  PCT     N/A	N/A</p>
<p> 1400 Fri   USA NAPM		 JUL  N/F	    N/A	N/A</p>
<p> N/A  Fri   USA CARS		 JUL  N/F  MLN     N/A	N/A</p>
<p>*ECONOMIC INDICATORS WEEK COMMENCING AUGUST 4</p>
<p> 0830 Mon   UK  M0 (PROV) SA     JUL  N/F  PCT     N/A	N/A</p>
<p> 0830 Mon   UK  M0 (PROV) Y/Y    JUL  N/F  PCT     N/A	N/A</p>
<p> 0830 Mon   UK  OFFICIAL RSRVS $ JUL  N/F  MLN     N/A	N/A</p>
<p> 0830 Mon   UK  PURCH MGR SRVCS  JUL  N/F  PCT     N/A	N/A</p>
<p> 1215 Mon   CAN INT'L RESERVES   JUL  N/F  BLN     N/A	N/A</p>
<p> 1230 Mon   CAN BUILDING PERMITS JUN  N/F  PCT     N/A	N/A</p>
<p> 0700 Tue   ITA RETAIL SALES (Y/YAPR  N/F  PCT     N/A	N/A</p>
<p> 0800 Tue   ITA CONSUMER PRICES 1JUL  N/F  PCT     N/A	N/A</p>
<p> 0800 Tue   ITA CPI 1995 BASE (Y/JUL  N/F  PCT     N/A	N/A</p>
<p> 0830 Tue   UK  INDUSTRIAL (Y/Y) JUN  N/F  PCT     N/A	N/A</p>
<p> 0830 Tue   UK  INDUSTRIAL PROD  JUN  N/F  PCT     N/A	N/A</p>
<p> 0830 Tue   UK  MANUF. (Y/Y)     JUN  N/F  PCT     N/A	N/A</p>
<p> 0830 Tue   UK  MANUF. OUTPUT    JUN  N/F  PCT     N/A	N/A</p>
<p> 1000 Tue   UK  CBI REGIONAL TRENAUG  N/F	    N/A	N/A</p>
<p> 1400 Tue   USA HOUSING COMPLETIOJUN  N/F  PCT     N/A	N/A</p>
<p> 1230 Wed   USA AVERAGE HRLY EARNJUL  N/F  PCT     N/A	N/A</p>
<p> 1400 Wed   USA FACTORY ORDERS   JUN  N/F  PCT     N/A	N/A</p>
<p> 0830 Thu   UK  CONST'N NEW ORDS JUN  N/F  PCT     N/A	N/A</p>
<p> 0855 Thu   E.G.UNEMPLOYMENT(NSA)JUL  N/F  PCT     N/A	N/A</p>
<p> 0855 Thu   E.G.UNEMPLOYMENT(NSA)JUL  N/F  MLN     N/A	N/A</p>
<p> 0855 Thu   E.G.UNEMPLOYMENT(SA) JUL  N/F  K	 N/A	N/A</p>
<p> 0855 Thu   GER UNEMPLOYMENT(NSA)JUL  N/F  PCT     N/A	N/A</p>
<p> 0855 Thu   GER UNEMPLOYMENT(NSA)JUL  N/F  MLN     N/A	N/A</p>
<p> 0855 Thu   GER UNEMPLOYMENT(SA) JUL  N/F  K	 N/A	N/A</p>
<p> 0855 Thu   W.G.UNEMPLOYMENT(NSA)JUL  N/F  PCT     N/A	N/A</p>
<p> 0855 Thu   W.G.UNEMPLOYMENT(NSA)JUL  N/F  MLN     N/A	N/A</p>
<p> 0855 Thu   W.G.UNEMPLOYMENT(SA) JUL  N/F  K	 N/A	N/A</p>
<p> 2000 Thu   USA CONSUMER CREDIT BJUN  N/F  BLN     N/A	N/A</p>
<p> 0800 Fri   ITA INDUSTRIAL PROD  JUN  N/F  PCT     N/A	N/A</p>
<p> 0800 Fri   ITA INDUSTRIAL (Y/Y) JUN  N/F  PCT     N/A	N/A</p>
<p> 0830 Fri   UK  HOUSING CMPLTNS (JUN  N/F  K	 N/A	N/A</p>
<p> 0830 Fri   UK  HOUSING STARTS (YJUN  N/F  K	 N/A	N/A</p>
<p> 1215 Fri   CAN HOUSING STARTS (AJUL  N/F  K	 N/A	N/A</p>
<p> 1230 Fri   CAN HELP WANTED INDEXJUL  N/F	    N/A	N/A</p>
<p> 1230 Fri   CAN NEW HOUSE PRICE YJUN  N/F  PCT     N/A	N/A</p>
<p> 1400 Fri   USA WHOLESALE TRADE  JUN  N/F  PCT     N/A	N/A</p>
<p>*ECONOMIC INDICATORS WEEK COMMENCING AUGUST 11</p>
<p> 0645 Mon   FRA CONSUMER PRICES  JUL  N/F  PCT     N/A	N/A</p>
<p> 0645 Mon   FRA CPI (PREL Y/Y)   JUL  N/F  PCT     N/A	N/A</p>
<p> 0830 Mon   UK  OUTPUT EX FDT    JUL  N/F  PCT     N/A	N/A</p>
<p> 0830 Mon   UK  OUTPUT X FDT Y/Y JUL  N/F  PCT     N/A	N/A</p>
<p> 0830 Mon   UK  PPI (INPUT) SA   JUL  N/F  PCT     N/A	N/A</p>
<p> 0830 Mon   UK  PPI (INPUT) Y/Y  JUL  N/F  PCT     N/A	N/A</p>
<p> 0830 Mon   UK  PPI (OUTPUT) NSA JUL  N/F  PCT     N/A	N/A</p>
<p> 0830 Mon   UK  PPI (OUTPUT)Y/Y  JUL  N/F  PCT     N/A	N/A</p>
<p> 1230 Mon   CAN MOTOR VEH SALES  JUN  N/F  PCT     N/A	N/A</p>
<p> 1230 Mon   USA PPI EX FOOD/ENERGJUL  N/F  PCT     N/A	N/A</p>
<p> 1230 Mon   USA PRODUCER PRI Y/Y JUL  N/F  PCT     N/A	N/A</p>
<p> 1230 Mon   USA PRODUCER PRICES  JUL  N/F  PCT     N/A	N/A</p>
<p> 0830 Tue   UK  RETAIL PRI (Y/Y) JUL  N/F  PCT     N/A	N/A</p>
<p> 0830 Tue   UK  RETAIL PRICES    JUL  N/F  PCT     N/A	N/A</p>
<p> 0830 Tue   UK  RPI-X	 Y/Y  JUL  N/F  PCT     N/A	N/A</p>
<p> 0830 Tue   UK  RPI-Y	 Y/Y  JUL  N/F  PCT     N/A	N/A</p>
<p> 0830 Wed   UK  AVERAGE EARNINGS JUN  N/F  PCT     N/A	N/A</p>
<p> 0830 Wed   UK  UNEMPLOYMENT     JUL  N/F  K	 N/A	N/A</p>
<p> 0830 Wed   UK  UNEMPLOYMENT     JUL  N/F  PCT     N/A	N/A</p>
<p> 0830 Wed   UK  WAGE COSTS 3MTH/3JUN  N/F  PCT     N/A	N/A</p>
<p> 1430 Wed   USA RETAIL SALES     JUL  N/F  PCT     N/A	N/A</p>
<p> 1430 Wed   USA SALES EX AUTO    JUL  N/F  PCT     N/A	N/A</p>
<p> N/A  Wed   ITA.PRODUCER PRI     JUN  N/F  PCT     N/A	N/A</p>
<p> N/A  Wed   ITA.PRODUCER (Y/Y)   JUN  N/F  PCT     N/A	N/A</p>
<p> 0645 Thu   FRA CURRENT A/C SA FFJUL  N/F  BLN     N/A	N/A</p>
<p> 1230 Thu   USA BUSINESS INVENT  JUN  N/F  PCT     N/A	N/A</p>
<p> 1230 Thu   USA CONSUMER PRICES  JUL  N/F  PCT     N/A	N/A</p>
<p> 1230 Thu   USA CPI (Y/Y)	  JUL  N/F  PCT     N/A	N/A</p>
<p> 1230 Thu   USA CPI EX FOOD/ENRGYJUL  N/F  PCT     N/A	N/A</p>
<p> 1400 Thu   USA REAL EARNINGS    JUL  N/F  PCT     N/A	N/A</p>
<p> 1415 Thu   USA CAPACITY UTIL    JUN  N/F  PCT     N/A	N/A</p>
<p> 1415 Thu   USA INDUSTRIAL PROD  JUN  N/F  PCT     N/A	N/A</p>
<p> 1230 Fri   CAN I-S RATIO	  JUN  N/F  PCT     N/A	N/A</p>
<p> 1230 Fri   CAN MANUF NEW ORDRS  JUN  N/F  PCT     N/A	N/A</p>
<p> 1230 Fri   CAN MANUF SHIPMENTS  JUN  N/F  PCT     N/A	N/A</p>
<p> 1230 Fri   CAN MANUF UNFILLD ORDJUN  N/F  PCT     N/A	N/A</p>
<p> 1230 Fri   USA HOUSING STARTS   JUL  N/F  MLN     N/A	N/A</p>
<p> 1400 Fri   CAN WAGE SETTLEMENTS JUN  N/F  PCT     N/A	N/A</p>
<p> 1400 Fri   USA PHIL. FED SURVEY AUG  N/F	    N/A	N/A</p>
<p>*ECONOMIC INDICATORS WEEK COMMENCING AUGUST 18</p>
<p> 0830 Mon   UK  PSBR		 JUL  N/F  BLN     N/A	N/A</p>
<p> 1230 Mon   CAN RETAIL SALES     JUN  N/F  PCT     N/A	N/A</p>
<p> 1230 Mon   CAN SALES EX AUTO    JUN  N/F  PCT     N/A	N/A</p>
<p> 1400 Mon   USA EXPORT PRICES    JUL  N/F  PCT     N/A	N/A</p>
<p> 1400 Mon   USA IMPORT PRICES    JUL  N/F  PCT     N/A	N/A</p>
<p> 2350 Mon   JPN TRADE BAL(CC;NSA)JUL  N/F	    N/A	N/A</p>
<p> 1230 Tue   CAN MERCH. EXPORTS   JUN  N/F  BLN     N/A	N/A</p>
<p> 1230 Tue   CAN MERCH. IMPORTS   JUN  N/F  BLN     N/A	N/A</p>
<p> 1230 Tue   CAN MERCH. TRADE     JUN  N/F  BLN     N/A	N/A</p>
<p> 0830 Wed   UK  B/S NET MORT APPSJUL  N/F  BLN     N/A	N/A</p>
<p> 0830 Wed   UK  M4     (PROV.)   JUL  N/F  PCT     N/A	N/A</p>
<p> 0830 Wed   UK  M4     (PROV;Y/Y)JUL  N/F  PCT     N/A	N/A</p>
<p> 0830 Wed   UK  M4 LENDING	 JUL  N/F  PCT     N/A	N/A</p>
<p> 0830 Wed   UK  RETAIL SALES SA  JUL  N/F  PCT     N/A	N/A</p>
<p> 0830 Wed   UK  RETAIL SLS (Y/Y) JUL  N/F  PCT     N/A	N/A</p>
<p> 1100 Thu   CAN CONSUMER PRI NSA JUL  N/F  PCT     N/A	N/A</p>
<p> 1100 Thu   CAN CONSUMER PRI SA  JUL  N/F  PCT     N/A	N/A</p>
<p> 1100 Thu   CAN CONSUMER PRI Y/Y JUL  N/F  PCT     N/A	N/A</p>
<p> 1100 Thu   CAN EX FOOD ENRGY Y/YJUL  N/F  PCT     N/A	N/A</p>
<p> 1230 Thu   CAN WHOLESALE TRADE  JUN  N/F  PCT     N/A	N/A</p>
<p> 1230 Thu   USA INT'L TRADE	JUN  N/F  BLN     N/A	N/A</p>
<p> 2000 Thu   USA FED BUDGET	 JUL  N/F  BLN     N/A	N/A</p>
<p> 0830 Fri   UK  MOTOR VHCL PROD  JUL  N/F  PCT     N/A	N/A</p>
<p> 1230 Fri   CAN COMPOSITE INDEX  JUL  N/F  PCT     N/A	N/A</p>
<p>*ECONOMIC INDICATORS WEEK COMMENCING AUGUST 25</p>
<p> 0645 Mon   FRA CONSUMER PRICES  JUL  N/F  PCT     N/A	N/A</p>
<p> 0645 Mon   FRA CPI FINAL (Y/Y)  JUL  N/F  PCT     N/A	N/A</p>
<p> 0645 Mon   FRA HOUSING STARTS   JUL  N/F  PCT     N/A	N/A</p>
<p> 0645 Mon   FRA INDUST PROD	JUN  N/F  PCT     N/A	N/A</p>
<p> 0645 Mon   FRA INDUST PROD (Y/Y)JUN  N/F  PCT     N/A	N/A</p>
<p> 0645 Mon   FRA TRADE BAL. (FF.) JUN  N/F  BLN     N/A	N/A</p>
<p> 1230 Mon   CAN RAW MATERIALS    JUL  N/F  PCT     N/A	N/A</p>
<p> 1400 Mon   USA CONSUMER CONF    JUL  N/F	    N/A	N/A</p>
<p> 0645 Tue   FRA CONSUMER SPEND   JUL  N/F  PCT     N/A	N/A</p>
<p> 1230 Tue   CAN INDUSTRIAL PRICESJUL  N/F  PCT     N/A	N/A</p>
<p> 0830 Wed   UK  HICP (Y/Y)	 JUL  N/F  PCT     N/A	N/A</p>
<p> 0830 Wed   UK  NON-EU TRADE     JUL  N/F  MLN     N/A	N/A</p>
<p> 0830 Wed   UK  TRADE IN GOODS   JUN  N/F  MLN     N/A	N/A</p>
<p> 0830 Wed   UK  TRD IN GDS EX OILJUN  N/F  MLN     N/A	N/A</p>
<p> 1230 Wed   CAN AVERAGE WKLY EARNJUN  N/F  PCT     N/A	N/A</p>
<p> 1400 Wed   USA EXIST HOME SALES JUL  N/F  MLN     N/A	N/A</p>
<p> 1400 Wed   USA HELP WANTED INDX JUL  N/F	    N/A	N/A</p>
<p> 0430 Thu   JPN RETAIL SLS (PREL)JUL  N/F  PCT     N/A	N/A</p>
<p> 0645 Thu   FRA UNEMPLOYMENT     JUL  N/F  K	 N/A	N/A</p>
<p> 0645 Thu   FRA UNEMPLOYMENT     JUL  N/F  PCT     N/A	N/A</p>
<p> 0030 Fri   JPN CONSUMER PRICES  JUL  N/F  PCT     N/A	N/A</p>
<p> 0030 Fri   JPN CONSUMER PRICES  JUL  N/F  PCT     N/A	N/A</p>
<p> 0030 Fri   JPN CPI (NAT'L) Y/Y  JUL  N/F  PCT     N/A	N/A</p>
<p> 0030 Fri   JPN CPI (TOKYO;Y/Y)  JUL  N/F  PCT     N/A	N/A</p>
<p> 0030 Fri   JPN JOB RATIO	  JUL  N/F	    N/A	N/A</p>
<p> 0030 Fri   JPN UNEMPLOYMENT SA  JUL  N/F	    N/A	N/A</p>
<p> 0500 Fri   JPN HOUSING STARTS   JUL  N/F  PCT     N/A	N/A</p>
<p> 0630 Fri   JPN INDUST PREL Y/Y  JUN  N/F  PCT     N/A	N/A</p>
<p> 0630 Fri   JPN INDUST PROD PREL JUN  N/F  PCT     N/A	N/A</p>
<p> 0700 Fri   ITA GDP (Q/Q) PREL   Q2   1.1  PCT   0.3/1.5    N/A</p>
<p> 0700 Fri   ITA GDP (Y/Y) PREL   Q2   N/F  PCT     N/A	N/A</p>
<p> 0830 Fri   UK  M4 (FINAL)	 JUL  N/F  PCT     N/A	N/A</p>
<p> 0830 Fri   UK  M4 (FINAL)(Y/Y)  JUL  N/F  PCT     N/A	N/A</p>
<p> 1230 Fri   CAN CURRENT ACCOUNT  Q2  -0.5  BLN  -4.7/6.0   -1.2</p>
<p> 1230 Fri   CAN GDP DEFLATOR     Q2   N/F  PCT     N/A	0.4</p>
<p> 1230 Fri   CAN REAL GDP	   Q2   3.7  PCT   0.9/5.2    0.8</p>
<p> 1230 Fri   CAN REAL GDP (FACTOR JUN  N/F  PCT     N/A	N/A</p>
<p> 1230 Fri   USA DURABLE GDS ORDRSJUL  N/F  PCT     N/A	N/A</p>
<p> 1230 Fri   USA EX DEFENCE	 JUL  N/F  PCT     N/A	N/A</p>
<p> 1400 Fri   USA NEW HOME SALES   AUG  N/F  K	 N/A	N/A</p>
<p> 1400 Fri   USA MICH SVY(FINAL)  AUG  N/F	    N/A	N/A</p>
<p> 1400 Fri   USA CHICAGO  PMI     JUL  N/F	    N/A     56.8</p>
<p>** Danielle Gann London newsroom +44 171 542 6425 **</p>
</text>
<copyright>(c) Reuters Limited 1997</copyright>
<metadata>
<codes class="bip:countries:1.0">
  <code code="CANA">
    <editdetail action="confirmed" attribution="Reuters BIP Coding Group" date="1997-06-20"/>
  </code>
  <code code="FRA">
    <editdetail action="confirmed" attribution="Reuters BIP Coding Group" date="1997-06-20"/>
  </code>
  <code code="GFR">
    <editdetail action="confirmed" attribution="Reuters BIP Coding Group" date="1997-06-20"/>
  </code>
  <code code="ITALY">
    <editdetail action="confirmed" attribution="Reuters BIP Coding Group" date="1997-06-20"/>
  </code>
  <code code="JAP">
    <editdetail action="confirmed" attribution="Reuters BIP Coding Group" date="1997-06-20"/>
  </code>
  <code code="UK">
    <editdetail action="confirmed" attribution="Reuters BIP Coding Group" date="1997-06-20"/>
  </code>
  <code code="USA">
    <editdetail action="confirmed" attribution="Reuters BIP Coding Group" date="1997-06-20"/>
  </code>
</codes>
<codes class="bip:topics:1.0">
  <code code="E71">
    <editdetail action="confirmed" attribution="Reuters BIP Coding Group" date="1997-06-20"/>
  </code>
  <code code="ECAT">
    <editdetail action="confirmed" attribution="Reuters BIP Coding Group" date="1997-06-20"/>
  </code>
</codes>
<dc element="dc.publisher" value="Reuters Holdings Plc"/>
<dc element="dc.date.published" value="1997-06-20"/>
<dc element="dc.source" value="Reuters"/>
<dc element="dc.creator.location.country.name" value="UK"/>
<dc element="dc.source" value="Reuters"/>
</metadata>
</newsitem>
