<?xml version="1.0" encoding="ISO-8859-1" standalone="no"?>
<newsitem date="1997-06-20" id="root" itemid="675800" xml:lang="en">
<title>ALBANIA: PRESS DIGEST - Albania - June 20.</title>
<headline>PRESS DIGEST - Albania - June 20.</headline>
<dateline>TIRANA 1997-06-20</dateline>
<text>
<p>These are the leading stories in the Albanian press on Friday. Reuters has not verified these stories and does not vouch for their accuracy.</p>
<p>KOHA JONE</p>
<p>- An editorial says that anti-Berisha feeling in south Albania shows his Democratic Party will be overwhelmingly defeated in the June 29 elections.</p>
<p>- More than 6,000 Albanians are drug addicts, paper says.</p>
<p>- Democratic Party senior member Azem Hajdari called on Prime Minister Bashkim Fino to disband so-called committees of public salvation in south Albania.</p>
<p>- Greek consulate in southernmost town of Gjirokaster decided to stop issuing visas due to lawlessness and violence.</p>
<p>- Greek soldiers, part of Alba multinational force, shot and killed an Albanian man in a fight after he tried to sell them drugs.</p>
<p>- Government issued a draft decree on transparency of pyramid investment schemes which should be signed by President Sali Berisha.</p>
<p>GAZETA SHQIPTARE</p>
<p>- The United Nations Security Council has voted to extend the mandate of a multinational protection force in Albania till August.</p>
<p>- The Democratic Party has accused the Socialist Party of organising bandits and former security officers in order to shrink the electoral geography of the Democrats.</p>
<p>- The national unity government has approved a draft law for the auditing of collapsed pyramid schemes but, contrary to the expectations of the President Sali Berisha, it has not charged the Finance Minister with carrying it out.</p>
<p>- Socialist Party chairman Fatos Nano said the party would opt for cohabitation with the opposition if they came to power after the June 29 elections.</p>
<p>ALBANIA</p>
<p>- Romanian soldiers serving in the international force in the southern Albanian town of Gjirokaster have, in two separate incidents, rescued a team of OSCE election observers and prevented an attack on an aid convoy.</p>
<p>- Democratic Party branches in south have been threatened by leftist extremists saying they must not hold electoral rallies.</p>
<p>- European Union agreed with OCSE that early elections should be held on June 29.</p>
<p>RILINDJA DEMOKRATIKE</p>
<p>- The Democratic Party has accused its rival Socialists of launching a campaign of terror against Democrats in the districts, and charged the Socialists with wanting to fill the new parliament with criminals.</p>
<p>ZERI I POPULLIT</p>
<p>- Socialist Party leader Fatos Nano told a crowd of supporters that the Socialists were prepared to rule in coalition with other leftist and centrist parties after elections.</p>
<p>- All Albanians are united from south to north, this is Socialist Party electoral message.</p>
</text>
<copyright>(c) Reuters Limited 1997</copyright>
<metadata>
<codes class="bip:countries:1.0">
  <code code="ALB">
    <editdetail action="confirmed" attribution="Reuters BIP Coding Group" date="1997-06-20"/>
  </code>
</codes>
<codes class="bip:topics:1.0">
  <code code="GCAT">
    <editdetail action="confirmed" attribution="Reuters BIP Coding Group" date="1997-06-20"/>
  </code>
</codes>
<dc element="dc.date.created" value="1997-06-20"/>
<dc element="dc.publisher" value="Reuters Holdings Plc"/>
<dc element="dc.date.published" value="1997-06-20"/>
<dc element="dc.source" value="Reuters"/>
<dc element="dc.creator.location" value="TIRANA"/>
<dc element="dc.creator.location.country.name" value="ALBANIA"/>
<dc element="dc.source" value="Reuters"/>
</metadata>
</newsitem>
