<?xml version="1.0" encoding="ISO-8859-1" standalone="no"?>
<newsitem date="1997-06-20" id="root" itemid="676975" xml:lang="en">
<title>USA: BALANCE -- San Diego County, at $4 mln.</title>
<headline>BALANCE -- San Diego County, at $4 mln.</headline>
<text>
<p>CARLSBAD UNIFIED SCHOOL DISTRICT, CARLSBAD</p>
<p>RE: $11,455,000</p>
<p>SAN DIEGO COUNTY, CALIFORNIA</p>
<p>1997 CERTIFICATES OF PARTICIPATION</p>
<p>MOODY'S: Aaa		   S&amp;P: AAA		   FITCH: AAA</p>
<p>	  (MBIA)		     (MBIA)			 (MBIA)</p>
<p>Delivery Date: 06/26/1997</p>
<p>MBIA INSURED</p>
<p>Maturity	   Balance     Coupon    List</p>
<p>06/01/2017	     755M    5.30	  5.45</p>
<p>06/01/2022	   3,390M    5.30	  5.50</p>
<p>CALL FEATURES: 06/01/2006    102.00</p>
<p>		   DTP 06/01/2008</p>
<p>  Total:	     4,145M</p>
<p>Merrill Lynch &amp; Co.</p>
<p>--U.S. Municipal Desk, 212-859-1650</p>
</text>
<copyright>(c) Reuters Limited 1997</copyright>
<metadata>
<codes class="bip:countries:1.0">
  <code code="USA">
    <editdetail action="confirmed" attribution="Reuters BIP Coding Group" date="1997-06-20"/>
  </code>
</codes>
<codes class="bip:topics:1.0">
  <code code="E21">
    <editdetail action="confirmed" attribution="Reuters BIP Coding Group" date="1997-06-20"/>
  </code>
  <code code="E212">
    <editdetail action="confirmed" attribution="Reuters BIP Coding Group" date="1997-06-20"/>
  </code>
  <code code="ECAT">
    <editdetail action="confirmed" attribution="Reuters BIP Coding Group" date="1997-06-20"/>
  </code>
</codes>
<dc element="dc.publisher" value="Reuters Holdings Plc"/>
<dc element="dc.date.published" value="1997-06-20"/>
<dc element="dc.source" value="Reuters"/>
<dc element="dc.creator.location.country.name" value="USA"/>
<dc element="dc.source" value="Reuters"/>
</metadata>
</newsitem>
