<?xml version="1.0" encoding="ISO-8859-1" standalone="no"?>
<newsitem date="1997-06-20" id="root" itemid="675912" xml:lang="en">
<title>CHILE: Soquimich offers land for copper exploration.</title>
<headline>Soquimich offers land for copper exploration.</headline>
<dateline>SANTIAGO 1997-06-20</dateline>
<text>
<p>Chilean nitrate and iodine maker Sociedad Quimica y Minera de Chile SA, or Soquimich, will lease about 900,000 hectares of land in northern Chile this year for copper and gold prospecting, its general manager said.</p>
<p>Soquimich plans to lease the land probably in October and develop mining associations with metallic mining companies, general manager Patricio Contesse said.</p>
<p>"We're going to call for bids from the main mining companies operating in Chile in August and the awarding (of contracts) will probably be in October," he said.</p>
<p>Soquimich, the world's largest iodine maker and a top producer of fertilizer and lithium, will keep a further 400,000 hectares of land in northern Chile for itself to explore for metals independently.</p>
<p>The company expects to invest between $5 million and $6 million in exploration in the area, he said.</p>
<p>((--Paulina Modiano, Santiago newsroom +56-2-699-5595 x211))</p>
</text>
<copyright>(c) Reuters Limited 1997</copyright>
<metadata>
<codes class="bip:countries:1.0">
  <code code="CHIL">
    <editdetail action="confirmed" attribution="Reuters BIP Coding Group" date="1997-06-20"/>
  </code>
</codes>
<codes class="bip:industries:1.0">
  <code code="I25000">
    <editdetail action="confirmed" attribution="Reuters BIP Coding Group" date="1997-06-20"/>
  </code>
</codes>
<codes class="bip:topics:1.0">
  <code code="C11">
    <editdetail action="confirmed" attribution="Reuters BIP Coding Group" date="1997-06-20"/>
  </code>
  <code code="C24">
    <editdetail action="confirmed" attribution="Reuters BIP Coding Group" date="1997-06-20"/>
  </code>
  <code code="CCAT">
    <editdetail action="confirmed" attribution="Reuters BIP Coding Group" date="1997-06-20"/>
  </code>
</codes>
<dc element="dc.date.created" value="1997-06-20"/>
<dc element="dc.publisher" value="Reuters Holdings Plc"/>
<dc element="dc.date.published" value="1997-06-20"/>
<dc element="dc.source" value="Reuters"/>
<dc element="dc.creator.location" value="SANTIAGO"/>
<dc element="dc.creator.location.country.name" value="CHILE"/>
<dc element="dc.source" value="Reuters"/>
</metadata>
</newsitem>
