<?xml version="1.0" encoding="ISO-8859-1" standalone="no"?>
<newsitem date="1997-06-20" id="root" itemid="675505" xml:lang="en">
<title>UK: Thomas Potts reviewing terms of Coalite bid.</title>
<headline>Thomas Potts reviewing terms of Coalite bid.</headline>
<dateline>LONDON 1997-06-20</dateline>
<text>
<p>Britain's Thomas Potts Plc said on Friday that it has been notified of information that might have an impact on the terms of its purchase of smokeless fuels manufacturer Coalite Products Ltd from Anglo United Plc.</p>
<p>"The directors are currently taking steps to review this information," said the company in a statement.</p>
<p>Thomas Potts said it would be adjourning a meeting of shareholders set for June 24 to vote on the acquisition as it is unlikely to be in a position to comment on the review before this date.</p>
<p>It announced in May that it was buying Coalite for 24.3 million stg and was planning a placing and open offer to finance the purchase.</p>
<p>--London Newsroom +44 171 542 4019</p>
</text>
<copyright>(c) Reuters Limited 1997</copyright>
<metadata>
<codes class="bip:countries:1.0">
  <code code="UK">
    <editdetail action="confirmed" attribution="Reuters BIP Coding Group" date="1997-06-20"/>
  </code>
</codes>
<codes class="bip:industries:1.0">
  <code code="I47500">
    <editdetail action="confirmed" attribution="Reuters BIP Coding Group" date="1997-06-20"/>
  </code>
  <code code="I61000">
    <editdetail action="confirmed" attribution="Reuters BIP Coding Group" date="1997-06-20"/>
  </code>
</codes>
<codes class="bip:topics:1.0">
  <code code="C18">
    <editdetail action="confirmed" attribution="Reuters BIP Coding Group" date="1997-06-20"/>
  </code>
  <code code="C181">
    <editdetail action="confirmed" attribution="Reuters BIP Coding Group" date="1997-06-20"/>
  </code>
  <code code="CCAT">
    <editdetail action="confirmed" attribution="Reuters BIP Coding Group" date="1997-06-20"/>
  </code>
</codes>
<dc element="dc.date.created" value="1997-06-20"/>
<dc element="dc.publisher" value="Reuters Holdings Plc"/>
<dc element="dc.date.published" value="1997-06-20"/>
<dc element="dc.source" value="Reuters"/>
<dc element="dc.creator.location" value="LONDON"/>
<dc element="dc.creator.location.country.name" value="UK"/>
<dc element="dc.source" value="Reuters"/>
</metadata>
</newsitem>
