<?xml version="1.0" encoding="ISO-8859-1" standalone="no"?>
<newsitem date="1997-06-20" id="root" itemid="676197" xml:lang="en">
<title>USA: U.S. Justice Department tobacco probe to go ahead.</title>
<headline>U.S. Justice Department tobacco probe to go ahead.</headline>
<dateline>WASHINGTON 1997-06-20</dateline>
<text>
<p>Justice Department officials said on Friday their broad investigation of major cigarette companies would proceed, largely unaffected by the historic agreement between the tobacco industry and state negotiators.</p>
<p>They said the wide-ranging criminal probe would go forward despite the tentative settlement that requires tobacco firms to pay $368.5 billion over 25 years to compensate the states and smokers, and to submit to tough new government regulation.</p>
<p>"What happens in that settlement is not binding on us," one official said. Other sources said participants made clear to the tobacco firms in the first negotiating sessions that the Justice Department would not participate in any agreement.</p>
<p>Justice Department prosecutors from the fraud section, assisted by FBI agents, have been investigating allegations the tobacco industry and its top executives withheld information and lied to Congress and federal agencies.</p>
<p>The officials emphasised that any decision on bringing criminal charges would not be influenced by the settlement, which still must be approved by the White House and Congress. "The charges are there or they aren't. That is the only thing we are concerned with," one official said.</p>
<p>The investigation is specifically examining allegations the heads of the major cigarette companies committed perjury when they testified before Congress in 1994 that nicotine was not addictive.</p>
<p>There are also a number of other tobacco-related probes by the Justice Department, including one in New York probing the industry for securities fraud. A grand jury is considering whether tobacco companies deceived shareholders about what they knew about the health risks of smoking.</p>
<p>The officials declined to predict when indictments might be returned, saying they were unaware of any timetable. But other sources closely following the investigation said there may be charges later this year.</p>
<p>The Justice Department already is reviewing the internal documents from Liggett Group Inc., which agreed to make them available as part of an earlier settlement with the state attorney generals.</p>
<p>The officials said the Justice Department will be waiting to see if more documents from other companies become available as part of the settlement.</p>
</text>
<copyright>(c) Reuters Limited 1997</copyright>
<metadata>
<codes class="bip:countries:1.0">
  <code code="USA">
    <editdetail action="confirmed" attribution="Reuters BIP Coding Group" date="1997-06-20"/>
  </code>
</codes>
<codes class="bip:industries:1.0">
  <code code="I42900">
    <editdetail action="confirmed" attribution="Reuters BIP Coding Group" date="1997-06-20"/>
  </code>
  <code code="I83960">
    <editdetail action="confirmed" attribution="Reuters BIP Coding Group" date="1997-06-20"/>
  </code>
</codes>
<codes class="bip:topics:1.0">
  <code code="C12">
    <editdetail action="confirmed" attribution="Reuters BIP Coding Group" date="1997-06-20"/>
  </code>
  <code code="CCAT">
    <editdetail action="confirmed" attribution="Reuters BIP Coding Group" date="1997-06-20"/>
  </code>
  <code code="GCAT">
    <editdetail action="confirmed" attribution="Reuters BIP Coding Group" date="1997-06-20"/>
  </code>
  <code code="GCRIM">
    <editdetail action="confirmed" attribution="Reuters BIP Coding Group" date="1997-06-20"/>
  </code>
  <code code="GHEA">
    <editdetail action="confirmed" attribution="Reuters BIP Coding Group" date="1997-06-20"/>
  </code>
</codes>
<dc element="dc.date.created" value="1997-06-20"/>
<dc element="dc.publisher" value="Reuters Holdings Plc"/>
<dc element="dc.date.published" value="1997-06-20"/>
<dc element="dc.source" value="Reuters"/>
<dc element="dc.creator.location" value="WASHINGTON"/>
<dc element="dc.creator.location.country.name" value="USA"/>
<dc element="dc.source" value="Reuters"/>
</metadata>
</newsitem>
