<?xml version="1.0" encoding="ISO-8859-1" standalone="no"?>
<newsitem date="1997-06-20" id="root" itemid="676015" xml:lang="en">
<title>HONG KONG: Nikko maintains Shanghai Industrial buy.</title>
<headline>Nikko maintains Shanghai Industrial buy.</headline>
<dateline>HONG KONG 1997-06-20</dateline>
<text>
<p>Nikko Research said on Friday that it maintains its "buy" recommendation for Shanghai Industrial Holdings.</p>
<p>Nikko based its recommendation on several factors.</p>
<p>Shanghai Industrial has substantial investments planned for the second half of 1997, Nikko said. The company plans to borrow US$300 to US$350 million in syndicated loans in late June and this, together with strong operating cash flow, will leave the company in a strong net cash position.</p>
<p>Nikko also said that since Shanghai Industrial recently issued a convertible bond, it is unlikely to sell shares.</p>
<p>Nikko said it has set a six-month target price of HK$50 based on the assumption that Shanghai Industrial will make HK$4 billion worth of investments in the second half.</p>
<p>Shanghai Industrial rose HK$2.30 to HK$44.50 on Friday.</p>
<p>-- Hong Kong Newsroom (8520 2843-6371</p>
</text>
<copyright>(c) Reuters Limited 1997</copyright>
<metadata>
<codes class="bip:countries:1.0">
  <code code="CHINA">
    <editdetail action="confirmed" attribution="Reuters BIP Coding Group" date="1997-06-20"/>
  </code>
</codes>
<codes class="bip:industries:1.0">
  <code code="I25700">
    <editdetail action="confirmed" attribution="Reuters BIP Coding Group" date="1997-06-20"/>
  </code>
</codes>
<codes class="bip:topics:1.0">
  <code code="C15">
    <editdetail action="confirmed" attribution="Reuters BIP Coding Group" date="1997-06-20"/>
  </code>
  <code code="C152">
    <editdetail action="confirmed" attribution="Reuters BIP Coding Group" date="1997-06-20"/>
  </code>
  <code code="CCAT">
    <editdetail action="confirmed" attribution="Reuters BIP Coding Group" date="1997-06-20"/>
  </code>
</codes>
<dc element="dc.date.created" value="1997-06-20"/>
<dc element="dc.publisher" value="Reuters Holdings Plc"/>
<dc element="dc.date.published" value="1997-06-20"/>
<dc element="dc.source" value="Reuters"/>
<dc element="dc.creator.location" value="HONG KONG"/>
<dc element="dc.creator.location.country.name" value="HONG KONG"/>
<dc element="dc.source" value="Reuters"/>
</metadata>
</newsitem>
