<?xml version="1.0" encoding="ISO-8859-1" standalone="no"?>
<newsitem date="1997-06-20" id="root" itemid="675775" xml:lang="en">
<title>LATVIA: World Bank says Latvia reform progress good.</title>
<headline>World Bank says Latvia reform progress good.</headline>
<dateline>RIGA 1997-06-20</dateline>
<text>
<p>A World Bank mission to Latvia said on Friday that it was satisfied with the country's progress in bringing sustainable economic growth.</p>
<p>The mission has been examining Latvia's performance under the terms of a $60 million structural adjustment loan.</p>
<p>"Latvia has been successful in stabilising its economy and the progress in the structural reform area has been good," World Bank economist and head of the mission, Mansour Farsad, told a news conference.</p>
<p>"Latvia is beginning to show signs of growth, with its GDP projected to increase to four percent in 1997," he added.</p>
<p>But he said that reforms of the state administration and education financing were among the areas where progress was slow but the first steps have already been made.</p>
<p>He said the aim of the structural adjustment loan was to maintain sustainable growth.</p>
<p>The government of Prime Minister Andris Shkele has economic reform among its top priorities. It plans to complete privatisation by mid-1998 and is trying to implement fiscal austerity with balanced budgets this year and next.</p>
<p>Farsad said the World Bank was satisfied with the reduction in energy payment arrears to Latvenergo and Latvian gas.</p>
<p>"Payment of (utility) bills is close to international norms now," Farsad said.</p>
<p>Arrears have been reduced from 200 days a year ago to 30 days for Latvenergo, the electricity firm, and 40 days for gas monopoly Latvian Gas.</p>
<p>"The planned merging of the social insurance fund and the state revenue service, due by the end of the year, will also reduce the amount of overdue payment," Farsad said.</p>
<p>Farsad said the mission was satisfied with the management of state resources and health sector reform, currently in a first stage.</p>
<p>-- Martinsh Gravitis, Riga newsroom, +371 721 5240</p>
</text>
<copyright>(c) Reuters Limited 1997</copyright>
<metadata>
<codes class="bip:countries:1.0">
  <code code="LATV">
    <editdetail action="confirmed" attribution="Reuters BIP Coding Group" date="1997-06-20"/>
  </code>
</codes>
<codes class="bip:topics:1.0">
  <code code="E11">
    <editdetail action="confirmed" attribution="Reuters BIP Coding Group" date="1997-06-20"/>
  </code>
  <code code="ECAT">
    <editdetail action="confirmed" attribution="Reuters BIP Coding Group" date="1997-06-20"/>
  </code>
</codes>
<dc element="dc.date.created" value="1997-06-20"/>
<dc element="dc.publisher" value="Reuters Holdings Plc"/>
<dc element="dc.date.published" value="1997-06-20"/>
<dc element="dc.source" value="Reuters"/>
<dc element="dc.creator.location" value="RIGA"/>
<dc element="dc.creator.location.country.name" value="LATVIA"/>
<dc element="dc.source" value="Reuters"/>
</metadata>
</newsitem>
