<?xml version="1.0" encoding="ISO-8859-1" standalone="no"?>
<newsitem date="1997-06-20" id="root" itemid="676522" xml:lang="en">
<title>INDIA: Delhi stocks higher at mid-session.</title>
<headline>Delhi stocks higher at mid-session.</headline>
<dateline>NEW DELHI 1997-06-20</dateline>
<text>
<p>Persistent buying by foreign institutions and domestic investors on news that Reliance Industries will consider a bonus issue pushed stocks in Delhi higher in afternoon trade on Friday, brokers said.</p>
<p>At 12:45 p.m. (O715 GMT) the Delhi Stock Exchange Benchmark Index was up 13.44 points at 874.55.  </p>
<p>"The market has turned distinctly firm as bull operators have been tightening their grip, even on the last day of the current settlement," said B.B. Nagpal of stock brokers B.B. Portfolio.</p>
<p>Reliance climbed 15.50 rupees, or nearly five percent, to 357.</p>
<p>State Bank of India gained seven rupees to 330.60.</p>
<p>TISCO rose one rupee to 197.</p>
<p>Associated Cement Companies Ltd climbed 34.50 rupees to 1,236.</p>
<p>Hindustan Lever Ltd gained three rupees to 1,368.</p>
<p>ITC Ltd rose two rupees to 506.</p>
<p>-- New Delhi newsroom +91 11 301 2024</p>
</text>
<copyright>(c) Reuters Limited 1997</copyright>
<metadata>
<codes class="bip:countries:1.0">
  <code code="INDIA">
    <editdetail action="confirmed" attribution="Reuters BIP Coding Group" date="1997-06-20"/>
  </code>
</codes>
<codes class="bip:topics:1.0">
  <code code="M11">
    <editdetail action="confirmed" attribution="Reuters BIP Coding Group" date="1997-06-20"/>
  </code>
  <code code="MCAT">
    <editdetail action="confirmed" attribution="Reuters BIP Coding Group" date="1997-06-20"/>
  </code>
</codes>
<dc element="dc.date.created" value="1997-06-20"/>
<dc element="dc.publisher" value="Reuters Holdings Plc"/>
<dc element="dc.date.published" value="1997-06-20"/>
<dc element="dc.source" value="Reuters"/>
<dc element="dc.creator.location" value="NEW DELHI"/>
<dc element="dc.creator.location.country.name" value="INDIA"/>
<dc element="dc.source" value="Reuters"/>
</metadata>
</newsitem>
