<?xml version="1.0" encoding="ISO-8859-1" standalone="no"?>
<newsitem date="1997-06-20" id="root" itemid="676434" xml:lang="en">
<title>DENMARK: Printed press dominates European media awards.</title>
<headline>Printed press dominates European media awards.</headline>
<dateline>COPENHAGEN 1997-06-20</dateline>
<text>
<p>Media organisations from Belgium, Britain, Germany, Netherlands and the United States won the annual Prix Stendhal press and television awards here on Friday for excellence in reporting of European issues.</p>
<p>The five winners, chosen by a jury of prominent European academics, officials and business and media leaders were;</p>
<p>-The British Broadcasting Corporation (BBC) for television documentaries.</p>
<p>-Business Week International, the European edition of the U.S. magazine, for reporting on welfare issues in European society.</p>
<p>-Rotterdams Dagblad, of the Netherlands, for European economic coverage.</p>
<p>-Maerkische Allgemeine of Potsdam, Germany, for regional European reporting.</p>
<p>-Coup d'oeil of Namur, Belgium, in the category of publications for young people.</p>
<p>The Stendhal prizes, established in 1990, are organised by the Geneva-based Adelphi Foundation with the backing of the European Commission and the European Parliament.</p>
<p>The awards were presented by Lord McGregor of Durris, chairman of the Reuters Founders Share Company, the Trustees of the international news group.</p>
<p>The prizes, awarded to individual journalists from the winning organisations, include media internships and two journalistic fellowships at Britain's Oxford University offered by the Reuter Foundation, Reuters' educational trust.</p>
</text>
<copyright>(c) Reuters Limited 1997</copyright>
<metadata>
<codes class="bip:countries:1.0">
  <code code="BELG">
    <editdetail action="confirmed" attribution="Reuters BIP Coding Group" date="1997-06-20"/>
  </code>
  <code code="DEN">
    <editdetail action="confirmed" attribution="Reuters BIP Coding Group" date="1997-06-20"/>
  </code>
  <code code="GFR">
    <editdetail action="confirmed" attribution="Reuters BIP Coding Group" date="1997-06-20"/>
  </code>
  <code code="NETH">
    <editdetail action="confirmed" attribution="Reuters BIP Coding Group" date="1997-06-20"/>
  </code>
  <code code="UK">
    <editdetail action="confirmed" attribution="Reuters BIP Coding Group" date="1997-06-20"/>
  </code>
  <code code="USA">
    <editdetail action="confirmed" attribution="Reuters BIP Coding Group" date="1997-06-20"/>
  </code>
</codes>
<codes class="bip:industries:1.0">
  <code code="I47500">
    <editdetail action="confirmed" attribution="Reuters BIP Coding Group" date="1997-06-20"/>
  </code>
  <code code="I47510">
    <editdetail action="confirmed" attribution="Reuters BIP Coding Group" date="1997-06-20"/>
  </code>
  <code code="I47520">
    <editdetail action="confirmed" attribution="Reuters BIP Coding Group" date="1997-06-20"/>
  </code>
</codes>
<codes class="bip:topics:1.0">
  <code code="C32">
    <editdetail action="confirmed" attribution="Reuters BIP Coding Group" date="1997-06-20"/>
  </code>
  <code code="CCAT">
    <editdetail action="confirmed" attribution="Reuters BIP Coding Group" date="1997-06-20"/>
  </code>
</codes>
<dc element="dc.date.created" value="1997-06-20"/>
<dc element="dc.publisher" value="Reuters Holdings Plc"/>
<dc element="dc.date.published" value="1997-06-20"/>
<dc element="dc.source" value="Reuters"/>
<dc element="dc.creator.location" value="COPENHAGEN"/>
<dc element="dc.creator.location.country.name" value="DENMARK"/>
<dc element="dc.source" value="Reuters"/>
</metadata>
</newsitem>
