<?xml version="1.0" encoding="ISO-8859-1" standalone="no"?>
<newsitem date="1997-06-20" id="root" itemid="675892" xml:lang="en">
<title>PANAMA: Panama Q1 exports jump 10.1 pct $142.6 mln.</title>
<headline>Panama Q1 exports jump 10.1 pct $142.6 mln.</headline>
<dateline>PANAMA CITY 1997-06-20</dateline>
<text>
<p>Panamanian exports grew 10.1 percent to $142.6 million in the first quarter of 1997, compared to $129.6 million during the same period last year, the comptroller general's office said Friday.</p>
<p>"In general, the economic indicators for the first quarter period of 1997, compared with the same period 1996, present an improved performance," the comptroller general's office said in a notice published in local papers.</p>
<p>Bananas accounted for almost a third of total exports at $44.2 million over the first quarter, up from $43.5 million last year.</p>
<p>The press notice also said that permits for construction showed a strong 24.6 percent first quarter jump, with the expected value of construction rising to $96.1 million compared to $77.1 million in the same period last year.</p>
<p>((-- Paul de Bendern, Panama City newsroom 507 223 7739))</p>
</text>
<copyright>(c) Reuters Limited 1997</copyright>
<metadata>
<codes class="bip:countries:1.0">
  <code code="PANA">
    <editdetail action="confirmed" attribution="Reuters BIP Coding Group" date="1997-06-20"/>
  </code>
</codes>
<codes class="bip:topics:1.0">
  <code code="E51">
    <editdetail action="confirmed" attribution="Reuters BIP Coding Group" date="1997-06-20"/>
  </code>
  <code code="E512">
    <editdetail action="confirmed" attribution="Reuters BIP Coding Group" date="1997-06-20"/>
  </code>
  <code code="ECAT">
    <editdetail action="confirmed" attribution="Reuters BIP Coding Group" date="1997-06-20"/>
  </code>
</codes>
<dc element="dc.date.created" value="1997-06-20"/>
<dc element="dc.publisher" value="Reuters Holdings Plc"/>
<dc element="dc.date.published" value="1997-06-20"/>
<dc element="dc.source" value="Reuters"/>
<dc element="dc.creator.location" value="PANAMA CITY"/>
<dc element="dc.creator.location.country.name" value="PANAMA"/>
<dc element="dc.source" value="Reuters"/>
</metadata>
</newsitem>
