<?xml version="1.0" encoding="ISO-8859-1" standalone="no"?>
<newsitem date="1997-06-20" id="root" itemid="676340" xml:lang="en">
<title>USA: Muni dealers traded $1.87 bln bonds Thursday-MSRB.</title>
<headline>Muni dealers traded $1.87 bln bonds Thursday-MSRB.</headline>
<dateline>NEW YORK 1997-06-20</dateline>
<text>
<p>Municipal bond dealers traded $1.87 billion of bonds Thursday on 4,193 trades, the Municipal Securities Rulemaking Board said.</p>
<p>A total of 2,495 individual issues changed hands, with 96 of those trading four or more times, MSRB said, citing figures from an automated clearance system of interdealer trades.</p>
<p>--U.S. Municipal Desk, 212-859-1650</p>
</text>
<copyright>(c) Reuters Limited 1997</copyright>
<metadata>
<codes class="bip:countries:1.0">
  <code code="USA">
    <editdetail action="confirmed" attribution="Reuters BIP Coding Group" date="1997-06-20"/>
  </code>
</codes>
<codes class="bip:topics:1.0">
  <code code="M12">
    <editdetail action="confirmed" attribution="Reuters BIP Coding Group" date="1997-06-20"/>
  </code>
  <code code="MCAT">
    <editdetail action="confirmed" attribution="Reuters BIP Coding Group" date="1997-06-20"/>
  </code>
</codes>
<dc element="dc.date.created" value="1997-06-20"/>
<dc element="dc.publisher" value="Reuters Holdings Plc"/>
<dc element="dc.date.published" value="1997-06-20"/>
<dc element="dc.source" value="Reuters"/>
<dc element="dc.creator.location" value="NEW YORK"/>
<dc element="dc.creator.location.country.name" value="USA"/>
<dc element="dc.source" value="Reuters"/>
</metadata>
</newsitem>
