<?xml version="1.0" encoding="ISO-8859-1" standalone="no"?>
<newsitem date="1997-06-20" id="root" itemid="677238" xml:lang="en">
<title>SPAIN: Iberdrola still interested in EDP strategic deal.</title>
<headline>Iberdrola still interested in EDP strategic deal.</headline>
<dateline>MADRID 1997-06-20</dateline>
<text>
<p>Spanish electricity firm Iberdrola is still interested in a strategic deal with Portugal's EDP, although this would not necessarily require Iberdrola buying a stake, a spokesman told Reuters on Friday.  </p>
<p>"Iberdrola is still fully interested in establishing a strategic agreement with EDP, which would not have to include taking a stake," the spokesman said.</p>
<p>"In parallel with our official offer in the privatisation talks were opened to reach a substantial agreement, in which the extent of the collaboration will be established," he added.  </p>
<p>Iberdrola and rival Endesa were interested in taking a stake in the Portuguese firm at its privatisation, although they are unlikely to have received any shares, according to press reports.</p>
<p>The Portuguese state sold 30 percent of EDP to private and institutional investors in a sale which finished on Monday, although no single investor received more than one percent.</p>
<p>-- Madrid newsroom +341 585 2160</p>
</text>
<copyright>(c) Reuters Limited 1997</copyright>
<metadata>
<codes class="bip:countries:1.0">
  <code code="PORL">
    <editdetail action="confirmed" attribution="Reuters BIP Coding Group" date="1997-06-20"/>
  </code>
  <code code="SPAIN">
    <editdetail action="confirmed" attribution="Reuters BIP Coding Group" date="1997-06-20"/>
  </code>
</codes>
<codes class="bip:industries:1.0">
  <code code="I16100">
    <editdetail action="confirmed" attribution="Reuters BIP Coding Group" date="1997-06-20"/>
  </code>
</codes>
<codes class="bip:topics:1.0">
  <code code="C18">
    <editdetail action="confirmed" attribution="Reuters BIP Coding Group" date="1997-06-20"/>
  </code>
  <code code="C181">
    <editdetail action="confirmed" attribution="Reuters BIP Coding Group" date="1997-06-20"/>
  </code>
  <code code="C183">
    <editdetail action="confirmed" attribution="Reuters BIP Coding Group" date="1997-06-20"/>
  </code>
  <code code="CCAT">
    <editdetail action="confirmed" attribution="Reuters BIP Coding Group" date="1997-06-20"/>
  </code>
</codes>
<dc element="dc.date.created" value="1997-06-20"/>
<dc element="dc.publisher" value="Reuters Holdings Plc"/>
<dc element="dc.date.published" value="1997-06-20"/>
<dc element="dc.source" value="Reuters"/>
<dc element="dc.creator.location" value="MADRID"/>
<dc element="dc.creator.location.country.name" value="SPAIN"/>
<dc element="dc.source" value="Reuters"/>
</metadata>
</newsitem>
