<?xml version="1.0" encoding="ISO-8859-1" standalone="no"?>
<newsitem date="1997-06-20" id="root" itemid="676054" xml:lang="en">
<title>JAPAN: Mikuni assigns preliminary bond credit ratings.</title>
<headline>Mikuni assigns preliminary bond credit ratings.</headline>
<dateline>TOKYO 1997-06-20</dateline>
<text>
<p>Mikuni and Co Ltd said on Friday it had assigned the following preliminary ratings to planned bond issues:</p>
<p>-AA-</p>
<p>Chubu Electric Power Co Inc., 30 billion yen mortgaged due 2017</p>
<p>Fujitsu Ltd.,</p>
<p>50 billion yen unsecured due 2004</p>
<p>50 billion yen unsecured due 2009</p>
<p>The Kansai Electric Power Co Inc., 30 billion yen mortgaged due 2001  </p>
<p>-A-</p>
<p>Kyowa Exeo Corp., 10 billion yen unsecured convertible due 2002</p>
<p>Mitsubishi Estate Co Ltd.,</p>
<p>10 billion yen unsecured due 2004</p>
<p>10 billion yen unsecured due 2009</p>
<p>10 billion yen unsecured due 2012</p>
<p>Sumitomo Trust and Banking Co Ltd., 110 billion euroyen unsecured convertible due 2007, private placement</p>
<p>Tokyo Electric Power Co Inc., 50 billion yen mortgaged due 2009  </p>
<p>-BB-</p>
<p>NTT Data Corp., 30 billion yen unsecured due 2002</p>
<p>Promise Co Ltd., 10 billion yen unsecured due 2002</p>
<p>-B-</p>
<p>All Nippon Airways Co Ltd., 30 billion yen unsecured  convertible due 2000, private placement</p>
<p>Edosawa Co Ltd., two billion yen unsecured convertible due 2004</p>
<p>Hisamitsu Pharmaceutical Co Inc., 1.25 billion yen unsecured with warrants due 2001  </p>
<p>Kobe Steel Ltd., 10 billion yen unsecured due 2007</p>
<p>-CCC-</p>
<p>Cosmo Oil Co Ltd.,</p>
<p>15 billion yen unsecured due 2003</p>
<p>10 billion yen unsecured due 2007</p>
<p>Daio Paper Corp.,</p>
<p>10 billion yen unsecured due 2003</p>
<p>10 billion yen unsecured due 2004</p>
<p>Tomen Corp., 10 billion yen unsecured due 2004</p>
</text>
<copyright>(c) Reuters Limited 1997</copyright>
<metadata>
<codes class="bip:countries:1.0">
  <code code="JAP">
    <editdetail action="confirmed" attribution="Reuters BIP Coding Group" date="1997-06-20"/>
  </code>
</codes>
<codes class="bip:industries:1.0">
  <code code="I14000">
    <editdetail action="confirmed" attribution="Reuters BIP Coding Group" date="1997-06-20"/>
  </code>
  <code code="I16100">
    <editdetail action="confirmed" attribution="Reuters BIP Coding Group" date="1997-06-20"/>
  </code>
  <code code="I22100">
    <editdetail action="confirmed" attribution="Reuters BIP Coding Group" date="1997-06-20"/>
  </code>
  <code code="I25700">
    <editdetail action="confirmed" attribution="Reuters BIP Coding Group" date="1997-06-20"/>
  </code>
  <code code="I33020">
    <editdetail action="confirmed" attribution="Reuters BIP Coding Group" date="1997-06-20"/>
  </code>
  <code code="I3302020">
    <editdetail action="confirmed" attribution="Reuters BIP Coding Group" date="1997-06-20"/>
  </code>
  <code code="I47100">
    <editdetail action="confirmed" attribution="Reuters BIP Coding Group" date="1997-06-20"/>
  </code>
  <code code="I50200">
    <editdetail action="confirmed" attribution="Reuters BIP Coding Group" date="1997-06-20"/>
  </code>
  <code code="I63000">
    <editdetail action="confirmed" attribution="Reuters BIP Coding Group" date="1997-06-20"/>
  </code>
  <code code="I66100">
    <editdetail action="confirmed" attribution="Reuters BIP Coding Group" date="1997-06-20"/>
  </code>
  <code code="I75000">
    <editdetail action="confirmed" attribution="Reuters BIP Coding Group" date="1997-06-20"/>
  </code>
  <code code="I81501">
    <editdetail action="confirmed" attribution="Reuters BIP Coding Group" date="1997-06-20"/>
  </code>
  <code code="I83100">
    <editdetail action="confirmed" attribution="Reuters BIP Coding Group" date="1997-06-20"/>
  </code>
  <code code="I85000">
    <editdetail action="confirmed" attribution="Reuters BIP Coding Group" date="1997-06-20"/>
  </code>
</codes>
<codes class="bip:topics:1.0">
  <code code="C17">
    <editdetail action="confirmed" attribution="Reuters BIP Coding Group" date="1997-06-20"/>
  </code>
  <code code="C174">
    <editdetail action="confirmed" attribution="Reuters BIP Coding Group" date="1997-06-20"/>
  </code>
  <code code="CCAT">
    <editdetail action="confirmed" attribution="Reuters BIP Coding Group" date="1997-06-20"/>
  </code>
</codes>
<dc element="dc.date.created" value="1997-06-20"/>
<dc element="dc.publisher" value="Reuters Holdings Plc"/>
<dc element="dc.date.published" value="1997-06-20"/>
<dc element="dc.source" value="Reuters"/>
<dc element="dc.creator.location" value="TOKYO"/>
<dc element="dc.creator.location.country.name" value="JAPAN"/>
<dc element="dc.source" value="Reuters"/>
</metadata>
</newsitem>
