<?xml version="1.0" encoding="ISO-8859-1" standalone="no"?>
<newsitem date="1997-06-20" id="root" itemid="675804" xml:lang="en">
<title>CZECH REPUBLIC: Czech SPT AGM approves 10-to-1 stock split.</title>
<headline>Czech SPT AGM approves 10-to-1 stock split.</headline>
<dateline>PRAGUE 1997-06-20</dateline>
<text>
<p>Shareholders of SPT Telecom a.s., the Czech Republic's main fixed-line telephone operator, on Friday approved a board proposal for a 10-for-1 stock split.  </p>
<p>SPT officials have said the move is intended to add liquidity on the secondary market to pricey SPT shares, which have been trading at over 3,000 crowns ($93.79) for much of the past year.</p>
<p>SPT shares closed on Thursday at 3,415 crowns on the Prague Stock Exchange.</p>
<p>SPT shares rose to trade in the 3,000 crown range from just above 2,000 crowns after a 27 percent stake in the former state monopoly was privatised in the summer of 1995 to a consortium comprised of Dutch and Swiss PTT operators.</p>
<p>SPT posted a 483 million crown 1996 net loss as the company made one-off moves to provision itself against structural changes after a 4.83 billion crown net profit for 1995.</p>
<p>The firm posted the loss, according to international accounting standards (IAS), due to one- time extraordinary charges of 8.757 billion crowns.</p>
<p>About 1.75 billion crowns of this was taken as the firm prepares for layoffs and restructuring that should see SPT shed some 10,000 of its current 26,800 workforce by the year 2000.</p>
<p>-- Alan Crosby, Prague Newsroom, 420-2-2423-0003 ($ = 31.98 Czech Crowns)</p>
</text>
<copyright>(c) Reuters Limited 1997</copyright>
<metadata>
<codes class="bip:countries:1.0">
  <code code="CZREP">
    <editdetail action="confirmed" attribution="Reuters BIP Coding Group" date="1997-06-20"/>
  </code>
</codes>
<codes class="bip:industries:1.0">
  <code code="I79020">
    <editdetail action="confirmed" attribution="Reuters BIP Coding Group" date="1997-06-20"/>
  </code>
</codes>
<codes class="bip:topics:1.0">
  <code code="C17">
    <editdetail action="confirmed" attribution="Reuters BIP Coding Group" date="1997-06-20"/>
  </code>
  <code code="C171">
    <editdetail action="confirmed" attribution="Reuters BIP Coding Group" date="1997-06-20"/>
  </code>
  <code code="CCAT">
    <editdetail action="confirmed" attribution="Reuters BIP Coding Group" date="1997-06-20"/>
  </code>
</codes>
<dc element="dc.date.created" value="1997-06-20"/>
<dc element="dc.publisher" value="Reuters Holdings Plc"/>
<dc element="dc.date.published" value="1997-06-20"/>
<dc element="dc.source" value="Reuters"/>
<dc element="dc.creator.location" value="PRAGUE"/>
<dc element="dc.creator.location.country.name" value="CZECH REPUBLIC"/>
<dc element="dc.source" value="Reuters"/>
</metadata>
</newsitem>
