<?xml version="1.0" encoding="ISO-8859-1" standalone="no"?>
<newsitem date="1997-06-20" id="root" itemid="675807" xml:lang="en">
<title>SLOVENIA: PRESS DIGEST - Slovenia - June 20.</title>
<headline>PRESS DIGEST - Slovenia - June 20.</headline>
<dateline>LJUBLJANA 1997-06-20</dateline>
<text>
<p>Following are the main stories in Slovenia's Friday morning newspapers:</p>
<p>DELO</p>
<p>- Slovenian truck drivers blocked the border crossing Dolga Vas between Slovenia and Hungary to protest against the prolonged administration procedures carried out by Hungarian customs officials.</p>
<p>- The government said it would increase charges for domestic telephone calls by 8.6 percent on Monday, while international calls will be 18 percent cheaper.</p>
<p>- Slovenian parliamentary parties are expected to sign an agreement on changes to the constitution on Tuesday which would allow foreigners to buy land.</p>
<p>- President Milan Kucan attended a meeting of 25,000 pensioners in the city of Celje on Thursday.</p>
<p>- Nine NATO countries still believe Slovenia and Romania should be included in the first round of the alliance's expansion, the French press agency reported on Thursday.</p>
<p>- Ljubljana city council will debate the suggested removal of some communist monuments in the capital at its current session, which started on Thursday.</p>
<p>- Foreign Minister Zoran Thaler met his Italian counterpart Lamberto Dini in Rome on Thursday. They discussed Slovenia's bids to join NATO and the EU as soon as possible.</p>
<p>- Employees of the small private television channel TV3 said they would go on strike on Saturday to protest against unpaid salaries in the past six months.</p>
<p>DNEVNIK</p>
<p>- The police said more than 10 students of the police high school were taking drugs.</p>
<p>VECER</p>
<p>- Drug maker Krka said on Thursday it would pay a dividend of 500 tolars per share within 30 days.</p>
<p>FINANCE</p>
<p>- French company Filtrauto, which is a part of international group Labinal, is expected to buy the troubled Slovenian car and industrial filter maker Donit Filtri.</p>
</text>
<copyright>(c) Reuters Limited 1997</copyright>
<metadata>
<codes class="bip:countries:1.0">
  <code code="SLVNIA">
    <editdetail action="confirmed" attribution="Reuters BIP Coding Group" date="1997-06-20"/>
  </code>
</codes>
<codes class="bip:topics:1.0">
  <code code="GCAT">
    <editdetail action="confirmed" attribution="Reuters BIP Coding Group" date="1997-06-20"/>
  </code>
</codes>
<dc element="dc.date.created" value="1997-06-20"/>
<dc element="dc.publisher" value="Reuters Holdings Plc"/>
<dc element="dc.date.published" value="1997-06-20"/>
<dc element="dc.source" value="Reuters"/>
<dc element="dc.creator.location" value="LJUBLJANA"/>
<dc element="dc.creator.location.country.name" value="SLOVENIA"/>
<dc element="dc.source" value="Reuters"/>
</metadata>
</newsitem>
