<?xml version="1.0" encoding="ISO-8859-1" standalone="no"?>
<newsitem date="1997-06-20" id="root" itemid="676158" xml:lang="en">
<title>USA: PRESALE - Hamilton Co, Ohio..</title>
<headline>PRESALE - Hamilton Co, Ohio..</headline>
<text>
<p>AMT: 24,850,000     DATE: 06/25/97	NYC Time: 1100	CUSIP: 40727E</p>
<p>ISSUER: Hamilton Cty						    ST: OH</p>
<p>ISSUE: Building Improvement, series 1997 B			TAX STAT: Exempt-LT</p>
<p>M/SP/F: NA/NA/NA							  BOOK ENTRY: Y</p>
<p>ENHANCEMENTS: None							BANK QUAL: N</p>
<p>DTD: 07/01/97							     SURE BID: N</p>
<p>DUE: 12/1/98-17					     SR MGR:</p>
<p>1ST CPN: 12/01/97</p>
<p>CALL: 12/1/07 at 101, dtp 12/1/08		     NIC</p>
<p>DELIVERY: 7/10/97 approx				  ORDERS:</p>
<p>PAYING AGENT: Hamilton Cty Auditor's Office, Cincinnati</p>
<p>L.O.: Peck, Shaffer &amp; Williams, Cincinnati</p>
<p>F.A.:</p>
<p>LAST SALE: $9,055,000 3/26/97 @ 5.387 NIC; 12 yrs 9 mos Avg; BBI-5.78%</p>
<p>Year		     Amount    Coupon     Yield     Price  Conc.</p>
<p>1998		    695,000</p>
<p>1999		    735,000</p>
<p>2000		    775,000</p>
<p>2001		    820,000</p>
<p>2002		    870,000</p>
<p>2003		    920,000</p>
<p>2004		    970,000</p>
<p>2005		  1,025,000</p>
<p>2006		  1,085,000</p>
<p>2007		  1,145,000</p>
<p>2008		  1,215,000</p>
<p>2009		  1,285,000</p>
<p>2010		  1,355,000</p>
<p>2011		  1,435,000</p>
<p>2012		  1,520,000</p>
<p>2013		  1,605,000</p>
<p>2014		  1,695,000</p>
<p>2015		  1,795,000</p>
<p>2016		  1,900,000</p>
<p>2017		  2,005,000</p>
<p>COMPETITIVE PRE-SALE CONTRIBUTED BY J.J. KENNY K-SHEETS:</p>
</text>
<copyright>(c) Reuters Limited 1997</copyright>
<metadata>
<codes class="bip:countries:1.0">
  <code code="USA">
    <editdetail action="confirmed" attribution="Reuters BIP Coding Group" date="1997-06-20"/>
  </code>
</codes>
<codes class="bip:topics:1.0">
  <code code="E21">
    <editdetail action="confirmed" attribution="Reuters BIP Coding Group" date="1997-06-20"/>
  </code>
  <code code="E212">
    <editdetail action="confirmed" attribution="Reuters BIP Coding Group" date="1997-06-20"/>
  </code>
  <code code="ECAT">
    <editdetail action="confirmed" attribution="Reuters BIP Coding Group" date="1997-06-20"/>
  </code>
</codes>
<dc element="dc.publisher" value="Reuters Holdings Plc"/>
<dc element="dc.date.published" value="1997-06-20"/>
<dc element="dc.source" value="Reuters"/>
<dc element="dc.creator.location.country.name" value="USA"/>
<dc element="dc.source" value="Reuters"/>
</metadata>
</newsitem>
