<?xml version="1.0" encoding="ISO-8859-1" standalone="no"?>
<newsitem date="1997-06-20" id="root" itemid="676691" xml:lang="en">
<title>USA: CSCE world sugar called to open little changed.</title>
<headline>CSCE world sugar called to open little changed.</headline>
<dateline>NEW YORK 1997-06-20</dateline>
<text>
<p>CSCE world sugar was called to open mostly flat on Friday, dealers said.</p>
<p>The expiry of the July contract is expected to remain orderly, with activity seen focused on the July/October spread in the near term. The spread narrowed to 0.04 cent on Thursday, from 0.05 cent.</p>
<p>The contract expires on June 30.</p>
<p>"We are seeing a very slow liquidation that looks orderly," a trader said. "The specs seem comfortable and there is no pressure on them."</p>
<p>Thursday, the July contract closed up 0.01 at 11.37 cents per lb, traded 11.38 to 11.30 cents on Thursday. Most-active October settled 0.02 cent firmer at 11.33 cents, while the rest of the board closed 0.01 and 0.02 cent higher.</p>
<p>LIFFE spot August white sugar futures were thinly traded on Friday, with the spot August contract unchanged at $323.30, at 0850 EDT/1250 GMT.</p>
<p>The rest of the board was trading $0.10 to $0.40 weaker.</p>
<p>((--Suzanne Rostler, New York Commodity Desk, 212-859-1640))</p>
</text>
<copyright>(c) Reuters Limited 1997</copyright>
<metadata>
<codes class="bip:countries:1.0">
  <code code="USA">
    <editdetail action="confirmed" attribution="Reuters BIP Coding Group" date="1997-06-20"/>
  </code>
</codes>
<codes class="bip:topics:1.0">
  <code code="M14">
    <editdetail action="confirmed" attribution="Reuters BIP Coding Group" date="1997-06-20"/>
  </code>
  <code code="M141">
    <editdetail action="confirmed" attribution="Reuters BIP Coding Group" date="1997-06-20"/>
  </code>
  <code code="MCAT">
    <editdetail action="confirmed" attribution="Reuters BIP Coding Group" date="1997-06-20"/>
  </code>
</codes>
<dc element="dc.date.created" value="1997-06-20"/>
<dc element="dc.publisher" value="Reuters Holdings Plc"/>
<dc element="dc.date.published" value="1997-06-20"/>
<dc element="dc.source" value="Reuters"/>
<dc element="dc.creator.location" value="NEW YORK"/>
<dc element="dc.creator.location.country.name" value="USA"/>
<dc element="dc.source" value="Reuters"/>
</metadata>
</newsitem>
