<?xml version="1.0" encoding="ISO-8859-1" standalone="no"?>
<newsitem date="1997-06-20" id="root" itemid="677163" xml:lang="en">
<title>SPAIN: Aumar to name Enrigue Duran chairman.</title>
<headline>Aumar to name Enrigue Duran chairman.</headline>
<dateline>MADRID 1997-06-20</dateline>
<text>
<p>Spanish motorway toll firm Autopistas del Mare Nostrum (Aumar) is to name Enrique Duran chairman following its June 25 shareholders' meeting, construction group Dragados said on Friday.</p>
<p>Duran is also deputy-chairman at Dragados, which has a 25 percent majority stake in Aumar.</p>
<p>Duran will replace Jose Luis Ceron at Aumar.</p>
<p>Dragados has today named Eloy Dominguez-Adame chief executive, who will also be named deputy-chairman of Aumar at the June 25 meeting.</p>
<p>-- Madrid newsroom +341 585 2160</p>
</text>
<copyright>(c) Reuters Limited 1997</copyright>
<metadata>
<codes class="bip:countries:1.0">
  <code code="SPAIN">
    <editdetail action="confirmed" attribution="Reuters BIP Coding Group" date="1997-06-20"/>
  </code>
</codes>
<codes class="bip:industries:1.0">
  <code code="I50000">
    <editdetail action="confirmed" attribution="Reuters BIP Coding Group" date="1997-06-20"/>
  </code>
</codes>
<codes class="bip:topics:1.0">
  <code code="C41">
    <editdetail action="confirmed" attribution="Reuters BIP Coding Group" date="1997-06-20"/>
  </code>
  <code code="C411">
    <editdetail action="confirmed" attribution="Reuters BIP Coding Group" date="1997-06-20"/>
  </code>
  <code code="CCAT">
    <editdetail action="confirmed" attribution="Reuters BIP Coding Group" date="1997-06-20"/>
  </code>
</codes>
<dc element="dc.date.created" value="1997-06-20"/>
<dc element="dc.publisher" value="Reuters Holdings Plc"/>
<dc element="dc.date.published" value="1997-06-20"/>
<dc element="dc.source" value="Reuters"/>
<dc element="dc.creator.location" value="MADRID"/>
<dc element="dc.creator.location.country.name" value="SPAIN"/>
<dc element="dc.source" value="Reuters"/>
</metadata>
</newsitem>
