<?xml version="1.0" encoding="ISO-8859-1" standalone="no"?>
<newsitem date="1997-06-20" id="root" itemid="677377" xml:lang="en">
<title>AUSTRALIA: Best Australian bank/non-bank term deposits.</title>
<headline>Best Australian bank/non-bank term deposits.</headline>
<text>
<p>(Updated June 20)</p>
<p>BANKS</p>
<p>    PERIOD	BANK		  RATE   EFFECTIVE RATE</p>
<p>    30 days     QIDC		  5.00</p>
<p>    90 days     Arab Bank	   5.50</p>
<p>   180 days     Arab Bank	   5.50</p>
<p>   270 days     Arab Bank	   5.50</p>
<p>    1 year	Metway/QIDC	 5.55	  5.55</p>
<p>    2 years     BankWest	    6.00	  6.14</p>
<p>    3 years     Colonial Bnds     6.35	  6.35</p>
<p>    4 years     QIDC		  6.55	  6.55</p>
<p>    5 years     CBA-BNDS/QIDC     6.75	  6.75</p>
<p>    PERIOD	INSTITUTIONS		    RATE  EFFECTIVE RATE</p>
<p>     30 days    GIO/Nat Mut Trustees	  5.00	  --</p>
<p>     90 days    GIO/IMB/Metropolitian CU/</p>
<p>		    Police CU/SGE CU/</p>
<p>		    Trainsrail CU		   5.00</p>
<p>    180 days    Newcastle Perm		  5.40</p>
<p>    270 days    SGE CU			    6.00</p>
<p>    1 year	Transrail CU		    6.00	  6.00</p>
<p>    2 years     SGE CU/Transrail CU	   6.25	  6.25</p>
<p>    3 years     SGE CU/Transrail CU	   6.50	  6.50</p>
<p>    4 years     MLC BS			    6.32	  6.51</p>
<p>    5 years     AGC				 7.00	  7.00</p>
<p>(Based on investment of A$25,000)</p>
<p>Source: Cannex</p>
<p>-- Reuters Sydney Newsroom 61-2 9373-1800</p>
</text>
<copyright>(c) Reuters Limited 1997</copyright>
<metadata>
<codes class="bip:countries:1.0">
  <code code="AUSTR">
    <editdetail action="confirmed" attribution="Reuters BIP Coding Group" date="1997-06-20"/>
  </code>
</codes>
<codes class="bip:industries:1.0">
  <code code="I81402">
    <editdetail action="confirmed" attribution="Reuters BIP Coding Group" date="1997-06-20"/>
  </code>
  <code code="I81403">
    <editdetail action="confirmed" attribution="Reuters BIP Coding Group" date="1997-06-20"/>
  </code>
  <code code="I81501">
    <editdetail action="confirmed" attribution="Reuters BIP Coding Group" date="1997-06-20"/>
  </code>
</codes>
<codes class="bip:topics:1.0">
  <code code="C31">
    <editdetail action="confirmed" attribution="Reuters BIP Coding Group" date="1997-06-20"/>
  </code>
  <code code="CCAT">
    <editdetail action="confirmed" attribution="Reuters BIP Coding Group" date="1997-06-20"/>
  </code>
</codes>
<dc element="dc.publisher" value="Reuters Holdings Plc"/>
<dc element="dc.date.published" value="1997-06-20"/>
<dc element="dc.source" value="Reuters"/>
<dc element="dc.creator.location.country.name" value="AUSTRALIA"/>
<dc element="dc.source" value="Reuters"/>
</metadata>
</newsitem>
