<?xml version="1.0" encoding="ISO-8859-1" standalone="no"?>
<newsitem date="1997-06-20" id="root" itemid="677282" xml:lang="en">
<title>BELGIUM: EU offers accounting guidelines for EMU.</title>
<headline>EU offers accounting guidelines for EMU.</headline>
<dateline>BRUSSELS 1997-06-20</dateline>
<text>
<p>The European Commission on Friday announced a series of accounting conventions for corporations to consider when drawing up financial statements in a single European currency.</p>
<p>"These guidelines give practical and comprehensive advice to standard setters and those that draw up and use company accounts," said Mario Monti, EU commissioner for financial services.</p>
<p>Among the many areas covered in the document, called, "Accounting for the introduction of the euro," the most important conclusions were the following:</p>
<p>-- "the introduction of the euro can be treated within the existing framework of European accounting legislation (notably the fourth Company Law Directive on annual accounts and the seventh Company Law Directive on consolidated accounts) and does not create a need for additional Community legislation."</p>
<p>-- "member states can use existing accounting practices which are allowed under current Accounting Directives to accomodate the changeover to the euro."</p>
<p>Several other important issues, such as the treatment of foreign exchange contracts, treatment of foreign currency translation differences in the consolidated accounts of firms and accounting for the costs of the changeover, are also addressed.</p>
<p>-- Brussels newsroom 32 2 287 6838</p>
</text>
<copyright>(c) Reuters Limited 1997</copyright>
<metadata>
<codes class="bip:countries:1.0">
  <code code="EEC">
    <editdetail action="confirmed" attribution="Reuters BIP Coding Group" date="1997-06-20"/>
  </code>
</codes>
<codes class="bip:topics:1.0">
  <code code="C151">
    <editdetail action="confirmed" attribution="Reuters BIP Coding Group" date="1997-06-20"/>
  </code>
  <code code="G151">
    <editdetail action="confirmed" attribution="Reuters BIP Coding Group" date="1997-06-20"/>
  </code>
  <code code="G152">
    <editdetail action="confirmed" attribution="Reuters BIP Coding Group" date="1997-06-20"/>
  </code>
  <code code="G154">
    <editdetail action="confirmed" attribution="Reuters BIP Coding Group" date="1997-06-20"/>
  </code>
  <code code="G155">
    <editdetail action="confirmed" attribution="Reuters BIP Coding Group" date="1997-06-20"/>
  </code>
</codes>
<dc element="dc.date.created" value="1997-06-20"/>
<dc element="dc.publisher" value="Reuters Holdings Plc"/>
<dc element="dc.date.published" value="1997-06-20"/>
<dc element="dc.source" value="Reuters"/>
<dc element="dc.creator.location" value="BRUSSELS"/>
<dc element="dc.creator.location.country.name" value="BELGIUM"/>
<dc element="dc.source" value="Reuters"/>
</metadata>
</newsitem>
