<?xml version="1.0" encoding="ISO-8859-1" standalone="no"?>
<newsitem date="1997-06-20" id="root" itemid="677323" xml:lang="en">
<title>UK: Dirty tankers fixtures/enquiries.</title>
<headline>Dirty tankers fixtures/enquiries.</headline>
<dateline>LONDON 1997-06-19</dateline>
<text>
<p>Latest fixtures:</p>
<p>- MIDEAST/RED SEA</p>
<p>Al Samidoon	250  -/7 Mideast/Japan    W68  Idemitsu</p>
<p>- MED/BLACK SEA</p>
<p>Rabigh Bay III    80 28/6 Sidi Kreir/Italy W130 Fina</p>
<p>- WEST AFRICA</p>
<p>Niki		 125  8/7 West Africa/USAC W87.5 Sun</p>
<p>- WESTERN HEMISPHERE</p>
<p>Bona Rover	  70  2/7 Caribs/USG	 W169  Murphy</p>
<p>-------------------------------</p>
<p>- MIDEAST/RED SEA</p>
<p>Karoline	    315 29/6 Kharg/Red Sea	   W60   BP</p>
<p>Koohrang	    275  6/7 Kharg/Red Sea	   W60   Tupras</p>
<p>World Prospect    250 16/7 Mideast/Japan	   COA   Kyushu</p>
<p>Tagawa Maru	 237 15/7 Mideast/Japan	   W73.5 Jomo</p>
<p>Grand Lady	  235 28/6 Mideast/India	   W75   SCI</p>
<p>Arica		 235  1/7 Mideast/Thailand	W60   Bangchak</p>
<p>Aitolikos	   120 28/6 Ras Tanura/Escravos   W80   Total</p>
<p>Danat Qatar	 120 22/6 Ras Tanura/Mohammedia W75   Samir</p>
<p>Brilliant Sea 80  5/7 Yanbu/Fujairah-F. East $265,000/RNR Mobil</p>
<p>- ASIA/PACIFIC</p>
<p>Bering Sea	   85  -/6 Dampier/Port Stanvac $480,000 Mobil</p>
<p>Winner		 80  3/7 Bintulu/Port Dickson $220,000 Misc</p>
<p>Emerald Star   45 21/6 Bintulu+Kerteh/Malacca $200,000 Petronas</p>
<p>Larissa		25 25/6 Bongkot/Singapore    $175,000 Daxin</p>
<p>- MED/BLACK SEA</p>
<p>Hellespont Prestige 140 21/6 Novorossiisk/Greece  RNR  Russian Chickasaw	   135  3/7 Sidi Kreir/Euro Med    W87  BP</p>
<p>Mathilda	    135  -/7 Novorossiisk/UKC Med   RNR  Chevron</p>
<p>Searacer	    135  -/7 Novorossiisk/UKC Med   RNR  Solvalub</p>
<p>Paola		 130 26/6 Sidi Kreir/Algeria     W95  Exxon</p>
<p>Sea Spirit	  130  1/7 Sidi Kreir/Med	   W87.5 ERG</p>
<p>Armata		 80 28/6 Banias/Italy	     W160 KPC</p>
<p>Croatian TBN	 80  -/6 cross-Med	    abt W160 CNR</p>
<p>Zrinsky		80 23/6 Banias/Med		 W160 Total</p>
<p>Equator		80 22/6 cross-Libya	    $255,000 NOC</p>
<p>Montrose	     80 26/6 Bejaia/Lavera	    W135 Elf</p>
<p>Armata     80 28/6 Banias/Milazzo	   W165 KPC (corr. Rate)</p>
<p>- WEST AFRICA</p>
<p>Stena TBN	   260 15/7 West Africa/UKC Med    W70  Elf</p>
<p>- U.K./CONT</p>
<p>Argo Thetis	 280  8/7 Sture/Taiwan	$2.4 million  Statoil</p>
<p>British Valour    280 10/7 Mongstad/Canada	W67.5  Irving</p>
<p>Enalios Thetis    140  2/7 Cont/Israel	    W75    Alpine</p>
<p>Algarrobo	   130 26/6 Mongstad/Canada	W105   Ultramar</p>
<p>Ania		   83  3/7 Tees/Portland	  W125   Exxon</p>
<p>Alandia TBN	  80 28/6 Ventspils/UKC	  RNR   Petroleum</p>
<p>Sealion 1	    55 28/6 Cont/Euro Med	  W157.5 BP</p>
<p>- WESTERN HEMISPHERE</p>
<p>Stena Concertina   75 30/6 Caribs/USG	     W169   Lyondell</p>
<p>Westchester	  72 28/6 Mexico/USG	     W164   Mobil</p>
<p>Athina M	     70 26/6 Mexico/USG  W172.5 Amoco (adds rate)</p>
<p>Olympic Serenity   70 24/6 Caribs/USG	     W170   Citgo</p>
<p>Astro Sirius	 70 26/6 Caribs/USG	     W170   Citgo</p>
<p>AET TBN		70 28/6 Mexico/USG	     W172   Citgo</p>
<p>Eagle Centaurus    70 end6 Caribs/USG	     W169   Lyondell</p>
<p>Pioneer		70 28/6 Mexico/USG	     W170   Coastal</p>
<p>Omikronventure L  96  ppt 3 days lightering USG $28,000/day SPT</p>
<p>- FUEL OIL</p>
<p>Axios		  50 25/6 Caribs/USWC	    W177.5 Tosco</p>
<p>- TIME CHARTER</p>
<p>Enterprise 155,000 dwt ('76) 1/1/1 year delivery USAC early Jul</p>
<p>							 abt $18,000/day OMI</p>
<p>- ENQUIRIES</p>
<p>Petrobras   two million barrels Ras Tanura/Brazil     2-3/7</p>
<p>Petrobras   160 (FO)	  Rabigh Bay/Fujairah   26-28/6</p>
<p>Thaioil     450,000 barrels Miri/Sriracha	   2/7</p>
<p>Emerald     123		 Escravos/USAC	   8/7</p>
<p>Ultramar    130		 Mongstad/Quebec	 26-27/6</p>
<p>Coastal     123		 Escravos/P'delphia  27-28/7 subs pt</p>
<p>Exxon	  50		 C. Rivadavia/USG	17-19/7</p>
</text>
<copyright>(c) Reuters Limited 1997</copyright>
<metadata>
<codes class="bip:countries:1.0">
  <code code="UK">
    <editdetail action="confirmed" attribution="Reuters BIP Coding Group" date="1997-06-20"/>
  </code>
</codes>
<codes class="bip:topics:1.0">
  <code code="M14">
    <editdetail action="confirmed" attribution="Reuters BIP Coding Group" date="1997-06-20"/>
  </code>
  <code code="MCAT">
    <editdetail action="confirmed" attribution="Reuters BIP Coding Group" date="1997-06-20"/>
  </code>
</codes>
<dc element="dc.date.created" value="1997-06-19"/>
<dc element="dc.publisher" value="Reuters Holdings Plc"/>
<dc element="dc.date.published" value="1997-06-20"/>
<dc element="dc.source" value="Reuters"/>
<dc element="dc.creator.location" value="LONDON"/>
<dc element="dc.creator.location.country.name" value="UK"/>
<dc element="dc.source" value="Reuters"/>
</metadata>
</newsitem>
