<?xml version="1.0" encoding="ISO-8859-1" standalone="no"?>
<newsitem date="1997-06-20" id="root" itemid="677056" xml:lang="en">
<title>USA: Advanced gets order from Hyundai.</title>
<headline>Advanced gets order from Hyundai.</headline>
<dateline>DANBURY, Conn. 1997-06-20</dateline>
<text>
<p>Advanced Technology Materials Inc, a producer of equipment and materials for the semiconductor industry, said on Friday it received a $4.4 million order from Hyundai Corp's American division, called Huydai Semiconductor America Inc.</p>
<p>Advanced Technology said its EcoSys division is providing environmental equipment and monitoring services for Hyundai's fabrication plant in Eugene, Oregon.</p>
<p>Product shipments and initial installation began during the first quarter.</p>
</text>
<copyright>(c) Reuters Limited 1997</copyright>
<metadata>
<codes class="bip:countries:1.0">
  <code code="USA">
    <editdetail action="confirmed" attribution="Reuters BIP Coding Group" date="1997-06-20"/>
  </code>
</codes>
<codes class="bip:industries:1.0">
  <code code="I34531">
    <editdetail action="confirmed" attribution="Reuters BIP Coding Group" date="1997-06-20"/>
  </code>
  <code code="I63000">
    <editdetail action="confirmed" attribution="Reuters BIP Coding Group" date="1997-06-20"/>
  </code>
</codes>
<codes class="bip:topics:1.0">
  <code code="C33">
    <editdetail action="confirmed" attribution="Reuters BIP Coding Group" date="1997-06-20"/>
  </code>
  <code code="CCAT">
    <editdetail action="confirmed" attribution="Reuters BIP Coding Group" date="1997-06-20"/>
  </code>
</codes>
<dc element="dc.date.created" value="1997-06-20"/>
<dc element="dc.publisher" value="Reuters Holdings Plc"/>
<dc element="dc.date.published" value="1997-06-20"/>
<dc element="dc.source" value="Reuters"/>
<dc element="dc.creator.location" value="DANBURY, Conn."/>
<dc element="dc.creator.location.country.name" value="USA"/>
<dc element="dc.source" value="Reuters"/>
</metadata>
</newsitem>
