<?xml version="1.0" encoding="ISO-8859-1" standalone="no"?>
<newsitem date="1997-06-20" id="root" itemid="677324" xml:lang="en">
<title>UK: UK meals/feeds close easier, wary over Chicago.</title>
<headline>UK meals/feeds close easier, wary over Chicago.</headline>
<dateline>LONDON 1997-06-19</dateline>
<text>
<p>The UK meals and feed market closed easier but wary and tradeless due to continued uncertainty over the direction set by Chicago soybean futures.</p>
<p>"With the lack of interest at the moment, Chicago just isn't helping the UK market one bit, one day it's up, then it's down and the day after it's up again.</p>
<p>Soybean meal selling levels finished two to six stg per tonne below Wednesday's close in line with overnight moves but early indications from Chicago are pointing possibly towards yet another reversal of day to day trends.</p>
<p>Rapemeal followed the trend set by the soybean meal to close the day one to four stg per tonne lower. --Stephen Grainger +44 171 542 8074</p>
</text>
<copyright>(c) Reuters Limited 1997</copyright>
<metadata>
<codes class="bip:countries:1.0">
  <code code="UK">
    <editdetail action="confirmed" attribution="Reuters BIP Coding Group" date="1997-06-20"/>
  </code>
</codes>
<codes class="bip:topics:1.0">
  <code code="M14">
    <editdetail action="confirmed" attribution="Reuters BIP Coding Group" date="1997-06-20"/>
  </code>
  <code code="M141">
    <editdetail action="confirmed" attribution="Reuters BIP Coding Group" date="1997-06-20"/>
  </code>
  <code code="MCAT">
    <editdetail action="confirmed" attribution="Reuters BIP Coding Group" date="1997-06-20"/>
  </code>
</codes>
<dc element="dc.date.created" value="1997-06-19"/>
<dc element="dc.publisher" value="Reuters Holdings Plc"/>
<dc element="dc.date.published" value="1997-06-20"/>
<dc element="dc.source" value="Reuters"/>
<dc element="dc.creator.location" value="LONDON"/>
<dc element="dc.creator.location.country.name" value="UK"/>
<dc element="dc.source" value="Reuters"/>
</metadata>
</newsitem>
