<?xml version="1.0" encoding="ISO-8859-1" standalone="no"?>
<newsitem date="1997-06-20" id="root" itemid="676907" xml:lang="en">
<title>UK: IPE gas oil seen 50 cts to $1.00 lower, Brent level.</title>
<headline>IPE gas oil seen 50 cts to $1.00 lower, Brent level.</headline>
<dateline>LONDON 1997-06-20</dateline>
<text>
<p>IPE gas oil futures were seen mildly lower at the open, weighed down by a weaker NYMEX close with traders cautious ahead of next week's OPEC meeting.</p>
<p>July gas oil was expected to slip 50 cents to $1.00 from its prior close of $159.50 a tonne. August Brent was seen unchanged from its closing price of $17.78 a barrel.</p>
<p>In a market driven largely by technicals, dealers said prices would likely track movements in NYMEX crude on ACCESS.</p>
<p>NYMEX crude oil had recovered three cents to $18.70 a barrel by 0745 GMT in what dealers said could allow for gas oil and Brent to move a little higher later as well.  </p>
<p>"We've had two days of trading in almost the same range and we should stay there assuming OPEC (members) are arriving for fun and games this weekend," one dealer said.</p>
<p>That range for August IPE Brent was $17.68 to $17.98.</p>
<p>They said the market was unlikely to move much as trade thinned out ahead of an OPEC ministerial meeting in Vienna, officially scheduled to begin on June 25.</p>
<p>With market players, in particular investment funds, eager not to get their fingers burned after the market slipped to a new 13-month low last week of $17.32 on the spot continuation chart, few people were prepared to take large positions in advance of the meeting.</p>
<p>The August contract's low last week was $17.61</p>
<p>-- Paul Carrel, London newsroom +44 171 542 8185</p>
</text>
<copyright>(c) Reuters Limited 1997</copyright>
<metadata>
<codes class="bip:countries:1.0">
  <code code="UK">
    <editdetail action="confirmed" attribution="Reuters BIP Coding Group" date="1997-06-20"/>
  </code>
</codes>
<codes class="bip:topics:1.0">
  <code code="M14">
    <editdetail action="confirmed" attribution="Reuters BIP Coding Group" date="1997-06-20"/>
  </code>
  <code code="M143">
    <editdetail action="confirmed" attribution="Reuters BIP Coding Group" date="1997-06-20"/>
  </code>
  <code code="MCAT">
    <editdetail action="confirmed" attribution="Reuters BIP Coding Group" date="1997-06-20"/>
  </code>
</codes>
<dc element="dc.date.created" value="1997-06-20"/>
<dc element="dc.publisher" value="Reuters Holdings Plc"/>
<dc element="dc.date.published" value="1997-06-20"/>
<dc element="dc.source" value="Reuters"/>
<dc element="dc.creator.location" value="LONDON"/>
<dc element="dc.creator.location.country.name" value="UK"/>
<dc element="dc.source" value="Reuters"/>
</metadata>
</newsitem>
