<?xml version="1.0" encoding="ISO-8859-1" standalone="no"?>
<newsitem date="1997-06-20" id="root" itemid="677268" xml:lang="en">
<title>BELGIUM: EU, U.S. seek to avoid antitrust battles.</title>
<headline>EU, U.S. seek to avoid antitrust battles.</headline>
<dateline>BRUSSELS 1997-06-20</dateline>
<text>
<p>The European Commission proposed rules on Friday obliging the U.S. and the European Union to abstain from applying their antitrust laws on the other's territory.</p>
<p>The proposal does not cover investigations into mergers and acquisitions which in the EU are subject to strict deadlines and, therefore, could not be put on hold while waiting for a decision on the other side of the Atlantic.</p>
<p>Boeing Co has argued that the U.S. should have the lead role to vet its proposed merger with McDonnell Douglas under a 1991 EU-U.S. cooperation agreement on competition issues which already contains so-called positive comity -- courtesy -- provisions.</p>
<p>But a Commission spokesman reiterated strongly on Friday that the provisions did not apply to mergers.</p>
<p>The Commission's new draft agreement between the EU and the U.S. on the application of positive comity principles in the enforcement of their competition laws also specifically excludes mergers. The Commission negotiated the agreement with the U.S. authorities which have given their provisional approval.</p>
<p>"Mergers are not within the scope of the proposed agreement due to EU and U.S. merger legislation, which would not allow a deferral or suspension of action as envisaged by the agreement," the Commission said in a statement.</p>
<p>Boeing filed the $14 billion merger for EU regulatory approval in February, therefore recognising the Commission's jurisdiction. The debate over who should have the lead was recently defused as the Federal Trade Commission, which is also investigating the merger, appears increasingly likely to rule on the deal before the Union.</p>
<p>The Boeing case apart, the Commission says it has many reasons to complain about American attempts to impose its law in Europe.</p>
<p>"The United States has expanded its extraterritorial jurisdiction more than any other country, thereby creating frictions in its bilateral relations with the European Community," EU Competition Commissioner Karel Van Miert said in a communication on the proposed draft agreement.</p>
<p>The draft accord aims to strengthen the use of positive comity principles which provide that "where a Party believes that anti-competitive activities, occurring in the territory of the other Party, are adversely affecting its interests, it may request the other Party's competition authority to initiate appropriate enforcement activities".</p>
<p>The requesting party will normally suspend its own investigation if it has begun one.</p>
<p>The FTC in January used the principles to ask the Commission to probe a complaint by airline computer reservation system Sabre Group Holdings Inc, which is controlled by AMR Corp, that it was prevented to compete with a European rival system called Amadeus.</p>
<p>EU governments are expected to give their political consent to the new agreement in September or October after the European Parliament will have been consulted.</p>
</text>
<copyright>(c) Reuters Limited 1997</copyright>
<metadata>
<codes class="bip:countries:1.0">
  <code code="EEC">
    <editdetail action="confirmed" attribution="Reuters BIP Coding Group" date="1997-06-20"/>
  </code>
  <code code="USA">
    <editdetail action="confirmed" attribution="Reuters BIP Coding Group" date="1997-06-20"/>
  </code>
</codes>
<codes class="bip:industries:1.0">
  <code code="I36400">
    <editdetail action="confirmed" attribution="Reuters BIP Coding Group" date="1997-06-20"/>
  </code>
  <code code="I3640010">
    <editdetail action="confirmed" attribution="Reuters BIP Coding Group" date="1997-06-20"/>
  </code>
  <code code="I75000">
    <editdetail action="confirmed" attribution="Reuters BIP Coding Group" date="1997-06-20"/>
  </code>
</codes>
<codes class="bip:topics:1.0">
  <code code="C13">
    <editdetail action="confirmed" attribution="Reuters BIP Coding Group" date="1997-06-20"/>
  </code>
  <code code="C18">
    <editdetail action="confirmed" attribution="Reuters BIP Coding Group" date="1997-06-20"/>
  </code>
  <code code="C181">
    <editdetail action="confirmed" attribution="Reuters BIP Coding Group" date="1997-06-20"/>
  </code>
  <code code="C34">
    <editdetail action="confirmed" attribution="Reuters BIP Coding Group" date="1997-06-20"/>
  </code>
  <code code="CCAT">
    <editdetail action="confirmed" attribution="Reuters BIP Coding Group" date="1997-06-20"/>
  </code>
  <code code="E51">
    <editdetail action="confirmed" attribution="Reuters BIP Coding Group" date="1997-06-20"/>
  </code>
  <code code="E512">
    <editdetail action="confirmed" attribution="Reuters BIP Coding Group" date="1997-06-20"/>
  </code>
  <code code="ECAT">
    <editdetail action="confirmed" attribution="Reuters BIP Coding Group" date="1997-06-20"/>
  </code>
  <code code="G15">
    <editdetail action="confirmed" attribution="Reuters BIP Coding Group" date="1997-06-20"/>
  </code>
  <code code="G157">
    <editdetail action="confirmed" attribution="Reuters BIP Coding Group" date="1997-06-20"/>
  </code>
  <code code="G158">
    <editdetail action="confirmed" attribution="Reuters BIP Coding Group" date="1997-06-20"/>
  </code>
  <code code="GCAT">
    <editdetail action="confirmed" attribution="Reuters BIP Coding Group" date="1997-06-20"/>
  </code>
</codes>
<dc element="dc.date.created" value="1997-06-20"/>
<dc element="dc.publisher" value="Reuters Holdings Plc"/>
<dc element="dc.date.published" value="1997-06-20"/>
<dc element="dc.source" value="Reuters"/>
<dc element="dc.creator.location" value="BRUSSELS"/>
<dc element="dc.creator.location.country.name" value="BELGIUM"/>
<dc element="dc.source" value="Reuters"/>
</metadata>
</newsitem>
