<?xml version="1.0" encoding="ISO-8859-1" standalone="no"?>
<newsitem date="1997-06-20" id="root" itemid="677563" xml:lang="en">
<title>SOUTH KOREA: S.Korea's Daehan buys 21,200T of U.S. wheat.</title>
<headline>S.Korea's Daehan buys 21,200T of U.S. wheat.</headline>
<dateline>SEOUL 1997-06-20</dateline>
<text>
<p>South Korea's Daehan Flour Mills Co Ltd bought 21,200 tonnes of U.S. No.1 wheat from Japanese trader Kanematsu, a company official said on Friday.  </p>
<p>The official said the purchase was split into three lots:</p>
<p>6,300 tonnes of Western white/soft white, $143.50 a tonne FOB</p>
<p>3,500 tonnes of hard red winter, $153.15 a tonne FOB.</p>
<p>11,400 tonnes of dark nothern spring wheat, $175.65 a tonne FOB.</p>
<p>Shipment was set for August 5-September 5 to the western port of Inchon.</p>
</text>
<copyright>(c) Reuters Limited 1997</copyright>
<metadata>
<codes class="bip:countries:1.0">
  <code code="SKOREA">
    <editdetail action="confirmed" attribution="Reuters BIP Coding Group" date="1997-06-20"/>
  </code>
</codes>
<codes class="bip:topics:1.0">
  <code code="M14">
    <editdetail action="confirmed" attribution="Reuters BIP Coding Group" date="1997-06-20"/>
  </code>
  <code code="M141">
    <editdetail action="confirmed" attribution="Reuters BIP Coding Group" date="1997-06-20"/>
  </code>
  <code code="MCAT">
    <editdetail action="confirmed" attribution="Reuters BIP Coding Group" date="1997-06-20"/>
  </code>
</codes>
<dc element="dc.date.created" value="1997-06-20"/>
<dc element="dc.publisher" value="Reuters Holdings Plc"/>
<dc element="dc.date.published" value="1997-06-20"/>
<dc element="dc.source" value="Reuters"/>
<dc element="dc.creator.location" value="SEOUL"/>
<dc element="dc.creator.location.country.name" value="SOUTH KOREA"/>
<dc element="dc.source" value="Reuters"/>
</metadata>
</newsitem>
