<?xml version="1.0" encoding="ISO-8859-1" standalone="no"?>
<newsitem date="1997-06-20" id="root" itemid="677283" xml:lang="en">
<title>FRANCE: Germany, France sign helicopter industrial deal.</title>
<headline>Germany, France sign helicopter industrial deal.</headline>
<dateline>LE BOURGET, France 1997-06-20</dateline>
<text>
<p>French and German officials on Friday signed contracts to set up production lines to build the Franco-German Tiger combat helicopter.</p>
<p>The bilateral project has been plagued by cuts in French and German defence budgets as both countries struggle to cut public deficits in time to launch the single European currency by 1999.</p>
<p>Eurocopter, the Franco-German joint venture 70 percent held by French state-owned Aerospatiale and 30 percent by Daimler-Benz Aerospace AG (Dasa), will build the Tiger.</p>
<p>The contracts cover the helicopter airframe, the MTR 390 motor from the MTR group and anti-tank missile systems.</p>
<p>France is ordering an initial 80 ground support versions and Germany is buying the same number of anti-tank helicopters.</p>
<p>The French order is estimated at 12 billion francs, after a 10 percent price cut demanded by the DGA French procurement agency, Eurocopter chairman Francois Bigay had said. The DGA said that the cut resulted in a saving of 1.4 billion francs.</p>
<p>The order contracts are due in 1998, the DGA said.</p>
<p>The first deliveries are expected in 2002-2003.</p>
<p>The Tiger is a typical example of Franco-German defence industrial cooperation, involving an Aerospatiale-Dasa joint venture sharing development costs and production, with plants in both countries turning out aircraft to meet their respective armies' needs.</p>
<p>Aerospatiale had hoped to do similar joint ventures in missiles and space activities with Dasa, as part of an industrial consolidation, but saw its long-time German partner teaming instead with French rival Lagardere.</p>
<p>-- Pierre Tran, Le Bourget newsroom +33 1 4169 3649 pnt/bfl</p>
</text>
<copyright>(c) Reuters Limited 1997</copyright>
<metadata>
<codes class="bip:countries:1.0">
  <code code="FRA">
    <editdetail action="confirmed" attribution="Reuters BIP Coding Group" date="1997-06-20"/>
  </code>
  <code code="GFR">
    <editdetail action="confirmed" attribution="Reuters BIP Coding Group" date="1997-06-20"/>
  </code>
</codes>
<codes class="bip:industries:1.0">
  <code code="I35000">
    <editdetail action="confirmed" attribution="Reuters BIP Coding Group" date="1997-06-20"/>
  </code>
  <code code="I36400">
    <editdetail action="confirmed" attribution="Reuters BIP Coding Group" date="1997-06-20"/>
  </code>
  <code code="I3640010">
    <editdetail action="confirmed" attribution="Reuters BIP Coding Group" date="1997-06-20"/>
  </code>
  <code code="I83960">
    <editdetail action="confirmed" attribution="Reuters BIP Coding Group" date="1997-06-20"/>
  </code>
</codes>
<codes class="bip:topics:1.0">
  <code code="C33">
    <editdetail action="confirmed" attribution="Reuters BIP Coding Group" date="1997-06-20"/>
  </code>
  <code code="C331">
    <editdetail action="confirmed" attribution="Reuters BIP Coding Group" date="1997-06-20"/>
  </code>
  <code code="CCAT">
    <editdetail action="confirmed" attribution="Reuters BIP Coding Group" date="1997-06-20"/>
  </code>
  <code code="GCAT">
    <editdetail action="confirmed" attribution="Reuters BIP Coding Group" date="1997-06-20"/>
  </code>
  <code code="GDEF">
    <editdetail action="confirmed" attribution="Reuters BIP Coding Group" date="1997-06-20"/>
  </code>
</codes>
<dc element="dc.date.created" value="1997-06-20"/>
<dc element="dc.publisher" value="Reuters Holdings Plc"/>
<dc element="dc.date.published" value="1997-06-20"/>
<dc element="dc.source" value="Reuters"/>
<dc element="dc.creator.location" value="LE BOURGET, France"/>
<dc element="dc.creator.location.country.name" value="FRANCE"/>
<dc element="dc.source" value="Reuters"/>
</metadata>
</newsitem>
