<?xml version="1.0" encoding="ISO-8859-1" standalone="no"?>
<newsitem date="1997-06-20" id="root" itemid="676283" xml:lang="en">
<title>USA: Major feedlot daily weighted averages - USDA.</title>
<headline>Major feedlot daily weighted averages - USDA.</headline>
<dateline>OMAHA 1997-06-20</dateline>
<text>
<p>Five area daily weighted averages</p>
<p>for for Thursday, June 19, 1997</p>
<p>Texas-Okla; Kansas; Colorado; Nebraska; Iowa-So. Minn Feedlots</p>
<p>Confirmed:    121,848  Week Ago:  29,416   Last Year:  47,830</p>
<p>Week to Date: 382,848  Week Ago: 316,961   Last Year: 200,333</p>
<p>Live Basis Sales     Weight/lbs     Price/dollars   Weighted Avgs</p>
<p>Slaughter Steers (Beef Breeds)</p>
<p>   579 SE/CH 65-80%  1212 -1243     64.00 - 65.15 1234    64.81</p>
<p>45,349 SE/CH 35-65%  1163 -1194     64.00 - 64.06 1181    64.03</p>
<p>    52 SE/CH 20-35%	  1275		 63.00 1275    63.00</p>
<p>			  Weight/lbs	 Price/dollars   Weighted Avgs</p>
<p>Live Basis Sales    - Slaughter Heifers (Beef Breeds)</p>
<p>   863 SE/CH 65-80%  1103 -1150     64.00 - 64.24 1112    64.19</p>
<p>35,992 SE/CH 35-65%  1054 -1081     63.99 - 64.02 1072    64.00</p>
<p>Dressed Basis Sales - Slaughter Steers (Beef Breeds)</p>
<p> 1,143 SE/CH 35-65%  1175 -1242    102.00 -104.00 1226   103.78</p>
<p>Dressed Basis Sales  - Slaughter Heifers (Beef Breeds)</p>
<p>			   Weight/lbs    Price/dollars     Weighted Avgs</p>
<p>354 SE/CH 65-80%  1050 -1130    102.50 -104.13 1111   103.73</p>
<p>272 SE/CH 35-65%   950 -1126    102.00 -104.00 1048   103.05</p>
<p>Thursday's Daily Weighted Averages (Beef Breeds)</p>
<p>Live Steer     : 1181  lbs   -    $64.03 - 45,980 Hd.</p>
<p>Live Heifer    : 1073  lbs   -    $64.00 - 36,855 Hd.</p>
<p>Dressed Steer  : 1226  lbs   -   $103.78 -  1,143 Hd.</p>
<p>Dressed Heifer : 1083  lbs   -   $103.44 -    626 Hd.</p>
<p>Total Other:     37,244 Hd.	Total Weighted - 84,604 Hd.</p>
<p>Week Ago Weighted Averages:</p>
<p>Live Steer     : 1189  lbs	  $63.17</p>
<p>Live Heifer    : 1093  lbs   -    $63.09</p>
<p>Dressed Steer  : 1228  lbs   -   $102.25</p>
<p>Dressed Heifer : 1117  lbs   -   $102.09</p>
<p>Year Ago Weighted Averages:</p>
<p>Live Steer     : 1202  lbs   -    $61.02</p>
<p>Live Heifer    : 1093  lbs   -    $61.01</p>
<p>Dressed Steer  : 1231  lbs   -    $97.72</p>
<p>Dressed Heifer : 1113  lbs   -    $97.39</p>
<p>((Chicago newsdesk 312-408-8720))</p>
</text>
<copyright>(c) Reuters Limited 1997</copyright>
<metadata>
<codes class="bip:countries:1.0">
  <code code="USA">
    <editdetail action="confirmed" attribution="Reuters BIP Coding Group" date="1997-06-20"/>
  </code>
</codes>
<codes class="bip:topics:1.0">
  <code code="M14">
    <editdetail action="confirmed" attribution="Reuters BIP Coding Group" date="1997-06-20"/>
  </code>
  <code code="M141">
    <editdetail action="confirmed" attribution="Reuters BIP Coding Group" date="1997-06-20"/>
  </code>
  <code code="MCAT">
    <editdetail action="confirmed" attribution="Reuters BIP Coding Group" date="1997-06-20"/>
  </code>
</codes>
<dc element="dc.date.created" value="1997-06-20"/>
<dc element="dc.publisher" value="Reuters Holdings Plc"/>
<dc element="dc.date.published" value="1997-06-20"/>
<dc element="dc.source" value="Reuters"/>
<dc element="dc.creator.location" value="OMAHA"/>
<dc element="dc.creator.location.country.name" value="USA"/>
<dc element="dc.source" value="Reuters"/>
</metadata>
</newsitem>
