<?xml version="1.0" encoding="ISO-8859-1" standalone="no"?>
<newsitem date="1997-06-20" id="root" itemid="676435" xml:lang="en">
<title>GERMANY: Bonn plans supplementary 1997 budget - Bohl.</title>
<headline>Bonn plans supplementary 1997 budget - Bohl.</headline>
<dateline>BONN 1997-06-20</dateline>
<text>
<p>The German government said on Friday it would draft a supplementary 1997 budget which will allow a higher level of new borrowing than planned but still meet the criteria for Europe's single currency.</p>
<p>Chancellery Minister Friedrich Bohl said in a statement that the supplementary budget would "make an exceptional allowance for higher new borrowing".  </p>
<p>Commenting on the 1998 budget, which is currently being drafted by Chancellor Helmut Kohl's three-party coalition, Bohl said it would meet constitutional requirements that new borrowing does not exceed investment.</p>
<p>"With that we will fulfil the Maastricht criteria to participate in European monetary union. Through budget measures already introduced, among others privatisation, Germany will definitely meet the three percent criterion," Bohl said.</p>
<p>It was not immediately clear if Bohl's comment on higher new borrowing this year meant Bonn was distancing itself from its drive to cut the deficit to exactly three percent of GDP, rather than use the room for manoeuvre contained in the wording of the Maastricht treaty.</p>
<p>The remarks on fulfilling the Maastricht deficit target were also ambiguous, and it was not clear whether they applied to both 1997 and 1998, or just to 1998. No officials at the Chancellery or Finance Ministries were available for comment.</p>
</text>
<copyright>(c) Reuters Limited 1997</copyright>
<metadata>
<codes class="bip:countries:1.0">
  <code code="EEC">
    <editdetail action="confirmed" attribution="Reuters BIP Coding Group" date="1997-06-20"/>
  </code>
  <code code="GFR">
    <editdetail action="confirmed" attribution="Reuters BIP Coding Group" date="1997-06-20"/>
  </code>
</codes>
<codes class="bip:topics:1.0">
  <code code="E12">
    <editdetail action="confirmed" attribution="Reuters BIP Coding Group" date="1997-06-20"/>
  </code>
  <code code="E21">
    <editdetail action="confirmed" attribution="Reuters BIP Coding Group" date="1997-06-20"/>
  </code>
  <code code="E211">
    <editdetail action="confirmed" attribution="Reuters BIP Coding Group" date="1997-06-20"/>
  </code>
  <code code="ECAT">
    <editdetail action="confirmed" attribution="Reuters BIP Coding Group" date="1997-06-20"/>
  </code>
  <code code="G15">
    <editdetail action="confirmed" attribution="Reuters BIP Coding Group" date="1997-06-20"/>
  </code>
  <code code="G154">
    <editdetail action="confirmed" attribution="Reuters BIP Coding Group" date="1997-06-20"/>
  </code>
  <code code="GCAT">
    <editdetail action="confirmed" attribution="Reuters BIP Coding Group" date="1997-06-20"/>
  </code>
  <code code="GPOL">
    <editdetail action="confirmed" attribution="Reuters BIP Coding Group" date="1997-06-20"/>
  </code>
</codes>
<dc element="dc.date.created" value="1997-06-20"/>
<dc element="dc.publisher" value="Reuters Holdings Plc"/>
<dc element="dc.date.published" value="1997-06-20"/>
<dc element="dc.source" value="Reuters"/>
<dc element="dc.creator.location" value="BONN"/>
<dc element="dc.creator.location.country.name" value="GERMANY"/>
<dc element="dc.source" value="Reuters"/>
</metadata>
</newsitem>
