<?xml version="1.0" encoding="ISO-8859-1" standalone="no"?>
<newsitem date="1997-06-20" id="root" itemid="675888" xml:lang="en">
<title>COLOMBIA: Colombia eyes possible change in U.S. drug policy.</title>
<headline>Colombia eyes possible change in U.S. drug policy.</headline>
<dateline>BOGOTA 1997-06-20</dateline>
<text>
<p>Foreign Minister Maria Emma Mejia said on Friday she hoped to see a change in U.S. drug policy before next year, when the White House will decide whether to "decertify" Colombia for a third time as an ally in the drug war.</p>
<p>Mejia conceded that congressional passage of a bill that would lift Colombia's six-year-old ban on extradition may not be enough to take the chill out of U.S.-Colombia ties, however.</p>
<p>Mejia spoke in an interview with the Radionet news programme after the extradition bill was approved by the lower house of Congress on Thursday night. The controversial bill must still survive an additional four votes in the next session of Congress, beginning on July 20, before it becomes law.</p>
<p>Colombia faces the threat of punitive U.S. trade sanctions if the legislation, which was proposed by President Ernesto Samper under intense pressure from Washington, fails to win passage.</p>
<p>But, as currently drafted, critics like former chief prosecutor Alfonso Valdivieso, an anti-drug crusader, say the bill is essentially "innocuous" since it would prevent the extradition of Cali cartel drug kingpins already tried for their crimes in Colombia.</p>
<p>It also excludes criminals who turn themselves in and would prevent the extradition of drug lords if they faced stiffer penalties abroad than they do under Colombia's notoriously lax justice system.</p>
<p>Alluding to the weakness of the legislation, Mejia said it was unlikely to produce "a transformation or a change in our relations with that country (the United States)."</p>
<p>But she added that the United States, and the international community, had to recognise the efforts Colombia has made to crack down on its billion cocaine merchants over the last year, however, and said extradition was just "one more tool" in the fight against drugs.</p>
<p>Other tools include recent laws dictating stiffer prison sentences for traffickers and allowing for the seizure of their wealth and property.</p>
<p>Colombia was decertified in February, for the second consecutive year, for its alleged failure to clamp down hard enough on its massive trade in narcotics.</p>
<p>Mejia said the entire decertification process had fallen under scrutiny in Washington, however, and said she trusted that it would be "modified" substantially by the White House before next year.</p>
<p>She did not elaborate, but appeared to voice hope that Colombia would not be hit with trade sanctions even if the administration of U.S. President Bill Clinton branded it an outcast nation for a third straight year.</p>
<p>In announcing Colombia's decertification in February, Washington cited corruption at the highest levels of the Colombian government and the scandal over Samper's alledgedly drug-financed election campaign.</p>
</text>
<copyright>(c) Reuters Limited 1997</copyright>
<metadata>
<codes class="bip:countries:1.0">
  <code code="COL">
    <editdetail action="confirmed" attribution="Reuters BIP Coding Group" date="1997-06-20"/>
  </code>
  <code code="USA">
    <editdetail action="confirmed" attribution="Reuters BIP Coding Group" date="1997-06-20"/>
  </code>
</codes>
<codes class="bip:topics:1.0">
  <code code="GCAT">
    <editdetail action="confirmed" attribution="Reuters BIP Coding Group" date="1997-06-20"/>
  </code>
  <code code="GCRIM">
    <editdetail action="confirmed" attribution="Reuters BIP Coding Group" date="1997-06-20"/>
  </code>
  <code code="GDIP">
    <editdetail action="confirmed" attribution="Reuters BIP Coding Group" date="1997-06-20"/>
  </code>
</codes>
<dc element="dc.date.created" value="1997-06-20"/>
<dc element="dc.publisher" value="Reuters Holdings Plc"/>
<dc element="dc.date.published" value="1997-06-20"/>
<dc element="dc.source" value="Reuters"/>
<dc element="dc.creator.location" value="BOGOTA"/>
<dc element="dc.creator.location.country.name" value="COLOMBIA"/>
<dc element="dc.source" value="Reuters"/>
</metadata>
</newsitem>
