<?xml version="1.0" encoding="ISO-8859-1" standalone="no"?>
<newsitem date="1997-06-20" id="root" itemid="675616" xml:lang="en">
<title>MAURITIUS: Mauritius rupee firms on dollar, weak on pound.</title>
<headline>Mauritius rupee firms on dollar, weak on pound.</headline>
<dateline>PORT LOUIS 1997-06-20</dateline>
<text>
<p>The Mauritian rupee firmed against the dollar but weakened against the pound sterling on Friday, reflecting international market trends, foreign exchange dealers said.</p>
<p>The rupee was fixed at a commercial mean rate of 20.7315 to the dollar from 20.7795 on Thursday, and at 34.19 to the pound from 34.0505.</p>
<p>Forex dealers said there was no big activity on the inter- bank forex market as importers' demand was subdued.</p>
<p>--Clifford Vellien  ++230  211-9555</p>
</text>
<copyright>(c) Reuters Limited 1997</copyright>
<metadata>
<codes class="bip:countries:1.0">
  <code code="MAURTS">
    <editdetail action="confirmed" attribution="Reuters BIP Coding Group" date="1997-06-20"/>
  </code>
</codes>
<codes class="bip:topics:1.0">
  <code code="M13">
    <editdetail action="confirmed" attribution="Reuters BIP Coding Group" date="1997-06-20"/>
  </code>
  <code code="M132">
    <editdetail action="confirmed" attribution="Reuters BIP Coding Group" date="1997-06-20"/>
  </code>
  <code code="MCAT">
    <editdetail action="confirmed" attribution="Reuters BIP Coding Group" date="1997-06-20"/>
  </code>
</codes>
<dc element="dc.date.created" value="1997-06-20"/>
<dc element="dc.publisher" value="Reuters Holdings Plc"/>
<dc element="dc.date.published" value="1997-06-20"/>
<dc element="dc.source" value="Reuters"/>
<dc element="dc.creator.location" value="PORT LOUIS"/>
<dc element="dc.creator.location.country.name" value="MAURITIUS"/>
<dc element="dc.source" value="Reuters"/>
</metadata>
</newsitem>
