<?xml version="1.0" encoding="ISO-8859-1" standalone="no"?>
<newsitem date="1997-06-20" id="root" itemid="675897" xml:lang="en">
<title>MEXICO: Banco de Mexico assigns both secondary credits.</title>
<headline>Banco de Mexico assigns both secondary credits.</headline>
<dateline>MEXICO CITY 1997-06-20</dateline>
<text>
<p>Banco de Mexico has assigned both credit auctions whereby it had sought to inject 1.077 billion pesos into the secondary market on Friday, dealers said.</p>
<p>The auctions were placed as follows:</p>
<p>    AMOUNT     TERM	 AVERAGE RATE</p>
<p>    550 million     4 days    22.35 pct</p>
<p>    527 million     3 days    22.70 pct</p>
<p>*Amounts in pesos</p>
<p>((-- Mexico City newsroom +525 728-9559))</p>
</text>
<copyright>(c) Reuters Limited 1997</copyright>
<metadata>
<codes class="bip:countries:1.0">
  <code code="MEX">
    <editdetail action="confirmed" attribution="Reuters BIP Coding Group" date="1997-06-20"/>
  </code>
</codes>
<codes class="bip:topics:1.0">
  <code code="M13">
    <editdetail action="confirmed" attribution="Reuters BIP Coding Group" date="1997-06-20"/>
  </code>
  <code code="M131">
    <editdetail action="confirmed" attribution="Reuters BIP Coding Group" date="1997-06-20"/>
  </code>
  <code code="MCAT">
    <editdetail action="confirmed" attribution="Reuters BIP Coding Group" date="1997-06-20"/>
  </code>
</codes>
<dc element="dc.date.created" value="1997-06-20"/>
<dc element="dc.publisher" value="Reuters Holdings Plc"/>
<dc element="dc.date.published" value="1997-06-20"/>
<dc element="dc.source" value="Reuters"/>
<dc element="dc.creator.location" value="MEXICO CITY"/>
<dc element="dc.creator.location.country.name" value="MEXICO"/>
<dc element="dc.source" value="Reuters"/>
</metadata>
</newsitem>
