<?xml version="1.0" encoding="ISO-8859-1" standalone="no"?>
<newsitem date="1997-06-20" id="root" itemid="677292" xml:lang="en">
<title>JAPAN: Japanese carmakers seen scaling back production.</title>
<headline>Japanese carmakers seen scaling back production.</headline>
<byline>Mitsuo Suzuki</byline>
<dateline>TOKYO 1997-06-20</dateline>
<text>
<p>Hit by sluggish car sales at home, Honda Motor Co. Ltd said Friday it would scale back its domestic output for July, and analysts said other Japanese automakers would eventually follow suit and revise down their output plans later in the business year.</p>
<p>Japan's top five carmakers, except for Mazda Motor Corp., suffered a drop in domestic car sales in May even while production grew, helped by higher exports.</p>
<p>Domestic car sales have been affected by an April rise in the national sales tax to 5 percent from 3 percent, which has forced consumers to tighten their purse strings.</p>
<p>"All Japanese carmakers are likely to revise down their domestic car output plans, because the combined total of their projected output is too large," said Seiji Sugiura, an industry analyst at Nomura Securities Co. Ltd's research unit.</p>
<p>"They need to cut their output plans by at least 600,000 units," he said.</p>
<p>Japan's 11 vehicle makers planned total production of 11.33 million vehicles in the current 1997/98 business year, against output of 10.60 million units in the previous year.</p>
<p>"They have to lower their output because their production plans are too optimistic. Overall domestic production is likely to fall by 200,000 or 300,000 units this year, or be flat against last year at the best," Kankaku Research senior analyst Nobuaki Yanachi said.</p>
<p>He said carmakers may reduce their output in the second half of 1997/98 after a build-up in inventories. Domestic inventories fell sharply due to higher sales ahead of the April sales tax increase and strong exports.</p>
<p>On Tuesday, Japan Automobile Manufacturers Association chairman Yoshifumi Tsuji said that Japan's domestic sales in the June 1 to June 17 period were down 5 percent from the same period a year ago. He said domestic car sales in 1997/98 were likely to be lower than in the previous year.</p>
<p>A Honda spokesman said Friday that the company would scale back production at its two domestic plants in July in line with slowing domestic orders. But Honda stopped short of saying it would revise down its production plan for the business year.</p>
<p>A Toyota spokesman said the company has no plans to revise its domestic output plan, under which it forecast production of  3.55 million vehicles in 1997/98, up 1.4 percent from 3.50 million.</p>
<p>Nissan Motor Co. Ltd, Mitsubishi Motors Corp. and Mazda also said they have no plans to revise their domestic output estimates because of expected good demand for their new models.</p>
</text>
<copyright>(c) Reuters Limited 1997</copyright>
<metadata>
<codes class="bip:countries:1.0">
  <code code="JAP">
    <editdetail action="confirmed" attribution="Reuters BIP Coding Group" date="1997-06-20"/>
  </code>
</codes>
<codes class="bip:topics:1.0">
  <code code="C21">
    <editdetail action="confirmed" attribution="Reuters BIP Coding Group" date="1997-06-20"/>
  </code>
  <code code="C31">
    <editdetail action="confirmed" attribution="Reuters BIP Coding Group" date="1997-06-20"/>
  </code>
  <code code="C311">
    <editdetail action="confirmed" attribution="Reuters BIP Coding Group" date="1997-06-20"/>
  </code>
</codes>
<dc element="dc.date.created" value="1997-06-20"/>
<dc element="dc.publisher" value="Reuters Holdings Plc"/>
<dc element="dc.date.published" value="1997-06-20"/>
<dc element="dc.source" value="Reuters"/>
<dc element="dc.creator.location" value="TOKYO"/>
<dc element="dc.creator.location.country.name" value="JAPAN"/>
<dc element="dc.source" value="Reuters"/>
</metadata>
</newsitem>
