<?xml version="1.0" encoding="ISO-8859-1" standalone="no"?>
<newsitem date="1997-06-20" id="root" itemid="676706" xml:lang="en">
<title>USA: NY precious metals called to open lower.</title>
<headline>NY precious metals called to open lower.</headline>
<dateline>NEW YORK 1997-06-20</dateline>
<text>
<p>COMEX and NYMEX precious metals futures were called to open lower Friday amid indications that no deliveries of Russian platinum or palladium have been made June 20, the day Russian officials said shipments for 1997 would finally start.</p>
<p>Some dealers now expected shipments to begin in July.</p>
<p>COMEX August gold was called off $1.00 to $1.50. Bullion was quoted by dealers at $339.30/80 and was fixed at $339.55 an ounce this morning.</p>
<p>COMEX July silver was called flat to 1.0 cent weaker.</p>
</text>
<copyright>(c) Reuters Limited 1997</copyright>
<metadata>
<codes class="bip:countries:1.0">
  <code code="USA">
    <editdetail action="confirmed" attribution="Reuters BIP Coding Group" date="1997-06-20"/>
  </code>
</codes>
<codes class="bip:topics:1.0">
  <code code="M14">
    <editdetail action="confirmed" attribution="Reuters BIP Coding Group" date="1997-06-20"/>
  </code>
  <code code="M142">
    <editdetail action="confirmed" attribution="Reuters BIP Coding Group" date="1997-06-20"/>
  </code>
  <code code="MCAT">
    <editdetail action="confirmed" attribution="Reuters BIP Coding Group" date="1997-06-20"/>
  </code>
</codes>
<dc element="dc.date.created" value="1997-06-20"/>
<dc element="dc.publisher" value="Reuters Holdings Plc"/>
<dc element="dc.date.published" value="1997-06-20"/>
<dc element="dc.source" value="Reuters"/>
<dc element="dc.creator.location" value="NEW YORK"/>
<dc element="dc.creator.location.country.name" value="USA"/>
<dc element="dc.source" value="Reuters"/>
</metadata>
</newsitem>
