<?xml version="1.0" encoding="ISO-8859-1" standalone="no"?>
<newsitem date="1997-06-20" id="root" itemid="677236" xml:lang="en">
<title>ITALY: Autostrade shareholder core seen by June.</title>
<headline>Autostrade shareholder core seen by June.</headline>
<dateline>ROME 1997-06-20</dateline>
<text>
<p>The selection of a stable core of shareholders for Italian motorway manager Autostrade after privatisation should be made by the end of June, the director general of state industrial holding IRI said on Friday.</p>
<p>Pietro Ciucci, director general at the state holding which controls Autostrade, said a public share offer (OPV) for the motorway manager should get underway in September.</p>
<p>"As soon as the guidelines are finished, IRI will start with the privatisation, first constructing a stable nucleus and then launching the OPV," Ciucci said, talking on the fringe of a meeting here.</p>
<p>"And in order to carry out the two operations, the months of June and September respectively are the possible objectives," he said.</p>
<p>--Milan bureau +39 2 66129507</p>
</text>
<copyright>(c) Reuters Limited 1997</copyright>
<metadata>
<codes class="bip:countries:1.0">
  <code code="ITALY">
    <editdetail action="confirmed" attribution="Reuters BIP Coding Group" date="1997-06-20"/>
  </code>
</codes>
<codes class="bip:industries:1.0">
  <code code="I72300">
    <editdetail action="confirmed" attribution="Reuters BIP Coding Group" date="1997-06-20"/>
  </code>
</codes>
<codes class="bip:topics:1.0">
  <code code="C18">
    <editdetail action="confirmed" attribution="Reuters BIP Coding Group" date="1997-06-20"/>
  </code>
  <code code="C181">
    <editdetail action="confirmed" attribution="Reuters BIP Coding Group" date="1997-06-20"/>
  </code>
  <code code="C183">
    <editdetail action="confirmed" attribution="Reuters BIP Coding Group" date="1997-06-20"/>
  </code>
  <code code="CCAT">
    <editdetail action="confirmed" attribution="Reuters BIP Coding Group" date="1997-06-20"/>
  </code>
</codes>
<dc element="dc.date.created" value="1997-06-20"/>
<dc element="dc.publisher" value="Reuters Holdings Plc"/>
<dc element="dc.date.published" value="1997-06-20"/>
<dc element="dc.source" value="Reuters"/>
<dc element="dc.creator.location" value="ROME"/>
<dc element="dc.creator.location.country.name" value="ITALY"/>
<dc element="dc.source" value="Reuters"/>
</metadata>
</newsitem>
