<?xml version="1.0" encoding="ISO-8859-1" standalone="no"?>
<newsitem date="1997-06-20" id="root" itemid="677487" xml:lang="en">
<title>CHINA: Shanghai Metal Exchange Warehouse figures - June 2.</title>
<headline>Shanghai Metal Exchange Warehouse figures - June 2.</headline>
<dateline>SHANGHAI 1997-06-20</dateline>
<text>
<p>Latest Shanghai Metal Exchange figures are (tonnes):</p>
<p>				 June 20		June 15</p>
<p> Aluminium		   11,515		 11,121</p>
<p> Copper			25,275		 24,190</p>
<p> Lead			     551		    372</p>
<p> Zinc			     712		    408</p>
<p> Tin				 61		     17</p>
<p> Nickel			    42		     44</p>
<p>-- Shanghai newsroom (86-21) 6279-8544</p>
</text>
<copyright>(c) Reuters Limited 1997</copyright>
<metadata>
<codes class="bip:countries:1.0">
  <code code="CHINA">
    <editdetail action="confirmed" attribution="Reuters BIP Coding Group" date="1997-06-20"/>
  </code>
</codes>
<codes class="bip:topics:1.0">
  <code code="M14">
    <editdetail action="confirmed" attribution="Reuters BIP Coding Group" date="1997-06-20"/>
  </code>
  <code code="M142">
    <editdetail action="confirmed" attribution="Reuters BIP Coding Group" date="1997-06-20"/>
  </code>
  <code code="MCAT">
    <editdetail action="confirmed" attribution="Reuters BIP Coding Group" date="1997-06-20"/>
  </code>
</codes>
<dc element="dc.date.created" value="1997-06-20"/>
<dc element="dc.publisher" value="Reuters Holdings Plc"/>
<dc element="dc.date.published" value="1997-06-20"/>
<dc element="dc.source" value="Reuters"/>
<dc element="dc.creator.location" value="SHANGHAI"/>
<dc element="dc.creator.location.country.name" value="CHINA"/>
<dc element="dc.source" value="Reuters"/>
</metadata>
</newsitem>
