<?xml version="1.0" encoding="ISO-8859-1" standalone="no"?>
<newsitem date="1997-06-20" id="root" itemid="676665" xml:lang="en">
<title>USA: Livingston Survey - US GDP +2.4 pct in 2nd half 97.</title>
<headline>Livingston Survey - US GDP +2.4 pct in 2nd half 97.</headline>
<dateline>NEW YORK 1997-06-20</dateline>
<text>
<p>The U.S. economy is expected to slow from a sizzling 5.8 pct growth pace in the first quarter to a more moderate 2.4 percent expansion rate in the second half of 1997, the Federal Reserve Bank of Philadelphia semi-annual Livingston survey of private forecasters said.</p>
<p>The survey also showed economists expect the nation's Gross Domestic Product (GDP) to grow by 2.2 percent in the first half of 1998.</p>
<p>Unemployment rate is expected to remain low. The jobless rate is seen at 5.0 percent by late 1997 and at 5.1 percent in June 1998, the survey detected.  </p>
<p>The survey also indicated economists expect inflation to rise slightly. The nation's consumer price index (CPI) was seen rising by 2.7 percent in the second half of 1997 and jumping 3.1 percent in first half of 1998.</p>
<p>Housing starts are forecast to drop 6.5 percent in the second half of 1997, while retail sales are expected to grow by an annual 5.0 percent rate over the next six months.  </p>
<p>Here follows summary of the survey:</p>
<p>		  Q2 97   2nd half 97   1st half 98  10-year avg</p>
<p>Real GDP	2.3 pct   2.4 pct	 2.2 pct	  2.4 pct</p>
<p>PPI	     N/A	 3.0 pct	 2.1 pct	  N/A</p>
<p>CPI	     N/A	 2.7 pct	 3.1 pct	  2.9 pct</p>
<p>		 Unemployment and interest rates</p>
<p>			    June '97   Dec '97    June '98   Dec '98</p>
<p> Unemployment Rate    4.9 pct    5.0 pct    5.1 pct	N/A</p>
<p> 3-month T-bill	 5.2 pct    5.5 pct    5.5 pct    5.3 pct</p>
<p> 30-yr T-bond	   7.0 pct    7.1 pct    6.9 pct    6.8 pct</p>
<p>(( -- J.P. Vicente, 212-859-1676 ))</p>
</text>
<copyright>(c) Reuters Limited 1997</copyright>
<metadata>
<codes class="bip:countries:1.0">
  <code code="USA">
    <editdetail action="confirmed" attribution="Reuters BIP Coding Group" date="1997-06-20"/>
  </code>
</codes>
<codes class="bip:topics:1.0">
  <code code="E11">
    <editdetail action="confirmed" attribution="Reuters BIP Coding Group" date="1997-06-20"/>
  </code>
  <code code="ECAT">
    <editdetail action="confirmed" attribution="Reuters BIP Coding Group" date="1997-06-20"/>
  </code>
</codes>
<dc element="dc.date.created" value="1997-06-20"/>
<dc element="dc.publisher" value="Reuters Holdings Plc"/>
<dc element="dc.date.published" value="1997-06-20"/>
<dc element="dc.source" value="Reuters"/>
<dc element="dc.creator.location" value="NEW YORK"/>
<dc element="dc.creator.location.country.name" value="USA"/>
<dc element="dc.source" value="Reuters"/>
</metadata>
</newsitem>
