<?xml version="1.0" encoding="ISO-8859-1" standalone="no"?>
<newsitem date="1997-06-20" id="root" itemid="676969" xml:lang="en">
<title>USA: BALANCE -- N.H. Muni Bond Bank series A at $2 mln.</title>
<headline>BALANCE -- N.H. Muni Bond Bank series A at $2 mln.</headline>
<text>
<p>NEW HAMPSHIRE MUNICIPAL BOND BANK</p>
<p>RE: $13,585,000</p>
<p>1997 SERIES A BONDS</p>
<p>    MOODY'S: Aaa / A1	    S&amp;P: AAA / A+</p>
<p>Delivery Date: 07/10/1997</p>
<p>Maturity	   Balance     Coupon    List</p>
<p>08/15/2002		40M    4.70	  4.40</p>
<p>08/15/2008		90M    4.85	  4.85</p>
<p>08/15/2009	     290M    4.95	  4.95</p>
<p>08/15/2010		25M    5.05	  5.05</p>
<p>08/15/2011	     410M    5.10	  5.10</p>
<p>08/15/2012	     250M    5.15	  5.15</p>
<p>08/15/2013	     255M    5.20	  5.20</p>
<p>08/15/2014	     255M    5.20	  5.25</p>
<p>08/15/2015		30M    5.25	  5.30</p>
<p>08/15/2016		55M    5.30	  5.35</p>
<p>08/15/2017	     455M    5.30	  5.35</p>
<p>CALL FEATURES: 08/15/2007    101.00</p>
<p>		   DTP 08/15/2009</p>
<p>  Total:	     2,155M</p>
<p>State Street Bank and Trust Company</p>
<p>Prudential Securities Incorporated</p>
<p>PaineWebber Incorporated</p>
<p>Fidelity Capital Markets</p>
<p>Gruntal &amp; Co., Inc.</p>
<p>--U.S. Municipal Desk, 212-859-1650</p>
</text>
<copyright>(c) Reuters Limited 1997</copyright>
<metadata>
<codes class="bip:countries:1.0">
  <code code="USA">
    <editdetail action="confirmed" attribution="Reuters BIP Coding Group" date="1997-06-20"/>
  </code>
</codes>
<codes class="bip:topics:1.0">
  <code code="E21">
    <editdetail action="confirmed" attribution="Reuters BIP Coding Group" date="1997-06-20"/>
  </code>
  <code code="E212">
    <editdetail action="confirmed" attribution="Reuters BIP Coding Group" date="1997-06-20"/>
  </code>
  <code code="ECAT">
    <editdetail action="confirmed" attribution="Reuters BIP Coding Group" date="1997-06-20"/>
  </code>
</codes>
<dc element="dc.publisher" value="Reuters Holdings Plc"/>
<dc element="dc.date.published" value="1997-06-20"/>
<dc element="dc.source" value="Reuters"/>
<dc element="dc.creator.location.country.name" value="USA"/>
<dc element="dc.source" value="Reuters"/>
</metadata>
</newsitem>
