<?xml version="1.0" encoding="ISO-8859-1" standalone="no"?>
<newsitem date="1997-06-20" id="root" itemid="677473" xml:lang="en">
<title>SOUTH KOREA: S.Korea seeks open market in 21st century.</title>
<headline>S.Korea seeks open market in 21st century.</headline>
<dateline>SEOUL 1997-06-20</dateline>
<text>
<p>The South Korean government has set a national agenda that would shift policies toward creating an open market economy in preparation for the 21st century, a finance ministry statement said on Friday.</p>
<p>President Kim Young-sam, economic-related ministers and the central Bank of Korea governor were to meet on Friday to discuss such issues as making the government more consumer-oriented and promoting fair competition among corporations and corporate transparency in the 21st century.</p>
<p>The agenda also included introducing flexibility in economic and social policies, improving infrastructure and promoting information and innovation.</p>
<p>The government would come up with measures to pursue its goals, the statement said.</p>
<p>--Seoul Newsroom (822) 727 5643</p>
</text>
<copyright>(c) Reuters Limited 1997</copyright>
<metadata>
<codes class="bip:countries:1.0">
  <code code="SKOREA">
    <editdetail action="confirmed" attribution="Reuters BIP Coding Group" date="1997-06-20"/>
  </code>
</codes>
<codes class="bip:topics:1.0">
  <code code="E12">
    <editdetail action="confirmed" attribution="Reuters BIP Coding Group" date="1997-06-20"/>
  </code>
  <code code="ECAT">
    <editdetail action="confirmed" attribution="Reuters BIP Coding Group" date="1997-06-20"/>
  </code>
</codes>
<dc element="dc.date.created" value="1997-06-20"/>
<dc element="dc.publisher" value="Reuters Holdings Plc"/>
<dc element="dc.date.published" value="1997-06-20"/>
<dc element="dc.source" value="Reuters"/>
<dc element="dc.creator.location" value="SEOUL"/>
<dc element="dc.creator.location.country.name" value="SOUTH KOREA"/>
<dc element="dc.source" value="Reuters"/>
</metadata>
</newsitem>
