<?xml version="1.0" encoding="ISO-8859-1" standalone="no"?>
<newsitem date="1997-06-20" id="root" itemid="676950" xml:lang="en">
<title>DUBAI: Saudi Arabia beheads Pakistani for smuggling heroin.</title>
<headline>Saudi Arabia beheads Pakistani for smuggling heroin.</headline>
<dateline>DUBAI 1997-06-20</dateline>
<text>
<p>Saudi Arabia on Friday beheaded a Pakistani man for smuggling heroin into the kingdom, the Saudi Interior Ministry said.</p>
<p>A ministry statement carried by the official Saudi Press Agency said the man was executed in Riyadh.</p>
<p>The execution brings to 54 the number of people put to death in Saudi Arabia, which enforces Islamic sharia law by publicly beheading convicted murderers, rapists and drug smugglers.</p>
</text>
<copyright>(c) Reuters Limited 1997</copyright>
<metadata>
<codes class="bip:countries:1.0">
  <code code="PAKIS">
    <editdetail action="confirmed" attribution="Reuters BIP Coding Group" date="1997-06-20"/>
  </code>
  <code code="SAARAB">
    <editdetail action="confirmed" attribution="Reuters BIP Coding Group" date="1997-06-20"/>
  </code>
</codes>
<codes class="bip:topics:1.0">
  <code code="GCAT">
    <editdetail action="confirmed" attribution="Reuters BIP Coding Group" date="1997-06-20"/>
  </code>
  <code code="GCRIM">
    <editdetail action="confirmed" attribution="Reuters BIP Coding Group" date="1997-06-20"/>
  </code>
  <code code="GDIP">
    <editdetail action="confirmed" attribution="Reuters BIP Coding Group" date="1997-06-20"/>
  </code>
</codes>
<dc element="dc.date.created" value="1997-06-20"/>
<dc element="dc.publisher" value="Reuters Holdings Plc"/>
<dc element="dc.date.published" value="1997-06-20"/>
<dc element="dc.source" value="Reuters"/>
<dc element="dc.creator.location" value="DUBAI"/>
<dc element="dc.creator.location.country.name" value="DUBAI"/>
<dc element="dc.source" value="Reuters"/>
</metadata>
</newsitem>
