<?xml version="1.0" encoding="ISO-8859-1" standalone="no"?>
<newsitem date="1997-06-20" id="root" itemid="677453" xml:lang="en">
<title>SOUTH KOREA: CHOHUNG APPLIES FOR HIGHER FOREIGN LIMIT.</title>
<headline>CHOHUNG APPLIES FOR HIGHER FOREIGN LIMIT.</headline>
<dateline>1997-06-20</dateline>
<text>
<p>South Korea's Chohung Bank has filed an application with the Securities Supervisory Board to allow the bank to expand its foreign shareholding limit, an official at the securities watchdog said on Friday.</p>
<p>If approved, the official said, another 4.5 percent stake in Chohung Bank, or eight million shares would be newly available to foreign investors. An issuance of depositary receipts by the bank left no shares available for foreigners when South Korea raised the ceiling to 23 percent on May 2.</p>
<p>The approval is expected to be made next week.</p>
<p>-- Seoul Newsroom (822) 727 5647</p>
</text>
<copyright>(c) Reuters Limited 1997</copyright>
<metadata>
<codes class="bip:countries:1.0">
  <code code="SKOREA">
    <editdetail action="confirmed" attribution="Reuters BIP Coding Group" date="1997-06-20"/>
  </code>
</codes>
<codes class="bip:industries:1.0">
  <code code="I81402">
    <editdetail action="confirmed" attribution="Reuters BIP Coding Group" date="1997-06-20"/>
  </code>
</codes>
<codes class="bip:topics:1.0">
  <code code="C13">
    <editdetail action="confirmed" attribution="Reuters BIP Coding Group" date="1997-06-20"/>
  </code>
  <code code="C17">
    <editdetail action="confirmed" attribution="Reuters BIP Coding Group" date="1997-06-20"/>
  </code>
  <code code="C171">
    <editdetail action="confirmed" attribution="Reuters BIP Coding Group" date="1997-06-20"/>
  </code>
  <code code="CCAT">
    <editdetail action="confirmed" attribution="Reuters BIP Coding Group" date="1997-06-20"/>
  </code>
</codes>
<dc element="dc.date.created" value="1997-06-20"/>
<dc element="dc.publisher" value="Reuters Holdings Plc"/>
<dc element="dc.date.published" value="1997-06-20"/>
<dc element="dc.source" value="Reuters"/>
<dc element="dc.creator.location.country.name" value="SOUTH KOREA"/>
<dc element="dc.source" value="Reuters"/>
</metadata>
</newsitem>
