<?xml version="1.0" encoding="ISO-8859-1" standalone="no"?>
<newsitem date="1997-06-20" id="root" itemid="675711" xml:lang="en">
<title>ROMANIA: Romania leu closes slightly down at 7,210/250.</title>
<headline>Romania leu closes slightly down at 7,210/250.</headline>
<dateline>BUCHAREST 1997-06-20</dateline>
<text>
<p>The Romanian leu currency closed nearly flat at 7,210/250 to the dollar, from 7,200/250 in early trading on a quiet interbank market, traders said on Friday.</p>
<p>* Dealers said dollar demand picked up as some clients needed hard currency for consumer goods imports. Exporters hung on to their dollars, expecting fresh leu lows. Traders said the leu might fall marginally against the dollar next week, when the central bank (BNR) was expected to continue recent moves to buy dollars to prevent the leu from firming.</p>
<p>* Operators predicted higher dollar demand at money exchange bureaux would also put pressure on the leu. They expected Romanians to turn some of their leu savings into greenbacks, following cuts in banks' interest rates reflecting a recent relaxation in the BNR's monetary policy.</p>
<p>* Leu-dollar retail prices bobbed at 7,400/700 on Friday, weaker than 7,200/300 earlier in the week.</p>
<p>* Short-term money market rates hovered at about 43 percent, unchanged from morning levels. Traders said the BNR stayed away from the market on Friday. The money market is expected to move in line with the BNR's further steps to mop up excess leu liquidities, and to take leu deposits from commercial banks.</p>
<p>-- Bucharest Newsroom 40-1 3120264</p>
</text>
<copyright>(c) Reuters Limited 1997</copyright>
<metadata>
<codes class="bip:countries:1.0">
  <code code="ROM">
    <editdetail action="confirmed" attribution="Reuters BIP Coding Group" date="1997-06-20"/>
  </code>
</codes>
<codes class="bip:topics:1.0">
  <code code="M13">
    <editdetail action="confirmed" attribution="Reuters BIP Coding Group" date="1997-06-20"/>
  </code>
  <code code="M131">
    <editdetail action="confirmed" attribution="Reuters BIP Coding Group" date="1997-06-20"/>
  </code>
  <code code="M132">
    <editdetail action="confirmed" attribution="Reuters BIP Coding Group" date="1997-06-20"/>
  </code>
  <code code="MCAT">
    <editdetail action="confirmed" attribution="Reuters BIP Coding Group" date="1997-06-20"/>
  </code>
</codes>
<dc element="dc.date.created" value="1997-06-20"/>
<dc element="dc.publisher" value="Reuters Holdings Plc"/>
<dc element="dc.date.published" value="1997-06-20"/>
<dc element="dc.source" value="Reuters"/>
<dc element="dc.creator.location" value="BUCHAREST"/>
<dc element="dc.creator.location.country.name" value="ROMANIA"/>
<dc element="dc.source" value="Reuters"/>
</metadata>
</newsitem>
