<?xml version="1.0" encoding="ISO-8859-1" standalone="no"?>
<newsitem date="1997-06-20" id="root" itemid="675734" xml:lang="en">
<title>CROATIA: Croatia's wildlife at risk from pollution, farming.</title>
<headline>Croatia's wildlife at risk from pollution, farming.</headline>
<dateline>ZAGREB 1997-06-20</dateline>
<text>
<p>The Mediterranean sea lion, which became the mascot of the 1979 Mediterranean Games in Split, can no longer be found in Croatian waters and many other species look set to die out, officials said on Friday.</p>
<p>The sea lion was one of a number of endangered plants and animals that is growing because of pollution and poor farming and forestry projects which do not protect natural habitats.</p>
<p>Croatia signed a convention on biological diversity in January 1997 which calls for all European signatories to submit a list of endangered species.</p>
<p>Jasminka Radovic, who works at an organisation responsible for protecting Croatia's cultural and natural heritage, said the new list would contain more species than the previous one, written in 1994, though the full total is not yet known.</p>
<p>"The last red alert list...contained some 41 endangered animals and 226 plants, while now we are are trying to assess the actual number of plant and animal species living in the region. This will help us determine the current situation," Radovic said.</p>
<p>But the situation isn't all bad, she added. Wolves and bears are thriving in Croatia.</p>
</text>
<copyright>(c) Reuters Limited 1997</copyright>
<metadata>
<codes class="bip:countries:1.0">
  <code code="CRTIA">
    <editdetail action="confirmed" attribution="Reuters BIP Coding Group" date="1997-06-20"/>
  </code>
</codes>
<codes class="bip:topics:1.0">
  <code code="GCAT">
    <editdetail action="confirmed" attribution="Reuters BIP Coding Group" date="1997-06-20"/>
  </code>
  <code code="GENV">
    <editdetail action="confirmed" attribution="Reuters BIP Coding Group" date="1997-06-20"/>
  </code>
</codes>
<dc element="dc.date.created" value="1997-06-20"/>
<dc element="dc.publisher" value="Reuters Holdings Plc"/>
<dc element="dc.date.published" value="1997-06-20"/>
<dc element="dc.source" value="Reuters"/>
<dc element="dc.creator.location" value="ZAGREB"/>
<dc element="dc.creator.location.country.name" value="CROATIA"/>
<dc element="dc.source" value="Reuters"/>
</metadata>
</newsitem>
