<?xml version="1.0" encoding="ISO-8859-1" standalone="no"?>
<newsitem date="1997-06-20" id="root" itemid="676586" xml:lang="en">
<title>USA: U.S. states reach deal with tobacco companies.</title>
<headline>U.S. states reach deal with tobacco companies.</headline>
<dateline>WASHINGTON 1997-06-20</dateline>
<text>
<p>U.S. states reached a tentative agreement with cigarette companies on Friday to settle many of the lawsuits against the industry and to fund major new anti-smoking efforts, a lawyer for the states and a negotiator told reporters.  </p>
<p>"Everything looks good," said Trey Bobinger, an aide to the chief negotiator for U.S. states, Mississippi Attorney General Mike Moore. "There appears to be a deal."</p>
</text>
<copyright>(c) Reuters Limited 1997</copyright>
<metadata>
<codes class="bip:countries:1.0">
  <code code="USA">
    <editdetail action="confirmed" attribution="Reuters BIP Coding Group" date="1997-06-20"/>
  </code>
</codes>
<codes class="bip:topics:1.0">
  <code code="C12">
    <editdetail action="confirmed" attribution="Reuters BIP Coding Group" date="1997-06-20"/>
  </code>
</codes>
<dc element="dc.date.created" value="1997-06-20"/>
<dc element="dc.publisher" value="Reuters Holdings Plc"/>
<dc element="dc.date.published" value="1997-06-20"/>
<dc element="dc.source" value="Reuters"/>
<dc element="dc.creator.location" value="WASHINGTON"/>
<dc element="dc.creator.location.country.name" value="USA"/>
<dc element="dc.source" value="Reuters"/>
</metadata>
</newsitem>
