<?xml version="1.0" encoding="ISO-8859-1" standalone="no"?>
<newsitem date="1997-06-20" id="root" itemid="677133" xml:lang="en">
<title>GREECE: Aktor says project orderbook at 70bln drs.</title>
<headline>Aktor says project orderbook at 70bln drs.</headline>
<dateline>ATHENS 1997-06-20</dateline>
<text>
<p>Aktor construction management told shareholders during the annual meeting that the company's orderbook of uncompleted projects stood close to 70 billion drachmas.</p>
<p>Forecasts for this year see turnover rising 30 percent to 17 billion drachmas from 13 billion in 1995. Pre-tax earnings will grow 19 percent to 3.0 billion drachmas from 2.52 billion in 1996.</p>
<p>Aktor which leads the Attiki Odos consortium which has been awarded the Elefsina-Stavros-Spata highway said the project was budgeted at 48 billion drachmas.</p>
<p>Managing director Leonidas Bobolas told shareholders the firm would stick to its high payout policy. It will pay a 1996 dividend per share of 120 drachmas.</p>
<p>Aktor will also capitalise reserves of 1.0 billion drachmas and will issue bonus shares -- 10 bonus shares for every 20 held. --George Georgiopoulos, Athens Newsroom +301 3311812-4</p>
</text>
<copyright>(c) Reuters Limited 1997</copyright>
<metadata>
<codes class="bip:countries:1.0">
  <code code="GREECE">
    <editdetail action="confirmed" attribution="Reuters BIP Coding Group" date="1997-06-20"/>
  </code>
</codes>
<codes class="bip:industries:1.0">
  <code code="I50200">
    <editdetail action="confirmed" attribution="Reuters BIP Coding Group" date="1997-06-20"/>
  </code>
</codes>
<codes class="bip:topics:1.0">
  <code code="C15">
    <editdetail action="confirmed" attribution="Reuters BIP Coding Group" date="1997-06-20"/>
  </code>
  <code code="C152">
    <editdetail action="confirmed" attribution="Reuters BIP Coding Group" date="1997-06-20"/>
  </code>
  <code code="C31">
    <editdetail action="confirmed" attribution="Reuters BIP Coding Group" date="1997-06-20"/>
  </code>
  <code code="CCAT">
    <editdetail action="confirmed" attribution="Reuters BIP Coding Group" date="1997-06-20"/>
  </code>
</codes>
<dc element="dc.date.created" value="1997-06-20"/>
<dc element="dc.publisher" value="Reuters Holdings Plc"/>
<dc element="dc.date.published" value="1997-06-20"/>
<dc element="dc.source" value="Reuters"/>
<dc element="dc.creator.location" value="ATHENS"/>
<dc element="dc.creator.location.country.name" value="GREECE"/>
<dc element="dc.source" value="Reuters"/>
</metadata>
</newsitem>
