<?xml version="1.0" encoding="ISO-8859-1" standalone="no"?>
<newsitem date="1997-06-20" id="root" itemid="676991" xml:lang="en">
<title>USA: U.S. weekly cash lumber review - June 20.</title>
<headline>U.S. weekly cash lumber review - June 20.</headline>
<text>
<p>Random Lengths Gross List Cash Lumber Prices Quotes:</p>
<p>  (2x4 Std&amp;Btr)	     WEEKLY   MIDWEEK  PREV WK  YR AGO</p>
<p> Inland Hem-Fir		447	442	440	---</p>
<p> Southern Pine Westside    443	440	440	---</p>
<p> Western Spruce-Pine-Fir   372	362	354	---</p>
<p> Framing Lumber Composite  429	---	422	400</p>
<p>COMMENT - A stronger sales pace enabled mills to rebuild threadbare order files, maintaining the upward slant in prices established late last week, Random Lengths said in its end-week cash lumber update. Buyers' acceptance of the new levels surprised many suppliers.  </p>
<p>Dealers felt little urgency, but they were more secure stepping in to fill inventory holes after prices stabilized and downside risk appeared minimal.</p>
<p>The approaching July 4 holiday and mill curtailments planned around that period provided another reason for buyers to cover near-term needs.</p>
<p>Random Lengths said the May housing report was largely discounted, with many traders pointing to a steady rate for new permits as an encouraging sign. A surge in the futures market on Wednesday brought in some buyers who follow futures as a key market indicator.  </p>
<p>The uncertain labor situation in Western Canada was followed with mild interest, although prospects of any work stoppage near-term appeared slight. Scattered reported of filled quotas in Canda sparked little reaction from buyers.</p>
<p>Random Lengths said transportation problems remained a hassle for many shippers. Car shortages were the primary problem in the West, while trucks were difficult to find in the South.</p>
<p>Wholesalers maintained low profiles, with back-to-back transactions accounting for much of their activity.</p>
<p>Those who took speculative positions sold quickly and replenished cautiously. Dealers reported steady sales but were unwilling to ease their just-in-time regimens.</p>
<p>Demand was strongest for wood available for quick shipment; buying for shipment beyond the holiday week was sparse. Stepped-up purchases by treaters boosted Southern Pine prices.</p>
<p>((Chicago newsdesk 312 408 8720))</p>
</text>
<copyright>(c) Reuters Limited 1997</copyright>
<metadata>
<codes class="bip:countries:1.0">
  <code code="USA">
    <editdetail action="confirmed" attribution="Reuters BIP Coding Group" date="1997-06-20"/>
  </code>
</codes>
<codes class="bip:topics:1.0">
  <code code="M14">
    <editdetail action="confirmed" attribution="Reuters BIP Coding Group" date="1997-06-20"/>
  </code>
  <code code="M141">
    <editdetail action="confirmed" attribution="Reuters BIP Coding Group" date="1997-06-20"/>
  </code>
  <code code="MCAT">
    <editdetail action="confirmed" attribution="Reuters BIP Coding Group" date="1997-06-20"/>
  </code>
</codes>
<dc element="dc.publisher" value="Reuters Holdings Plc"/>
<dc element="dc.date.published" value="1997-06-20"/>
<dc element="dc.source" value="Reuters"/>
<dc element="dc.creator.location.country.name" value="USA"/>
<dc element="dc.source" value="Reuters"/>
</metadata>
</newsitem>
