<?xml version="1.0" encoding="ISO-8859-1" standalone="no"?>
<newsitem date="1997-06-20" id="root" itemid="675808" xml:lang="en">
<title>HUNGARY: Daiwa says maintain exposure in Hungary, Russia.</title>
<headline>Daiwa says maintain exposure in Hungary, Russia.</headline>
<dateline>BUDAPEST 1997-06-20</dateline>
<text>
<p>Daiwa Europe Ltd suggested that investors should maintain a heavy exposure in the Russian and Hungarian stock markets but said new investment opportunities will emerge around the Black Sea.</p>
<p>"Daiwa...recommends a continued heavy exposure to Russia and Hungary; indeed, relative to prospects for Prague and Bratislava they could be in different solar systems," Roger Monson, chief equity strategist and Sonja Shechter, European equity strategist said.</p>
<p>In the June issue of Daiwa's "Equity Strategy Quarterly" Daiwa raised its recommended weighing of Russia in its eastern European portfolio to 55 percent from 45 percent, "reflecting the falling appeal of other markets," but left Hungary's weighing steady at 15 percent, the second largest after Russia.</p>
<p>The strategists said the Hungarian market remains the best placed in terms of fundamentals and represents the best appreciation potential among the larger, more liquid markets.</p>
<p>"Along with an improving economy, shares are supported by an excellent earnings record," they said, adding that Daiwa raised its year-end target for the BUX index from 6,500 points to 7,000.</p>
<p>Russian shares continue to be well supported, most recently by the combination of a new confidence-building reformist team in the government and a move to record low short-term interest rates and inflation, they said.</p>
<p>"Our outlook for the year-end Moscow Times US$ Index is now 300-325, a gain of of 10 to 20 percent from end May levels," the Monson and Shechter said.</p>
<p>The strategists said that pending development Daiwa will increase its allocations to Romania, Ukraine and Bulgaria.</p>
<p>"As we move into 1998, out of the chaos will come a new constellation of investment opportunities bordering the Black Sea, as Romania, Ukraine and Bulgaria all move to correct the worst imbalances of their economies (with IMF and EBRD help)."</p>
<p>"Our allocations to these markets will rise developments permit," Monson and Shechter said.</p>
<p>-- Emese Bartha, Budapest newsroom +36 1 327-4040</p>
</text>
<copyright>(c) Reuters Limited 1997</copyright>
<metadata>
<codes class="bip:countries:1.0">
  <code code="HUNG">
    <editdetail action="confirmed" attribution="Reuters BIP Coding Group" date="1997-06-20"/>
  </code>
  <code code="RUSS">
    <editdetail action="confirmed" attribution="Reuters BIP Coding Group" date="1997-06-20"/>
  </code>
</codes>
<codes class="bip:topics:1.0">
  <code code="M11">
    <editdetail action="confirmed" attribution="Reuters BIP Coding Group" date="1997-06-20"/>
  </code>
  <code code="MCAT">
    <editdetail action="confirmed" attribution="Reuters BIP Coding Group" date="1997-06-20"/>
  </code>
</codes>
<dc element="dc.date.created" value="1997-06-20"/>
<dc element="dc.publisher" value="Reuters Holdings Plc"/>
<dc element="dc.date.published" value="1997-06-20"/>
<dc element="dc.source" value="Reuters"/>
<dc element="dc.creator.location" value="BUDAPEST"/>
<dc element="dc.creator.location.country.name" value="HUNGARY"/>
<dc element="dc.source" value="Reuters"/>
</metadata>
</newsitem>
