<?xml version="1.0" encoding="ISO-8859-1" standalone="no"?>
<newsitem date="1997-06-20" id="root" itemid="677067" xml:lang="en">
<title>USA: Daniel names Lassiter CEO, Newton president.</title>
<headline>Daniel names Lassiter CEO, Newton president.</headline>
<dateline>HOUSTON 1997-06-20</dateline>
<text>
<p>Daniel Industries Inc said Friday it had named its chairman, Ronald Lassiter, to the additional post of chief executive.</p>
<p>The company also said it had named Thomas Alex Newton president and chief operating officer. Both appointments are effective July 1.  </p>
<p>Lassiter has been serving as acting president and chief executive since the resignation of William Griffin in January 1997.</p>
<p>Lassiter will leave his post at Zapata Protein Inc where he has been chairman and chief executive since 1992. Zapata Protein is a subsidiary of Zapata Corp.</p>
<p>Newton was previously president of Reed Tool Co, a unit of Camco International Inc.</p>
</text>
<copyright>(c) Reuters Limited 1997</copyright>
<metadata>
<codes class="bip:countries:1.0">
  <code code="USA">
    <editdetail action="confirmed" attribution="Reuters BIP Coding Group" date="1997-06-20"/>
  </code>
</codes>
<codes class="bip:industries:1.0">
  <code code="I13000">
    <editdetail action="confirmed" attribution="Reuters BIP Coding Group" date="1997-06-20"/>
  </code>
  <code code="I37100">
    <editdetail action="confirmed" attribution="Reuters BIP Coding Group" date="1997-06-20"/>
  </code>
</codes>
<codes class="bip:topics:1.0">
  <code code="C41">
    <editdetail action="confirmed" attribution="Reuters BIP Coding Group" date="1997-06-20"/>
  </code>
  <code code="C411">
    <editdetail action="confirmed" attribution="Reuters BIP Coding Group" date="1997-06-20"/>
  </code>
  <code code="CCAT">
    <editdetail action="confirmed" attribution="Reuters BIP Coding Group" date="1997-06-20"/>
  </code>
</codes>
<dc element="dc.date.created" value="1997-06-20"/>
<dc element="dc.publisher" value="Reuters Holdings Plc"/>
<dc element="dc.date.published" value="1997-06-20"/>
<dc element="dc.source" value="Reuters"/>
<dc element="dc.creator.location" value="HOUSTON"/>
<dc element="dc.creator.location.country.name" value="USA"/>
<dc element="dc.source" value="Reuters"/>
</metadata>
</newsitem>
