<?xml version="1.0" encoding="ISO-8859-1" standalone="no"?>
<newsitem date="1997-06-20" id="root" itemid="676857" xml:lang="en">
<title>UK: Amoco seeks to invest in Romanian oil, gas sector.</title>
<headline>Amoco seeks to invest in Romanian oil, gas sector.</headline>
<dateline>LONDON 1997-06-20</dateline>
<text>
<p>U.S. oil giant Amoco Corp is looking to make a "substantial" investment in Romania's petroleum sector amounting to several million dollars, the company said on Friday.</p>
<p>Amoco is proposing to rework 20 oil and gas fields in cooperation with local companies Petrom and Romgaz.</p>
<p>The fields, which are predominatnly gas fields, are already operational, but Amoco and its partners believe output can be increased.</p>
<p>The president of Amoco Romania Petroleum Company said the company was hopeful the investment proposal would receive the government's go-ahead and that daily gas production could be increased before the end of the upcoming winter season.</p>
<p>A spokesman at the group's London office said Amoco was hopeful of a formal signing of the deal in early September.</p>
<p>-- London Newsroom +44 171 542 8980</p>
</text>
<copyright>(c) Reuters Limited 1997</copyright>
<metadata>
<codes class="bip:countries:1.0">
  <code code="ROM">
    <editdetail action="confirmed" attribution="Reuters BIP Coding Group" date="1997-06-20"/>
  </code>
  <code code="UK">
    <editdetail action="confirmed" attribution="Reuters BIP Coding Group" date="1997-06-20"/>
  </code>
  <code code="USA">
    <editdetail action="confirmed" attribution="Reuters BIP Coding Group" date="1997-06-20"/>
  </code>
</codes>
<codes class="bip:industries:1.0">
  <code code="I13000">
    <editdetail action="confirmed" attribution="Reuters BIP Coding Group" date="1997-06-20"/>
  </code>
  <code code="I1300003">
    <editdetail action="confirmed" attribution="Reuters BIP Coding Group" date="1997-06-20"/>
  </code>
  <code code="I14000">
    <editdetail action="confirmed" attribution="Reuters BIP Coding Group" date="1997-06-20"/>
  </code>
</codes>
<codes class="bip:topics:1.0">
  <code code="C24">
    <editdetail action="confirmed" attribution="Reuters BIP Coding Group" date="1997-06-20"/>
  </code>
  <code code="CCAT">
    <editdetail action="confirmed" attribution="Reuters BIP Coding Group" date="1997-06-20"/>
  </code>
</codes>
<dc element="dc.date.created" value="1997-06-20"/>
<dc element="dc.publisher" value="Reuters Holdings Plc"/>
<dc element="dc.date.published" value="1997-06-20"/>
<dc element="dc.source" value="Reuters"/>
<dc element="dc.creator.location" value="LONDON"/>
<dc element="dc.creator.location.country.name" value="UK"/>
<dc element="dc.source" value="Reuters"/>
</metadata>
</newsitem>
