<?xml version="1.0" encoding="ISO-8859-1" standalone="no"?>
<newsitem date="1997-06-20" id="root" itemid="676742" xml:lang="en">
<title>USA: Disney's reach makes boycott an uphill battle.</title>
<headline>Disney's reach makes boycott an uphill battle.</headline>
<byline>Jerry Dubrowski</byline>
<dateline>LOS ANGELES 1997-06-19</dateline>
<text>
<p>When it comes to Walt Disney Co., there's no such thing as a small, small world.</p>
<p>In addition to being one of the biggest film studios in Hollywood, Disney also wields a substantial influence in television and radio through its giant ABC network of broadcast and cable stations. Its sprawling theme parks, retail outlets and other attractions are practically a mainstay for millions of vacationers each year.</p>
<p>In fact, it's virtually impossible to escape Disney's reach for long; which is why many experts wonder how much damage the boycott launched by Southern Baptists could do to Disney's $21 billion a year business.</p>
<p>"I don't want to belittle it and say it's not going to be meaningful but I'd be skeptical that it would have a major impact," said Jessica Reif, an entertainment industry analyst for Merrill Lynch &amp; Co. Inc. in New York. "In the past, boycotts against Disney products have not been very effective."</p>
<p>On Wednesday, the Southern Baptists -- which represent some 15.7 million members -- announced a boycott against Disney and its subsidiaries, accusing the entertainment giant of abandoning its wholesome image to promote homosexuality.</p>
<p>The Rev. Richard Land, president of the Southern Baptists' Christian Life Commission, said he expected a strong response.</p>
<p>"Disney is going to find out just how many regiments and just how many divisions of godly people Southern Baptists have," Land said in proposing the non-binding boycott.</p>
<p>However, others said it's highly unlikely the boycott will have much of an effect on the Burbank, Calif.-based entertainment giant, particularly when one considers the wide array of Disney products, venues and merchandise that would have to be avoided to comply with such a boycott.</p>
<p>"If someone is seeking out family entertainment, Disney is probably the largest single provider. So what has happened is Southern Baptists have picked on the entity that probably provides more family entertainment than anyone else, leaving them with very few options," said David Stewart, chairman of the Marketing Department of the Marshall School of Business at the University of Southern California.</p>
<p>Jerry Oakley, a father of four who attended the Southern Baptists' meeting in Dallas, said he was concerned by some of Disney's programming but said he would not follow the boycott.</p>
<p>"We went to Disney World last year and had a great time. There are things we don't like about Disney, but some is good family entertainment and the kids love it. How much harm can Bambi do?"</p>
<p>Daniel Mitchell, a labor relations professor at the University of California at Los Angeles, said boycotts need to have deep public support in order to be effective.</p>
<p>In the 1970s, for example, the California farm workers waged a successful campaign to gain union representation by urging consumers to avoid grapes.</p>
<p>However, later attempts to attract attention to other issues were less successful.</p>
<p>"Sometimes they work and sometimes they don't," Mitchell said. "At that point in history there was a lot of public sympathy ... and the political climate and social climate was different."</p>
<p>Experts said the Baptists may have trouble gaining support for their objection to Disney's decision to offer health benefits to the partners of its homosexual employees because it is much more accepted today than it was a few years ago.</p>
<p>In recent months, a number of high-profile companies, including Levi Strauss, International Business Machines Corp. and BankAmerica Corp. said they planned to offer health benefits to same-sex partners. In Hollywood, the practice is almost a given, with almost every studio offering benefits to gay partners.</p>
<p>Conservative critics have for several years complained about sex and violence in movies made by Disney and its subsidiaries. Some like "Pulp Fiction" and "Kids" were aimed at adult audiences, but even some of Disney's trademark animated movies for children have come under attack.</p>
<p>But, for many Disney critics, the final straw came earlier this year when actress Ellen DeGeneres' character in "Ellen," a popular situation comedy on Disney-owned ABC television, announced she was a lesbian.</p>
<p>Some delegates said it was unreasonable and divisive to ask ordinary Southern Baptists to rule out family trips to Disney World, stop renting "The Jungle Book" videos or buying "Mickey Mouse" T-shirts for their children.</p>
<p>"It is going to be hard to tell the children they can't watch Disney movies or have the toys," said one woman who declined to be identified. "I think we should try telling Disney what we think without a boycott."</p>
</text>
<copyright>(c) Reuters Limited 1997</copyright>
<metadata>
<codes class="bip:countries:1.0">
  <code code="USA">
    <editdetail action="confirmed" attribution="Reuters BIP Coding Group" date="1997-06-20"/>
  </code>
</codes>
<codes class="bip:industries:1.0">
  <code code="I97100">
    <editdetail action="confirmed" attribution="Reuters BIP Coding Group" date="1997-06-20"/>
  </code>
</codes>
<codes class="bip:topics:1.0">
  <code code="C31">
    <editdetail action="confirmed" attribution="Reuters BIP Coding Group" date="1997-06-20"/>
  </code>
  <code code="CCAT">
    <editdetail action="confirmed" attribution="Reuters BIP Coding Group" date="1997-06-20"/>
  </code>
  <code code="GCAT">
    <editdetail action="confirmed" attribution="Reuters BIP Coding Group" date="1997-06-20"/>
  </code>
  <code code="GPOL">
    <editdetail action="confirmed" attribution="Reuters BIP Coding Group" date="1997-06-20"/>
  </code>
  <code code="GREL">
    <editdetail action="confirmed" attribution="Reuters BIP Coding Group" date="1997-06-20"/>
  </code>
</codes>
<dc element="dc.date.created" value="1997-06-19"/>
<dc element="dc.publisher" value="Reuters Holdings Plc"/>
<dc element="dc.date.published" value="1997-06-20"/>
<dc element="dc.source" value="Reuters"/>
<dc element="dc.creator.location" value="LOS ANGELES"/>
<dc element="dc.creator.location.country.name" value="USA"/>
<dc element="dc.source" value="Reuters"/>
</metadata>
</newsitem>
