<?xml version="1.0" encoding="ISO-8859-1" standalone="no"?>
<newsitem date="1997-06-20" id="root" itemid="675814" xml:lang="en">
<title>POLAND: Polish GDP grows 7.3 pct yr/yr in Q1 1997.</title>
<headline>Polish GDP grows 7.3 pct yr/yr in Q1 1997.</headline>
<dateline>WARSAW 1997-06-20</dateline>
<text>
<p>Poland's gross domestic product (GDP) grew by 7.3 percent in the first quarter of 1997 against the same period of last year, the Central Statistical Office (GUS) said on Friday.</p>
<p>GUS said in a statement the rise was mainly a result of strong growth in gross added value in the industrial and construction sectors.  </p>
<p>"The growth was mainly a result of a high pace of growth in added gross value in the industry which reached 7.6 percent and a 19.5 percent growth in the construction sector against the weak first quarter of last year," GUS said.</p>
<p>GUS said services grew in the first quarter by 6.6 percent.</p>
<p>GUS earlier estimated GDP growth in the whole of 1996 at six percent.</p>
<p>-- Warsaw Newsroom +48 22 653 9700</p>
</text>
<copyright>(c) Reuters Limited 1997</copyright>
<metadata>
<codes class="bip:countries:1.0">
  <code code="POL">
    <editdetail action="confirmed" attribution="Reuters BIP Coding Group" date="1997-06-20"/>
  </code>
</codes>
<codes class="bip:topics:1.0">
  <code code="E11">
    <editdetail action="confirmed" attribution="Reuters BIP Coding Group" date="1997-06-20"/>
  </code>
  <code code="ECAT">
    <editdetail action="confirmed" attribution="Reuters BIP Coding Group" date="1997-06-20"/>
  </code>
</codes>
<dc element="dc.date.created" value="1997-06-20"/>
<dc element="dc.publisher" value="Reuters Holdings Plc"/>
<dc element="dc.date.published" value="1997-06-20"/>
<dc element="dc.source" value="Reuters"/>
<dc element="dc.creator.location" value="WARSAW"/>
<dc element="dc.creator.location.country.name" value="POLAND"/>
<dc element="dc.source" value="Reuters"/>
</metadata>
</newsitem>
