<?xml version="1.0" encoding="ISO-8859-1" standalone="no"?>
<newsitem date="1997-06-20" id="root" itemid="675710" xml:lang="en">
<title>BULGARIA: Bulgaria raises par of 3-, 6-mth T-bill offers.</title>
<headline>Bulgaria raises par of 3-, 6-mth T-bill offers.</headline>
<dateline>SOFIA 1997-06-20</dateline>
<text>
<p>Bulgaria's Finance Ministry raised the total par on offer for Monday's auctions of three-and six-montn discount T-bills nearly three-fold in a bid to boost secondary trade, a central bank official said on Friday.</p>
<p>"The par on offer was raised to compensate the lower par of four-week discount offers and in a bid to activate trade on the secondary market," Nikolina Micheva, head of State Credits department at the central bank told Reuters.</p>
<p>The total par value of the issues, to be offered with no minimum acceptable price set in advance, was raised to 45 billion levs from 16 billion levs at this week's auction.</p>
<p>The Finance Ministry pared the par of four-week discount T-bill issues to be offered at daily auctions next week to 10 billion levs each from 15 billion levs this week.</p>
<p>The ministry will halt those issues from June 30 in favour of longer maturities in a bid to ease domestic debt servicing.</p>
<p>Offering fewer issues with higher par value was in line with Finance Ministry's aim to let more institutions qualify at the auctions and boost secondary trade in government securities.</p>
<p>Details of the issues follow:</p>
<p> Issue number	   BG3039597003    BG3039697001</p>
<p> Maturity		 three months    six months</p>
<p> Par value		25 bln levs     20 bln levs</p>
<p> Auction date	   June 23	   June 23</p>
<p> Issue date	     June 25	   June 25</p>
<p> Maturity date	  September 24    December 24</p>
<p>-- Sofia Newsroom, (++359-2) 91188</p>
</text>
<copyright>(c) Reuters Limited 1997</copyright>
<metadata>
<codes class="bip:countries:1.0">
  <code code="BUL">
    <editdetail action="confirmed" attribution="Reuters BIP Coding Group" date="1997-06-20"/>
  </code>
</codes>
<codes class="bip:topics:1.0">
  <code code="M13">
    <editdetail action="confirmed" attribution="Reuters BIP Coding Group" date="1997-06-20"/>
  </code>
  <code code="M131">
    <editdetail action="confirmed" attribution="Reuters BIP Coding Group" date="1997-06-20"/>
  </code>
  <code code="MCAT">
    <editdetail action="confirmed" attribution="Reuters BIP Coding Group" date="1997-06-20"/>
  </code>
</codes>
<dc element="dc.date.created" value="1997-06-20"/>
<dc element="dc.publisher" value="Reuters Holdings Plc"/>
<dc element="dc.date.published" value="1997-06-20"/>
<dc element="dc.source" value="Reuters"/>
<dc element="dc.creator.location" value="SOFIA"/>
<dc element="dc.creator.location.country.name" value="BULGARIA"/>
<dc element="dc.source" value="Reuters"/>
</metadata>
</newsitem>
