<?xml version="1.0" encoding="ISO-8859-1" standalone="no"?>
<newsitem date="1997-06-20" id="root" itemid="675889" xml:lang="en">
<title>BRAZIL: RESEARCH ALERT-Sabesp started as a buy.</title>
<headline>RESEARCH ALERT-Sabesp started as a buy.</headline>
<dateline>SAO PAULO 1997-06-20</dateline>
<text>
<p>ING Barings said it has initiated coverage of Sao Paulo water and sewer utility Sabesp, known formally as Cia de Saneamento Basico do Estado de Sao Paulo, with a buy rating.</p>
<p>-- ING analyst Paulo Vasconcellos said in a report Sabesp, ranked 12th among Brazil's top government-owned firms in terms of revenues, is first among the country's basic sanitation firms and twice the size of the second-largest.  </p>
<p>-- "We think a growing number of municipalities serviced, coupled with higher sewage penetration and lower water losses should expand Sabesp revenues at a compounded annual growth rate of 11.4 percent in dollar terms during the next five years," he wrote.</p>
<p>-- Vasconcellos estimated earnings for Sabesp at 550 million reais in 1997 and 854 million reais in 1998, excluding non-recurring expenses.</p>
<p>-- "The stock trades at a signficant discount to its peers," he said.</p>
<p>-- He added that, over the next 12 months, "uncertainties related to the new regulatory environment and to the estalishment of a new partnership will be significantly reduced."</p>
<p>-- ING has set a June 1998 price target for Sabesp of $445, for an upside potential of 51 percent.</p>
<p>-- Sabesp common was up 0.96 percent at 315 reais at 1521 local time/1421 EDT on the Sao Paulo bourse.</p>
<p>((-- James Craig, Sao Paulo newsroom 5511 2485413))</p>
</text>
<copyright>(c) Reuters Limited 1997</copyright>
<metadata>
<codes class="bip:countries:1.0">
  <code code="BRAZ">
    <editdetail action="confirmed" attribution="Reuters BIP Coding Group" date="1997-06-20"/>
  </code>
</codes>
<codes class="bip:industries:1.0">
  <code code="I17000">
    <editdetail action="confirmed" attribution="Reuters BIP Coding Group" date="1997-06-20"/>
  </code>
</codes>
<codes class="bip:topics:1.0">
  <code code="C15">
    <editdetail action="confirmed" attribution="Reuters BIP Coding Group" date="1997-06-20"/>
  </code>
  <code code="C152">
    <editdetail action="confirmed" attribution="Reuters BIP Coding Group" date="1997-06-20"/>
  </code>
  <code code="CCAT">
    <editdetail action="confirmed" attribution="Reuters BIP Coding Group" date="1997-06-20"/>
  </code>
</codes>
<dc element="dc.date.created" value="1997-06-20"/>
<dc element="dc.publisher" value="Reuters Holdings Plc"/>
<dc element="dc.date.published" value="1997-06-20"/>
<dc element="dc.source" value="Reuters"/>
<dc element="dc.creator.location" value="SAO PAULO"/>
<dc element="dc.creator.location.country.name" value="BRAZIL"/>
<dc element="dc.source" value="Reuters"/>
</metadata>
</newsitem>
