<?xml version="1.0" encoding="ISO-8859-1" standalone="no"?>
<newsitem date="1997-06-20" id="root" itemid="676432" xml:lang="en">
<title>REPUBLIC OF IRELAND: Irish bonds firm in line with Bunds, trade thin.</title>
<headline>Irish bonds firm in line with Bunds, trade thin.</headline>
<dateline>DUBLIN 1997-06-20</dateline>
<text>
<p>Irish bond prices were marked up in line with Germany on Friday, with the 10-year bond slightly outperforming the Bund, but trade was at a minimum, dealers said.</p>
<p>"The curve has shifted down across Europe today but there's nothing in the way of news and we've seen very little international or domestic interest," a dealer said. "I think traders have probably closed off the week at this stage and are looking ahead."</p>
<p>By 1500 GMT, the 6.5 percent bond due 2001 was up 18 pence at 102.13 to yield 5.92 percent, while the eight percent bond due 2006 was up 33 pence at 109.88 to yield 6.53 percent.</p>
<p>Yields against German Bunds were broadly unchanged from the close at 154 basis points over in the five-year bond, and 90 over in the 10-year.</p>
<p>With the week ahead relatively quiet data-wise, German inflation in the form of import and export prices will most likely provide the main market-focus, dealers said.</p>
<p>German inflation is expected to tick up to 1.6 percent from 1.5 percent, one dealer said.</p>
<p>U.S. consumer confidence data on Tuesday could set the tone for the week.</p>
<p>Also expected are U.S. durable orders and revisions to U.S. GDP.</p>
<p>Dealers said they did not anticipate any impact from the G7 financial summit which began in Denver today.</p>
<p>Analysts said however that trade friction between Japan and the United States was threatening to dominate the summit and shake up the dollar/yen exchange rate.</p>
<p>Unless G7 leaders, meeting this weekend in Denver, show concern about a rising Japanese trade surplus, yen bulls will feel free to charge again, economists said on Friday.</p>
<p>This could have a ripple-effect for bond buyers, who in the past used Japan's paltry interest rates to finance their bond purchases, they added.</p>
<p>--Kevin Smith, Dublin Newsroom +353 1 661 3377</p>
</text>
<copyright>(c) Reuters Limited 1997</copyright>
<metadata>
<codes class="bip:countries:1.0">
  <code code="IRE">
    <editdetail action="confirmed" attribution="Reuters BIP Coding Group" date="1997-06-20"/>
  </code>
</codes>
<codes class="bip:topics:1.0">
  <code code="M12">
    <editdetail action="confirmed" attribution="Reuters BIP Coding Group" date="1997-06-20"/>
  </code>
  <code code="MCAT">
    <editdetail action="confirmed" attribution="Reuters BIP Coding Group" date="1997-06-20"/>
  </code>
</codes>
<dc element="dc.date.created" value="1997-06-20"/>
<dc element="dc.publisher" value="Reuters Holdings Plc"/>
<dc element="dc.date.published" value="1997-06-20"/>
<dc element="dc.source" value="Reuters"/>
<dc element="dc.creator.location" value="DUBLIN"/>
<dc element="dc.creator.location.country.name" value="REPUBLIC OF IRELAND"/>
<dc element="dc.source" value="Reuters"/>
</metadata>
</newsitem>
