<?xml version="1.0" encoding="ISO-8859-1" standalone="no"?>
<newsitem date="1997-06-20" id="root" itemid="676165" xml:lang="en">
<title>USA: Florida's tobacco case still heading for trial - governor.</title>
<headline>Florida's tobacco case still heading for trial - governor.</headline>
<dateline>TALLAHASSEE 1997-06-20</dateline>
<text>
<p>Florida Gov. Lawton Chiles said Friday his state's lawsuit against tobacco companies would proceed toward an August trial until Congress approves a broad agreement on anti-cigarette litgation and regulation.</p>
<p>Chiles hailed the deal among tobacco companies, state attorneys general and health organisations announced earlier Friday but said a final resolution is far from certain.</p>
<p>"Before we celebrate, let's remember that the next few months will be critical. There will be many hurdles this deal must clear in Congress before it's final," Chiles said in a news release.</p>
<p>"The Florida trial team is going forward with Florida's case, and the only resolution to our suit must be through a consent judgment or decree which will remain enforceable by the court here in Florida," Chiles said.</p>
<p>Florida's lawsuit seeks $1.1 billion or more in Medicaid spending. A trial of the case is scheduled for Aug. 4, making it second only to Mississippi's among the 40 state government lawsuits set for trial.</p>
<p>Lawyers for Florida and the tobacco industry in West Palm Beach, Fla., site of the trial court, said they were continuing their preparations for trial. A pretrial hearing is set for Monday.</p>
<p>"Until the governor and attorney general advises me that they are satisfied that all of the conditions have been met, this case will continue," said Robert Montgomery, one of the lead attorneys for Florida.</p>
<p>Montgomery said the case will continue until the tobacco companies come to court and enter into a consent judgment locking in place all the terms in the agreement announced in Washington.</p>
</text>
<copyright>(c) Reuters Limited 1997</copyright>
<metadata>
<codes class="bip:countries:1.0">
  <code code="USA">
    <editdetail action="confirmed" attribution="Reuters BIP Coding Group" date="1997-06-20"/>
  </code>
</codes>
<codes class="bip:industries:1.0">
  <code code="I42900">
    <editdetail action="confirmed" attribution="Reuters BIP Coding Group" date="1997-06-20"/>
  </code>
</codes>
<codes class="bip:topics:1.0">
  <code code="C12">
    <editdetail action="confirmed" attribution="Reuters BIP Coding Group" date="1997-06-20"/>
  </code>
  <code code="CCAT">
    <editdetail action="confirmed" attribution="Reuters BIP Coding Group" date="1997-06-20"/>
  </code>
  <code code="GCAT">
    <editdetail action="confirmed" attribution="Reuters BIP Coding Group" date="1997-06-20"/>
  </code>
  <code code="GCRIM">
    <editdetail action="confirmed" attribution="Reuters BIP Coding Group" date="1997-06-20"/>
  </code>
  <code code="GHEA">
    <editdetail action="confirmed" attribution="Reuters BIP Coding Group" date="1997-06-20"/>
  </code>
</codes>
<dc element="dc.date.created" value="1997-06-20"/>
<dc element="dc.publisher" value="Reuters Holdings Plc"/>
<dc element="dc.date.published" value="1997-06-20"/>
<dc element="dc.source" value="Reuters"/>
<dc element="dc.creator.location" value="TALLAHASSEE"/>
<dc element="dc.creator.location.country.name" value="USA"/>
<dc element="dc.source" value="Reuters"/>
</metadata>
</newsitem>
