<?xml version="1.0" encoding="ISO-8859-1" standalone="no"?>
<newsitem date="1997-06-20" id="root" itemid="677481" xml:lang="en">
<title>INDONESIA: Indonesian rupiah stable, short-term swaps firmer.</title>
<headline>Indonesian rupiah stable, short-term swaps firmer.</headline>
<dateline>JAKARTA 1997-06-20</dateline>
<text>
<p>The Indonesian rupiah was stable against the dollar in slow late trading on Friday, with short-term swaps firming on tight liquidity, dealers said.</p>
<p>They said trading was driven by liquidity. A tighter rupiah market drove short-term swaps slightly higher but forwards were little changed although the Thai market remained in turmoil.</p>
<p>One European bank dealer said spot rates were trapped in a two-point range between 2,430 and 2,432 levels.</p>
<p>"Sentiment is a bit mixed. People seem to be waiting to see how the Thai market proceeds," the dealer said.  </p>
<p>Spot rupiah was at 2,430.6/30.9 at 0930 GMT, compared with an opening of 2,430.5/31.5. Tomorrow and today rupiah closed at 2,430.25/29.75 and 2,429.25/29.75, respectively.</p>
<p>Overnight rupiah rose to 17 percent before settling at 15.0 percent on the back of higher tax payments. Overnight swap was at 1.5/1.7 points. Tom/next was at 0.35/0.40 points.</p>
<p>Spot/next was at 0.34/0.38. Dealers said longer-term rates were little affected although political and economic uncertainties in Thailand continued.</p>
<p>One-month swaps were at 13.75/14.75, two at 28.5/30.5, three at 43.5/44.5 and six at 83.0/84.5 points.  </p>
<p>The central bank raised its intervention band by one point to 2,424/2,616 and its conversion band also by one point to 2,424/2,472 on Friday.</p>
<p>-- Jakarta newsroom +6221 384-6364</p>
</text>
<copyright>(c) Reuters Limited 1997</copyright>
<metadata>
<codes class="bip:countries:1.0">
  <code code="INDON">
    <editdetail action="confirmed" attribution="Reuters BIP Coding Group" date="1997-06-20"/>
  </code>
</codes>
<codes class="bip:topics:1.0">
  <code code="M13">
    <editdetail action="confirmed" attribution="Reuters BIP Coding Group" date="1997-06-20"/>
  </code>
  <code code="M132">
    <editdetail action="confirmed" attribution="Reuters BIP Coding Group" date="1997-06-20"/>
  </code>
  <code code="MCAT">
    <editdetail action="confirmed" attribution="Reuters BIP Coding Group" date="1997-06-20"/>
  </code>
</codes>
<dc element="dc.date.created" value="1997-06-20"/>
<dc element="dc.publisher" value="Reuters Holdings Plc"/>
<dc element="dc.date.published" value="1997-06-20"/>
<dc element="dc.source" value="Reuters"/>
<dc element="dc.creator.location" value="JAKARTA"/>
<dc element="dc.creator.location.country.name" value="INDONESIA"/>
<dc element="dc.source" value="Reuters"/>
</metadata>
</newsitem>
