<?xml version="1.0" encoding="ISO-8859-1" standalone="no"?>
<newsitem date="1997-06-20" id="root" itemid="677072" xml:lang="en">
<title>USA: Delta Air expands electronic ticketing.</title>
<headline>Delta Air expands electronic ticketing.</headline>
<dateline>ATLANTA 1997-06-20</dateline>
<text>
<p>Delta Air Lines said it has extended its electronic ticketing to include flights to and from San Juan and the Virgin Islands.</p>
<p>Delta customers using electronic ticketing in San Juan may receive a boarding authorization at the airport ticket counters, gate counters, flight information counters, and Crown Rooms Clubs. However, baggage must be checked at the ticket counters, the airline said.</p>
<p>In St. Thomas and St. Croix, all passengers must check in at the ticketing counter to pre-clear with customs.</p>
<p>"Earlier this year, we introduced electronic ticketing to all 50 states, and we are excited about expanding our electronic ticketing service to San Juan and the Virgin Islands," said Lee Macenczak, vice president of reservation sales and distribution planning.</p>
<p>((-- New York Newsdesk 212-859-1610))</p>
</text>
<copyright>(c) Reuters Limited 1997</copyright>
<metadata>
<codes class="bip:countries:1.0">
  <code code="PURI">
    <editdetail action="confirmed" attribution="Reuters BIP Coding Group" date="1997-06-20"/>
  </code>
  <code code="USA">
    <editdetail action="confirmed" attribution="Reuters BIP Coding Group" date="1997-06-20"/>
  </code>
  <code code="VI">
    <editdetail action="confirmed" attribution="Reuters BIP Coding Group" date="1997-06-20"/>
  </code>
</codes>
<codes class="bip:industries:1.0">
  <code code="I75000">
    <editdetail action="confirmed" attribution="Reuters BIP Coding Group" date="1997-06-20"/>
  </code>
</codes>
<codes class="bip:topics:1.0">
  <code code="C21">
    <editdetail action="confirmed" attribution="Reuters BIP Coding Group" date="1997-06-20"/>
  </code>
  <code code="CCAT">
    <editdetail action="confirmed" attribution="Reuters BIP Coding Group" date="1997-06-20"/>
  </code>
</codes>
<dc element="dc.date.created" value="1997-06-20"/>
<dc element="dc.publisher" value="Reuters Holdings Plc"/>
<dc element="dc.date.published" value="1997-06-20"/>
<dc element="dc.source" value="Reuters"/>
<dc element="dc.creator.location" value="ATLANTA"/>
<dc element="dc.creator.location.country.name" value="USA"/>
<dc element="dc.source" value="Reuters"/>
</metadata>
</newsitem>
