<?xml version="1.0" encoding="ISO-8859-1" standalone="no"?>
<newsitem date="1997-06-20" id="root" itemid="675810" xml:lang="en">
<title>ROMANIA: PRESS DIGEST - ROMANIA - JUNE 20.</title>
<headline>PRESS DIGEST - ROMANIA - JUNE 20.</headline>
<dateline>BUCHAREST 1997-06-20</dateline>
<text>
<p>Here are highlights of stories in Romania's press on Friday. Reuters has not verified these stories and does not vouch for their accuracy:</p>
<p>Business:</p>
<p>ADEVARUL</p>
<p>- Parliament's lower Chamber of Deputies set an 18 percent tax on income from house and office renting.</p>
<p>- The government blacklisted 222 state-run companies leading bad debtors including 6,700 enterprises which take 70 percent of losses in the economy and 60 percent of inter-enterprise arrears.</p>
<p>- Oil refineries Petrotel, Petrobrazi and Petromidia, tractor maker Tractorul Brasov and truck manufacturer Roman Brasov are among bad debtors blacklisted by the government.</p>
<p>- State-owned Banca Agricola gave farm credits worth 239 billion lei for the spring campaign.</p>
<p>EVENIMENTUL ZILEI</p>
<p>- State-owned bank Bancorex signed an accord on a $75 million syndicated loan -- the first such deal for a Romanian commercial bank -- arranged by CS First Boston.</p>
<p>CURIERUL NATIONAL</p>
<p>- Romania revised estimates for the 1997 wheat crop down to 7.07 million tonnes, at an average yield of 2.9 tonnes per hectare.</p>
<p>- Tourism Minister Akos Birtalan wants to exempt local tour operators from VAT on tours abroad, to encourage indirect exports.</p>
<p>General:</p>
<p>ADEVARUL</p>
<p>- Reform of the main opposition Party of Social Democracy (PDSR) is blocked by rifts within the party, the newspaper's editorial says.</p>
<p>- Romania's Danube Delta drew only 13,600 tourists last year, from a 1979 peak of 89,000.</p>
<p>ROMANIA LIBERA</p>
<p>- Protests continue in the coal mining Jiu Valley area with striking miners marching across their Petrosani stronghold, shouting anti-government slogans. A government delegation is expected to start talks with miners' leaders on Friday.</p>
<p>- President Emil Constantinescu summoned economic ministers and ruling coalition leaders in a bid to defuse tension in the Jiu Valley.</p>
<p>- Miners accross the country might start protests and block roads in solidarity with striking Jiu Valley miners, labour union leader Marin Condescu said.</p>
<p>EVENIMENTUL ZILEI</p>
<p>- Some 7,000 wood industry workers marched through Bucharest on Thursday asking for pay rises, improved living standards and soft loans for their sector.</p>
<p>- Romania's ex-King Michael and Bulgaria's ex-King Simeon plan a meeting of exiled monarchs from eastern Europe.</p>
<p>($ = 7,231 lei)</p>
<p>-- Bucharest Newsroom 40-1 3120264</p>
</text>
<copyright>(c) Reuters Limited 1997</copyright>
<metadata>
<codes class="bip:countries:1.0">
  <code code="ROM">
    <editdetail action="confirmed" attribution="Reuters BIP Coding Group" date="1997-06-20"/>
  </code>
</codes>
<codes class="bip:topics:1.0">
  <code code="GCAT">
    <editdetail action="confirmed" attribution="Reuters BIP Coding Group" date="1997-06-20"/>
  </code>
</codes>
<dc element="dc.date.created" value="1997-06-20"/>
<dc element="dc.publisher" value="Reuters Holdings Plc"/>
<dc element="dc.date.published" value="1997-06-20"/>
<dc element="dc.source" value="Reuters"/>
<dc element="dc.creator.location" value="BUCHAREST"/>
<dc element="dc.creator.location.country.name" value="ROMANIA"/>
<dc element="dc.source" value="Reuters"/>
</metadata>
</newsitem>
