<?xml version="1.0" encoding="ISO-8859-1" standalone="no"?>
<newsitem date="1997-06-20" id="root" itemid="676776" xml:lang="en">
<title>GREECE: UNCLE STATHIS SEES 12-15PCT GROWTH IN 97.</title>
<headline>UNCLE STATHIS SEES 12-15PCT GROWTH IN 97.</headline>
<dateline>ATHENS 1997-06-20</dateline>
<text>
<p>General Foods , formerly Uncle Stathis SA, expects earnings and sales growth of 12-15 percent this year, the firm's managing director Dimitris Takkas told shareholders at the annual meeting.</p>
<p>In 1996 the company posted pretax profit of 719 million versus 304 million a year earlier and will pay a dividend oper share of 60 drachmas both for common and preferred shares.</p>
<p>Board chairman Costas Nikolaidis told shareholders the company plans to entter into new frozen food markets beyond vegetables and dough.</p>
<p>It will seek to increase its sales abroad to 15 percent of total turnover from 10 percent currently. --George Georgiopoulos, Athens Newsroom +301 3311812-4</p>
</text>
<copyright>(c) Reuters Limited 1997</copyright>
<metadata>
<codes class="bip:countries:1.0">
  <code code="GREECE">
    <editdetail action="confirmed" attribution="Reuters BIP Coding Group" date="1997-06-20"/>
  </code>
</codes>
<codes class="bip:industries:1.0">
  <code code="I42390">
    <editdetail action="confirmed" attribution="Reuters BIP Coding Group" date="1997-06-20"/>
  </code>
</codes>
<codes class="bip:topics:1.0">
  <code code="C15">
    <editdetail action="confirmed" attribution="Reuters BIP Coding Group" date="1997-06-20"/>
  </code>
  <code code="C152">
    <editdetail action="confirmed" attribution="Reuters BIP Coding Group" date="1997-06-20"/>
  </code>
  <code code="CCAT">
    <editdetail action="confirmed" attribution="Reuters BIP Coding Group" date="1997-06-20"/>
  </code>
</codes>
<dc element="dc.date.created" value="1997-06-20"/>
<dc element="dc.publisher" value="Reuters Holdings Plc"/>
<dc element="dc.date.published" value="1997-06-20"/>
<dc element="dc.source" value="Reuters"/>
<dc element="dc.creator.location" value="ATHENS"/>
<dc element="dc.creator.location.country.name" value="GREECE"/>
<dc element="dc.source" value="Reuters"/>
</metadata>
</newsitem>
