<?xml version="1.0" encoding="ISO-8859-1" standalone="no"?>
<newsitem date="1997-06-20" id="root" itemid="677551" xml:lang="en">
<title>JAPAN: Tokyo rubber futures end lower in all months.</title>
<headline>Tokyo rubber futures end lower in all months.</headline>
<dateline>TOKYO 1997-06-20</dateline>
<text>
<p>Tokyo rubber futures closed lower across the board on Friday, as local investors liquidated long positions in the spot June 1997 contract, which expires next Tuesday, traders said.</p>
<p>Prices were 0.2 to 1.3 yen lower, with the benchmark November 1997 contract down 0.7 yen at 127.9 yen per kg.</p>
<p>Long liquidation by local investors in the spot contract capped other contracts as well, traders said. "We expect bearish sentiment to continue until next Tuesday," a brokerage house trader said.</p>
<p>-- Tokyo Commodities Desk (+81-3-3432-7391)</p>
</text>
<copyright>(c) Reuters Limited 1997</copyright>
<metadata>
<codes class="bip:countries:1.0">
  <code code="JAP">
    <editdetail action="confirmed" attribution="Reuters BIP Coding Group" date="1997-06-20"/>
  </code>
</codes>
<codes class="bip:topics:1.0">
  <code code="M14">
    <editdetail action="confirmed" attribution="Reuters BIP Coding Group" date="1997-06-20"/>
  </code>
  <code code="M141">
    <editdetail action="confirmed" attribution="Reuters BIP Coding Group" date="1997-06-20"/>
  </code>
  <code code="MCAT">
    <editdetail action="confirmed" attribution="Reuters BIP Coding Group" date="1997-06-20"/>
  </code>
</codes>
<dc element="dc.date.created" value="1997-06-20"/>
<dc element="dc.publisher" value="Reuters Holdings Plc"/>
<dc element="dc.date.published" value="1997-06-20"/>
<dc element="dc.source" value="Reuters"/>
<dc element="dc.creator.location" value="TOKYO"/>
<dc element="dc.creator.location.country.name" value="JAPAN"/>
<dc element="dc.source" value="Reuters"/>
</metadata>
</newsitem>
