<?xml version="1.0" encoding="ISO-8859-1" standalone="no"?>
<newsitem date="1997-06-20" id="root" itemid="675941" xml:lang="en">
<title>VENEZUELA: Venezuela weighs 3 more Orinoco oil deals - sources.</title>
<headline>Venezuela weighs 3 more Orinoco oil deals - sources.</headline>
<dateline>CARACAS 1997-06-19</dateline>
<text>
<p>Venezuela's state oil company Petroleos de Venezuela (PDVSA) is weighing three more multibillion-dollar Orinoco crude oil ventures to add to six already under varying stages of development, company sources said on Thursday.</p>
<p>One of the new ventures would involve PDVSA subsidiary Lagoven with British Petroleum Co Plc. A second would team Lagoven with Royal Dutch/Shell Group and Texaco Inc. The third would involve PDVSA's Corpoven subsidiary with Amerada Hess Corp in the third, they said.  </p>
<p>All three are in the early stages of negotiation, but would probably involve investments of $2 billion to $3 billion each in production and upgrading facilities to turn the Orinoco's extra-heavy crude into something resembling conventional oil.</p>
<p>The Orinoco Belt has great attractions for the world's major oil companies because of its enormous untapped reserves. PDVSA estimates 270 billion barrels of recoverable oil, compared with Venezuela's conventional proven oil reserves of 73 billion.  </p>
<p>PDVSA has already signed five deals with various major companies and is close to signing a sixth with Coastal Corp. The most advanced of the deals, between PDVSA subsidiary Maraven and Conoco, recently received an investment rating from Standard &amp; Poor's credit rating agency.</p>
<p>The six projects are worth $17 billion, a figure that could rise to $25 billion with three more.</p>
<p>((-- Tom Ashby, Caracas newsroom, 582 505 2611))</p>
</text>
<copyright>(c) Reuters Limited 1997</copyright>
<metadata>
<codes class="bip:countries:1.0">
  <code code="VEN">
    <editdetail action="confirmed" attribution="Reuters BIP Coding Group" date="1997-06-20"/>
  </code>
</codes>
<codes class="bip:industries:1.0">
  <code code="I13000">
    <editdetail action="confirmed" attribution="Reuters BIP Coding Group" date="1997-06-20"/>
  </code>
  <code code="I1300003">
    <editdetail action="confirmed" attribution="Reuters BIP Coding Group" date="1997-06-20"/>
  </code>
  <code code="I14000">
    <editdetail action="confirmed" attribution="Reuters BIP Coding Group" date="1997-06-20"/>
  </code>
  <code code="I25000">
    <editdetail action="confirmed" attribution="Reuters BIP Coding Group" date="1997-06-20"/>
  </code>
  <code code="I83960">
    <editdetail action="confirmed" attribution="Reuters BIP Coding Group" date="1997-06-20"/>
  </code>
</codes>
<codes class="bip:topics:1.0">
  <code code="C11">
    <editdetail action="confirmed" attribution="Reuters BIP Coding Group" date="1997-06-20"/>
  </code>
  <code code="C24">
    <editdetail action="confirmed" attribution="Reuters BIP Coding Group" date="1997-06-20"/>
  </code>
  <code code="CCAT">
    <editdetail action="confirmed" attribution="Reuters BIP Coding Group" date="1997-06-20"/>
  </code>
</codes>
<dc element="dc.date.created" value="1997-06-19"/>
<dc element="dc.publisher" value="Reuters Holdings Plc"/>
<dc element="dc.date.published" value="1997-06-20"/>
<dc element="dc.source" value="Reuters"/>
<dc element="dc.creator.location" value="CARACAS"/>
<dc element="dc.creator.location.country.name" value="VENEZUELA"/>
<dc element="dc.source" value="Reuters"/>
</metadata>
</newsitem>
