<?xml version="1.0" encoding="ISO-8859-1" standalone="no"?>
<newsitem date="1997-06-20" id="root" itemid="675955" xml:lang="en">
<title>THAILAND: Banker Thanong chosen new Thai finance minister.</title>
<headline>Banker Thanong chosen new Thai finance minister.</headline>
<dateline>BANGKOK 1997-06-20</dateline>
<text>
<p>Thanong Bidaya, a little-known banker, was appointed Thailand's new finance minister on Friday to succeed the well-respected Amnuay Viravan, who quit over policy differences with rivals in the government.</p>
<p>"His appointment has already received the assent from King Bhumibol Adulyadej and he will assume office after his swearing in depending on the King's convenience," said Poosana Premanoch, deputy secretary general to the Thai prime minister.</p>
<p>Thanong, 50, is president of the Thai Military Bank Plc. He is expected to hold a news conference late on Friday night.</p>
<p>Thanong will replace Amnuay, who resigned on Thursday over policy differences with political rivals in Prime Minister Chavalit Yongchaiyudh's six-party coalition government over his management of Thailand' ailing economy.</p>
<p>The new minister is said by government officials to be close to Chavalit, officials in the premier's office said.</p>
<p>Political sources said Thanong was chosen after several other economic heavyweights had turned down the job offered to them by Chavalit.</p>
<p>The Thai government is grappling with steps to draw the country out of its worst economic crisis in over a decade and is in dire need of a strong economic leader to put the economy back on an even keel, analysts said.</p>
<p>Thanong will be Thailand's sixth finance minister since 1995 under three governments.</p>
<p>Analysts said Thanong's image was less illustrious than the respected Amnuay, who has had a high-profile 30-year public career as civil servant, banker, politician and minister.</p>
<p>But the Thai stock market, which sank this week to eight-year-lows on Amnuay's resignation, rallied partly on the news of Thanong's appointment, brokers said.</p>
<p>The index finished up 15.48 points, or 3.33 percent, higher at 480.25, after closing down for the past eight days.</p>
<p>Brokers said the quick move by the government to fill in an important portfolio during the period of economic crisis and a technical rebound helped the market rise.</p>
</text>
<copyright>(c) Reuters Limited 1997</copyright>
<metadata>
<codes class="bip:countries:1.0">
  <code code="THAIL">
    <editdetail action="confirmed" attribution="Reuters BIP Coding Group" date="1997-06-20"/>
  </code>
</codes>
<codes class="bip:topics:1.0">
  <code code="GCAT">
    <editdetail action="confirmed" attribution="Reuters BIP Coding Group" date="1997-06-20"/>
  </code>
  <code code="GPOL">
    <editdetail action="confirmed" attribution="Reuters BIP Coding Group" date="1997-06-20"/>
  </code>
</codes>
<dc element="dc.date.created" value="1997-06-20"/>
<dc element="dc.publisher" value="Reuters Holdings Plc"/>
<dc element="dc.date.published" value="1997-06-20"/>
<dc element="dc.source" value="Reuters"/>
<dc element="dc.creator.location" value="BANGKOK"/>
<dc element="dc.creator.location.country.name" value="THAILAND"/>
<dc element="dc.source" value="Reuters"/>
</metadata>
</newsitem>
