<?xml version="1.0" encoding="ISO-8859-1" standalone="no"?>
<newsitem date="1997-06-20" id="root" itemid="677348" xml:lang="en">
<title>UK: Taiwan Liton exercises $6.0 mln greeshoe.</title>
<headline>Taiwan Liton exercises $6.0 mln greeshoe.</headline>
<dateline>LONDON 1997-06-20</dateline>
<text>
<p>Taiwan Liton Electronics Co Ltd has exercised the $6.0 million greenshoe option on its recent convertible bond, lead manager Bankers Trust International said in a statement on Friday.</p>
<p>The total size of the issue is now $72 million.</p>
<p> BORROWER   TAIWAN LITON ELECTRONICS CO LTD</p>
<p> AMT   $72 MLN	  COUPON     0.5	 MATURITY	.MAY.04</p>
<p> TYPE	 STRAIGHT  ISS PRICE  PAR	 PAY DATE    27.JUN.97</p>
<p> FULL FEES  2.50	LISTING    LUX	 PAY FREQ    ANNUAL</p>
<p> GOV LAW    ENGLISH   DENOMS (K) ONE	 PREMIUM     12 PCT</p>
<p>SALE LIMITS US/UK/TW/HK/SI</p>
<p> NEG PLG    YES	 CRS DEFLT  YES</p>
<p>CNV PRICE  NT$102.81, CONVERSION RATIO 2,715.6891</p>
<p>FOREX FIX NT$27.92/US$</p>
<p> NOTES	CONVERTIBLE FROM AUG.97 TO MAY.04</p>
<p>		CALLABLE FROM YEAR THREE SUBJECT TO 140 PCT RULE</p>
<p>		PUT OPTION YEAR FIVE AT 136.38</p>
</text>
<copyright>(c) Reuters Limited 1997</copyright>
<metadata>
<codes class="bip:countries:1.0">
  <code code="TAIWAN">
    <editdetail action="confirmed" attribution="Reuters BIP Coding Group" date="1997-06-20"/>
  </code>
  <code code="UK">
    <editdetail action="confirmed" attribution="Reuters BIP Coding Group" date="1997-06-20"/>
  </code>
</codes>
<codes class="bip:topics:1.0">
  <code code="C17">
    <editdetail action="confirmed" attribution="Reuters BIP Coding Group" date="1997-06-20"/>
  </code>
  <code code="C172">
    <editdetail action="confirmed" attribution="Reuters BIP Coding Group" date="1997-06-20"/>
  </code>
  <code code="CCAT">
    <editdetail action="confirmed" attribution="Reuters BIP Coding Group" date="1997-06-20"/>
  </code>
</codes>
<dc element="dc.date.created" value="1997-06-20"/>
<dc element="dc.publisher" value="Reuters Holdings Plc"/>
<dc element="dc.date.published" value="1997-06-20"/>
<dc element="dc.source" value="Reuters"/>
<dc element="dc.creator.location" value="LONDON"/>
<dc element="dc.creator.location.country.name" value="UK"/>
<dc element="dc.source" value="Reuters"/>
</metadata>
</newsitem>
