<?xml version="1.0" encoding="ISO-8859-1" standalone="no"?>
<newsitem date="1997-06-20" id="root" itemid="676038" xml:lang="en">
<title>INDONESIA: Indonesia says World Bank report balanced.</title>
<headline>Indonesia says World Bank report balanced.</headline>
<dateline>JAKARTA 1997-06-20</dateline>
<text>
<p>Indonesian Planning Minister Ginanjar Kartasasmita said on Friday the World Bank's recent report on Indonesia was balanced.</p>
<p>"The report is balanced in general. Some of the points are encouraging," Ginanjar told reporters.</p>
<p>He, however, added that there were suggestions that were not in line with government policies.</p>
<p>"There are suggestions we can use but also there are some which we can't. We could follow some of the advice but it will depend on the timing," he said.</p>
<p>The World Bank said in its 1997 report on Indonesia that the country should have fiscal measures ready to cope with possible overheating of the economy.</p>
<p>The bank suggested Indonesia take some fast-acting measures, including raising taxes on urban properties and raising domestic fuel prices to eliminate subsidies in the budget.</p>
<p>Other stand-by measures it recommended included raising power tariffs, cutting down tax exemptions, increasing forestry royalties, making more goods subject to luxury taxes and bringing more off-budget spending into the budget.</p>
<p>Darmoko Slamet, secretary general of the mining and energy ministry, was quoted by the afternoon daily Suara Pembangunan as saying the bank's recommendation on fuels was inappropriate.</p>
<p>Slamet said fuel subsidies were needed especially for those consumed by the vast majority of the population.</p>
<p>"Major fuels are no longer subsidied. Now (there are subsidies) only on kerosene and diesel fuel, which are widely used," he said.</p>
<p>Slamet said subsidies were still needed to support the country's economic growth, but they will be abolished in phases.</p>
<p>Economists were worried over the immediate implications on fuel prices if the government followed the bank's suggestion.</p>
<p>They said a cut in fuel subsidies would boost prices and spur inflation, which had been well contained recently, with further reductions expected.</p>
<p>Saleh Afiff, co-ordinating minister for economics and finance, said the bank had made similar recommendations in its report last year but they were not implemented by the government because of their widespread implications.</p>
<p>Afiff said Indonesia's current account deficit was still manageable although it was showing a widening trend.</p>
<p>The bank said Indonesia's current account deficit was likely to reach $10.1 billion, or four percent of GDP, in the fiscal 1997/98 year (April-March) from $8.823 billion in 1996/97.</p>
<p>Afiff said Indonesia's economic fundamentals remained healthy and the current account deficit was within an acceptable level.</p>
</text>
<copyright>(c) Reuters Limited 1997</copyright>
<metadata>
<codes class="bip:countries:1.0">
  <code code="INDON">
    <editdetail action="confirmed" attribution="Reuters BIP Coding Group" date="1997-06-20"/>
  </code>
</codes>
<codes class="bip:topics:1.0">
  <code code="E21">
    <editdetail action="confirmed" attribution="Reuters BIP Coding Group" date="1997-06-20"/>
  </code>
  <code code="E211">
    <editdetail action="confirmed" attribution="Reuters BIP Coding Group" date="1997-06-20"/>
  </code>
  <code code="ECAT">
    <editdetail action="confirmed" attribution="Reuters BIP Coding Group" date="1997-06-20"/>
  </code>
</codes>
<dc element="dc.date.created" value="1997-06-20"/>
<dc element="dc.publisher" value="Reuters Holdings Plc"/>
<dc element="dc.date.published" value="1997-06-20"/>
<dc element="dc.source" value="Reuters"/>
<dc element="dc.creator.location" value="JAKARTA"/>
<dc element="dc.creator.location.country.name" value="INDONESIA"/>
<dc element="dc.source" value="Reuters"/>
</metadata>
</newsitem>
