<?xml version="1.0" encoding="ISO-8859-1" standalone="no"?>
<newsitem date="1997-06-20" id="root" itemid="677025" xml:lang="en">
<title>USA: China may have bought 50,000 T US soybeans - trade.</title>
<headline>China may have bought 50,000 T US soybeans - trade.</headline>
<dateline>CHICAGO 1997-06-20</dateline>
<text>
<p>Indications are that China has bought 50,000 tonnes U.S. soybeans for November shipment in the past few days, several U.S. exporters said.</p>
<p>But exporters could not confirm rumors that China purchased 125,000 tonnes U.S. soymeal for July/August shipment.</p>
<p>"I'm not sure about the meal but about the beans, it did happen," one U.S. exporter said. "I think they did it a couple days ago." He did not have any other details.</p>
<p>"It's very possible," a second U.S. exporter said, referring to the Chinese soybean purchase.</p>
<p>Regarding a soymeal purchase, "if anything it would be from South America and not from the (United) States because of availability," he said.</p>
<p>A third exporter said his firm did not do the business but he believed the China soybean purchase was done.</p>
<p>He said he was not aware of a soymeal purchase.</p>
<p>((Doris Frankel 312-983-7305))</p>
</text>
<copyright>(c) Reuters Limited 1997</copyright>
<metadata>
<codes class="bip:countries:1.0">
  <code code="CHINA">
    <editdetail action="confirmed" attribution="Reuters BIP Coding Group" date="1997-06-20"/>
  </code>
  <code code="USA">
    <editdetail action="confirmed" attribution="Reuters BIP Coding Group" date="1997-06-20"/>
  </code>
</codes>
<codes class="bip:topics:1.0">
  <code code="M14">
    <editdetail action="confirmed" attribution="Reuters BIP Coding Group" date="1997-06-20"/>
  </code>
  <code code="M141">
    <editdetail action="confirmed" attribution="Reuters BIP Coding Group" date="1997-06-20"/>
  </code>
  <code code="MCAT">
    <editdetail action="confirmed" attribution="Reuters BIP Coding Group" date="1997-06-20"/>
  </code>
</codes>
<dc element="dc.date.created" value="1997-06-20"/>
<dc element="dc.publisher" value="Reuters Holdings Plc"/>
<dc element="dc.date.published" value="1997-06-20"/>
<dc element="dc.source" value="Reuters"/>
<dc element="dc.creator.location" value="CHICAGO"/>
<dc element="dc.creator.location.country.name" value="USA"/>
<dc element="dc.source" value="Reuters"/>
</metadata>
</newsitem>
