<?xml version="1.0" encoding="ISO-8859-1" standalone="no"?>
<newsitem date="1997-06-20" id="root" itemid="676779" xml:lang="en">
<title>GREECE: IONIAN BANK OFFERS VACATION LOANS WITH GRACE PERIOD.</title>
<headline>IONIAN BANK OFFERS VACATION LOANS WITH GRACE PERIOD.</headline>
<dateline>ATHENS 1997-06-20</dateline>
<text>
<p>Ionian Bank said on Friday personal loans for summer vacations were available at 16.5 percent and feature a three-month grace period.</p>
<p>The "Iono-loan" up to one million drachmas is available throughout its 224-branch network and only from June 25 to August 1. --George Georgiopoulos, Athens Newsroom +301 3311812-4</p>
</text>
<copyright>(c) Reuters Limited 1997</copyright>
<metadata>
<codes class="bip:countries:1.0">
  <code code="GREECE">
    <editdetail action="confirmed" attribution="Reuters BIP Coding Group" date="1997-06-20"/>
  </code>
</codes>
<codes class="bip:industries:1.0">
  <code code="I81402">
    <editdetail action="confirmed" attribution="Reuters BIP Coding Group" date="1997-06-20"/>
  </code>
</codes>
<codes class="bip:topics:1.0">
  <code code="C31">
    <editdetail action="confirmed" attribution="Reuters BIP Coding Group" date="1997-06-20"/>
  </code>
  <code code="CCAT">
    <editdetail action="confirmed" attribution="Reuters BIP Coding Group" date="1997-06-20"/>
  </code>
</codes>
<dc element="dc.date.created" value="1997-06-20"/>
<dc element="dc.publisher" value="Reuters Holdings Plc"/>
<dc element="dc.date.published" value="1997-06-20"/>
<dc element="dc.source" value="Reuters"/>
<dc element="dc.creator.location" value="ATHENS"/>
<dc element="dc.creator.location.country.name" value="GREECE"/>
<dc element="dc.source" value="Reuters"/>
</metadata>
</newsitem>
