<?xml version="1.0" encoding="ISO-8859-1" standalone="no"?>
<newsitem date="1997-06-20" id="root" itemid="677536" xml:lang="en">
<title>INDONESIA: Indonesia says Japan sees aid priority to Jakarta.</title>
<headline>Indonesia says Japan sees aid priority to Jakarta.</headline>
<dateline>JAKARTA 1997-06-20</dateline>
<text>
<p>Indonesian Planning Minister Ginanjar Kartasasmita said on Friday Japan would continue supporting his country's development despite cutting its aid budget.</p>
<p>"The Japanese government told me it would make its foreign aid to Indonesia a priority despite cutting its foreign aid budget," Ginanjar told reporters after meeting President Suharto.</p>
<p>"I don't know how much Japan will give (but) we hope Japan will maintain the same level of aid to Indonesia," he said.</p>
<p>Ginanjar said Japan was cutting its global foreign aid in order to adjust its budget to the current demands of its economy.</p>
<p>He has said Indonesia expects to obtain some $5 billion in foreign aid this year and hoped its controversial national car policy would not hurt ties with key donor nations.</p>
<p>The funds will come from the World Bank-chaired Consultative Group for Indonesia (CGI), which consists of 20 donor countries, including Japan, and several financing agencies.</p>
<p>The CGI plans to meet next month in Japan.</p>
<p>The CGI pledged $5.26 billion in aid to Indonesia in 1996, compared with $5.35 billion in 1995. Of the total, Japan pledged $1.91 billion in 1996, compared with $2.14 billion in 1995.</p>
<p>Ginanjar said he visited Japan last week and met Japanese ministers covering the portfolios of finance, international trade and foreign affairs. He did not say whether the car issue was discussed.</p>
<p>Indonesia's national car policy gives PT Timor Putra Nasional, a firm headed by President Suharto's youngest son Hutomo Mandala Putra, tax and tariff breaks to produce a national car in association with Kia Motors Corp of South Korea.</p>
<p>Japan, the United States and the European Union have said the policy discriminates against other car manufacturers and have complained to the World Trade Organisation.</p>
<p>Indonesia has defended its policy by saying the national car programme aims to strengthen domestic industry.</p>
</text>
<copyright>(c) Reuters Limited 1997</copyright>
<metadata>
<codes class="bip:countries:1.0">
  <code code="INDON">
    <editdetail action="confirmed" attribution="Reuters BIP Coding Group" date="1997-06-20"/>
  </code>
  <code code="JAP">
    <editdetail action="confirmed" attribution="Reuters BIP Coding Group" date="1997-06-20"/>
  </code>
</codes>
<codes class="bip:topics:1.0">
  <code code="E21">
    <editdetail action="confirmed" attribution="Reuters BIP Coding Group" date="1997-06-20"/>
  </code>
  <code code="E211">
    <editdetail action="confirmed" attribution="Reuters BIP Coding Group" date="1997-06-20"/>
  </code>
  <code code="E51">
    <editdetail action="confirmed" attribution="Reuters BIP Coding Group" date="1997-06-20"/>
  </code>
  <code code="ECAT">
    <editdetail action="confirmed" attribution="Reuters BIP Coding Group" date="1997-06-20"/>
  </code>
  <code code="GCAT">
    <editdetail action="confirmed" attribution="Reuters BIP Coding Group" date="1997-06-20"/>
  </code>
  <code code="GDIP">
    <editdetail action="confirmed" attribution="Reuters BIP Coding Group" date="1997-06-20"/>
  </code>
</codes>
<dc element="dc.date.created" value="1997-06-20"/>
<dc element="dc.publisher" value="Reuters Holdings Plc"/>
<dc element="dc.date.published" value="1997-06-20"/>
<dc element="dc.source" value="Reuters"/>
<dc element="dc.creator.location" value="JAKARTA"/>
<dc element="dc.creator.location.country.name" value="INDONESIA"/>
<dc element="dc.source" value="Reuters"/>
</metadata>
</newsitem>
