<?xml version="1.0" encoding="ISO-8859-1" standalone="no"?>
<newsitem date="1997-06-20" id="root" itemid="675992" xml:lang="en">
<title>SINGAPORE: PSC gets Australian healthcare contract.</title>
<headline>PSC gets Australian healthcare contract.</headline>
<dateline>SINGAPORE 1997-06-20</dateline>
<text>
<p>Provisions Suppliers Corp Ltd (PSC) said on Friday it signed a healthcare management and consultancy contract with the western Australian government.</p>
<p>The contract, granted to its 51 percent subsidiary Health Solutions (Western Australia) Pty Ltd, would be to manage an existing 32-bed public hospital in Perth.</p>
<p>Expansion and refurbishment works were in store for the hospital and when completed in June 1998, PSC would manage the hospital for 20 years, it said.</p>
<p>PSC said it had invested Australian $2 million in the project and did not expect any impact on current year earnings.  </p>
<p>-- Singapore Newsroom 65-8703080</p>
</text>
<copyright>(c) Reuters Limited 1997</copyright>
<metadata>
<codes class="bip:countries:1.0">
  <code code="AUSTR">
    <editdetail action="confirmed" attribution="Reuters BIP Coding Group" date="1997-06-20"/>
  </code>
  <code code="SINGP">
    <editdetail action="confirmed" attribution="Reuters BIP Coding Group" date="1997-06-20"/>
  </code>
</codes>
<codes class="bip:topics:1.0">
  <code code="C33">
    <editdetail action="confirmed" attribution="Reuters BIP Coding Group" date="1997-06-20"/>
  </code>
  <code code="CCAT">
    <editdetail action="confirmed" attribution="Reuters BIP Coding Group" date="1997-06-20"/>
  </code>
</codes>
<dc element="dc.date.created" value="1997-06-20"/>
<dc element="dc.publisher" value="Reuters Holdings Plc"/>
<dc element="dc.date.published" value="1997-06-20"/>
<dc element="dc.source" value="Reuters"/>
<dc element="dc.creator.location" value="SINGAPORE"/>
<dc element="dc.creator.location.country.name" value="SINGAPORE"/>
<dc element="dc.source" value="Reuters"/>
</metadata>
</newsitem>
