<?xml version="1.0" encoding="ISO-8859-1" standalone="no"?>
<newsitem date="1997-06-20" id="root" itemid="676279" xml:lang="en">
<title>USA: Smallworldwide to buy software line.</title>
<headline>Smallworldwide to buy software line.</headline>
<dateline>NEW YORK 1997-06-20</dateline>
<text>
<p>Smallworldwide Plc said Friday it plans to acquire a telecommunications software product line made by Integration Technologies for an unspecified amount.</p>
<p>The company said the parties are preparing a definitive agreement for the acquisition and expect the deal to be completed by June 30.  </p>
<p>Smallworld also plans to acquire members of Integration Technologies' operations support group, which developed the products using the Smallworld applications platform, to form a new Smallworld telecommunications product group.</p>
<p>Under the proposed pact, Smallworld will assume Integration Technologies' customer base. No further details were provided.</p>
</text>
<copyright>(c) Reuters Limited 1997</copyright>
<metadata>
<codes class="bip:countries:1.0">
  <code code="USA">
    <editdetail action="confirmed" attribution="Reuters BIP Coding Group" date="1997-06-20"/>
  </code>
</codes>
<codes class="bip:industries:1.0">
  <code code="I33020">
    <editdetail action="confirmed" attribution="Reuters BIP Coding Group" date="1997-06-20"/>
  </code>
  <code code="I3302021">
    <editdetail action="confirmed" attribution="Reuters BIP Coding Group" date="1997-06-20"/>
  </code>
</codes>
<codes class="bip:topics:1.0">
  <code code="C18">
    <editdetail action="confirmed" attribution="Reuters BIP Coding Group" date="1997-06-20"/>
  </code>
  <code code="C182">
    <editdetail action="confirmed" attribution="Reuters BIP Coding Group" date="1997-06-20"/>
  </code>
  <code code="CCAT">
    <editdetail action="confirmed" attribution="Reuters BIP Coding Group" date="1997-06-20"/>
  </code>
</codes>
<dc element="dc.date.created" value="1997-06-20"/>
<dc element="dc.publisher" value="Reuters Holdings Plc"/>
<dc element="dc.date.published" value="1997-06-20"/>
<dc element="dc.source" value="Reuters"/>
<dc element="dc.creator.location" value="NEW YORK"/>
<dc element="dc.creator.location.country.name" value="USA"/>
<dc element="dc.source" value="Reuters"/>
</metadata>
</newsitem>
