<?xml version="1.0" encoding="ISO-8859-1" standalone="no"?>
<newsitem date="1997-06-20" id="root" itemid="675853" xml:lang="en">
<title>COLOMBIA: Colombia peso ends down vs dlr but off record low.</title>
<headline>Colombia peso ends down vs dlr but off record low.</headline>
<dateline>BOGOTA 1997-06-20</dateline>
<text>
<p>Colombia's peso ended 3.70 pesos lower against the dollar at 1,088.80, after touching bottom at a historic intraday low of 1,089.00, interbank dealers said.</p>
<p>They said dollar-buying by an unspecified government office or agency, totalling about $20 million, knocked support out from under the peso despite rumors of a large and imminent sale of U.S. currency stemming from oil export revenues.</p>
<p>The peso hit a session high of 1,084.80 before moving sharply lower into the close, dealers said, adding that the market processed an above-average 403 trades for a total of $197 million. ((-- Nelson Bocanegra, Bogota newsroom, 571 610 7944))</p>
</text>
<copyright>(c) Reuters Limited 1997</copyright>
<metadata>
<codes class="bip:countries:1.0">
  <code code="COL">
    <editdetail action="confirmed" attribution="Reuters BIP Coding Group" date="1997-06-20"/>
  </code>
</codes>
<codes class="bip:topics:1.0">
  <code code="M13">
    <editdetail action="confirmed" attribution="Reuters BIP Coding Group" date="1997-06-20"/>
  </code>
  <code code="M132">
    <editdetail action="confirmed" attribution="Reuters BIP Coding Group" date="1997-06-20"/>
  </code>
  <code code="MCAT">
    <editdetail action="confirmed" attribution="Reuters BIP Coding Group" date="1997-06-20"/>
  </code>
</codes>
<dc element="dc.date.created" value="1997-06-20"/>
<dc element="dc.publisher" value="Reuters Holdings Plc"/>
<dc element="dc.date.published" value="1997-06-20"/>
<dc element="dc.source" value="Reuters"/>
<dc element="dc.creator.location" value="BOGOTA"/>
<dc element="dc.creator.location.country.name" value="COLOMBIA"/>
<dc element="dc.source" value="Reuters"/>
</metadata>
</newsitem>
