<?xml version="1.0" encoding="ISO-8859-1" standalone="no"?>
<newsitem date="1997-06-20" id="root" itemid="677104" xml:lang="en">
<title>USA: New Jersey lawmakers introduce spending plan.</title>
<headline>New Jersey lawmakers introduce spending plan.</headline>
<dateline>TRENTON, N.J. 1997-06-19</dateline>
<text>
<p>- New Jersey's spending plan for the fiscal year starting July 1 was introduced Thursday, although legislators did not wait to see it.</p>
<p>Key legislators and staffers worked all day on the final details of a $16.8-billion, election-year budget that has grown by $400 million since Gov Christine Whitman introduced it in January.</p>
<p>Among the new spending is $246 million to satisfy the state Supreme Court order to increase state aid to the 28 poorest school districts; $55 million in high-tech grants for higher education plus $30 million for college salaries, and $18 million to increase the state's child protection staff.</p>
<p>Two proposals were rejected -- $100 million to pay mostly urban hospitals for charity care and $55 million to fund a child-care tax credit.</p>
<p>The extra spending was made possible by two developments.</p>
<p>-- Whitman's plan to sell $2.75 billion in pension bonds, enabling the state to skip $590 million in contributions.</p>
<p>-- An unanticipated tax revenue windfall, estimated to exceed budget projections by $500 million.</p>
<p>Legislators will get their first look at the budget Monday, but in a year in which all 40 Senate seats and 80 in the Assembly will be on the November 4 ballot, little opposition is expected.</p>
</text>
<copyright>(c) Reuters Limited 1997</copyright>
<metadata>
<codes class="bip:countries:1.0">
  <code code="USA">
    <editdetail action="confirmed" attribution="Reuters BIP Coding Group" date="1997-06-20"/>
  </code>
</codes>
<codes class="bip:topics:1.0">
  <code code="E21">
    <editdetail action="confirmed" attribution="Reuters BIP Coding Group" date="1997-06-20"/>
  </code>
  <code code="E211">
    <editdetail action="confirmed" attribution="Reuters BIP Coding Group" date="1997-06-20"/>
  </code>
  <code code="ECAT">
    <editdetail action="confirmed" attribution="Reuters BIP Coding Group" date="1997-06-20"/>
  </code>
  <code code="GCAT">
    <editdetail action="confirmed" attribution="Reuters BIP Coding Group" date="1997-06-20"/>
  </code>
  <code code="GPOL">
    <editdetail action="confirmed" attribution="Reuters BIP Coding Group" date="1997-06-20"/>
  </code>
</codes>
<dc element="dc.date.created" value="1997-06-19"/>
<dc element="dc.publisher" value="Reuters Holdings Plc"/>
<dc element="dc.date.published" value="1997-06-20"/>
<dc element="dc.source" value="Reuters"/>
<dc element="dc.creator.location" value="TRENTON, N.J."/>
<dc element="dc.creator.location.country.name" value="USA"/>
<dc element="dc.source" value="Reuters"/>
</metadata>
</newsitem>
