<?xml version="1.0" encoding="ISO-8859-1" standalone="no"?>
<newsitem date="1997-06-20" id="root" itemid="677428" xml:lang="en">
<title>AUSTRALIA: Canberra names preferred buyer for Works Australia.</title>
<headline>Canberra names preferred buyer for Works Australia.</headline>
<dateline>CANBERRA 1997-06-20</dateline>
<text>
<p>The Australian government on Friday named Gutteridge Haskins and Davey Pty Ltd as the preferred buyer for project management, architectural and engineering service provider Works Australia.</p>
<p>The company is one of six to be sold as part of an Administrative Services Department privatisation plan announced in the August 1996 budget, Finance Minister John Fahey and Administrative Services Minister David Jull said in a joint statement.  </p>
<p>The proceeds from the sale would be announced when the contracts were exchanged in a few weeks, Fahey and Jull said.</p>
<p>The government expected to announce the preferred bidders for the other Administrative Services Department business units shortly.</p>
<p>Gutteridge Haskins and Davey is a wholly-owned Australian company of consulting engineers, environmental scientists and planners and project managers.</p>
<p>-- Canberra bureau 61-6 273-2730</p>
</text>
<copyright>(c) Reuters Limited 1997</copyright>
<metadata>
<codes class="bip:countries:1.0">
  <code code="AUSTR">
    <editdetail action="confirmed" attribution="Reuters BIP Coding Group" date="1997-06-20"/>
  </code>
</codes>
<codes class="bip:industries:1.0">
  <code code="I83700">
    <editdetail action="confirmed" attribution="Reuters BIP Coding Group" date="1997-06-20"/>
  </code>
</codes>
<codes class="bip:topics:1.0">
  <code code="C13">
    <editdetail action="confirmed" attribution="Reuters BIP Coding Group" date="1997-06-20"/>
  </code>
  <code code="C18">
    <editdetail action="confirmed" attribution="Reuters BIP Coding Group" date="1997-06-20"/>
  </code>
  <code code="C181">
    <editdetail action="confirmed" attribution="Reuters BIP Coding Group" date="1997-06-20"/>
  </code>
  <code code="C183">
    <editdetail action="confirmed" attribution="Reuters BIP Coding Group" date="1997-06-20"/>
  </code>
  <code code="CCAT">
    <editdetail action="confirmed" attribution="Reuters BIP Coding Group" date="1997-06-20"/>
  </code>
</codes>
<dc element="dc.date.created" value="1997-06-20"/>
<dc element="dc.publisher" value="Reuters Holdings Plc"/>
<dc element="dc.date.published" value="1997-06-20"/>
<dc element="dc.source" value="Reuters"/>
<dc element="dc.creator.location" value="CANBERRA"/>
<dc element="dc.creator.location.country.name" value="AUSTRALIA"/>
<dc element="dc.source" value="Reuters"/>
</metadata>
</newsitem>
