<?xml version="1.0" encoding="ISO-8859-1" standalone="no"?>
<newsitem date="1997-06-20" id="root" itemid="677094" xml:lang="en">
<title>USA: Accused CIA shooter confessed en route to U.S.</title>
<headline>Accused CIA shooter confessed en route to U.S.</headline>
<byline>James Vicini</byline>
<dateline>WASHINGTON 1997-06-19</dateline>
<text>
<p>Mir Aimal Kansi, accused of a deadly shooting spree outside CIA headquarters, confessed to FBI agents who brought him back to the United States from his native Pakistan, a law enforcement official said on Thursday.</p>
<p>The official, who declined to be identified, said FBI agents informed the 33-year-old Pakistani of his right to remain silent or have a lawyer, but Kansi instead openly discussed the January 1993 shooting, which killed two CIA employees and wounded three others.</p>
<p>Kansi also gave details of what he did before and after the shooting, discussing how many rounds he had fired from his assault rifle, and how he waited for several hours in a park near CIA headquarters in Langley, Virginia, before returning to his apartment.</p>
<p>The official said Kansi even signed a several-page confession while on the U.S. military plane that brought him back to the Washington, D.C., area on Tuesday night to face murder charges that carry the death penalty.</p>
<p>The official maintained that Kansi willingly talked to the FBI agents and that he had not been coerced or pressured.</p>
<p>Kansi also discussed his motive for opening fire on CIA employees as they waited in their cars to enter the spy agency's headquarters in a remote Virginia suburb, the official said, without giving any details.</p>
<p>However the official said Kansi's stated reasons were difficult to understand.</p>
<p>Officials previously have not discounted a theory by Kansi's former roommate in the United States that the shooting was done because of his anger over the plight of Bosnian Moslems in the four-year civil war after the break-up of the former Yugoslavia.</p>
<p>Senior FBI and CIA officials told reporters Wednesday that they believed Kansi acted alone in the shooting and that he was not part of any extremist conspiracy.</p>
<p>Kansi has been charged in the Jan. 25, 1993, morning rush hour shooting spree. An intense four-year worldwide manhunt ended early Sunday morning when five FBI agents burst through the door of his hotel room in Pakistan and arrested him.</p>
<p>The FBI had been tipped on where Kansi, who had been on the FBI's top 10 most wanted fugitives, would be by Afghan individuals whom they paid, and who had business dealings with Kansi.</p>
<p>The U.S. government had offered up to a $2 million reward for information leading to Kansi's arrest.</p>
<p>The intelligence on Kansi's whereabouts had been developed by the CIA while the actual arrest operation was carried out by the FBI, the senior officials from the two agencies said.</p>
<p>A judge has ordered that Kansi be ordered in jail without bail because he poses a flight risk. Law enforcement officials have said he caught a flight to Pakistan a day after the CIA shootings.</p>
<p>Kansi entered the United States in 1991 in New York and a year later applied for political asylum.</p>
</text>
<copyright>(c) Reuters Limited 1997</copyright>
<metadata>
<codes class="bip:countries:1.0">
  <code code="PAKIS">
    <editdetail action="confirmed" attribution="Reuters BIP Coding Group" date="1997-06-20"/>
  </code>
  <code code="USA">
    <editdetail action="confirmed" attribution="Reuters BIP Coding Group" date="1997-06-20"/>
  </code>
</codes>
<codes class="bip:topics:1.0">
  <code code="GCAT">
    <editdetail action="confirmed" attribution="Reuters BIP Coding Group" date="1997-06-20"/>
  </code>
  <code code="GCRIM">
    <editdetail action="confirmed" attribution="Reuters BIP Coding Group" date="1997-06-20"/>
  </code>
  <code code="GVIO">
    <editdetail action="confirmed" attribution="Reuters BIP Coding Group" date="1997-06-20"/>
  </code>
</codes>
<dc element="dc.date.created" value="1997-06-19"/>
<dc element="dc.publisher" value="Reuters Holdings Plc"/>
<dc element="dc.date.published" value="1997-06-20"/>
<dc element="dc.source" value="Reuters"/>
<dc element="dc.creator.location" value="WASHINGTON"/>
<dc element="dc.creator.location.country.name" value="USA"/>
<dc element="dc.source" value="Reuters"/>
</metadata>
</newsitem>
