<?xml version="1.0" encoding="ISO-8859-1" standalone="no"?>
<newsitem date="1997-06-20" id="root" itemid="677468" xml:lang="en">
<title>INDONESIA: PRESS DIGEST - Indonesian newspapers - June 20.</title>
<headline>PRESS DIGEST - Indonesian newspapers - June 20.</headline>
<text>
<p>The following are the leading stories in the Indonesian press on June 20. Reuters has not verified these stories and does not vouch for their accuracy.</p>
<p>Telephone: (6221) 384-6364. Fax: (6221) 344-8404.</p>
<p>- - - -</p>
<p>KOMPAS</p>
<p>The Moslem-based United Development Party (PPP) has refused to grant its excess votes to the fragmented Indonesian Development Party (PDI), which cannot meet the required minimum 11 seats in the House of Representatives due to its poor showing in general elections last month. The ruling Golkar party, which swept the May 29 general elections, has so far indicated it is willing to trade votes to help the PDI.</p>
<p>- - - -</p>
<p>JAKARTA POST</p>
<p>Importers have said the customs electronic data interchange (EDI) system is still beset with problems and only 222 or 2.7 percent of the 8,000 licensed importers have been connected to the system.</p>
<p>The World Bank has said the government should adopt a more transparent, market-oriented strategy to solve problems in the banking sector and take timely action to penalise chronic offenders.</p>
<p>- - - -</p>
<p>INDONESIA TIMES</p>
<p>Polyester manufacturer Indorama has said it will go ahead with a plan to invest $250 million in the industry despite sluggish business.</p>
<p>-- Jakarta newsroom +6221 384-6364</p>
</text>
<copyright>(c) Reuters Limited 1997</copyright>
<metadata>
<codes class="bip:countries:1.0">
  <code code="INDON">
    <editdetail action="confirmed" attribution="Reuters BIP Coding Group" date="1997-06-20"/>
  </code>
</codes>
<codes class="bip:topics:1.0">
  <code code="GCAT">
    <editdetail action="confirmed" attribution="Reuters BIP Coding Group" date="1997-06-20"/>
  </code>
</codes>
<dc element="dc.publisher" value="Reuters Holdings Plc"/>
<dc element="dc.date.published" value="1997-06-20"/>
<dc element="dc.source" value="Reuters"/>
<dc element="dc.creator.location.country.name" value="INDONESIA"/>
<dc element="dc.source" value="Reuters"/>
</metadata>
</newsitem>
