<?xml version="1.0" encoding="ISO-8859-1" standalone="no"?>
<newsitem date="1997-06-20" id="root" itemid="676563" xml:lang="en">
<title>INDIA: Indian call money, June 20-(opening)-0.25-0.75 pct.</title>
<headline>Indian call money, June 20-(opening)-0.25-0.75 pct.</headline>
<dateline>BOMBAY 1997-06-20</dateline>
<text>
<p>Call money (in pct) at 0945 IST</p>
<p>    TIME     O/N-market range	 DFHI	  STCI</p>
<p>    0945	  0.25-0.75	   0.25-0.50   0.25-0.50</p>
<p>3-day money 3.25-3.75</p>
<p>The indicative call rates are based on contributions from the ABN Amro, Andhra Bank, Bank of Baroda, Bank of India, Bank of Nova Scotia, Birla Capital AMC, Canara Bank, Centurion Bank, Citibank N.A., Corporation Bank, Discount and Finance House of India, Global Trust Bank, Indusind Bank, Industrial Credit and Investment Corporation of India (ICICI), ICICI Securities &amp; Finance Co., Industrial Development Bank of India (IDBI), IDBI Bank Ltd, Indian Overseas Bank, Securities Trading Corporation of India (STCI), India (SBI), Standard Chartered Bank, Unit Trust of India (UTI) and UTI Bank.</p>
<p>For contributions contact money desk on (022) 265 9000</p>
</text>
<copyright>(c) Reuters Limited 1997</copyright>
<metadata>
<codes class="bip:countries:1.0">
  <code code="INDIA">
    <editdetail action="confirmed" attribution="Reuters BIP Coding Group" date="1997-06-20"/>
  </code>
</codes>
<codes class="bip:topics:1.0">
  <code code="M13">
    <editdetail action="confirmed" attribution="Reuters BIP Coding Group" date="1997-06-20"/>
  </code>
  <code code="M131">
    <editdetail action="confirmed" attribution="Reuters BIP Coding Group" date="1997-06-20"/>
  </code>
  <code code="MCAT">
    <editdetail action="confirmed" attribution="Reuters BIP Coding Group" date="1997-06-20"/>
  </code>
</codes>
<dc element="dc.date.created" value="1997-06-20"/>
<dc element="dc.publisher" value="Reuters Holdings Plc"/>
<dc element="dc.date.published" value="1997-06-20"/>
<dc element="dc.source" value="Reuters"/>
<dc element="dc.creator.location" value="BOMBAY"/>
<dc element="dc.creator.location.country.name" value="INDIA"/>
<dc element="dc.source" value="Reuters"/>
</metadata>
</newsitem>
