<?xml version="1.0" encoding="ISO-8859-1" standalone="no"?>
<newsitem date="1997-06-20" id="root" itemid="677023" xml:lang="en">
<title>USA: CBOT corn up on oversold ideas, short covering.</title>
<headline>CBOT corn up on oversold ideas, short covering.</headline>
<dateline>CHICAGO 1997-06-20</dateline>
<text>
<p>CBOT corn futures showed modest gains early Friday in a technical bounce and short covering before the weekend, traders said.</p>
<p>Rallies should be capped by forecasts for warm and rainy weather this weekend, sources said. Those conditions are seen as nearly ideal for the new crop.</p>
<p>Long-term forecasts, including Thursday's National Weather Service 30- and 90-day outlooks, indicated no crop weather problems and were also seen limiting gains, traders said.</p>
<p>"The 30- and 90-day forecasts are a little bearish," a trader said.</p>
<p>In early trade, Cargill bought two million July and Refco bought 2.5 million December. LIT sold two million bushels July and bought one million December, pit traders said.</p>
<p>At 1005 CDT, July corn was 1/4 cent per bushel higher at $2.65-1/2 per bushel, and other months were one to 1/2 cent higher.</p>
<p>((Anna Driver 312-408-8720))</p>
</text>
<copyright>(c) Reuters Limited 1997</copyright>
<metadata>
<codes class="bip:countries:1.0">
  <code code="USA">
    <editdetail action="confirmed" attribution="Reuters BIP Coding Group" date="1997-06-20"/>
  </code>
</codes>
<codes class="bip:topics:1.0">
  <code code="M14">
    <editdetail action="confirmed" attribution="Reuters BIP Coding Group" date="1997-06-20"/>
  </code>
  <code code="M141">
    <editdetail action="confirmed" attribution="Reuters BIP Coding Group" date="1997-06-20"/>
  </code>
  <code code="MCAT">
    <editdetail action="confirmed" attribution="Reuters BIP Coding Group" date="1997-06-20"/>
  </code>
</codes>
<dc element="dc.date.created" value="1997-06-20"/>
<dc element="dc.publisher" value="Reuters Holdings Plc"/>
<dc element="dc.date.published" value="1997-06-20"/>
<dc element="dc.source" value="Reuters"/>
<dc element="dc.creator.location" value="CHICAGO"/>
<dc element="dc.creator.location.country.name" value="USA"/>
<dc element="dc.source" value="Reuters"/>
</metadata>
</newsitem>
