<?xml version="1.0" encoding="ISO-8859-1" standalone="no"?>
<newsitem date="1997-06-20" id="root" itemid="676579" xml:lang="en">
<title>USA: Seven sue Sikorsky Aircraft for discrimination.</title>
<headline>Seven sue Sikorsky Aircraft for discrimination.</headline>
<dateline>BOSTON 1997-06-20</dateline>
<text>
<p>Seven black workers have filed a class action suit against Sikorsky Aircraft Corp. alleging the helicopter maker maintained racially discriminatory policies and practices.</p>
<p>The complaint, filed in U.S. District Court in Connecticut, alleges Sikorsky paid the workers lower salaries and limited career advancement "in comparison to their Caucasian counterparts," lawyer Dan Berger said in a telephone interview Friday.</p>
<p>Berger, who negotiated a $172 million settlement on behalf of 1,400 black employees of Texaco last November, said it was too early to tell how much money was involved in the action filed Thursday against Sikorsky, "but it will be in the millions of dollars."</p>
<p>The plaintiffs are currently employees at Sikorsky, a subsidiary of United Technologies, where they have worked for between four and 41 years.</p>
<p>Sikorsky spokesman Bill Tuttle said, "We take our commitment to equal employment opportunity very seriously. As a matter of company of policy, we do not discuss litigation."</p>
<p>((--Boston bureau, 617-367-4106))</p>
</text>
<copyright>(c) Reuters Limited 1997</copyright>
<metadata>
<codes class="bip:countries:1.0">
  <code code="USA">
    <editdetail action="confirmed" attribution="Reuters BIP Coding Group" date="1997-06-20"/>
  </code>
</codes>
<codes class="bip:topics:1.0">
  <code code="C12">
    <editdetail action="confirmed" attribution="Reuters BIP Coding Group" date="1997-06-20"/>
  </code>
  <code code="C42">
    <editdetail action="confirmed" attribution="Reuters BIP Coding Group" date="1997-06-20"/>
  </code>
  <code code="GCRIM">
    <editdetail action="confirmed" attribution="Reuters BIP Coding Group" date="1997-06-20"/>
  </code>
</codes>
<dc element="dc.date.created" value="1997-06-20"/>
<dc element="dc.publisher" value="Reuters Holdings Plc"/>
<dc element="dc.date.published" value="1997-06-20"/>
<dc element="dc.source" value="Reuters"/>
<dc element="dc.creator.location" value="BOSTON"/>
<dc element="dc.creator.location.country.name" value="USA"/>
<dc element="dc.source" value="Reuters"/>
</metadata>
</newsitem>
