<?xml version="1.0" encoding="ISO-8859-1" standalone="no"?>
<newsitem date="1997-06-20" id="root" itemid="676048" xml:lang="en">
<title>SINGAPORE: Taiwan to tender for 66,000T of U.S. wheat-traders.</title>
<headline>Taiwan to tender for 66,000T of U.S. wheat-traders.</headline>
<dateline>SINGAPORE 1997-06-20</dateline>
<text>
<p>Taiwan is expected to tender for up to 66,000 tonnes of U.S. wheat next week, while corn and soybean buyers are sidelined as demand slows down going into the summer season, traders said on Friday.</p>
<p>The Taiwan Flour Mills Association is expected to place a tender late next week for two 33,000-tonne U.S. wheat shipments, the traders said.</p>
<p>"The association is still working on its final details, but it should place the tender late next week," a Taipei grain trader told Reuters by telephone.  </p>
<p>Taiwan corn and soybean buyers would take a wait-and-see attitute and remain sidelined next week due to a general slowdown in the market, traders said.</p>
<p>"Demand is weak, so buyers are all waiting for either a sharp futures price fall or improved domestic demand," a buyer at Taiwan's Hui Shung Group said.</p>
<p>The Hui Shung Group had passed on a tender about two weeks ago for 8,000 tonnes of corn and 46,000 tonnes of soybeans.</p>
<p>The buyer for group said the shipment would not be retendered until July.  </p>
<p>The Hui Shung buyer said their decision was based mainly on expectations of lower Chicago futures prices and the slower pace of demand in the summer.</p>
<p>"The slow summer is ahead of us and July soybean contracts still may test 800 U.S. cents (a bushel) support," he said.</p>
<p>Corn buyers will probably also remain quite in the coming week as most of the buying groups have covered their needs until September, traders said.</p>
<p>-- George Hsu, Singapore Newsroom (65-8703080)</p>
</text>
<copyright>(c) Reuters Limited 1997</copyright>
<metadata>
<codes class="bip:countries:1.0">
  <code code="SINGP">
    <editdetail action="confirmed" attribution="Reuters BIP Coding Group" date="1997-06-20"/>
  </code>
  <code code="TAIWAN">
    <editdetail action="confirmed" attribution="Reuters BIP Coding Group" date="1997-06-20"/>
  </code>
</codes>
<codes class="bip:topics:1.0">
  <code code="M14">
    <editdetail action="confirmed" attribution="Reuters BIP Coding Group" date="1997-06-20"/>
  </code>
  <code code="M141">
    <editdetail action="confirmed" attribution="Reuters BIP Coding Group" date="1997-06-20"/>
  </code>
  <code code="MCAT">
    <editdetail action="confirmed" attribution="Reuters BIP Coding Group" date="1997-06-20"/>
  </code>
</codes>
<dc element="dc.date.created" value="1997-06-20"/>
<dc element="dc.publisher" value="Reuters Holdings Plc"/>
<dc element="dc.date.published" value="1997-06-20"/>
<dc element="dc.source" value="Reuters"/>
<dc element="dc.creator.location" value="SINGAPORE"/>
<dc element="dc.creator.location.country.name" value="SINGAPORE"/>
<dc element="dc.source" value="Reuters"/>
</metadata>
</newsitem>
