<?xml version="1.0" encoding="ISO-8859-1" standalone="no"?>
<newsitem date="1997-06-20" id="root" itemid="676408" xml:lang="en">
<title>GERMANY: Bremen coffee mostly lower, differentials cut.</title>
<headline>Bremen coffee mostly lower, differentials cut.</headline>
<dateline>BREMEN, Germany 1997-06-20</dateline>
<text>
<p>Most Bremen cash coffee prices eased as origin sellers reduced differentials, traders reported on Friday.</p>
<p>Lower prices also resulted from futures reductions this week although both London and New York were last headed higher.</p>
<p>Buyers said they had received Centralamerican and Colombian sales offers from the 97/98 crops and taken advantage of lower prices, which were off by $8 to $24 per 50 kg fob on the week.</p>
<p>But Brazils remained at $180, basis July/August shipment second hand due to the firm domestic market and Kenyans at $370 due to tight supply. Sumatran robustas were offered at $84 cif.</p>
</text>
<copyright>(c) Reuters Limited 1997</copyright>
<metadata>
<codes class="bip:countries:1.0">
  <code code="GFR">
    <editdetail action="confirmed" attribution="Reuters BIP Coding Group" date="1997-06-20"/>
  </code>
</codes>
<codes class="bip:topics:1.0">
  <code code="M14">
    <editdetail action="confirmed" attribution="Reuters BIP Coding Group" date="1997-06-20"/>
  </code>
  <code code="M141">
    <editdetail action="confirmed" attribution="Reuters BIP Coding Group" date="1997-06-20"/>
  </code>
  <code code="MCAT">
    <editdetail action="confirmed" attribution="Reuters BIP Coding Group" date="1997-06-20"/>
  </code>
</codes>
<dc element="dc.date.created" value="1997-06-20"/>
<dc element="dc.publisher" value="Reuters Holdings Plc"/>
<dc element="dc.date.published" value="1997-06-20"/>
<dc element="dc.source" value="Reuters"/>
<dc element="dc.creator.location" value="BREMEN, Germany"/>
<dc element="dc.creator.location.country.name" value="GERMANY"/>
<dc element="dc.source" value="Reuters"/>
</metadata>
</newsitem>
