<?xml version="1.0" encoding="ISO-8859-1" standalone="no"?>
<newsitem date="1997-06-20" id="root" itemid="675901" xml:lang="en">
<title>BRAZIL: Brazil industrial employment falls 0.4 pct-IBGE.</title>
<headline>Brazil industrial employment falls 0.4 pct-IBGE.</headline>
<dateline>RIO DE JANEIRO 1997-06-20</dateline>
<text>
<p>Brazilian April industrial employment fell 0.4 percent from March and 5.4 percent compared with April 1996, the National Statistics Institute (IBGE) said.</p>
<p>Industrial employment fell 5.7 percent in the first four months of 1997, the IBGE said in a statement.  </p>
<p>The IBGE said April employment levels declined most in Sao Paulo state and in the Northeast both at 0.9 percent, while in the South industrial employment increased 0.3 percent.</p>
<p>The largest employment losses were in the beverages and electrical and communications goods sectors, the IBGE said.</p>
<p>Total salaries paid decreased 0.6 percent from March and 5.4 percent in comparison with April 1996, the IBGE said.</p>
<p>The total number of hours paid increased 3.1 percent between February and March, but decreased 5.6 percent in comparison with March 1996, the IBGE said.</p>
<p>((-- Simona de Logu, Rio de Janeiro newsroom, 5521 507 4151))</p>
</text>
<copyright>(c) Reuters Limited 1997</copyright>
<metadata>
<codes class="bip:countries:1.0">
  <code code="BRAZ">
    <editdetail action="confirmed" attribution="Reuters BIP Coding Group" date="1997-06-20"/>
  </code>
</codes>
<codes class="bip:topics:1.0">
  <code code="E41">
    <editdetail action="confirmed" attribution="Reuters BIP Coding Group" date="1997-06-20"/>
  </code>
  <code code="E411">
    <editdetail action="confirmed" attribution="Reuters BIP Coding Group" date="1997-06-20"/>
  </code>
  <code code="ECAT">
    <editdetail action="confirmed" attribution="Reuters BIP Coding Group" date="1997-06-20"/>
  </code>
</codes>
<dc element="dc.date.created" value="1997-06-20"/>
<dc element="dc.publisher" value="Reuters Holdings Plc"/>
<dc element="dc.date.published" value="1997-06-20"/>
<dc element="dc.source" value="Reuters"/>
<dc element="dc.creator.location" value="RIO DE JANEIRO"/>
<dc element="dc.creator.location.country.name" value="BRAZIL"/>
<dc element="dc.source" value="Reuters"/>
</metadata>
</newsitem>
