<?xml version="1.0" encoding="ISO-8859-1" standalone="no"?>
<newsitem date="1997-06-20" id="root" itemid="675965" xml:lang="en">
<title>THAILAND: Thai rubber prices pressured by bearish Tokyo.</title>
<headline>Thai rubber prices pressured by bearish Tokyo.</headline>
<dateline>BANGKOK 1997-06-20</dateline>
<text>
<p>Thailand's rubber market continued its bearish trend this week on sluggish demand and weak Tokyo prices, traders said on Friday.</p>
<p>The market attracted short covering from Japanese and European players, but the amount was modest as buyers waited for prices to fall further, they said.</p>
<p>"Europeans started buying before going on holiday so they won't have to worry about positions," said a Hat Yai trader.</p>
<p>"But overall the market was bearish," he said.</p>
<p>Next week's spot contract expiry has put pressure on prices and slow trade was expected next week.</p>
<p>"I don't anticipate any new leads that will move the market up in the near term," said another trader.</p>
<p>Thai benchmark RSS3 for August delivery was quoted around 108.00-108.50 US cents a kg FOB Bangkok, compared with 112.00 cents last week. September was quoted around 109.00 on the same basis, compared with 112.50 a week earlier.</p>
<p>-- Bangkok newsroom (662) 652-0642</p>
</text>
<copyright>(c) Reuters Limited 1997</copyright>
<metadata>
<codes class="bip:countries:1.0">
  <code code="THAIL">
    <editdetail action="confirmed" attribution="Reuters BIP Coding Group" date="1997-06-20"/>
  </code>
</codes>
<codes class="bip:topics:1.0">
  <code code="M14">
    <editdetail action="confirmed" attribution="Reuters BIP Coding Group" date="1997-06-20"/>
  </code>
  <code code="M141">
    <editdetail action="confirmed" attribution="Reuters BIP Coding Group" date="1997-06-20"/>
  </code>
  <code code="MCAT">
    <editdetail action="confirmed" attribution="Reuters BIP Coding Group" date="1997-06-20"/>
  </code>
</codes>
<dc element="dc.date.created" value="1997-06-20"/>
<dc element="dc.publisher" value="Reuters Holdings Plc"/>
<dc element="dc.date.published" value="1997-06-20"/>
<dc element="dc.source" value="Reuters"/>
<dc element="dc.creator.location" value="BANGKOK"/>
<dc element="dc.creator.location.country.name" value="THAILAND"/>
<dc element="dc.source" value="Reuters"/>
</metadata>
</newsitem>
