<?xml version="1.0" encoding="ISO-8859-1" standalone="no"?>
<newsitem date="1997-06-20" id="root" itemid="676160" xml:lang="en">
<title>USA: US W. Coast crude prices fall as ANS sales dry up.</title>
<headline>US W. Coast crude prices fall as ANS sales dry up.</headline>
<dateline>LOS ANGELES 1997-06-20</dateline>
<text>
<p>U.S. West Coast crude oil prices fell in thin Friday trade, weakened by lower crude prices in other parts of the country and little local interest, traders said.</p>
<p>West Coast refiners completed buying July barrels earlier this week, with the discount at $2.16 under July West Texas Intermediate (WTI).</p>
<p>Higher volumes of imports, weak refinery margins out West, and excess sellers have weakend prices.</p>
<p>With discounts unchanged, the regional benchmark, Alaska North Slope (ANS), fell in sympathy with lower prices for WTI.</p>
<p>The grade's main seller, BP, offered cargoes at $1.85 under July deliveries of WTI, the U.S basis for cash and futures oil markets.</p>
<p>Outright prices for ANS were $16.34/16.54 a barrel, down 15 cents for the second-straight day.</p>
<p>Heavier California grades fell Thursday after major oil companies lowered postings.</p>
<p>-- David Brinkerhoff, Los Angeles bureau, +1 213 380 2014</p>
</text>
<copyright>(c) Reuters Limited 1997</copyright>
<metadata>
<codes class="bip:countries:1.0">
  <code code="USA">
    <editdetail action="confirmed" attribution="Reuters BIP Coding Group" date="1997-06-20"/>
  </code>
</codes>
<codes class="bip:topics:1.0">
  <code code="M14">
    <editdetail action="confirmed" attribution="Reuters BIP Coding Group" date="1997-06-20"/>
  </code>
  <code code="M143">
    <editdetail action="confirmed" attribution="Reuters BIP Coding Group" date="1997-06-20"/>
  </code>
  <code code="MCAT">
    <editdetail action="confirmed" attribution="Reuters BIP Coding Group" date="1997-06-20"/>
  </code>
</codes>
<dc element="dc.date.created" value="1997-06-20"/>
<dc element="dc.publisher" value="Reuters Holdings Plc"/>
<dc element="dc.date.published" value="1997-06-20"/>
<dc element="dc.source" value="Reuters"/>
<dc element="dc.creator.location" value="LOS ANGELES"/>
<dc element="dc.creator.location.country.name" value="USA"/>
<dc element="dc.source" value="Reuters"/>
</metadata>
</newsitem>
