<?xml version="1.0" encoding="ISO-8859-1" standalone="no"?>
<newsitem date="1997-06-20" id="root" itemid="676610" xml:lang="en">
<title>USA: SBC predicts $1 billion profit increase from merger.</title>
<headline>SBC predicts $1 billion profit increase from merger.</headline>
<byline>Dan Burns</byline>
<dateline>NEW YORK</dateline>
<text>
<p>Regional phone power SBC Communications Inc. predicted Thursday that its merger with Pacific Telesis Group will generate additional profit of $1 billion a year by the year 2000, surprising analysts.</p>
<p>"That's higher than we forecast," said analyst Bill Deatherage of brokerage Bear, Stearns &amp; Co. Inc.</p>
<p>San Antonio-based SBC also said it expected to record one-time costs associated with the $16.5 billion merger, which closed April 1, of $1.9 billion to $2.3 billion.</p>
<p>SBC stock edged up 37.5 cents to $60.625 in consolidated trading on the New York Stock Exchange.</p>
<p>The merger with Pacific Telesis made SBC the dominant local phone company in seven Western states, including California and Texas. The company is also believed to be in talks with AT&amp;T Corp. about a possible mega-merger that would be the biggest in U.S. corporate history.</p>
<p>The projected earnings increase from the Pacific Telesis merger would surpass by nearly 50 percent SBC's 1996 net income of $2.1 billion, or $3.46 a share.</p>
<p>"They're promising that and they're going to deliver more," said NatWest Securities Corp. analyst Bill Vogel. "I think it's obvious now that they can achieve higher growth combined than they would have on their own."</p>
<p>Deatherage said he was bumping up his fiscal 1998 projection from $4.05 per share to $4.10. The consensus analyst estimate for 1997 is $4.07, according to First Call, which tracks analyst predictions.</p>
<p>Both Deatherage and Vogel said they see SBC in a position to sustain double-digit growth -- in the 10 percent to 12 percent range -- over the long term.</p>
<p>SBC, which operates Southwestern Bell, Pacific Bell, Nevada Bell and the Cellular One network, said the source of the new income will come from a combination of new growth and an aggressive cost-cutting program.</p>
<p>Vogel said the greatest strength Pacific Telesis brings to SBC is its expertise as a cost cutter. "They really are the pioneers on that front," he said.</p>
<p>For instance, the company will cut its collection centers from 24 to 13, Vogel said after participating in an analysts' conference call with SBC.</p>
<p>The company is expecting to record a $200 million charge in the second quarter associated with worker severance stemming from the consolidations. It would not provide estimates for how many of its 114,000 workers will lose jobs. Still, the company expects to be adding about as many jobs as it cuts over the period, SBC spokesman Larry Solomon said.</p>
<p>In addition to layoffs and other consolidation charges, the company expects merger-related charges for scaling back of an investment in video services and the halting of construction of a hybrid fiber-coaxial network in California. State and federal regulatory action during the review of the merger were also being added to the cost, SBC said.</p>
<p>Also surprising to analysts was the large projected cost for the implementation of a phone number portability system for customers switching from SBC to new local competitors.</p>
<p>SBC said that will cost $1.5 billion on a pretax basis. It will be a drag on earnings -- $30 million in 1997's second quarter, $175 million for the year and another $350 million after 1997 -- in the near term until the Federal Communications Commission decides on a method for SBC to recoup its costs.</p>
</text>
<copyright>(c) Reuters Limited 1997</copyright>
<metadata>
<codes class="bip:countries:1.0">
  <code code="USA">
    <editdetail action="confirmed" attribution="Reuters BIP Coding Group" date="1997-06-20"/>
  </code>
</codes>
<codes class="bip:industries:1.0">
  <code code="I79020">
    <editdetail action="confirmed" attribution="Reuters BIP Coding Group" date="1997-06-20"/>
  </code>
</codes>
<codes class="bip:topics:1.0">
  <code code="C15">
    <editdetail action="confirmed" attribution="Reuters BIP Coding Group" date="1997-06-20"/>
  </code>
  <code code="C152">
    <editdetail action="confirmed" attribution="Reuters BIP Coding Group" date="1997-06-20"/>
  </code>
  <code code="C18">
    <editdetail action="confirmed" attribution="Reuters BIP Coding Group" date="1997-06-20"/>
  </code>
  <code code="C181">
    <editdetail action="confirmed" attribution="Reuters BIP Coding Group" date="1997-06-20"/>
  </code>
  <code code="CCAT">
    <editdetail action="confirmed" attribution="Reuters BIP Coding Group" date="1997-06-20"/>
  </code>
</codes>
<dc element="dc.publisher" value="Reuters Holdings Plc"/>
<dc element="dc.date.published" value="1997-06-20"/>
<dc element="dc.source" value="Reuters"/>
<dc element="dc.creator.location" value="NEW YORK"/>
<dc element="dc.creator.location.country.name" value="USA"/>
<dc element="dc.source" value="Reuters"/>
</metadata>
</newsitem>
