<?xml version="1.0" encoding="ISO-8859-1" standalone="no"?>
<newsitem date="1997-06-20" id="root" itemid="676615" xml:lang="en">
<title>USA: Wall Street holds higher ground.</title>
<headline>Wall Street holds higher ground.</headline>
<dateline>NEW YORK 1997-06-20</dateline>
<text>
<p>U.S. stocks were strong and steady Friday, continuing to feed off the market's buoyant gains yesterday.</p>
<p>The Dow industrials were up 33 points at 7810, partly supported by lower bond yields. The benchmark 30-year Treasury bond was up 7/32 at a 6.66 percent yield. The Nasdaq composite index rose three points to 1450.</p>
<p>The expiration of index futures and options added some early volatility to the stock market and boosted volume but did not sway share prices, traders said.</p>
<p>((--Wall Street Desk 212-859-1730))</p>
</text>
<copyright>(c) Reuters Limited 1997</copyright>
<metadata>
<codes class="bip:countries:1.0">
  <code code="USA">
    <editdetail action="confirmed" attribution="Reuters BIP Coding Group" date="1997-06-20"/>
  </code>
</codes>
<codes class="bip:topics:1.0">
  <code code="M11">
    <editdetail action="confirmed" attribution="Reuters BIP Coding Group" date="1997-06-20"/>
  </code>
  <code code="MCAT">
    <editdetail action="confirmed" attribution="Reuters BIP Coding Group" date="1997-06-20"/>
  </code>
</codes>
<dc element="dc.date.created" value="1997-06-20"/>
<dc element="dc.publisher" value="Reuters Holdings Plc"/>
<dc element="dc.date.published" value="1997-06-20"/>
<dc element="dc.source" value="Reuters"/>
<dc element="dc.creator.location" value="NEW YORK"/>
<dc element="dc.creator.location.country.name" value="USA"/>
<dc element="dc.source" value="Reuters"/>
</metadata>
</newsitem>
