<?xml version="1.0" encoding="ISO-8859-1" standalone="no"?>
<newsitem date="1997-06-20" id="root" itemid="677430" xml:lang="en">
<title>AUSTRALIA: SIA, Air NZ to code-share from Nov 1.</title>
<headline>SIA, Air NZ to code-share from Nov 1.</headline>
<dateline>MELBOURNE 1997-06-20</dateline>
<text>
<p>Singapore Airlines and Air New Zealand plan to start code-sharing on flights between Singapore and New Zealand from November 1 under a new alliance signed on Friday.</p>
<p>The alliance also includes Australian airline Ansett.</p>
<p>Singapore Airlines will operate flights between Singapore and Auckland, while Air New Zealand will operate flights between Christchurch and Singapore, the airlines said.</p>
<p>"A seat swap arrangement will enable both airlines to market seats on all these flights to their individual customers," they said in a statement.  </p>
<p>The alliance boasts coverage of over 200 cities in 47 countries, operating a combined fleet of 223 aircraft.</p>
<p>-- Melbourne bureau 61-3 9286-1421</p>
</text>
<copyright>(c) Reuters Limited 1997</copyright>
<metadata>
<codes class="bip:countries:1.0">
  <code code="AUSTR">
    <editdetail action="confirmed" attribution="Reuters BIP Coding Group" date="1997-06-20"/>
  </code>
  <code code="NZ">
    <editdetail action="confirmed" attribution="Reuters BIP Coding Group" date="1997-06-20"/>
  </code>
  <code code="SINGP">
    <editdetail action="confirmed" attribution="Reuters BIP Coding Group" date="1997-06-20"/>
  </code>
</codes>
<codes class="bip:industries:1.0">
  <code code="I75000">
    <editdetail action="confirmed" attribution="Reuters BIP Coding Group" date="1997-06-20"/>
  </code>
</codes>
<codes class="bip:topics:1.0">
  <code code="C11">
    <editdetail action="confirmed" attribution="Reuters BIP Coding Group" date="1997-06-20"/>
  </code>
  <code code="C33">
    <editdetail action="confirmed" attribution="Reuters BIP Coding Group" date="1997-06-20"/>
  </code>
  <code code="CCAT">
    <editdetail action="confirmed" attribution="Reuters BIP Coding Group" date="1997-06-20"/>
  </code>
</codes>
<dc element="dc.date.created" value="1997-06-20"/>
<dc element="dc.publisher" value="Reuters Holdings Plc"/>
<dc element="dc.date.published" value="1997-06-20"/>
<dc element="dc.source" value="Reuters"/>
<dc element="dc.creator.location" value="MELBOURNE"/>
<dc element="dc.creator.location.country.name" value="AUSTRALIA"/>
<dc element="dc.source" value="Reuters"/>
</metadata>
</newsitem>
