<?xml version="1.0" encoding="ISO-8859-1" standalone="no"?>
<newsitem date="1997-06-20" id="root" itemid="675786" xml:lang="en">
<title>RUSSIA: Russia's first nuclear victim since Chernobyl dies.</title>
<headline>Russia's first nuclear victim since Chernobyl dies.</headline>
<dateline>MOSCOW 1997-06-20</dateline>
<text>
<p>An atomic weapons researcher who became Russia's first nuclear accident victim since the 1986 Chernobyl power station disaster died on Friday, an Atomic Energy Ministry spokesman said.</p>
<p>Vitaly Nosonov said by telephone that Alexander Zakharov, 42, died in a Moscow hospital after Russian doctors battled for his life for three days. On Tuesday, Zakharov received a high dose of radiation at the Arzamas-16 nuclear research centre.  </p>
<p>He had been flown to hospital in Moscow from Arzamas in central Russia and was in a sterile room at the capital's Clinic Number Six, one of the main centres for treating Chernobyl victims. Doctors had said they hoped that their experience would help save him.</p>
<p>Zakharov was conducting a weapons test involving a controlled nuclear chain reaction using small amounts of uranium when what the ministry called "a serious breach of the rules" caused "an irregular radiation situation involving the emission of neutron rays".</p>
<p>Zakharov received a high dose of radiation, calculated at more than 600 roentgen.</p>
<p>Doctors said Zakharov was the first Russian to suffer serious injury in a nuclear accident since the Soviet atomic power plant in Chernobyl in Ukraine blew up in April 1986, causing thousands of deaths and blighting lives across a swathe of Ukraine and Belarus.</p>
</text>
<copyright>(c) Reuters Limited 1997</copyright>
<metadata>
<codes class="bip:countries:1.0">
  <code code="RUSS">
    <editdetail action="confirmed" attribution="Reuters BIP Coding Group" date="1997-06-20"/>
  </code>
</codes>
<codes class="bip:topics:1.0">
  <code code="GCAT">
    <editdetail action="confirmed" attribution="Reuters BIP Coding Group" date="1997-06-20"/>
  </code>
  <code code="GDIS">
    <editdetail action="confirmed" attribution="Reuters BIP Coding Group" date="1997-06-20"/>
  </code>
  <code code="GENV">
    <editdetail action="confirmed" attribution="Reuters BIP Coding Group" date="1997-06-20"/>
  </code>
</codes>
<dc element="dc.date.created" value="1997-06-20"/>
<dc element="dc.publisher" value="Reuters Holdings Plc"/>
<dc element="dc.date.published" value="1997-06-20"/>
<dc element="dc.source" value="Reuters"/>
<dc element="dc.creator.location" value="MOSCOW"/>
<dc element="dc.creator.location.country.name" value="RUSSIA"/>
<dc element="dc.source" value="Reuters"/>
</metadata>
</newsitem>
