<?xml version="1.0" encoding="ISO-8859-1" standalone="no"?>
<newsitem date="1997-06-20" id="root" itemid="675608" xml:lang="en">
<title>DEMOCRATIC REPUBLIC OF CONGO: U.N. massacre investigators arrive in Congo.</title>
<headline>U.N. massacre investigators arrive in Congo.</headline>
<byline>Richard Meares</byline>
<dateline>KINSHASA 1997-06-20</dateline>
<text>
<p>United Nations investigators arrived on Friday in the Congolese capital Kinshasa to start probing alleged massacres of Rwandan and other Hutu refugees by President Laurent Kabila's forces and their allies.</p>
<p>The team of six, to be joined by two colleagues later in the day, is an advance party due to be followed by more researchers by early next month.</p>
<p>The mission follows persistent reports of alleged massacres deep in the jungles of what was then Zaire by Kabila's rebel forces, who ousted president Mobutu Sese Seko in May, and their Tutsi allies from Rwanda and Burundi.</p>
<p>"I am expecting good cooperation," Georg Mautner-Markhos of the U.N. human rights organisation told reporters on arrival.</p>
<p>"There is a clear understanding between the secretary-general of the United Nations and President Kabila about the investigations. We have now come here to talk with him and see how they can be carried out in practice."</p>
<p>Kabila's soldiers include ethnic Tutsis, traditional rivals of the Hutus who fled Rwanda in 1994 after the genocide of up to a million people from the Tutsi minority whose exiled forces then seized control of the country.</p>
<p>The U.N. High Commissioner for Refugees says 250,000 Hutu refugees who had been living in camps in Zaire for more than two years were still unaccounted for. Some 800,000 went home to Rwanda after Kabila's men overran their camps in the east.</p>
<p>The start of the investigation mission has been clouded by a Washington Post report that Kabila told some local officials to do as little as possible to aid it.</p>
<p>Citing unnamed Western and Congolese sources, it said Kabila and other representatives of his new government gave the warning at a meeting in the town of Bukavu last weekend.</p>
<p>They told officials from Kivu Province, on Congo's eastern border with Rwanda, Uganda and Burundi, "not to direct human rights investigators to any mass grave sites or potential witnesses," the Post said.</p>
<p>The sources said Kabila was under intense pressure from Rwandan and Ugandan security officials to stymie the probe.</p>
<p>Rwandan and Ugandan security units played an important part in Kabila's armed uprising that began in October.</p>
<p>In exchange for help  to topple Mobutu, Kabila was forced to give those units a free hand in gunning down thousands of ethnic Hutu refugees who had been living in camps in eastern Zaire for over two years, the sources were quoted as saying.</p>
<p>The United States has refused to accept the reports that Kabila may try to hinder the investigation.</p>
<p>"What we know is quite a bit different and that is that in talks with (U.S.) Ambassador (Bill) Richardson and separately in talks with U.N. Secretary General Kofi Annan, Mr. Kabila agreed to U.N investigations of reported massacres of refugees," spokesman John Dinger said on Thursday.</p>
<p>"And we expect him to keep his word and we fully expect him to cooperate fully with U.N. investIGation."</p>
</text>
<copyright>(c) Reuters Limited 1997</copyright>
<metadata>
<codes class="bip:countries:1.0">
  <code code="UN">
    <editdetail action="confirmed" attribution="Reuters BIP Coding Group" date="1997-06-20"/>
  </code>
  <code code="ZAIRE">
    <editdetail action="confirmed" attribution="Reuters BIP Coding Group" date="1997-06-20"/>
  </code>
</codes>
<codes class="bip:topics:1.0">
  <code code="GCAT">
    <editdetail action="confirmed" attribution="Reuters BIP Coding Group" date="1997-06-20"/>
  </code>
  <code code="GDIP">
    <editdetail action="confirmed" attribution="Reuters BIP Coding Group" date="1997-06-20"/>
  </code>
  <code code="GVIO">
    <editdetail action="confirmed" attribution="Reuters BIP Coding Group" date="1997-06-20"/>
  </code>
</codes>
<dc element="dc.date.created" value="1997-06-20"/>
<dc element="dc.publisher" value="Reuters Holdings Plc"/>
<dc element="dc.date.published" value="1997-06-20"/>
<dc element="dc.source" value="Reuters"/>
<dc element="dc.creator.location" value="KINSHASA"/>
<dc element="dc.creator.location.country.name" value="DEMOCRATIC REPUBLIC OF CONGO"/>
<dc element="dc.source" value="Reuters"/>
</metadata>
</newsitem>
