<?xml version="1.0" encoding="ISO-8859-1" standalone="no"?>
<newsitem date="1997-06-20" id="root" itemid="676236" xml:lang="en">
<title>USA: CBOT soybeans end down on warm, rainy weather.</title>
<headline>CBOT soybeans end down on warm, rainy weather.</headline>
<dateline>CHICAGO 1997-06-20</dateline>
<text>
<p>Forecasts showing warm and rainy weather for the weekend knocked CBOT soybeans to lower closes on Friday, floor traders said.</p>
<p>"Weather for the new crop is looking hot and humid," said one trader with a commercial firm. "That's just what the plants want."</p>
<p>Forecasts for the weekend show the warmest temperatures of the year for Friday and widespread rains through the weekend.</p>
<p>"Yesterday was the hottest day in the western Corn Belt and today will match or exceed that," said Fred Gesser with Weather Express in Omaha, Neb.</p>
<p>Young plants need hot weather and moisture to speed the pace of growth, traders said.</p>
<p>Expiration of July options, which occurred at 1201 CDT, was largely uneventful in the soy complex, traders said.</p>
<p>"After expiration, we just started grinding down to the $8.25 strike," said one floor trader.</p>
<p>Other factors in Friday's trade included talk that China bought at least 50,000 tonnes of soybeans during the last several days.</p>
<p>July soybeans closed down 12 cents per bushel at $8.26, and other contracts were six to 9-3/4 cents lower.  </p>
<p>CBOT floor traders were largely unimpressed with the weekly crushing pace, traders said.</p>
<p>"The crush came in right in the middle of the guesses and nobody's really talking that much about it," said one floor trader.</p>
<p>On Thursday, the National Oilseed Processors Association put the weekly crush at 24.540 million bushels. That figure compared to last week's at 25.378 and estimates ranging from 24.02 to 25.50 million bushels.</p>
<p>On the day, ADM sold one million bushels November and 1.5 million July, ING sold 2.5 million August and 500,000 July. Tenco bought two million November, pit sources said.</p>
<p>In options trade, Goldenberg Hehmeyer bought 250 August $7.75 calls, sold 250 August $8.50 calls and sold 250 September $7.50 calls, pit sources said.</p>
<p>Soybean futures volume was estimated by CBOT at 55,000 contracts, compared with Thursday's actual volume of 50,787 contracts.</p>
<p>((Anna Driver 312-408-8720))</p>
</text>
<copyright>(c) Reuters Limited 1997</copyright>
<metadata>
<codes class="bip:countries:1.0">
  <code code="USA">
    <editdetail action="confirmed" attribution="Reuters BIP Coding Group" date="1997-06-20"/>
  </code>
</codes>
<codes class="bip:topics:1.0">
  <code code="M14">
    <editdetail action="confirmed" attribution="Reuters BIP Coding Group" date="1997-06-20"/>
  </code>
  <code code="M141">
    <editdetail action="confirmed" attribution="Reuters BIP Coding Group" date="1997-06-20"/>
  </code>
  <code code="MCAT">
    <editdetail action="confirmed" attribution="Reuters BIP Coding Group" date="1997-06-20"/>
  </code>
</codes>
<dc element="dc.date.created" value="1997-06-20"/>
<dc element="dc.publisher" value="Reuters Holdings Plc"/>
<dc element="dc.date.published" value="1997-06-20"/>
<dc element="dc.source" value="Reuters"/>
<dc element="dc.creator.location" value="CHICAGO"/>
<dc element="dc.creator.location.country.name" value="USA"/>
<dc element="dc.source" value="Reuters"/>
</metadata>
</newsitem>
