<?xml version="1.0" encoding="ISO-8859-1" standalone="no"?>
<newsitem date="1997-06-20" id="root" itemid="675974" xml:lang="en">
<title>CHINA: China will take beating if backward - general.</title>
<headline>China will take beating if backward - general.</headline>
<dateline>BEIJING 1997-06-20</dateline>
<text>
<p>One of Beijing's top military figures on Friday warned officers at a seminar celebrating Hong Kong's return to Chinese rule that China would take a beating at the hands of foreign forces if it were poor and backward.</p>
<p>"History in the past 100 years tells us once again that we will take a beating if we are poor and backward," the Xinhua news agency quoted General Zhang Zhen, a vice-chairman of the Communist Party's Central Military Commission, as saying.</p>
<p>"The nation will be humiliated and its sovereignty forfeited," Zhang told about 350 officers attending the seminar held just 11 days before Hong Kong reverts to Chinese rule.</p>
<p>Britain defeated China in the 19th-century Opium Wars, forcing it to sign a series of unequal treaties under which Britain took Hong Kong and won the right to export opium to China.</p>
<p>"Only when we are rich, strong and prosperous can we defend national sovereignty and honour," Zhang said.</p>
<p>He brushed aside fears centring on the PLA soldiers who will be based in post-colonial Hong Kong, saying they were "devoted to their duties, law-abiding, civilised, practise strict discipline, are polite and will not encroach on the interests of the people to the slightest degree".</p>
<p>Images of the Chinese military crackdown on students demonstrating for democracy in Beijing in June 1989 remain vivid in the memories of many of Hong Kong's 6.4 million residents.</p>
<p>China denies it is a military threat to Asia or the rest of the world, but its army build-up in recent years has caused anxiety among its neighbours.</p>
<p>The sheer size of the three million-strong People's Liberation Army -- the world's biggest -- has caused uneasiness among China's neighbours.</p>
<p>China has been mired in a dispute with Asian neighbours over the Spratly Islands in the South China Sea and another dispute with Japan over a group of islands in the East China Sea.</p>
<p>It ruffled feathers in the region in March 1996 when it intimidated rival Taiwan by conducting missile tests and war games close to the island in the run-up to the first direct presidential elections there.</p>
</text>
<copyright>(c) Reuters Limited 1997</copyright>
<metadata>
<codes class="bip:countries:1.0">
  <code code="CHINA">
    <editdetail action="confirmed" attribution="Reuters BIP Coding Group" date="1997-06-20"/>
  </code>
  <code code="HKONG">
    <editdetail action="confirmed" attribution="Reuters BIP Coding Group" date="1997-06-20"/>
  </code>
</codes>
<codes class="bip:topics:1.0">
  <code code="GCAT">
    <editdetail action="confirmed" attribution="Reuters BIP Coding Group" date="1997-06-20"/>
  </code>
  <code code="GDEF">
    <editdetail action="confirmed" attribution="Reuters BIP Coding Group" date="1997-06-20"/>
  </code>
  <code code="GDIP">
    <editdetail action="confirmed" attribution="Reuters BIP Coding Group" date="1997-06-20"/>
  </code>
  <code code="GPOL">
    <editdetail action="confirmed" attribution="Reuters BIP Coding Group" date="1997-06-20"/>
  </code>
</codes>
<dc element="dc.date.created" value="1997-06-20"/>
<dc element="dc.publisher" value="Reuters Holdings Plc"/>
<dc element="dc.date.published" value="1997-06-20"/>
<dc element="dc.source" value="Reuters"/>
<dc element="dc.creator.location" value="BEIJING"/>
<dc element="dc.creator.location.country.name" value="CHINA"/>
<dc element="dc.source" value="Reuters"/>
</metadata>
</newsitem>
