<?xml version="1.0" encoding="ISO-8859-1" standalone="no"?>
<newsitem date="1997-06-20" id="root" itemid="676889" xml:lang="en">
<title>UK: NWE oil products start steady to firm with futures.</title>
<headline>NWE oil products start steady to firm with futures.</headline>
<dateline>LONDON 1997-06-20</dateline>
<text>
<p>NWE oil products were steady to slightly firmer in quiet early trade on Friday but traders said small gains were mainly on the back of firmer crude and product futures.</p>
<p>Gas oil edged around 50 cents higher matching gains in benchmark gas oil futures as premiums for 0.2 sulphur product held steady. Prompt lifting barges were offered at July IPE evens fob Rotterdam.</p>
<p>Premiums for diesel barges weakened under the pressure of lengthy supplies and slack demand. Prompt liftings were offered around $1 lower at July IPE +$5 fob ARA.</p>
<p>Despite a closed trans-Atlantic arbitrage and growing supplies, firmer crude and NYMEX unleaded gasoline held ARA gasoline prices steady although traders said discussion was thin. Eurograde valued notionally around $187 with regular around $180 fob ARA.</p>
<p>High sulphur fuel oil barges were unchanged at $81/$82 fob ARA.</p>
<p>-- Colin Wooster,  London Newsroom, +44 171 542 7456.</p>
</text>
<copyright>(c) Reuters Limited 1997</copyright>
<metadata>
<codes class="bip:countries:1.0">
  <code code="UK">
    <editdetail action="confirmed" attribution="Reuters BIP Coding Group" date="1997-06-20"/>
  </code>
</codes>
<codes class="bip:topics:1.0">
  <code code="M14">
    <editdetail action="confirmed" attribution="Reuters BIP Coding Group" date="1997-06-20"/>
  </code>
  <code code="M143">
    <editdetail action="confirmed" attribution="Reuters BIP Coding Group" date="1997-06-20"/>
  </code>
  <code code="MCAT">
    <editdetail action="confirmed" attribution="Reuters BIP Coding Group" date="1997-06-20"/>
  </code>
</codes>
<dc element="dc.date.created" value="1997-06-20"/>
<dc element="dc.publisher" value="Reuters Holdings Plc"/>
<dc element="dc.date.published" value="1997-06-20"/>
<dc element="dc.source" value="Reuters"/>
<dc element="dc.creator.location" value="LONDON"/>
<dc element="dc.creator.location.country.name" value="UK"/>
<dc element="dc.source" value="Reuters"/>
</metadata>
</newsitem>
