<?xml version="1.0" encoding="ISO-8859-1" standalone="no"?>
<newsitem date="1997-06-20" id="root" itemid="676985" xml:lang="en">
<title>USA: FINAL PRICING -- University of Dayton, Ohio.</title>
<headline>FINAL PRICING -- University of Dayton, Ohio.</headline>
<text>
<p>OHIO HIGHER EDUCATIONAL FACILITY</p>
<p>RE: $39,290,000*</p>
<p>UNIVERSITY OF DAYTON 1997 PROJECT</p>
<p>VERAL AWARD.</p>
<p>ALLOTMENTS WILL BE MADE TODAY.</p>
<p>    MOODY'S: Aaa		   S&amp;P: AAA</p>
<p>AMBAC INSURED</p>
<p>    DATED: 06/15/1997	    FIRST COUPON: 12/01/1997</p>
<p>DUE: 12/01</p>
<p> MATURITY		AMOUNT*    COUPON	   PRICE</p>
<p>12/01/1997	 70M		3.60  %	100.00</p>
<p>12/01/1998	585M		3.80  %	100.00</p>
<p>12/01/1999	610M		4.10  %	100.00</p>
<p>12/01/2000	635M		4.25  %	100.00</p>
<p>12/01/2001	660M		4.35  %	100.00</p>
<p>12/01/2002	690M		4.45  %	100.00</p>
<p>12/01/2003	720M		4.55  %	100.00</p>
<p>12/01/2004	755M		4.65  %	100.00</p>
<p>12/01/2005    1,320M		4.70  %	100.00</p>
<p>12/01/2006    2,255M		4.80  %	100.00</p>
<p>12/01/2007    2,365M		4.90  %	100.00</p>
<p>12/01/2008    2,475M		5.00  %	100.00</p>
<p>12/01/2009    2,600M		5.10  %	100.00</p>
<p>12/01/2010    2,725M		5.20  %	100.00</p>
<p>12/01/2011    2,870M		5.25  %	100.00</p>
<p>12/01/2012    3,020M		5.30  %	100.00</p>
<p>12/01/2017    6,495M		5.35  %	  5.45</p>
<p>						  (Approx. $ Price 98.772)</p>
<p>12/01/2022    8,440M		5.40  %	  5.50</p>
<p>						  (Approx. $ Price 98.634)</p>
<p>CALL FEATURES: 12/01/2007    101.00</p>
<p>		   DTP 12/01/2008</p>
<p>* - APPROXIMATE SUBJECT TO CHANGE</p>
<p>The compliance addendum MSRB Rule G-11 will apply.</p>
<p>The award is expected Wednesday, June 18, 1997.</p>
<p>Delivery is expected on July 2, 1997.</p>
<p>This issue is book entry.  DTC is pending.</p>
<p>Banc One Capital Corporation</p>
<p>--U.S. Municipal Desk, 212-859-1650</p>
</text>
<copyright>(c) Reuters Limited 1997</copyright>
<metadata>
<codes class="bip:countries:1.0">
  <code code="USA">
    <editdetail action="confirmed" attribution="Reuters BIP Coding Group" date="1997-06-20"/>
  </code>
</codes>
<codes class="bip:topics:1.0">
  <code code="E21">
    <editdetail action="confirmed" attribution="Reuters BIP Coding Group" date="1997-06-20"/>
  </code>
  <code code="E212">
    <editdetail action="confirmed" attribution="Reuters BIP Coding Group" date="1997-06-20"/>
  </code>
  <code code="ECAT">
    <editdetail action="confirmed" attribution="Reuters BIP Coding Group" date="1997-06-20"/>
  </code>
</codes>
<dc element="dc.publisher" value="Reuters Holdings Plc"/>
<dc element="dc.date.published" value="1997-06-20"/>
<dc element="dc.source" value="Reuters"/>
<dc element="dc.creator.location.country.name" value="USA"/>
<dc element="dc.source" value="Reuters"/>
</metadata>
</newsitem>
