<?xml version="1.0" encoding="ISO-8859-1" standalone="no"?>
<newsitem date="1997-06-20" id="root" itemid="677489" xml:lang="en">
<title>CHINA: China '97 edible oil imports seen under 2.0 mln T.</title>
<headline>China '97 edible oil imports seen under 2.0 mln T.</headline>
<dateline>BEIJING 1997-06-20</dateline>
<text>
<p>China is expected to import no more than 2.0 million tonnes of edible oils in 1997, the Grains and Oils Market News said in an edition seen in Beijing on Friday.</p>
<p>China imported 2.64 million tonnes of edible vegetable oils, including palmoil, in 1996, down 25.3 percent from the previous year, customs figures show.</p>
<p>Imports of edible oils, including palmoil, reached 790,000 tonnes in the first four months of this year, down 19.1 percent year-on-year, the figures show.</p>
<p>China's output of rapeseed is expected to fall in 1997 because of a decline in planting area, the newsletter said.</p>
<p>China produced 9.1 million tonnes of rapeseed in 1996, down 6.0 percent from the previous year.</p>
<p>Domestic prices of edible oil are likely to increase in the rest of the year because of falling supply, the newsletter said, but gave no further details.</p>
<p>-- Beijing Newsroom (8610) 6532-1921</p>
</text>
<copyright>(c) Reuters Limited 1997</copyright>
<metadata>
<codes class="bip:countries:1.0">
  <code code="CHINA">
    <editdetail action="confirmed" attribution="Reuters BIP Coding Group" date="1997-06-20"/>
  </code>
</codes>
<codes class="bip:industries:1.0">
  <code code="I41100">
    <editdetail action="confirmed" attribution="Reuters BIP Coding Group" date="1997-06-20"/>
  </code>
</codes>
<codes class="bip:topics:1.0">
  <code code="C31">
    <editdetail action="confirmed" attribution="Reuters BIP Coding Group" date="1997-06-20"/>
  </code>
  <code code="C311">
    <editdetail action="confirmed" attribution="Reuters BIP Coding Group" date="1997-06-20"/>
  </code>
  <code code="CCAT">
    <editdetail action="confirmed" attribution="Reuters BIP Coding Group" date="1997-06-20"/>
  </code>
  <code code="M14">
    <editdetail action="confirmed" attribution="Reuters BIP Coding Group" date="1997-06-20"/>
  </code>
  <code code="M141">
    <editdetail action="confirmed" attribution="Reuters BIP Coding Group" date="1997-06-20"/>
  </code>
  <code code="MCAT">
    <editdetail action="confirmed" attribution="Reuters BIP Coding Group" date="1997-06-20"/>
  </code>
</codes>
<dc element="dc.date.created" value="1997-06-20"/>
<dc element="dc.publisher" value="Reuters Holdings Plc"/>
<dc element="dc.date.published" value="1997-06-20"/>
<dc element="dc.source" value="Reuters"/>
<dc element="dc.creator.location" value="BEIJING"/>
<dc element="dc.creator.location.country.name" value="CHINA"/>
<dc element="dc.source" value="Reuters"/>
</metadata>
</newsitem>
