<?xml version="1.0" encoding="ISO-8859-1" standalone="no"?>
<newsitem date="1997-06-20" id="root" itemid="676202" xml:lang="en">
<title>USA: NYSE closing averages.</title>
<headline>NYSE closing averages.</headline>
<dateline>NEW YORK 1997-06-20</dateline>
<text>
<p>Prices on the New York Stock Exchange closed mixed in very heavy trading on Friday.</p>
<p>The Dow Jones industrial average rose 19.45 to 7,796.51, a record. For the week it rose 14.47 points.</p>
<p>The NYSE Composite index rose 0.08 to 467.84, a record. For the week it rose 2.67.</p>
<p>The average price per share ended unchanged.</p>
<p>Decliners beat advancers 1,479 to 1,101.</p>
<p>Volume was 652,725,670 compared with 536,921,460 on Thursday. Weekly volume was 2,646,225,670.</p>
</text>
<copyright>(c) Reuters Limited 1997</copyright>
<metadata>
<codes class="bip:countries:1.0">
  <code code="USA">
    <editdetail action="confirmed" attribution="Reuters BIP Coding Group" date="1997-06-20"/>
  </code>
</codes>
<codes class="bip:topics:1.0">
  <code code="M11">
    <editdetail action="confirmed" attribution="Reuters BIP Coding Group" date="1997-06-20"/>
  </code>
  <code code="MCAT">
    <editdetail action="confirmed" attribution="Reuters BIP Coding Group" date="1997-06-20"/>
  </code>
</codes>
<dc element="dc.date.created" value="1997-06-20"/>
<dc element="dc.publisher" value="Reuters Holdings Plc"/>
<dc element="dc.date.published" value="1997-06-20"/>
<dc element="dc.source" value="Reuters"/>
<dc element="dc.creator.location" value="NEW YORK"/>
<dc element="dc.creator.location.country.name" value="USA"/>
<dc element="dc.source" value="Reuters"/>
</metadata>
</newsitem>
