<?xml version="1.0" encoding="ISO-8859-1" standalone="no"?>
<newsitem date="1997-06-20" id="root" itemid="676929" xml:lang="en">
<title>EGYPT: PLO official says peace needs U.S. pressure.</title>
<headline>PLO official says peace needs U.S. pressure.</headline>
<dateline>CAIRO 1997-06-20</dateline>
<text>
<p>A senior Palestinian official said on Friday the United States must put pressure on Israel if Egypt's efforts to restart Middle East peace talks are to succeed.</p>
<p>"Egypt is doing its part out of a wish to save the peace process. Egypt's role needs American pressure on Israel because it (U.S.) is the only country that can practice such pressure," said Farouk Kaddoumi, who heads the PLO's political (foreign affairs) department.</p>
<p>Talks between Israel and the Palestinians broke down in March when the Jewish state began building a settlement in Arab East Jerusalem.</p>
<p>Egypt has recently taken on the mantle of main mediator in talks between Israel and the Palestinians after what Arabs have perceived as a loss of U.S. interest in the peace process.</p>
<p>President Hosni Mubarak's senior adviser Osama el-Baz has met separately with Palestinian and Israeli leaders several times in a bid to restart negotiations.</p>
<p>"The peace process has become completely frozen as a result of settlements, the measures undertaken by Israel and its provocative practices against the Palestinian people," Kaddoumi told reporters during a brief stop-over at Cairo airport.</p>
<p>He was on his way back to his headquarters in Tunis after a trip overseas.</p>
<p>"Continued provocative practices by Israel will lead to continued tension in the region and an increase in the series of violence because of delays in the peace process," he added.</p>
<p>Asked what he thought about a non-binding U.S. House of Representatives resolution saying that Jerusalem must remain Israel's undivided capital, Kaddoumi, who is known for his tough stance, said:</p>
<p>"This resolution comes in the framework of increased measures taken by the American side to drown the peace process and destroy it completely.</p>
<p>"Unfortunately, the United States still regards the Palestine Liberation Organisation (PLO) as a terrorist organisation despite the mutual recognition between the PLO and Israel. This position is further proof that Washington is not giving enough attention to the Middle East peace process," he added.</p>
</text>
<copyright>(c) Reuters Limited 1997</copyright>
<metadata>
<codes class="bip:countries:1.0">
  <code code="EGYPT">
    <editdetail action="confirmed" attribution="Reuters BIP Coding Group" date="1997-06-20"/>
  </code>
  <code code="ISRAEL">
    <editdetail action="confirmed" attribution="Reuters BIP Coding Group" date="1997-06-20"/>
  </code>
  <code code="USA">
    <editdetail action="confirmed" attribution="Reuters BIP Coding Group" date="1997-06-20"/>
  </code>
</codes>
<codes class="bip:topics:1.0">
  <code code="GCAT">
    <editdetail action="confirmed" attribution="Reuters BIP Coding Group" date="1997-06-20"/>
  </code>
  <code code="GDIP">
    <editdetail action="confirmed" attribution="Reuters BIP Coding Group" date="1997-06-20"/>
  </code>
  <code code="GPOL">
    <editdetail action="confirmed" attribution="Reuters BIP Coding Group" date="1997-06-20"/>
  </code>
  <code code="GVIO">
    <editdetail action="confirmed" attribution="Reuters BIP Coding Group" date="1997-06-20"/>
  </code>
</codes>
<dc element="dc.date.created" value="1997-06-20"/>
<dc element="dc.publisher" value="Reuters Holdings Plc"/>
<dc element="dc.date.published" value="1997-06-20"/>
<dc element="dc.source" value="Reuters"/>
<dc element="dc.creator.location" value="CAIRO"/>
<dc element="dc.creator.location.country.name" value="EGYPT"/>
<dc element="dc.source" value="Reuters"/>
</metadata>
</newsitem>
