<?xml version="1.0" encoding="ISO-8859-1" standalone="no"?>
<newsitem date="1997-06-20" id="root" itemid="676196" xml:lang="en">
<title>USA: John Hancock under investigation, settles suits for $350 million.</title>
<headline>John Hancock under investigation, settles suits for $350 million.</headline>
<byline>Michael Ellis</byline>
<dateline>BOSTON 1997-06-20</dateline>
<text>
<p>John Hancock Mutual Life Insurance Co., hit by an investigation of its sales practices, on Friday settled a class-action lawsuit by offering the holders of 3.7 million policies about $350 million.</p>
<p>The settlement will offer policyholders who bought insurance from 1979 to 1996 a "wide array of relief and benefits," John Hancock said.</p>
<p>"Some customers, although still getting significant value from their policies, may not have received all they had hoped for," Hancock Chief Executive Stephen Brown said in a statement. "Through this settlement, we have the opportunity to recognise and rectify that situation."</p>
<p>The Boston-based insurance company, the ninth-largest in the country, also said it was in talks with the Massachusetts Division of Insurance and regulators from other states about allegations of deceptive sales practices.</p>
<p>"We've been talking about them with the (insurance) commissioner's office and regulators from a number of other states for many months now, and we will continue to do so until this is resolved," Hancock said.</p>
<p>The Massachusetts Division of Insurance said it recently began a broad investigation of Hancock's sales practices and was seeking company documents on disciplinary actions against its agents over the past 18 years.</p>
<p>Michael Goetz, a spokesman for the state insurance division, said the investigation was in the early stages and covered the same allegations as in the class-action lawsuit.</p>
<p>Specifically, the suit alleged and officials were investigating a deceptive sales practice known as churning, or twisting, marketing life insurance as an investment and policies that include so-called vanishing premiums.</p>
<p>"We've made a very substantial request of them to provide us all of the names of agents they have disciplined," Goetz said. The agency has also requested sales marketing literature and procedural manuals for training agents.</p>
<p>"The purpose of that is so that we can go through it and see whether it bears out allegations of unfair conduct," he said. "They've indicated a willingness to cooperate with our investigation."</p>
<p>The investigation of John Hancock is just the latest shadow cast over the insurance industry. The Prudential Insurance Co. of America could end up paying more than $2.5 billion to policyholders to settle class-action lawsuits alleging that the company engaged in deceptive sales practices.</p>
<p>Metropolitan Life Insurance Co., New York Life Insurance Co. and Allianz Life Insurance Co. of North America all have been involved in similar actions in the last two years.</p>
<p>"Over the years, the company has taken a number of major steps to crack down on inappropriate sales activity as well as individual agents who tried to operate outside the rules," Hancock's Brown said.</p>
<p>The company said the settlement will have "no material impact" on its financial health.</p>
<p>Under the deal, which is subject to approval of the U.S. District Court in Boston, Hancock will offer policyholders cash contributions, low interest loans, reimbursement for some charges and other relief.</p>
<p>Policyholders may also choose to have their claims considered through an alternative dispute resolution process, Hancock said.</p>
</text>
<copyright>(c) Reuters Limited 1997</copyright>
<metadata>
<codes class="bip:countries:1.0">
  <code code="USA">
    <editdetail action="confirmed" attribution="Reuters BIP Coding Group" date="1997-06-20"/>
  </code>
</codes>
<codes class="bip:industries:1.0">
  <code code="I82002">
    <editdetail action="confirmed" attribution="Reuters BIP Coding Group" date="1997-06-20"/>
  </code>
</codes>
<codes class="bip:topics:1.0">
  <code code="C12">
    <editdetail action="confirmed" attribution="Reuters BIP Coding Group" date="1997-06-20"/>
  </code>
  <code code="C13">
    <editdetail action="confirmed" attribution="Reuters BIP Coding Group" date="1997-06-20"/>
  </code>
  <code code="CCAT">
    <editdetail action="confirmed" attribution="Reuters BIP Coding Group" date="1997-06-20"/>
  </code>
  <code code="GCAT">
    <editdetail action="confirmed" attribution="Reuters BIP Coding Group" date="1997-06-20"/>
  </code>
  <code code="GCRIM">
    <editdetail action="confirmed" attribution="Reuters BIP Coding Group" date="1997-06-20"/>
  </code>
</codes>
<dc element="dc.date.created" value="1997-06-20"/>
<dc element="dc.publisher" value="Reuters Holdings Plc"/>
<dc element="dc.date.published" value="1997-06-20"/>
<dc element="dc.source" value="Reuters"/>
<dc element="dc.creator.location" value="BOSTON"/>
<dc element="dc.creator.location.country.name" value="USA"/>
<dc element="dc.source" value="Reuters"/>
</metadata>
</newsitem>
