<?xml version="1.0" encoding="ISO-8859-1" standalone="no"?>
<newsitem date="1997-06-20" id="root" itemid="676967" xml:lang="en">
<title>USA: FINAL PRICING- Port of Chelan Cty, Wash..</title>
<headline>FINAL PRICING- Port of Chelan Cty, Wash..</headline>
<text>
<p>FINAL PRICING</p>
<p>AMT: 1,900,000	DATE: 06/20/97</p>
<p>ISSUER: Port of Chelan County					 ST: WA</p>
<p>ISSUE: General obligation					    TAX STAT: Taxable-LT</p>
<p>M/SP/F: A3/NR/NA							  BOOK ENTRY: Y</p>
<p>ENHANCEMENTS: MBIA Aaa/NR/NA</p>
<p>DTD: 06/01/97</p>
<p>DUE: 12/1/97-09</p>
<p>1ST CPN: 12/01/97</p>
<p>CALL: 12/1/07 @ par</p>
<p>DELIVERY: 6/30/97 firm</p>
<p>PAYING AGENT: Bank of New York, NYC, Wells Fargo Bank, Seattle</p>
<p>L.O.: Preston Gates &amp; Ellis, Seattle</p>
<p>Year		     Amount    Coupon     Yield     Price  Conc.</p>
<p>1997		     45,000     5.600     5.650</p>
<p>1998		    105,000     6.000     6.100</p>
<p>1999		    115,000     6.250     6.350</p>
<p>2000		    120,000     6.400     6.500</p>
<p>2001		    130,000     6.500     6.600</p>
<p>2002		    135,000     6.600     6.650</p>
<p>2003		    145,000     6.700     6.750</p>
<p>2004		    155,000     6.700     6.800</p>
<p>2005		    165,000     6.800     6.850</p>
<p>2006		    175,000     6.800     6.900</p>
<p>2007		    190,000     6.900     6.950</p>
<p>2008		    200,000     6.900     7.000</p>
<p>2009		    220,000     7.000     7.050</p>
<p>Seattle-Northwest Securities Corp</p>
</text>
<copyright>(c) Reuters Limited 1997</copyright>
<metadata>
<codes class="bip:countries:1.0">
  <code code="USA">
    <editdetail action="confirmed" attribution="Reuters BIP Coding Group" date="1997-06-20"/>
  </code>
</codes>
<codes class="bip:topics:1.0">
  <code code="E21">
    <editdetail action="confirmed" attribution="Reuters BIP Coding Group" date="1997-06-20"/>
  </code>
  <code code="E212">
    <editdetail action="confirmed" attribution="Reuters BIP Coding Group" date="1997-06-20"/>
  </code>
  <code code="ECAT">
    <editdetail action="confirmed" attribution="Reuters BIP Coding Group" date="1997-06-20"/>
  </code>
</codes>
<dc element="dc.publisher" value="Reuters Holdings Plc"/>
<dc element="dc.date.published" value="1997-06-20"/>
<dc element="dc.source" value="Reuters"/>
<dc element="dc.creator.location.country.name" value="USA"/>
<dc element="dc.source" value="Reuters"/>
</metadata>
</newsitem>
