<?xml version="1.0" encoding="ISO-8859-1" standalone="no"?>
<newsitem date="1997-06-20" id="root" itemid="677370" xml:lang="en">
<title>NEW ZEALAND: N.Zealand introduces world's first glowing beer tap.</title>
<headline>N.Zealand introduces world's first glowing beer tap.</headline>
<dateline>CHRISTCHURCH 1997-06-20</dateline>
<text>
<p>New Zealand is within a month of introducing a major innovation to the beer industry -- glowing beer tap handles.</p>
<p>"This is the first time in the world that there's been an illuminated tap handle without the aid of wires," Richard Hunter, owner of Christchurch-based Screen Sign Arts, told Reuters on Friday.</p>
<p>Brewer Lion Nathan is to start trials of the handles in selected pubs within a month. Until now, it has not been possible to light beer handles because of the danger of running electric wires close to liquid.</p>
<p>But Hunter's unlisted company has married advanced lighting technology with electricity-transmission science developed at the University of Auckland to allow the safe illumination of screen-printed phosphor lamps embossed in the handles.</p>
<p>The so-called "beacon of the bar" is lit by a 24-volts of electricity transmitted into the handle from a power source inside the tap mounting.</p>
</text>
<copyright>(c) Reuters Limited 1997</copyright>
<metadata>
<codes class="bip:countries:1.0">
  <code code="NZ">
    <editdetail action="confirmed" attribution="Reuters BIP Coding Group" date="1997-06-20"/>
  </code>
</codes>
<codes class="bip:industries:1.0">
  <code code="I42700">
    <editdetail action="confirmed" attribution="Reuters BIP Coding Group" date="1997-06-20"/>
  </code>
</codes>
<codes class="bip:topics:1.0">
  <code code="C23">
    <editdetail action="confirmed" attribution="Reuters BIP Coding Group" date="1997-06-20"/>
  </code>
  <code code="CCAT">
    <editdetail action="confirmed" attribution="Reuters BIP Coding Group" date="1997-06-20"/>
  </code>
  <code code="GCAT">
    <editdetail action="confirmed" attribution="Reuters BIP Coding Group" date="1997-06-20"/>
  </code>
  <code code="GODD">
    <editdetail action="confirmed" attribution="Reuters BIP Coding Group" date="1997-06-20"/>
  </code>
  <code code="GSCI">
    <editdetail action="confirmed" attribution="Reuters BIP Coding Group" date="1997-06-20"/>
  </code>
</codes>
<dc element="dc.date.created" value="1997-06-20"/>
<dc element="dc.publisher" value="Reuters Holdings Plc"/>
<dc element="dc.date.published" value="1997-06-20"/>
<dc element="dc.source" value="Reuters"/>
<dc element="dc.creator.location" value="CHRISTCHURCH"/>
<dc element="dc.creator.location.country.name" value="NEW ZEALAND"/>
<dc element="dc.source" value="Reuters"/>
</metadata>
</newsitem>
