<?xml version="1.0" encoding="ISO-8859-1" standalone="no"?>
<newsitem date="1997-06-20" id="root" itemid="677374" xml:lang="en">
<title>AUSTRALIA: RTRS-Australia stocks carry momentum to record end.</title>
<headline>RTRS-Australia stocks carry momentum to record end.</headline>
<text>
<p>-----------------(Snapshot 4.10 p.m./0610 GMT)-----------------</p>
<p>AORD cl	    2712.6   +19.3   DJIA cl	7777.06   +58.53</p>
<p>SPI Sycom	  2720.0   +21.0   US 30yr cl	6.68    -0.01</p>
<p>10yrbond futs    92.920  -0.015   Gold NY 340.45 Lon fix 340.20</p>
<p>AUD   US$0.7507 (Thurs $0.7475)   CRB Index cl  242.95    +1.10</p>
<p>NIKKEI	   20385.54 -122.31   FTSE cl	 4653.7     -3.3</p>
<p>S&amp;P500(Globex)   909.30   +1.80   NZSE40 cl    2423.60   +16.10</p>
<p>--------------------------(June 20)----------------------------</p>
<p>*Stocks end at record closing high after breaking 2,700 mark early as miners and banks lead surge. Volume 402.22 million, value A$992.5 million, 1,215 traded, 329 steady, 481 up, 405 down</p>
</text>
<copyright>(c) Reuters Limited 1997</copyright>
<metadata>
<codes class="bip:countries:1.0">
  <code code="AUSTR">
    <editdetail action="confirmed" attribution="Reuters BIP Coding Group" date="1997-06-20"/>
  </code>
</codes>
<codes class="bip:topics:1.0">
  <code code="M11">
    <editdetail action="confirmed" attribution="Reuters BIP Coding Group" date="1997-06-20"/>
  </code>
  <code code="MCAT">
    <editdetail action="confirmed" attribution="Reuters BIP Coding Group" date="1997-06-20"/>
  </code>
</codes>
<dc element="dc.publisher" value="Reuters Holdings Plc"/>
<dc element="dc.date.published" value="1997-06-20"/>
<dc element="dc.source" value="Reuters"/>
<dc element="dc.creator.location.country.name" value="AUSTRALIA"/>
<dc element="dc.source" value="Reuters"/>
</metadata>
</newsitem>
