<?xml version="1.0" encoding="ISO-8859-1" standalone="no"?>
<newsitem date="1997-06-20" id="root" itemid="676026" xml:lang="en">
<title>VIETNAM: Line-up set for Vietnam's National Assembly vote.</title>
<headline>Line-up set for Vietnam's National Assembly vote.</headline>
<dateline>HANOI 1997-06-20</dateline>
<text>
<p>Vietnam said on Friday that the candidates standing for election to the National Assembly next month included a generous sprinkling of women, ethnic minorities and non-members of the ruling Communist Party.</p>
<p>But official media reports on the list, which has been passed to the Central Election Council for publication next week, did not name any candidates, leaving a question mark over whether the president and prime minister were among them.</p>
<p>If President Le Duc Anh, 76, and Prime Minister Vo Van Kiet, 74, do not stand for re-election to the legislature, they will step down when the new assembly meets in September.</p>
<p>Political sources said last week that Anh and Kiet were not on the list of candidates from central organisations which went through three rounds of consultation by the Fatherland Front, a powerful organisation linked to the party.</p>
<p>Party Secretary General Do Muoi, 80, was not on the list either, though the head of the party is not constitutionally bound to be a member of the assembly.</p>
<p>National Assembly Office Director Vu Mao told reporters in March that Hanoi planned to make the legislature a more "democratic" body, raising the ratio of non-party lawmakers to 20 percent from about eight percent now.</p>
<p>Media reports said 666 candidates would stand in nationwide elections on July 20 for 450 National Assembly seats.</p>
<p>Of them, 112 -- or 16 percent -- are not members of the party, 132 are ethnic minorities and all but 116 have been through tertiary education.</p>
<p>Women account for 202, or 30.13 percent, of the candidates. Translated into seats, that would mean a sharp rise from their representation of 18.5 percent in the outgoing assembly -- a rate which is only exceeded by 12 of the 173 countries in the World Parliamentary Union.</p>
<p>Under new legislation, election candidates will be free to campaign for votes on television and radio and in newspapers.</p>
<p>However, where electors are faced with a choice of more than one candidate, they are usually advised on who to vote for by a local official.</p>
</text>
<copyright>(c) Reuters Limited 1997</copyright>
<metadata>
<codes class="bip:countries:1.0">
  <code code="VIETN">
    <editdetail action="confirmed" attribution="Reuters BIP Coding Group" date="1997-06-20"/>
  </code>
</codes>
<codes class="bip:topics:1.0">
  <code code="GCAT">
    <editdetail action="confirmed" attribution="Reuters BIP Coding Group" date="1997-06-20"/>
  </code>
  <code code="GPOL">
    <editdetail action="confirmed" attribution="Reuters BIP Coding Group" date="1997-06-20"/>
  </code>
  <code code="GVOTE">
    <editdetail action="confirmed" attribution="Reuters BIP Coding Group" date="1997-06-20"/>
  </code>
</codes>
<dc element="dc.date.created" value="1997-06-20"/>
<dc element="dc.publisher" value="Reuters Holdings Plc"/>
<dc element="dc.date.published" value="1997-06-20"/>
<dc element="dc.source" value="Reuters"/>
<dc element="dc.creator.location" value="HANOI"/>
<dc element="dc.creator.location.country.name" value="VIETNAM"/>
<dc element="dc.source" value="Reuters"/>
</metadata>
</newsitem>
