<?xml version="1.0" encoding="ISO-8859-1" standalone="no"?>
<newsitem date="1997-06-20" id="root" itemid="675961" xml:lang="en">
<title>THAILAND: New Thai finmin says to sustain monetary policies.</title>
<headline>New Thai finmin says to sustain monetary policies.</headline>
<byline>Vithoon Amorn</byline>
<dateline>BANGKOK 1997-06-20</dateline>
<text>
<p>New Thai Finance Minister Thanong Bidaya said on Friday he would pursue fiscal and monetary policies of his predecessor Amnuay Viravan saying they were mostly on the right track in tackling Thai economic problems.</p>
<p>Thanong said at his first press conference after his appointment that he would seek additional measures from those adopted by Amnuay to shore up the Thai economy which has slowed to its most sluggish level in 10 years.</p>
<p>Private economists projected that the Thai gross domestic product would expand three to five percent this year against 6.4 percent in 1996 and nearly 10 percent annual growth in the first half of this decade.</p>
<p>"Our national problems have gradually built up to the extent that, many feel, still have not been resolved...Amnuay has adopted appropriate measures in line with international practices, measures dealing with fiscal and monetary problems which I believe are on the right track and if there is anything that I could do to continue the job, I would definitely do so."</p>
<p>Thanong, a low profile banker and chief executive of Thai Military Bank Plc, succeeded respected fellow banker Amnuay who quit on Thursday after less than seven months in the job.</p>
<p>Amnuay's resignation triggered renewed speculation that Thailand may change its foreign exchange regime by either devalueing its baht or easing a current small spread that the baht was allowed to fluctuate against other currencies.</p>
<p>The new finance minister declined to commit himself to any change in the baht policy or comment on high Thai interest rates which the government maintained to discourage capital outflows.</p>
<p>Thai prime lending rates, at 12.75-13.50 percent, are among the highest in the region. Analysts and businessmen have blamed the rates for stifling economic recovery.</p>
<p>The minister also failed to spell out what he planned to do for rescueing Thailand's battered finance companies which faced a crisis of confidence and acute liquidity problems arising from their over-exposure to the property sector. He said only that he would continue working with the central bank in encouraging finance companies to consolidate through mergers.</p>
<p>The minister said he would consult the Bank of Thailand and senior finance ministry officials before announcing his policy in the next few days.</p>
<p>Thanong's predecessor quit after differences with political rivals in the six-party coalition government of Prime Minister Chavalit Yongchaiyudh.</p>
<p>Asked if he expected to face the same political problem as Amnuay, the new minister said Chavalit did not interfere with works of his ministers and his appointment to the finance portfolio was a concensus decision of political party leaders in Chavalit's coalition.</p>
<p>"(Chavalit) knows that I like to have independence in my work but the word independence does not mean working alone... I don't believe we have time to squabble as that would only aggravate national problems...we need to jointly set national priorities and agenda," he said.</p>
<p>Thanong declined to set a time-frame for turning around the economy but said he was confident that he could handle the job.</p>
<p>"I would not be sitting here if I don't believe I can do it. The issue is not how long I would need to do the job. The important thing is I must start doing it now and do my best... Time and the media would judge my performance," he said.</p>
<p>Thanong said his banking experience and past economic research works at the World Bank would help him clarify to foreign investors about Thailand's situation which he said was not unique or beyond solutions. REUTER VA</p>
</text>
<copyright>(c) Reuters Limited 1997</copyright>
<metadata>
<codes class="bip:countries:1.0">
  <code code="THAIL">
    <editdetail action="confirmed" attribution="Reuters BIP Coding Group" date="1997-06-20"/>
  </code>
</codes>
<codes class="bip:topics:1.0">
  <code code="E12">
    <editdetail action="confirmed" attribution="Reuters BIP Coding Group" date="1997-06-20"/>
  </code>
  <code code="E21">
    <editdetail action="confirmed" attribution="Reuters BIP Coding Group" date="1997-06-20"/>
  </code>
  <code code="E211">
    <editdetail action="confirmed" attribution="Reuters BIP Coding Group" date="1997-06-20"/>
  </code>
  <code code="ECAT">
    <editdetail action="confirmed" attribution="Reuters BIP Coding Group" date="1997-06-20"/>
  </code>
  <code code="GCAT">
    <editdetail action="confirmed" attribution="Reuters BIP Coding Group" date="1997-06-20"/>
  </code>
  <code code="GPOL">
    <editdetail action="confirmed" attribution="Reuters BIP Coding Group" date="1997-06-20"/>
  </code>
</codes>
<dc element="dc.date.created" value="1997-06-20"/>
<dc element="dc.publisher" value="Reuters Holdings Plc"/>
<dc element="dc.date.published" value="1997-06-20"/>
<dc element="dc.source" value="Reuters"/>
<dc element="dc.creator.location" value="BANGKOK"/>
<dc element="dc.creator.location.country.name" value="THAILAND"/>
<dc element="dc.source" value="Reuters"/>
</metadata>
</newsitem>
