<?xml version="1.0" encoding="ISO-8859-1" standalone="no"?>
<newsitem date="1997-06-20" id="root" itemid="677105" xml:lang="en">
<title>USA: Gateway says company not for sale.</title>
<headline>Gateway says company not for sale.</headline>
<dateline>CHICAGO 1997-06-19</dateline>
<text>
<p>Gateway 2000 Inc, which on Thursday announced it agreed to buy computer server maker Advanced Logic Research Inc (ALR), said the company is not for sale.</p>
<p>Responding to reporters' questions on a conference call regarding recent reports that Gateway and Compaq Computer Corp had been in talks to merge, Gateway founder, chairman and chief executive said, "I can say completely that Gateway is not for sale, and we're looking to broaden our horizons and partnership with ALR."</p>
<p>Gateway and ALR agreed the North Sioux City, S.D.-based direct marketer of personal computers would buy ALR for $194 million. Under the terms of the deal, Gateway will pay $15.50 a share for ALR.</p>
<p>"I think it really speaks to how we feel about our business and the direction we're taking," Waitt said.</p>
<p>ALR, for its part, said it does not know anything about the talks.</p>
<p>"We see this as a tremendous opportunity," ALR chief executive Gene Lu said. "We'll worry about those other issues later."</p>
<p>((--Chicago newsdesk, 312-408-8787))</p>
</text>
<copyright>(c) Reuters Limited 1997</copyright>
<metadata>
<codes class="bip:countries:1.0">
  <code code="USA">
    <editdetail action="confirmed" attribution="Reuters BIP Coding Group" date="1997-06-20"/>
  </code>
</codes>
<codes class="bip:industries:1.0">
  <code code="I33020">
    <editdetail action="confirmed" attribution="Reuters BIP Coding Group" date="1997-06-20"/>
  </code>
  <code code="I3302003">
    <editdetail action="confirmed" attribution="Reuters BIP Coding Group" date="1997-06-20"/>
  </code>
</codes>
<codes class="bip:topics:1.0">
  <code code="C18">
    <editdetail action="confirmed" attribution="Reuters BIP Coding Group" date="1997-06-20"/>
  </code>
  <code code="C181">
    <editdetail action="confirmed" attribution="Reuters BIP Coding Group" date="1997-06-20"/>
  </code>
  <code code="CCAT">
    <editdetail action="confirmed" attribution="Reuters BIP Coding Group" date="1997-06-20"/>
  </code>
</codes>
<dc element="dc.date.created" value="1997-06-19"/>
<dc element="dc.publisher" value="Reuters Holdings Plc"/>
<dc element="dc.date.published" value="1997-06-20"/>
<dc element="dc.source" value="Reuters"/>
<dc element="dc.creator.location" value="CHICAGO"/>
<dc element="dc.creator.location.country.name" value="USA"/>
<dc element="dc.source" value="Reuters"/>
</metadata>
</newsitem>
