<?xml version="1.0" encoding="ISO-8859-1" standalone="no"?>
<newsitem date="1997-06-20" id="root" itemid="675509" xml:lang="en">
<title>UK: European base metals physical trades - June 20.</title>
<headline>European base metals physical trades - June 20.</headline>
<dateline>LONDON 1997-06-20</dateline>
<text>
<p>Trades reported as follows. All</p>
<p>prices in $/tonne and premium to LME unless stated.</p>
<p>JUNE 20</p>
<p>Russian A7E aluminium cif Rotterdam, $40.</p>
<p>JUNE 19</p>
<p>Russian A7E aluminium, cif Rotterdam, $39.</p>
<p>JUNE 18</p>
<p>Antimony, cif Rotterdam, $2,100 (outright).</p>
<p>Cobalt ingot, cif Rotterdam, $18.10/lb (outright).</p>
<p>Western aluminium duty-paid, cif Rotterdam, $125.</p>
<p>JUNE 17</p>
<p>Russian uncut nickel, cif Rotterdam, $90 discount.</p>
<p>JUNE 16</p>
<p>AB97 aluminium, cif Rotterdam, $45 discount.</p>
<p>Grade A copper, cif UK, $49.</p>
<p>CIS lead, cif Rotterdam, $17.</p>
<p>JUNE 11</p>
<p>Uncut Russian nickel, cif Rotterdam, $75 discount.</p>
<p>JUNE 10</p>
<p>Chinese tin warrant, Rotterdam, $20.</p>
<p>Chinese tin, cif Rotterdam $40.</p>
<p>Western aluminium, duty unpaid, cif Rotterdam, $55.</p>
<p>JUNE 9</p>
<p>Western aluminium, duty unpaid, cif Rotterdam, $60.</p>
<p>JUNE 6</p>
<p>Russian standard copper, cif Rotterdam, discount of $22, $24.</p>
<p>JUNE 4</p>
<p>Brazilian zinc, duty unpaid, cif Rotterdam, $25.</p>
<p>JUNE 3</p>
<p>Chinese tin, cif Rotterdam, $40.</p>
<p>Russian A7E aluminium, cif Rotterdam, $52.</p>
<p>Russian A6 aluminium, cif Rotterdam, $47.</p>
<p>JUNE 2</p>
<p>Duty-paid Western aluminium, cif Rotterdam, $135.</p>
<p>Russian A7E aluminium, cif Rotterdam, $56.</p>
<p>MAY 30</p>
<p>Grade A copper, cif Rotterdam, $20.</p>
<p>Grade A copper, cif U.K., $45.</p>
<p>MAY 29</p>
<p>Bismuth, cif Rotterdam, $3.84/lb, $3.85, $3.88 (outright).</p>
<p>Indium, cif Rotterdam, $295/kg (outright).</p>
<p>Molybdenum-Ferro, cif Rotterdam, $11.65/kg (outright).</p>
<p>Zinc SHG duty-paid, cif Rotterdam, $35.</p>
<p>MAY 28</p>
<p>Bismuth, cif Rotterdam, $3.84/lb (outright).</p>
<p>MAY 22</p>
<p>Arsenic, cif Rotterdam, $0.44/lb (outright).</p>
<p>Bismuth, cif Rotterdam, $3.58/lb, $3.65 (outright).</p>
<p>Selenium, cif Rotterdam, $2.40/lb (outright).</p>
<p>MAY 21</p>
<p>Grade A copper, cif Italy, $35.</p>
<p>Grade A copper, cif U.K., $57.</p>
<p>MAY 20</p>
<p>Russian A7E aluminium, cif Rotterdam, $45, $48.</p>
<p>Western aluminium duty unpaid, cif Rotterdam, $55.</p>
<p>MAY 19</p>
<p>Russian A7E aluminium, cif Rotterdam, $45.</p>
<p>Russian A5 aluminium, cif Rotterdam, $30.</p>
<p>Grade A copper, cif Hamburg, $20.</p>
<p>MAY 16</p>
<p>Grade A copper warrant for Hamburg, $15.</p>
<p>Western aluminium, duty-unpaid, cif Rotterdam, $60.</p>
<p>MAY 14</p>
<p>Bismuth, $3.35/lb, $3.40/lb (outright).</p>
<p>MAY 13</p>
<p>Russian A7E aluminium, duty-paid, cif Rotterdam, $130.</p>
<p>--London Newsroom 44 171 542 8080</p>
</text>
<copyright>(c) Reuters Limited 1997</copyright>
<metadata>
<codes class="bip:countries:1.0">
  <code code="UK">
    <editdetail action="confirmed" attribution="Reuters BIP Coding Group" date="1997-06-20"/>
  </code>
</codes>
<codes class="bip:topics:1.0">
  <code code="M14">
    <editdetail action="confirmed" attribution="Reuters BIP Coding Group" date="1997-06-20"/>
  </code>
  <code code="M142">
    <editdetail action="confirmed" attribution="Reuters BIP Coding Group" date="1997-06-20"/>
  </code>
  <code code="MCAT">
    <editdetail action="confirmed" attribution="Reuters BIP Coding Group" date="1997-06-20"/>
  </code>
</codes>
<dc element="dc.date.created" value="1997-06-20"/>
<dc element="dc.publisher" value="Reuters Holdings Plc"/>
<dc element="dc.date.published" value="1997-06-20"/>
<dc element="dc.source" value="Reuters"/>
<dc element="dc.creator.location" value="LONDON"/>
<dc element="dc.creator.location.country.name" value="UK"/>
<dc element="dc.source" value="Reuters"/>
</metadata>
</newsitem>
