<?xml version="1.0" encoding="ISO-8859-1" standalone="no"?>
<newsitem date="1997-06-20" id="root" itemid="677448" xml:lang="en">
<title>BELGIUM: Fischler calls for fairer sharing of EU farm aid.</title>
<headline>Fischler calls for fairer sharing of EU farm aid.</headline>
<dateline>BRUSSELS 1997-06-20</dateline>
<text>
<p>European Union Farm Commissioner Franz Fischler on Friday called for farm subsidies to be shared more equally and to limit payments to large, wealthy farmers.</p>
<p>At present 80 percent of EU farm subsidies are pocketed by 20 percent of the EU's estimated eight million farmers.</p>
<p>"Member states or regions should be allowed to introduce differentiation criteria within commonly agreed limits," Fischler said in a speech for the Centre for European Policy Studies.</p>
<p>However Fischler said that making payments according to farm size could be difficult to put into practice.</p>
<p>For instance small farmers could be earning substantial revenue from off-farm activities while large farms could provide many jobs.</p>
<p>Proposals for so-called modulation of EU farm aid as part of 1992 farm reforms were rejected after opposition from Britain and other member states.</p>
<p>Fischler also reiterated the need, highlighted in April, for urgent reforms to prevent grain, beef and dairy surpluses reappearing.</p>
<p>"A new crisis of overproduction is looming rather sooner than later," he warned.</p>
<p>--Brussels newsroom +322 287 6830</p>
</text>
<copyright>(c) Reuters Limited 1997</copyright>
<metadata>
<codes class="bip:countries:1.0">
  <code code="EEC">
    <editdetail action="confirmed" attribution="Reuters BIP Coding Group" date="1997-06-20"/>
  </code>
</codes>
<codes class="bip:topics:1.0">
  <code code="E21">
    <editdetail action="confirmed" attribution="Reuters BIP Coding Group" date="1997-06-20"/>
  </code>
  <code code="E211">
    <editdetail action="confirmed" attribution="Reuters BIP Coding Group" date="1997-06-20"/>
  </code>
  <code code="E51">
    <editdetail action="confirmed" attribution="Reuters BIP Coding Group" date="1997-06-20"/>
  </code>
  <code code="G153">
    <editdetail action="confirmed" attribution="Reuters BIP Coding Group" date="1997-06-20"/>
  </code>
</codes>
<dc element="dc.date.created" value="1997-06-20"/>
<dc element="dc.publisher" value="Reuters Holdings Plc"/>
<dc element="dc.date.published" value="1997-06-20"/>
<dc element="dc.source" value="Reuters"/>
<dc element="dc.creator.location" value="BRUSSELS"/>
<dc element="dc.creator.location.country.name" value="BELGIUM"/>
<dc element="dc.source" value="Reuters"/>
</metadata>
</newsitem>
