<?xml version="1.0" encoding="ISO-8859-1" standalone="no"?>
<newsitem date="1997-06-20" id="root" itemid="675744" xml:lang="en">
<title>CROATIA: Croatian avg lending rate rises to 12.7 pct.</title>
<headline>Croatian avg lending rate rises to 12.7 pct.</headline>
<dateline>ZAGREB 1997-06-20</dateline>
<text>
<p>The Croatian average lending rate rose to 12.7 percent on Friday from 10 percent, boosted by stronger demand for term loans.</p>
<p>Dealers put total trade at 48.3 million kuna against a 58 million demand.</p>
<p>Interbank call money at a steady 10 percent accounted for 19 million of the total. The rest were term deals, some of which were renewed by lenders upon expiry.</p>
<p>Term rates ranged between 14 and 16.5 percent for two-week and 30-day loans. Savings banks paid 11 percent for six-day and 18 percent for two-month funds -- slightly higher than what is charged to banks due to their perceived repayment risk.</p>
<p>The central bank calculated its kuna midrates for Saturday and next Monday weaker at 3.5686 against the dollar and firmer at 6.1630 against the German mark.</p>
<p>-- Sandra Kalogjera, Zagreb Newsroom 385-1-4557075</p>
</text>
<copyright>(c) Reuters Limited 1997</copyright>
<metadata>
<codes class="bip:countries:1.0">
  <code code="CRTIA">
    <editdetail action="confirmed" attribution="Reuters BIP Coding Group" date="1997-06-20"/>
  </code>
</codes>
<codes class="bip:topics:1.0">
  <code code="E12">
    <editdetail action="confirmed" attribution="Reuters BIP Coding Group" date="1997-06-20"/>
  </code>
  <code code="ECAT">
    <editdetail action="confirmed" attribution="Reuters BIP Coding Group" date="1997-06-20"/>
  </code>
  <code code="M13">
    <editdetail action="confirmed" attribution="Reuters BIP Coding Group" date="1997-06-20"/>
  </code>
  <code code="M131">
    <editdetail action="confirmed" attribution="Reuters BIP Coding Group" date="1997-06-20"/>
  </code>
  <code code="MCAT">
    <editdetail action="confirmed" attribution="Reuters BIP Coding Group" date="1997-06-20"/>
  </code>
</codes>
<dc element="dc.date.created" value="1997-06-20"/>
<dc element="dc.publisher" value="Reuters Holdings Plc"/>
<dc element="dc.date.published" value="1997-06-20"/>
<dc element="dc.source" value="Reuters"/>
<dc element="dc.creator.location" value="ZAGREB"/>
<dc element="dc.creator.location.country.name" value="CROATIA"/>
<dc element="dc.source" value="Reuters"/>
</metadata>
</newsitem>
