<?xml version="1.0" encoding="ISO-8859-1" standalone="no"?>
<newsitem date="1997-06-20" id="root" itemid="675829" xml:lang="en">
<title>RUSSIA: Chelyabenergo 1996 IAS net profit 640 bln rbls.</title>
<headline>Chelyabenergo 1996 IAS net profit 640 bln rbls.</headline>
<dateline>MOSCOW 1997-06-20</dateline>
<text>
<p>Year ending December 31--</p>
<p> (bln rbls)		  1996		     1995</p>
<p> Net sales		 5,739.2		  3,952.0</p>
<p> Pre-tax profit	    867.9		    501.3</p>
<p> Net profit		  640.1		    354.7</p>
<p> Undistributed profit	0.0		    143.2</p>
<p>NOTES -- Full company name is AO Energetiki i Elektrifikatsii Chelyabenergo.</p>
<p>Figures prepared to international accounting standards.</p>
<p>Earlier this year Chelyabenergo posted 902.8 billion roubles ($156.7 million) 1996 pre-tax profit prepared to Russian standards against 429.4 billion roubles in 1995.</p>
<p>National power company UES owns 58 percent of Chelyabenergo and the Chelyabinsk region property fund owns a further 15.7 percent.</p>
<p>--Moscow Newsroom, +7095 941 8520 ($ = 5761 Russian Roubles)</p>
</text>
<copyright>(c) Reuters Limited 1997</copyright>
<metadata>
<codes class="bip:countries:1.0">
  <code code="RUSS">
    <editdetail action="confirmed" attribution="Reuters BIP Coding Group" date="1997-06-20"/>
  </code>
</codes>
<codes class="bip:industries:1.0">
  <code code="I16100">
    <editdetail action="confirmed" attribution="Reuters BIP Coding Group" date="1997-06-20"/>
  </code>
</codes>
<codes class="bip:topics:1.0">
  <code code="C15">
    <editdetail action="confirmed" attribution="Reuters BIP Coding Group" date="1997-06-20"/>
  </code>
  <code code="C151">
    <editdetail action="confirmed" attribution="Reuters BIP Coding Group" date="1997-06-20"/>
  </code>
  <code code="C1511">
    <editdetail action="confirmed" attribution="Reuters BIP Coding Group" date="1997-06-20"/>
  </code>
  <code code="CCAT">
    <editdetail action="confirmed" attribution="Reuters BIP Coding Group" date="1997-06-20"/>
  </code>
</codes>
<dc element="dc.date.created" value="1997-06-20"/>
<dc element="dc.publisher" value="Reuters Holdings Plc"/>
<dc element="dc.date.published" value="1997-06-20"/>
<dc element="dc.source" value="Reuters"/>
<dc element="dc.creator.location" value="MOSCOW"/>
<dc element="dc.creator.location.country.name" value="RUSSIA"/>
<dc element="dc.source" value="Reuters"/>
</metadata>
</newsitem>
