<?xml version="1.0" encoding="ISO-8859-1" standalone="no"?>
<newsitem date="1997-06-20" id="root" itemid="677059" xml:lang="en">
<title>USA: Perkin-Elmer takes stake in Hyseq.</title>
<headline>Perkin-Elmer takes stake in Hyseq.</headline>
<dateline>NORWALK, Conn. 1997-06-20</dateline>
<text>
<p>Perkin-Elmer Corp and Hyseq Inc said they are in a strategic partnership in which Perkin-Elmer will take an equity interest in Hyseq, investing $10 million in Hyseq and owning more than five percent of the company.</p>
<p>Both companies also will invest additional research funds in Hyseq's proprietary DNA HyChip technology as part of the five-year pact.  </p>
<p>Hyseq has developed a DNA chip based on proprietary technology that allows diverse experiments to be conducted using a single-chip design.</p>
<p>Under the terms of the agreement, Perkin-Elmer will receive exclusive worldwide rights to commercialize sequencing systems using Hyseq's HyChip technology.</p>
<p>The companies aim to make available a "universal"  chip that can assay any genetic target through the use of specially designed reagents and software, they said in a press release.</p>
<p>Perkin-Elmer makes life science systems and analytical instruments for pharmaceuticals, biotechnology, environmental testing, food, agriculture, and chemical manufacturing.</p>
</text>
<copyright>(c) Reuters Limited 1997</copyright>
<metadata>
<codes class="bip:countries:1.0">
  <code code="USA">
    <editdetail action="confirmed" attribution="Reuters BIP Coding Group" date="1997-06-20"/>
  </code>
</codes>
<codes class="bip:industries:1.0">
  <code code="I25700">
    <editdetail action="confirmed" attribution="Reuters BIP Coding Group" date="1997-06-20"/>
  </code>
  <code code="I37100">
    <editdetail action="confirmed" attribution="Reuters BIP Coding Group" date="1997-06-20"/>
  </code>
</codes>
<codes class="bip:topics:1.0">
  <code code="C18">
    <editdetail action="confirmed" attribution="Reuters BIP Coding Group" date="1997-06-20"/>
  </code>
  <code code="C181">
    <editdetail action="confirmed" attribution="Reuters BIP Coding Group" date="1997-06-20"/>
  </code>
  <code code="CCAT">
    <editdetail action="confirmed" attribution="Reuters BIP Coding Group" date="1997-06-20"/>
  </code>
</codes>
<dc element="dc.date.created" value="1997-06-20"/>
<dc element="dc.publisher" value="Reuters Holdings Plc"/>
<dc element="dc.date.published" value="1997-06-20"/>
<dc element="dc.source" value="Reuters"/>
<dc element="dc.creator.location" value="NORWALK, Conn."/>
<dc element="dc.creator.location.country.name" value="USA"/>
<dc element="dc.source" value="Reuters"/>
</metadata>
</newsitem>
