<?xml version="1.0" encoding="ISO-8859-1" standalone="no"?>
<newsitem date="1997-06-20" id="root" itemid="677228" xml:lang="en">
<title>GERMANY: Goldman ups EPS estimates for big German banks.</title>
<headline>Goldman ups EPS estimates for big German banks.</headline>
<dateline>FRANKFURT 1997-06-20</dateline>
<text>
<p>Goldman Sachs said on Friday it had raised its earnings per share estimates for Germany's top three commercial banks Deutsche Bank AG, Dresdner Bank AG and Commerzbank AG.</p>
<p>"We're continuing to see better than expected core earnings growth at the big banks," said Neil Crowder, banking analyst at Goldman Sachs.</p>
<p>Goldman has raised its estimate for Deutsche's net income per share in 1998 to 5.37 marks ($3.11) from an earlier estimate of 5.27 marks. Its 1997 estimate remains unchanged at 4.84 marks, up from 4.25 marks in 1996.</p>
<p>Crowder also said Goldman had raised its earnings estimate for Dresdner Bank in both 1997 and 1998.</p>
<p>($ = 1.725 German Marks)</p>
</text>
<copyright>(c) Reuters Limited 1997</copyright>
<metadata>
<codes class="bip:countries:1.0">
  <code code="GFR">
    <editdetail action="confirmed" attribution="Reuters BIP Coding Group" date="1997-06-20"/>
  </code>
</codes>
<codes class="bip:industries:1.0">
  <code code="I81402">
    <editdetail action="confirmed" attribution="Reuters BIP Coding Group" date="1997-06-20"/>
  </code>
</codes>
<codes class="bip:topics:1.0">
  <code code="C15">
    <editdetail action="confirmed" attribution="Reuters BIP Coding Group" date="1997-06-20"/>
  </code>
  <code code="C152">
    <editdetail action="confirmed" attribution="Reuters BIP Coding Group" date="1997-06-20"/>
  </code>
  <code code="CCAT">
    <editdetail action="confirmed" attribution="Reuters BIP Coding Group" date="1997-06-20"/>
  </code>
</codes>
<dc element="dc.date.created" value="1997-06-20"/>
<dc element="dc.publisher" value="Reuters Holdings Plc"/>
<dc element="dc.date.published" value="1997-06-20"/>
<dc element="dc.source" value="Reuters"/>
<dc element="dc.creator.location" value="FRANKFURT"/>
<dc element="dc.creator.location.country.name" value="GERMANY"/>
<dc element="dc.source" value="Reuters"/>
</metadata>
</newsitem>
