<?xml version="1.0" encoding="ISO-8859-1" standalone="no"?>
<newsitem date="1997-06-20" id="root" itemid="675782" xml:lang="en">
<title>RUSSIA: Russian Cen.Bank sells 112.5 bln rbls bills, bonds.</title>
<headline>Russian Cen.Bank sells 112.5 bln rbls bills, bonds.</headline>
<dateline>MOSCOW 1997-06-20</dateline>
<text>
<p>The Central Bank sold 112.498 billion roubles nominal of GKO discount Treasury bills and OFZ interest-bearing government bonds on behalf of the Finance Ministry on Friday, the bank's open-market operations department said.</p>
<p>The bank made the following transactions:</p>
<p>    Issue number			Nominal value</p>
<p>Sold:</p>
<p>    21076				 84.332 bln roubles</p>
<p>    24011				  9.111 bln roubles</p>
<p>    24012				 16.011 bln roubles</p>
<p>    24014				  3.044 bln roubles</p>
<p>The bank did not say at what price the paper was sold. The 21076 issue closed on Friday at 95.37 percent, the 24011 issue closed at 102.59 percent, the 24012 issue closed at 100.82 percent and the 24014 issue closed at 97.62 percent.</p>
<p>Apart from intervening on its own account for liquidity-smoothing and monetary policy purposes, the Central Bank buys and sells securities as part of its management of the Finance Ministry's debt and asset portfolio.</p>
<p>Full details of recent central bank transactions in the secondary market for the Finance Ministry can be seen on CBGKOSEC.</p>
<p>--Moscow Newsroom, +7095 941 8520</p>
</text>
<copyright>(c) Reuters Limited 1997</copyright>
<metadata>
<codes class="bip:countries:1.0">
  <code code="RUSS">
    <editdetail action="confirmed" attribution="Reuters BIP Coding Group" date="1997-06-20"/>
  </code>
</codes>
<codes class="bip:topics:1.0">
  <code code="E21">
    <editdetail action="confirmed" attribution="Reuters BIP Coding Group" date="1997-06-20"/>
  </code>
  <code code="E212">
    <editdetail action="confirmed" attribution="Reuters BIP Coding Group" date="1997-06-20"/>
  </code>
  <code code="ECAT">
    <editdetail action="confirmed" attribution="Reuters BIP Coding Group" date="1997-06-20"/>
  </code>
  <code code="M12">
    <editdetail action="confirmed" attribution="Reuters BIP Coding Group" date="1997-06-20"/>
  </code>
  <code code="M13">
    <editdetail action="confirmed" attribution="Reuters BIP Coding Group" date="1997-06-20"/>
  </code>
  <code code="M131">
    <editdetail action="confirmed" attribution="Reuters BIP Coding Group" date="1997-06-20"/>
  </code>
  <code code="MCAT">
    <editdetail action="confirmed" attribution="Reuters BIP Coding Group" date="1997-06-20"/>
  </code>
</codes>
<dc element="dc.date.created" value="1997-06-20"/>
<dc element="dc.publisher" value="Reuters Holdings Plc"/>
<dc element="dc.date.published" value="1997-06-20"/>
<dc element="dc.source" value="Reuters"/>
<dc element="dc.creator.location" value="MOSCOW"/>
<dc element="dc.creator.location.country.name" value="RUSSIA"/>
<dc element="dc.source" value="Reuters"/>
</metadata>
</newsitem>
