<?xml version="1.0" encoding="ISO-8859-1" standalone="no"?>
<newsitem date="1997-06-20" id="root" itemid="675701" xml:lang="en">
<title>CZECH REPUBLIC: DIRECT EQUITY TRADES ON THE CZECH PSE - JUNE 20.</title>
<headline>DIRECT EQUITY TRADES ON THE CZECH PSE - JUNE 20.</headline>
<dateline>PRAGUE 1997-06-20</dateline>
<text>
<p>The following is a list of</p>
<p>direct equity trades made on the Prague Stock Exchange:</p>
<p> ISSUE		    Min. Price  Max.Price  Volume   Turnover</p>
<p>				   CZK	  CZK   (shares)(CZK 000's)</p>
<p> CENTEX			230.00    230.00     14667    3373.410</p>
<p> CESKA GUMAR.SPOL.	  91.54     99.00     45000    4283.100</p>
<p> CESKA POJISTOVNA	 2686.50   2748.00	9000   24463.500</p>
<p> CESKA SPORITELNA	  302.98    302.98     23000    6968.710</p>
<p> CEZ			   895.00    924.00    122100  110992.554</p>
<p> HARVARD.HOLDING	   112.51    112.51	1956     220.070</p>
<p> CHEMOPETROL GROUP	1195.00   1240.00     13000   15888.000</p>
<p> KAUCUK GROUP	     1300.00   1342.00	7500    9897.000</p>
<p> KOMERCNI BANKA	   1915.00   1975.00     12700   24771.000</p>
<p> KOMERCNI BANKA IF	 525.00    527.00	6000    3158.000</p>
<p> LECIVA PRAHA	     2368.93   2368.93	 155     367.184</p>
<p> METROSTAV		  2143.55   2225.00	6581   14440.989</p>
<p> NOVA HUT		    463.00    463.00	1162     538.006</p>
<p> OKD			   147.00    147.00     12000    1764.000</p>
<p> P.I.F.			380.33    380.33	7000    2662.310</p>
<p> PF IKS KB PLUS	    163.50    164.22     15000    2456.100</p>
<p> PIVOV.RADEGAST	   3714.38   3714.38	  72     267.435</p>
<p> PPF CESKY PF		672.00    676.00	6720    4529.280</p>
<p> PRAZSKE PIVOVARY	  206.00    206.00     20000    4120.000</p>
<p> PREFA PARDUBICE	    88.30     88.30     10522     929.093</p>
<p> PVT			  2485.00   2485.00	2000    4970.000</p>
<p> RIF			   807.00    809.00	5661    4575.749</p>
<p> SPOLANA		     147.29    147.29	1833     269.983</p>
<p> SPT TELECOM		3155.00   3400.00    113598  378802.037</p>
<p> SKODA PLZEN		1000.00   1010.00     14712   14764.000</p>
<p> TABAK			7753.96   7753.96	3000   23261.906</p>
<p> TATRA			  83.00     83.00     10000     830.000</p>
<p> VODNI STAVBY PRAHA	764.00    764.00	8686    6636.104</p>
<p> ZDAS			  563.35    575.00     15449    8833.701</p>
<p>-- Prague Newsroom, 420-2-2423-0003</p>
</text>
<copyright>(c) Reuters Limited 1997</copyright>
<metadata>
<codes class="bip:countries:1.0">
  <code code="CZREP">
    <editdetail action="confirmed" attribution="Reuters BIP Coding Group" date="1997-06-20"/>
  </code>
</codes>
<codes class="bip:topics:1.0">
  <code code="M11">
    <editdetail action="confirmed" attribution="Reuters BIP Coding Group" date="1997-06-20"/>
  </code>
  <code code="MCAT">
    <editdetail action="confirmed" attribution="Reuters BIP Coding Group" date="1997-06-20"/>
  </code>
</codes>
<dc element="dc.date.created" value="1997-06-20"/>
<dc element="dc.publisher" value="Reuters Holdings Plc"/>
<dc element="dc.date.published" value="1997-06-20"/>
<dc element="dc.source" value="Reuters"/>
<dc element="dc.creator.location" value="PRAGUE"/>
<dc element="dc.creator.location.country.name" value="CZECH REPUBLIC"/>
<dc element="dc.source" value="Reuters"/>
</metadata>
</newsitem>
