<?xml version="1.0" encoding="ISO-8859-1" standalone="no"?>
<newsitem date="1997-06-20" id="root" itemid="677267" xml:lang="en">
<title>NORWAY: Options fuel volume on Oslo Bourse.</title>
<headline>Options fuel volume on Oslo Bourse.</headline>
<dateline>OSLO 1997-06-20</dateline>
<text>
<p>Options exercised helped inflate volume on the Norwegian Stock Exchange on Friday and the Total index ended marginally higher.</p>
<p>Oslo's Total index closed 0.29 percent up at 1,177.79 points in turnover of 1.4 billion crowns.</p>
<p>"Apart from options exercised turnover was low," one broker said.</p>
<p>Anglo-Norwegian construction and engineering group Kvaerner and industrial conglomerate Norsk Hydro were by far the most traded shares.</p>
<p>Kvaerner's A share closed 0.83 percent higher at 427 crowns in trade worth 158 million crowns.</p>
<p>Norsk Hydro, the largest company listed on the bourse, climbed 1.29 percent to 392 crowns in turnover of 143 million crowns.</p>
</text>
<copyright>(c) Reuters Limited 1997</copyright>
<metadata>
<codes class="bip:countries:1.0">
  <code code="NORW">
    <editdetail action="confirmed" attribution="Reuters BIP Coding Group" date="1997-06-20"/>
  </code>
</codes>
<codes class="bip:topics:1.0">
  <code code="M11">
    <editdetail action="confirmed" attribution="Reuters BIP Coding Group" date="1997-06-20"/>
  </code>
</codes>
<dc element="dc.date.created" value="1997-06-20"/>
<dc element="dc.publisher" value="Reuters Holdings Plc"/>
<dc element="dc.date.published" value="1997-06-20"/>
<dc element="dc.source" value="Reuters"/>
<dc element="dc.creator.location" value="OSLO"/>
<dc element="dc.creator.location.country.name" value="NORWAY"/>
<dc element="dc.source" value="Reuters"/>
</metadata>
</newsitem>
