<?xml version="1.0" encoding="ISO-8859-1" standalone="no"?>
<newsitem date="1997-06-20" id="root" itemid="676248" xml:lang="en">
<title>USA: CME hogs and pork bellies mostly up before report.</title>
<headline>CME hogs and pork bellies mostly up before report.</headline>
<dateline>CHICAGO 1997-06-20</dateline>
<text>
<p>CME hog and pork belly futures generally posted gains ahead of the monthly USDA Cold Storage report with weather concerns reinforcing gains in hogs, traders said.</p>
<p>Lean hogs closed 0.100 cent per lb lower to 0.475 higher with July up 0.025 at 81.950 cents. Pork bellies ended 0.075 to 0.175 higher with July up the least at 81.500 cents.</p>
<p>Expectations of continued light packer demand for hogs next week were generally offset by concern hot and humid weather would cut hog runs. Positions squaring ahead of the report also kept prices in a narrow range, traders said.</p>
<p>Indications for cash hogs on Monday were steady, a departure from earlier projections that cash hogs would be pressured by ample supplies. Hot weather can be stressful to hogs if they are transported, and such concerns could curb hog movement. If it lasts for several days, such weather could cut hog weights, sources noted.</p>
<p>The upcoming USDA Hogs and Pigs report also limited interest in trading, they said. Early analyst estimates on next Friday's quarterly data put all hogs on farms on June 1 at 102 to 104 percent of last year. Kept for breeding numbers ranged from 103 to 106 and kept for market 101 to 105 percent.  </p>
<p>Persistant buying by Rand Financials and Rosenthal Collins offset local selling pressure. Rand also bought July and Saul Stone bought October lates. In hog options, volatility was down in July as commission houses sold 82 to 84 calls, pit sources said.</p>
<p>Pork belly futures ranged on both sides of previous levels after the early wide price swings as the market awaited the cold storage report. Futures traded in a 3.600 cent range, basis July, in the first few mintues as stop orders were touched off in both directions and futures had to go to resting orders before turning around, traders said.</p>
<p>Analyst estimates on the Cold Storage report for frozen pork bellies in U.S. warehouses as of May 31 ranged from 53.7 to 57.7 million lbs. This compares with 63.5 million lbs on hand last year and the record low for the period of 54.98 million lbs set in 1973.</p>
<p>RBH bought late after selling early along with R.J. O'Brien. Refco bought at the low, pit sources said.</p>
<p>((Jerry Bieszk 312-408-8725))</p>
</text>
<copyright>(c) Reuters Limited 1997</copyright>
<metadata>
<codes class="bip:countries:1.0">
  <code code="USA">
    <editdetail action="confirmed" attribution="Reuters BIP Coding Group" date="1997-06-20"/>
  </code>
</codes>
<codes class="bip:topics:1.0">
  <code code="M14">
    <editdetail action="confirmed" attribution="Reuters BIP Coding Group" date="1997-06-20"/>
  </code>
  <code code="M141">
    <editdetail action="confirmed" attribution="Reuters BIP Coding Group" date="1997-06-20"/>
  </code>
  <code code="MCAT">
    <editdetail action="confirmed" attribution="Reuters BIP Coding Group" date="1997-06-20"/>
  </code>
</codes>
<dc element="dc.date.created" value="1997-06-20"/>
<dc element="dc.publisher" value="Reuters Holdings Plc"/>
<dc element="dc.date.published" value="1997-06-20"/>
<dc element="dc.source" value="Reuters"/>
<dc element="dc.creator.location" value="CHICAGO"/>
<dc element="dc.creator.location.country.name" value="USA"/>
<dc element="dc.source" value="Reuters"/>
</metadata>
</newsitem>
