<?xml version="1.0" encoding="ISO-8859-1" standalone="no"?>
<newsitem date="1997-06-20" id="root" itemid="677537" xml:lang="en">
<title>PHILIPPINES: Manila defers arraignment of Chinese fishermen.</title>
<headline>Manila defers arraignment of Chinese fishermen.</headline>
<dateline>SUBIC, Philippines 1997-06-20</dateline>
<text>
<p>A Philippine judge on Friday postponed a hearing on illegal entry charges against 21 Chinese fishermen caught in a disputed part of the South China Sea after they questioned Manila's authority over the area.</p>
<p>The lawyer for the Chinese fishermen said Manila could not try them because the Scarborough Shoal, a rock formation which Manila says is within its 200-mile exclusive economic zone, is not part of Philippine territory.</p>
<p>Beijing says the shoal and all other islets, reefs and rocks in the South China Sea historically belong to China.</p>
<p>Government prosecutor Jesus Llamado said he would check on the claims of the fishermen that they were not allowed enough time to formally reply to the charges.</p>
<p>Early this month, Philippine foreign affairs undersecretary Rodolfo Severino said the national committee on illegal entrants would ask government prosecutors to withdraw the charges against the Chinese and instead file a case of illegal fishing.</p>
<p>Under the United Nations Convention on Law of the Sea, foreign vessels can pass through a country's exclusive economic zone provided they do not exploit resources in the area, he said.</p>
<p>Judge Eliodoro Ubiadas ordered the Chinese to file within five days their petition to dismiss the illegal entry charges against them.</p>
<p>The Chinese are also facing separate charges of illegal fishing.</p>
<p>Nineteen of the 21 Chinese, who were arrested by Philippine police in the shoal on May 20, appeared in court on Friday.</p>
<p>Their arrest sparked the third diplomatic row during May between Manila and Beijing over the barely visible outcrop.</p>
<p>China earlier protested against the hoisting by Filipinos of their national flag over the rocks. It protested again when a group of Philippine congressmen sailed to the shoal to be photographed standing under the flag.</p>
</text>
<copyright>(c) Reuters Limited 1997</copyright>
<metadata>
<codes class="bip:countries:1.0">
  <code code="CHINA">
    <editdetail action="confirmed" attribution="Reuters BIP Coding Group" date="1997-06-20"/>
  </code>
  <code code="PHLNS">
    <editdetail action="confirmed" attribution="Reuters BIP Coding Group" date="1997-06-20"/>
  </code>
</codes>
<codes class="bip:topics:1.0">
  <code code="GCAT">
    <editdetail action="confirmed" attribution="Reuters BIP Coding Group" date="1997-06-20"/>
  </code>
  <code code="GDIP">
    <editdetail action="confirmed" attribution="Reuters BIP Coding Group" date="1997-06-20"/>
  </code>
</codes>
<dc element="dc.date.created" value="1997-06-20"/>
<dc element="dc.publisher" value="Reuters Holdings Plc"/>
<dc element="dc.date.published" value="1997-06-20"/>
<dc element="dc.source" value="Reuters"/>
<dc element="dc.creator.location" value="SUBIC, Philippines"/>
<dc element="dc.creator.location.country.name" value="PHILIPPINES"/>
<dc element="dc.source" value="Reuters"/>
</metadata>
</newsitem>
