<?xml version="1.0" encoding="ISO-8859-1" standalone="no"?>
<newsitem date="1997-06-20" id="root" itemid="676057" xml:lang="en">
<title>ISRAEL: Israel's Peres says Mideast peace won't be stopped.</title>
<headline>Israel's Peres says Mideast peace won't be stopped.</headline>
<byline>Dominic Evans</byline>
<dateline>AMMAN 1997-06-20</dateline>
<text>
<p>Former Israeli prime minister Shimon Peres said on Friday progress towards Middle East peace was irreversible despite the near collapse of Arab-Israeli negotiations in recent months.</p>
<p>"We are now at a crisis of peace, but I don't believe that a single man or organisation, a party or a cabinet can stop the march of this movement," Peres told a U.N. leadership workshop in Jordan.</p>
<p>Peres criticised Prime Minister Benjamin Netanyahu, who toppled him in a knife-edge election last year, for promising Israeli electors a "low-cost" peace with no concessions to Palestinians.</p>
<p>He told his audience of budding world leaders, being groomed at the U.N. workshop in the art of global leadership, that true leaders had to take unpopular decisions.</p>
<p>"In peace you have no alternative to compromise. And who applauds compromises?" Peres said. "Occasionally you have to take the risk of doing not what the people want at the time, even if you lose support."</p>
<p>He cited the 1993 Palestinian self-rule accord he and his assassinated predecessor Yitzhak Rabin reached with the Palestinians -- criticised by Netanyahu as a sell-out.</p>
<p>"I don't feel any regrets... We did what we had to do and we knew we were taking risks," Peres said.</p>
<p>"Prepare yourselves to be controversial and don't expect to be popular," said Peres, who was twice prime minister but failed to win outright a national election in five tries between 1977 and 1996.</p>
<p>Peres was addressing a group of 160 budding leaders from around the world, selected for one-month U.N. International Leadership Academy at the University of Jordan.</p>
<p>Students had threatened to protest against his presence in Jordan but there were no demonstrations at the university. Jordanians have voiced growing discontent over their 1994 peace treaty with Israel, which has brought few of the economic benefits they were promised at the time.</p>
<p>Peres said he expected Netanyahu's government to survive a confidence motion despite a row within his ruling coalition over the resignation of Finance Minister Dan Meridor this week and threats of a pull-out by a key immigration party.</p>
<p>"I imagine they will reach agreement but they will not reach the confidence that has existed before. So it is a crisis of confidence even if they are not going to have a crisis of the government," Peres told a news conference later on Friday.</p>
<p>He said the Netanyahu government's ability to negotiate a peace deal with Palestinians had also been damaged by the row.</p>
<p>Israeli-Palestinian talks collapsed in March when Netanyahu's government started building a Jewish settlement in Arab East Jerusalem. The Palestinians want Israel to freeze settlement building before they return to the negotiating table but Israel has so far refused.</p>
<p>Peres praised Egypt for its efforts to relaunch the stalled talks, but warned against expectations of immediate success.</p>
<p>"I think all of us are appreciative of the Egyptian attempt to try to overcome the existing crisis," he said. "I'm not sure it was successful until now but it is quite a refreshing experience to see a country like Egypt come in and try to save the day."</p>
<p>Peres was scheduled to have dinner with Jordanian Prime Minister Abdul-Salam al-Majali before returning to Israel.</p>
</text>
<copyright>(c) Reuters Limited 1997</copyright>
<metadata>
<codes class="bip:countries:1.0">
  <code code="ISRAEL">
    <editdetail action="confirmed" attribution="Reuters BIP Coding Group" date="1997-06-20"/>
  </code>
  <code code="JORDAN">
    <editdetail action="confirmed" attribution="Reuters BIP Coding Group" date="1997-06-20"/>
  </code>
  <code code="UN">
    <editdetail action="confirmed" attribution="Reuters BIP Coding Group" date="1997-06-20"/>
  </code>
</codes>
<codes class="bip:topics:1.0">
  <code code="GCAT">
    <editdetail action="confirmed" attribution="Reuters BIP Coding Group" date="1997-06-20"/>
  </code>
  <code code="GDIP">
    <editdetail action="confirmed" attribution="Reuters BIP Coding Group" date="1997-06-20"/>
  </code>
  <code code="GPOL">
    <editdetail action="confirmed" attribution="Reuters BIP Coding Group" date="1997-06-20"/>
  </code>
  <code code="GVIO">
    <editdetail action="confirmed" attribution="Reuters BIP Coding Group" date="1997-06-20"/>
  </code>
</codes>
<dc element="dc.date.created" value="1997-06-20"/>
<dc element="dc.publisher" value="Reuters Holdings Plc"/>
<dc element="dc.date.published" value="1997-06-20"/>
<dc element="dc.source" value="Reuters"/>
<dc element="dc.creator.location" value="AMMAN"/>
<dc element="dc.creator.location.country.name" value="ISRAEL"/>
<dc element="dc.source" value="Reuters"/>
</metadata>
</newsitem>
