<?xml version="1.0" encoding="ISO-8859-1" standalone="no"?>
<newsitem date="1997-06-20" id="root" itemid="676609" xml:lang="en">
<title>USA: Gateway to acquire Advanced Logic.</title>
<headline>Gateway to acquire Advanced Logic.</headline>
<dateline>NORTH SIOUX CITY, S.D. 1997-06-19</dateline>
<text>
<p>Computer maker Gateway 2000 Inc. said Thursday it signed a definitive agreement to acquire computer maker Advanced Logic Research Inc. for $15.50 per share in cash, or about $194 million.</p>
<p>Gateway said it expects the acquisition to boost its earnings immediately and it anticipates incurring a one-time, non-cash charge for the write-off of research and development in process for Advanced Logic products.</p>
<p>North Sioux City, S.D.-based Gateway, a major direct marketer of personal computers, said it expects the acquisition will result in accelerated growth in Advanced Logic business and a continued expansion of the work force.</p>
<p>Advanced Logic makes a broad range of microcomputers, including servers, the computers that run computer networks.</p>
<p>The board of directors of Irvine, Calif.-based Advanced Logic approved the agreement and unanimously recommended that Advanced Logic stockholders tender their shares under a tender offer that will begin no later than June 25, the company said.</p>
<p>Holders of about 42 percent of Advanced Logic shares have agreed to tender their shares in the offer and provide Gateway with an option on their shares at the tender offer price, the company said.</p>
<p>The tender offer is expected to be completed by the end of July. It is expected that all shares not purchased in the offer will be converted into the right to receive $15.50 per share following the offer, the company said.</p>
<p>Gateway shares closed up $1 at $33.125 in consolidated trading on the New York Stock Exchange and Advanced Logic shares rose $2.125 to $14.125 on Nasdaq.</p>
<p>"The new relationship gives Gateway immediate access to established server technology," Gateway Chief Executive Officer Ted Waitt said.</p>
<p>Advanced Logic will operate as a wholly owned subsidiary of Gateway and continue to market products under the Advanced Logic brand through its established channels.</p>
<p>Chief Executive Gene Lu will remain president of Advanced Logic and become a vice president and officer of Gateway.</p>
</text>
<copyright>(c) Reuters Limited 1997</copyright>
<metadata>
<codes class="bip:countries:1.0">
  <code code="USA">
    <editdetail action="confirmed" attribution="Reuters BIP Coding Group" date="1997-06-20"/>
  </code>
</codes>
<codes class="bip:industries:1.0">
  <code code="I33020">
    <editdetail action="confirmed" attribution="Reuters BIP Coding Group" date="1997-06-20"/>
  </code>
  <code code="I3302003">
    <editdetail action="confirmed" attribution="Reuters BIP Coding Group" date="1997-06-20"/>
  </code>
</codes>
<codes class="bip:topics:1.0">
  <code code="C18">
    <editdetail action="confirmed" attribution="Reuters BIP Coding Group" date="1997-06-20"/>
  </code>
  <code code="C181">
    <editdetail action="confirmed" attribution="Reuters BIP Coding Group" date="1997-06-20"/>
  </code>
  <code code="CCAT">
    <editdetail action="confirmed" attribution="Reuters BIP Coding Group" date="1997-06-20"/>
  </code>
</codes>
<dc element="dc.date.created" value="1997-06-19"/>
<dc element="dc.publisher" value="Reuters Holdings Plc"/>
<dc element="dc.date.published" value="1997-06-20"/>
<dc element="dc.source" value="Reuters"/>
<dc element="dc.creator.location" value="NORTH SIOUX CITY, S.D."/>
<dc element="dc.creator.location.country.name" value="USA"/>
<dc element="dc.source" value="Reuters"/>
</metadata>
</newsitem>
