<?xml version="1.0" encoding="ISO-8859-1" standalone="no"?>
<newsitem date="1997-06-20" id="root" itemid="676011" xml:lang="en">
<title>MALAYSIA: Malaysia rubber down on weak regional sentiment.</title>
<headline>Malaysia rubber down on weak regional sentiment.</headline>
<dateline>KUALA LUMPUR 1997-06-20</dateline>
<text>
<p>Malaysian rubber prices ended the week lower, following an absence in consumer demand and a widespread fall in prices across the region.</p>
<p>"It's been falling all over -- Tokyo, Thailand, Indonesia and Singapore," said a trader.</p>
<p>"The U.S. buyers are on summer holidays while the others seem to have just disappeared.</p>
<p>At the close, the July RSS1 buyer price eased 1.50 cents to 276 cents ($1.10) a kg and July SMR 20 buyer dipped 3.50 cents to 253.50 cents.  </p>
<p>A check with Malaysian trading houses at noon showed the SMR 20 offered at 251/252 cents, SMR 10 at 250/251, SMR 5 at 262/263, SMR CV at 321/322, SMR L at 300/301, and drum latex at 217/218.</p>
<p>The INRO five-day average was 208.62 Malaysian/Singapore cents per kg on June 19 from 209.81 on June 18. The daily indicator was at 205.37 against 207.30 previously.</p>
<p>A Malaysia-based shipping agent quoted freight rates for rubber from Malaysia to Rotterdam at $800 per TEU and $1,700 per two-TEU containers.</p>
<p>-- K. Baranee Krishnaan (603-2307509) ($1=2.5150 ringgit)</p>
</text>
<copyright>(c) Reuters Limited 1997</copyright>
<metadata>
<codes class="bip:countries:1.0">
  <code code="MALAY">
    <editdetail action="confirmed" attribution="Reuters BIP Coding Group" date="1997-06-20"/>
  </code>
</codes>
<codes class="bip:topics:1.0">
  <code code="M14">
    <editdetail action="confirmed" attribution="Reuters BIP Coding Group" date="1997-06-20"/>
  </code>
  <code code="M141">
    <editdetail action="confirmed" attribution="Reuters BIP Coding Group" date="1997-06-20"/>
  </code>
  <code code="MCAT">
    <editdetail action="confirmed" attribution="Reuters BIP Coding Group" date="1997-06-20"/>
  </code>
</codes>
<dc element="dc.date.created" value="1997-06-20"/>
<dc element="dc.publisher" value="Reuters Holdings Plc"/>
<dc element="dc.date.published" value="1997-06-20"/>
<dc element="dc.source" value="Reuters"/>
<dc element="dc.creator.location" value="KUALA LUMPUR"/>
<dc element="dc.creator.location.country.name" value="MALAYSIA"/>
<dc element="dc.source" value="Reuters"/>
</metadata>
</newsitem>
