<?xml version="1.0" encoding="ISO-8859-1" standalone="no"?>
<newsitem date="1997-06-20" id="root" itemid="676308" xml:lang="en">
<title>USA: Central Power says Texas agency reduces rate cut.</title>
<headline>Central Power says Texas agency reduces rate cut.</headline>
<dateline>DALLAS 1997-06-20</dateline>
<text>
<p>Central and South West Corp said the Public Utility Commission of Texas has decided to rehear some issues and modify some of its earlier decisions on the base rate of its Central Power and Light Co subsidiary.</p>
<p>And based on preliminary calculations, Central Power expects the commissioners' rulings Wednesday will result in a rate reduction on an annual basis of about $24 million, a smaller cut than the $27 million reduction in the March 31 final order. The cut will be from provisional bonded rate levels in effect since May 1996.  </p>
<p>But the ultimate amount of the rate reduction could be further modified as the rehearing process continues, the utility noted in a statement late Thursday.</p>
<p>The commission action came in response to motions for rehearing filed by Central Power and eight other parties.</p>
<p>The commission also upheld its ruling that Central Power lower its rates by $16 million in 1998 and an additional $16 million in 1999 through "Glide Path" rate reductions. Glide path reductions are those carried out over a given period.  </p>
<p>Also, the commission reduced the amount of invested capital at the South Texas Nuclear Project designated as excess cost over market to $800 million from $859 million.</p>
<p>The utility noted it will earn a 7.96 percent rate of return on this amount.</p>
<p>The company said it was encouraged by the "adjustments and the potential for an improved outcome during the re-examination of issues remanded for rehearing," Central and South West Chief Executive E.R. Brooks said.  </p>
<p>"However, we continue to be disappointed with the decision to uphold the Glide Path rate reductions in 1998 and in 1999, as well as the use of a lower rate of return for portions of (the nuclear project) invested capital. We will continue to vigorously pursue all remedies."</p>
<p>Central Power said it expects new rates to be established no earlier than November. Refunds are expected to be issued no earlier than February 1998.</p>
<p>In addition, the commissioners approved a settlement on expenses incurred in Central Power's base rate case and other recent cases, the company said.  </p>
<p>Central Power has agreed to a recovery through rates of $14 million of the total $20 million of cost originally requested. This includes the expenses of cities that intervened in the case, as well as the utility's expenses.</p>
<p>About $8 million of the expenses will be recovered as an offset to the final rate refund, and an additional $6 million will be implemented as a $2.1 million annual surcharge over three years.</p>
<p>The remaining $6 million was already expensed during the first quarter of 1997.  </p>
<p>Among the more significant issues remanded for rehearing were the effects of certain tax normalization requirements and whether Central Power provided adequate information during the discovery process regarding affiliate transactions.</p>
<p>The commission stated it intends to rule on these remanded issues by the end of August.</p>
<p>Central and South West said the commissioners approved the following adjustments to the March 31 final order:</p>
<p>-- Increasing annual revenues by an additional $4.5 million for recovery of nuclear decommissioning costs.</p>
<p>-- Revising the calculation of the consolidated tax savings adjustment, increasing annual revenues by about $3.3 million.</p>
<p>-- Adjusting the return on Central Power's deferred accounting asset, increasing annual revenues by $2.2 million.</p>
<p>-- Reducing depreciation rates, primarily on distribution property, resulting in a $6.5 million reduction in annual revenues and depreciation expense.</p>
<p>((-- New York Newsdesk 212 859-1610))</p>
</text>
<copyright>(c) Reuters Limited 1997</copyright>
<metadata>
<codes class="bip:countries:1.0">
  <code code="USA">
    <editdetail action="confirmed" attribution="Reuters BIP Coding Group" date="1997-06-20"/>
  </code>
</codes>
<codes class="bip:industries:1.0">
  <code code="I16000">
    <editdetail action="confirmed" attribution="Reuters BIP Coding Group" date="1997-06-20"/>
  </code>
</codes>
<codes class="bip:topics:1.0">
  <code code="C31">
    <editdetail action="confirmed" attribution="Reuters BIP Coding Group" date="1997-06-20"/>
  </code>
  <code code="CCAT">
    <editdetail action="confirmed" attribution="Reuters BIP Coding Group" date="1997-06-20"/>
  </code>
</codes>
<dc element="dc.date.created" value="1997-06-20"/>
<dc element="dc.publisher" value="Reuters Holdings Plc"/>
<dc element="dc.date.published" value="1997-06-20"/>
<dc element="dc.source" value="Reuters"/>
<dc element="dc.creator.location" value="DALLAS"/>
<dc element="dc.creator.location.country.name" value="USA"/>
<dc element="dc.source" value="Reuters"/>
</metadata>
</newsitem>
