<?xml version="1.0" encoding="ISO-8859-1" standalone="no"?>
<newsitem date="1997-06-20" id="root" itemid="677121" xml:lang="en">
<title>FRANCE: Germany, France sign helicopter industrial deal.</title>
<headline>Germany, France sign helicopter industrial deal.</headline>
<byline>Pierre Tran</byline>
<dateline>LE BOURGET, France 1997-06-20</dateline>
<text>
<p>French and German officials on Friday signed contracts worth 730 million marks ($422 million) to set up production lines to build the Franco-German Tiger combat helicopter.</p>
<p>The bilateral project has been plagued by cuts in French and German defence budgets as both countries struggle to cut public deficits in time to launch the single European currency by 1999.</p>
<p>Eurocopter, a joint venture 70-percent held by French state-owned Aerospatiale and 30 percent by Germany's Daimler-Benz Aerospace AG (Dasa), will build the Tiger.</p>
<p>The contracts cover the helicopter airframe, the MTR 390 motor from the MTR engine group and anti-tank missile systems.</p>
<p>MTR is a consortium of engine makers MTU of Germany, Turbomeca of France and Rolls-Royce Plc .</p>
<p>France is ordering an initial 80 ground support Tigers and Germany is buying the same number of multi-role models. The French will eventually get 215 Tigers, in ground support and anti-tank versions. Germany will receive 212 multi-role Tigers.</p>
<p>The initial French order is estimated at 12 billion francs ($2.06 billion), after a 10 percent price cut demanded by the DGA French procurement agency, Eurocopter chairman Francois Bigay has said. The DGA said the cut resulted in a saving of 1.4 billion francs ($241 million).</p>
<p>The order contracts are due in 1998, the DGA said.</p>
<p>First deliveries to the German army are due in 2001 while the aircraft will enter service with French forces in 2002.</p>
<p>Development costs total 2.5 billion marks ($1.45 billion) since 1989, equally shared between the two countries, a Eurocopter spokeswoman said. She added the pre-production contracts signed today were worth 730 million marks and were due to have been signed 18 months ago.</p>
<p>The contracts allow the purchase of assembly jigs and tools to equip the two Eurocopter plants making the Tiger, one each in France and Germany.</p>
<p>Aerospatiale had hoped to do similar joint ventures in missiles and space activities with Dasa, as part of an industrial consolidation, but saw its long-time German partner teaming instead with French rival Lagardere . ($1 = DM 1.73, FFR 5.82)</p>
</text>
<copyright>(c) Reuters Limited 1997</copyright>
<metadata>
<codes class="bip:countries:1.0">
  <code code="FRA">
    <editdetail action="confirmed" attribution="Reuters BIP Coding Group" date="1997-06-20"/>
  </code>
  <code code="GFR">
    <editdetail action="confirmed" attribution="Reuters BIP Coding Group" date="1997-06-20"/>
  </code>
</codes>
<codes class="bip:industries:1.0">
  <code code="I35000">
    <editdetail action="confirmed" attribution="Reuters BIP Coding Group" date="1997-06-20"/>
  </code>
  <code code="I35300">
    <editdetail action="confirmed" attribution="Reuters BIP Coding Group" date="1997-06-20"/>
  </code>
  <code code="I36400">
    <editdetail action="confirmed" attribution="Reuters BIP Coding Group" date="1997-06-20"/>
  </code>
  <code code="I3640002">
    <editdetail action="confirmed" attribution="Reuters BIP Coding Group" date="1997-06-20"/>
  </code>
  <code code="I3640010">
    <editdetail action="confirmed" attribution="Reuters BIP Coding Group" date="1997-06-20"/>
  </code>
  <code code="I3640047">
    <editdetail action="confirmed" attribution="Reuters BIP Coding Group" date="1997-06-20"/>
  </code>
</codes>
<codes class="bip:topics:1.0">
  <code code="C11">
    <editdetail action="confirmed" attribution="Reuters BIP Coding Group" date="1997-06-20"/>
  </code>
  <code code="C33">
    <editdetail action="confirmed" attribution="Reuters BIP Coding Group" date="1997-06-20"/>
  </code>
  <code code="C331">
    <editdetail action="confirmed" attribution="Reuters BIP Coding Group" date="1997-06-20"/>
  </code>
  <code code="CCAT">
    <editdetail action="confirmed" attribution="Reuters BIP Coding Group" date="1997-06-20"/>
  </code>
  <code code="GCAT">
    <editdetail action="confirmed" attribution="Reuters BIP Coding Group" date="1997-06-20"/>
  </code>
  <code code="GDEF">
    <editdetail action="confirmed" attribution="Reuters BIP Coding Group" date="1997-06-20"/>
  </code>
</codes>
<dc element="dc.date.created" value="1997-06-20"/>
<dc element="dc.publisher" value="Reuters Holdings Plc"/>
<dc element="dc.date.published" value="1997-06-20"/>
<dc element="dc.source" value="Reuters"/>
<dc element="dc.creator.location" value="LE BOURGET, France"/>
<dc element="dc.creator.location.country.name" value="FRANCE"/>
<dc element="dc.source" value="Reuters"/>
</metadata>
</newsitem>
