<?xml version="1.0" encoding="ISO-8859-1" standalone="no"?>
<newsitem date="1997-06-20" id="root" itemid="676351" xml:lang="en">
<title>SWITZERLAND: UNHCR chief condemns Rwanda killings, urges action.</title>
<headline>UNHCR chief condemns Rwanda killings, urges action.</headline>
<dateline>GENEVA 1997-06-20</dateline>
<text>
<p>The U.N. refugee agency suspended work on Friday in a troubled Rwandan region full of returnees after a Hutu driver, his wife and two children were killed in the third attack against aid staff in just over a week.</p>
<p>UNHCR chief Sadako Ogata strongly condemned the killings in northwest Rwanda and urged immediate government action to bring the attackers to justice.</p>
<p>The UNHCR suspended work for 300,000 returnees in the troubled Ruhengeri region and evacuated local staff after the Thursday night killings, which followed the recent murder of two Hutu employees of the U.N. food agency.</p>
<p>Ogata called on the government to take immediate measures against those responsible, a UNHCR statement said.</p>
<p>"Security situation in western prefectures of Rwanda has reached a point where it has become virtually impossible to carry out humanitarian programmes for returnees," she added.</p>
<p>The Geneva-based UNHCR said its driver Felicien Bucyekabili and his family members were killed after attackers sprayed their home with gunfire from a window at dusk in Kigombe village, eight km (five miles) from Ruhengeri town.</p>
<p>UNHCR and other international agency staff had already pulled out of the predominantly Hutu region on Zaire's frontier and other border areas of Rwanda after a series of brutal and unexplained murders of expatriate aid workers earlier this year.</p>
<p>Gunmen in Rwanda killed three Spanish relief workers in January and five U.N. human rights workers in February.</p>
<p>Because of insecurity, UNHCR expatriates had not been to Ruhengeri in past two weeks, spokesman Fernando del Mundo said.</p>
<p>UNHCR was investigating the circumstances surrounding the killing. Its Rwanda country head Roman Urasa, accompanied by a government minister, was travelling to the region, he added.</p>
<p>Only last week, a Rwandan Hutu field officer working for the U.N. food agency was found dead in his home in Kigombe with his wife, small child and a relative. The body of another World Food Programme Hutu employee was found in a forest nearby on Tuesday.</p>
<p>Aid officials, who expressed alarm at the violence, said the latest killings coincided with a big operation by Rwanda's Tutsi-dominated army in Ruhengeri.</p>
<p>"It's almost getting to the stage of pitched battles," said a senior aid official in Geneva who is following the region. "In addition, there seems to be individual acts of ethnically-motivated violence."</p>
<p>Ethnic tensions in Rwanda have risen sharply with the return of 800,000 Hutu refugees from Zaire since last year, who fled in fear of reprisal for 1994's Hutu-led genocide of Tutsis.</p>
<p>Many Tutsi survivors accuse the returnees of taking part in the slaughters and want an eye for an eye.</p>
<p>Among the Hutu returnees are militiamen who played a key role in the genocide and are now fighting the army.</p>
<p>Amnesty International has accused Rwandan troops of unlawful executions of civilians in reprisal for attacks on government soldiers and then saying civilians were killed in cross-fire.</p>
</text>
<copyright>(c) Reuters Limited 1997</copyright>
<metadata>
<codes class="bip:countries:1.0">
  <code code="RWANDA">
    <editdetail action="confirmed" attribution="Reuters BIP Coding Group" date="1997-06-20"/>
  </code>
  <code code="SWITZ">
    <editdetail action="confirmed" attribution="Reuters BIP Coding Group" date="1997-06-20"/>
  </code>
  <code code="UN">
    <editdetail action="confirmed" attribution="Reuters BIP Coding Group" date="1997-06-20"/>
  </code>
</codes>
<codes class="bip:topics:1.0">
  <code code="GCAT">
    <editdetail action="confirmed" attribution="Reuters BIP Coding Group" date="1997-06-20"/>
  </code>
  <code code="GDIP">
    <editdetail action="confirmed" attribution="Reuters BIP Coding Group" date="1997-06-20"/>
  </code>
  <code code="GVIO">
    <editdetail action="confirmed" attribution="Reuters BIP Coding Group" date="1997-06-20"/>
  </code>
</codes>
<dc element="dc.date.created" value="1997-06-20"/>
<dc element="dc.publisher" value="Reuters Holdings Plc"/>
<dc element="dc.date.published" value="1997-06-20"/>
<dc element="dc.source" value="Reuters"/>
<dc element="dc.creator.location" value="GENEVA"/>
<dc element="dc.creator.location.country.name" value="SWITZERLAND"/>
<dc element="dc.source" value="Reuters"/>
</metadata>
</newsitem>
