<?xml version="1.0" encoding="ISO-8859-1" standalone="no"?>
<newsitem date="1997-06-20" id="root" itemid="677311" xml:lang="en">
<title>UK: INSIGHT-Cocoa needs to clear 1,140 to prove rally.</title>
<headline>INSIGHT-Cocoa needs to clear 1,140 to prove rally.</headline>
<dateline>LONDON 1997-06-20</dateline>
<text>
<p>-------------------------------------------------------------</p>
<p> SEPT     Close  * Support * Resist * RSI14 *   MA10 *   MA40</p>
<p> COCOA     1,130 *  1,097  *  1,140 *  72   *  1,082 *  1,045</p>
<p>---------------VIEWS FROM THE MARKET - June 20-----------------</p>
<p>LIFFE cocoa futures need to clear 1,140 stg resistance basis September to really increase the chances of an upside action, technical analysts said on Friday.</p>
<p>The market is due to open five stg higher after a sharp rebound in New York on Thursday on a chart-driven speculative buying amid the background of longer-term supply concerns.</p>
<p>Analyst Peter Sceat of MCS Ltd said LIFFE's September was at a point where some resistance to further gains was likely to show.</p>
<p>"On September there is likely to be selling while prices are still south of the 1,140 and on the weekly spot chart there is a 1,122 bear double top," he said.</p>
<p>It needs to break 1,140 on September and 1,142 on the monthly spot chart to really increase the chances of an upside action, he said.</p>
<p>"Otherwise cocoa will get caught at current levels which will significantly increase the chances of a pull back," he said.</p>
<p>New York's benchmark September surged to a session high of $1,650 before closing $38 higher at $1,639.</p>
<p>Additionally, weakness in the U.S. dollar against the British pound also buoyed the market, as arbitrage bought less expensive dollar-denominated New York cocoa.</p>
<p>Although there were no fresh fundamentals in the market today, concerns of supply tightness in the coming crop year and talk of harvests being hit by dry weather in late 1997 from the El Nino continued to underpin prices. -- Jalil Hamid, London newsroom +44 171 542 4985</p>
</text>
<copyright>(c) Reuters Limited 1997</copyright>
<metadata>
<codes class="bip:countries:1.0">
  <code code="UK">
    <editdetail action="confirmed" attribution="Reuters BIP Coding Group" date="1997-06-20"/>
  </code>
</codes>
<codes class="bip:topics:1.0">
  <code code="M14">
    <editdetail action="confirmed" attribution="Reuters BIP Coding Group" date="1997-06-20"/>
  </code>
  <code code="M141">
    <editdetail action="confirmed" attribution="Reuters BIP Coding Group" date="1997-06-20"/>
  </code>
  <code code="MCAT">
    <editdetail action="confirmed" attribution="Reuters BIP Coding Group" date="1997-06-20"/>
  </code>
</codes>
<dc element="dc.date.created" value="1997-06-20"/>
<dc element="dc.publisher" value="Reuters Holdings Plc"/>
<dc element="dc.date.published" value="1997-06-20"/>
<dc element="dc.source" value="Reuters"/>
<dc element="dc.creator.location" value="LONDON"/>
<dc element="dc.creator.location.country.name" value="UK"/>
<dc element="dc.source" value="Reuters"/>
</metadata>
</newsitem>
