<?xml version="1.0" encoding="ISO-8859-1" standalone="no"?>
<newsitem date="1997-06-20" id="root" itemid="676752" xml:lang="en">
<title>USA: Second East Bayou Sorrel well set to produce.</title>
<headline>Second East Bayou Sorrel well set to produce.</headline>
<dateline>GRAND JUNCTION, Colo. 1997-06-19</dateline>
<text>
<p>Pease Oil and Gas Co said Thursday the Schwing 2 was dually completed at its East Bayou Sorrel Field in Iberville Parish, La., and is being immediately connected to the field's recently constructed production facilities.</p>
<p>The Schwing 2 has about 74 feet of net pay in nine potentially productive zones in the 13,480 foot well bore. Completions were made in the Cib hazz 2 sand and Marg. howeii 1, 2 and 3 sands.  </p>
<p>The Cib hazz 2 was completion flow tested at a rate of 912 barrels of oil and 1.0 million cubic feet of natural gas per day the three Marg. howeii sands tested at 575 barrels of oil and 1.2 million cubic feet of gas daily.</p>
<p>It is expected that the Schwing 2 will be produced at rates in excess of the above test rates, Pease Oil said.</p>
<p>The well's production will be added to the 1,400 barrels of oil and 1.4 million cubic feet of natural gas per day being produced from the Schwing 1 discovery well.</p>
<p>National Energy Group Inc is the operator of the East Bayou Sorrel Field and Pease Oil owns 10 percent of the working interest. Fortune Petroleum Corp is also a working interest owner in this field.</p>
<p>((-- New York Newsdesk 212-859-1610.))</p>
</text>
<copyright>(c) Reuters Limited 1997</copyright>
<metadata>
<codes class="bip:countries:1.0">
  <code code="USA">
    <editdetail action="confirmed" attribution="Reuters BIP Coding Group" date="1997-06-20"/>
  </code>
</codes>
<codes class="bip:industries:1.0">
  <code code="I13000">
    <editdetail action="confirmed" attribution="Reuters BIP Coding Group" date="1997-06-20"/>
  </code>
  <code code="I1300003">
    <editdetail action="confirmed" attribution="Reuters BIP Coding Group" date="1997-06-20"/>
  </code>
</codes>
<codes class="bip:topics:1.0">
  <code code="C24">
    <editdetail action="confirmed" attribution="Reuters BIP Coding Group" date="1997-06-20"/>
  </code>
  <code code="CCAT">
    <editdetail action="confirmed" attribution="Reuters BIP Coding Group" date="1997-06-20"/>
  </code>
</codes>
<dc element="dc.date.created" value="1997-06-19"/>
<dc element="dc.publisher" value="Reuters Holdings Plc"/>
<dc element="dc.date.published" value="1997-06-20"/>
<dc element="dc.source" value="Reuters"/>
<dc element="dc.creator.location" value="GRAND JUNCTION, Colo."/>
<dc element="dc.creator.location.country.name" value="USA"/>
<dc element="dc.source" value="Reuters"/>
</metadata>
</newsitem>
