<?xml version="1.0" encoding="ISO-8859-1" standalone="no"?>
<newsitem date="1997-06-20" id="root" itemid="676261" xml:lang="en">
<title>USA: NYMEX Hub natgas still down late on technicals.</title>
<headline>NYMEX Hub natgas still down late on technicals.</headline>
<dateline>NEW YORK 1997-06-20</dateline>
<text>
<p>NYMEX Henry Hub natgas futures remained mostly lower late Friday in lackluster trade, still pressured by some technical selling after prices earlier failed to breach resistance, market sources said.</p>
<p>At 1430 EDT, July eased 0.7 cent to $2.214 per million British thermal units. August was 2.3 cents lower at $2.21. Most other deferreds were steady to down 1.8 cents.</p>
<p>"All the bullish news is in the market -- we know about the (hot) weather and we still can't move up. Yesterday I was bullish, but I'm not seeing any confirmation today and I'm getting a little skeptical," said one Texas-based trader.  </p>
<p>Most agreed the first heat of the season in the Midwest and Northeast helped trigger this week's rally, but with forecasts for more moderate weather there by midweek next week, traders said higher levels were difficult to sustain.</p>
<p>Chart traders said technical selling kicked in early when July failed to get through $2.25, setting the stage for a possible double top and minor reversal today if the market closes lower. Next resistance in July was along a down trendline in the $2.28 area and then at the recent highs between $2.36 and $2.37. Support was seen at $2.151, a possible double bottom, then at $2.13, $2.055 and $2.</p>
<p>In the news, El Paso Natural Gas Co's Blanco gas plant in the San Juan Basin was expected to be back this weekend. On Friday and Saturday, 240 mmcfd will still be cut but on Sunday operations will return to normal. The Blanco plant normally processes about one bcfd.</p>
<p>In the weekend cash, Louisiana Gulf Coast gas firmed a few cents early, then slipped back to finish only slightly higher in the low-$2.20s. Midcon pipes were steady to down slightly at about $2.05. New York city gate gas was quoted up slightly in the high-$2.40s on the first heat in the area.</p>
<p>NYMEX said 30,086 contracts traded by 1400 EDT.</p>
<p>On KCBT, July was still down one-half cent at $2.085, with deferreds steady to 4.5 cents lower. The East/West spread narrowed 0.2 cent to 12.9 cents (NYMEX premium).</p>
<p>((--J Silha, New York Power Desk 212-859-1624))</p>
</text>
<copyright>(c) Reuters Limited 1997</copyright>
<metadata>
<codes class="bip:countries:1.0">
  <code code="USA">
    <editdetail action="confirmed" attribution="Reuters BIP Coding Group" date="1997-06-20"/>
  </code>
</codes>
<codes class="bip:topics:1.0">
  <code code="M14">
    <editdetail action="confirmed" attribution="Reuters BIP Coding Group" date="1997-06-20"/>
  </code>
  <code code="M143">
    <editdetail action="confirmed" attribution="Reuters BIP Coding Group" date="1997-06-20"/>
  </code>
  <code code="MCAT">
    <editdetail action="confirmed" attribution="Reuters BIP Coding Group" date="1997-06-20"/>
  </code>
</codes>
<dc element="dc.date.created" value="1997-06-20"/>
<dc element="dc.publisher" value="Reuters Holdings Plc"/>
<dc element="dc.date.published" value="1997-06-20"/>
<dc element="dc.source" value="Reuters"/>
<dc element="dc.creator.location" value="NEW YORK"/>
<dc element="dc.creator.location.country.name" value="USA"/>
<dc element="dc.source" value="Reuters"/>
</metadata>
</newsitem>
