<?xml version="1.0" encoding="ISO-8859-1" standalone="no"?>
<newsitem date="1997-06-20" id="root" itemid="676681" xml:lang="en">
<title>USA: RESEARCH ALERT - NGC cut to hold from buy.</title>
<headline>RESEARCH ALERT - NGC cut to hold from buy.</headline>
<dateline>NEW YORK 1997-06-20</dateline>
<text>
<p>Prudential Securities has cut its rating for NGC Corp to hold from buy, a source at the brokerage said Friday.</p>
<p>-- Shares in the Houston-based energy products company closed Thursday at 15-3/4.</p>
<p>((-- Wall Street desk (212) 859-1730))</p>
</text>
<copyright>(c) Reuters Limited 1997</copyright>
<metadata>
<codes class="bip:countries:1.0">
  <code code="USA">
    <editdetail action="confirmed" attribution="Reuters BIP Coding Group" date="1997-06-20"/>
  </code>
</codes>
<codes class="bip:industries:1.0">
  <code code="I13000">
    <editdetail action="confirmed" attribution="Reuters BIP Coding Group" date="1997-06-20"/>
  </code>
  <code code="I1300014">
    <editdetail action="confirmed" attribution="Reuters BIP Coding Group" date="1997-06-20"/>
  </code>
</codes>
<codes class="bip:topics:1.0">
  <code code="C15">
    <editdetail action="confirmed" attribution="Reuters BIP Coding Group" date="1997-06-20"/>
  </code>
  <code code="C152">
    <editdetail action="confirmed" attribution="Reuters BIP Coding Group" date="1997-06-20"/>
  </code>
  <code code="CCAT">
    <editdetail action="confirmed" attribution="Reuters BIP Coding Group" date="1997-06-20"/>
  </code>
</codes>
<dc element="dc.date.created" value="1997-06-20"/>
<dc element="dc.publisher" value="Reuters Holdings Plc"/>
<dc element="dc.date.published" value="1997-06-20"/>
<dc element="dc.source" value="Reuters"/>
<dc element="dc.creator.location" value="NEW YORK"/>
<dc element="dc.creator.location.country.name" value="USA"/>
<dc element="dc.source" value="Reuters"/>
</metadata>
</newsitem>
