<?xml version="1.0" encoding="ISO-8859-1" standalone="no"?>
<newsitem date="1997-06-20" id="root" itemid="677496" xml:lang="en">
<title>JAPAN: Yaohan Japan revises 96/97 group earnings estimate.</title>
<headline>Yaohan Japan revises 96/97 group earnings estimate.</headline>
<dateline>TOKYO 1997-06-20</dateline>
<text>
<p>Yaohan Japan Corp said on Friday it had revised downward its group earnings estimate for the year to March 31, 1997, mainly due to a profit decline at its parent firm and losses at its domestic and overseas units.</p>
<p>Yaohan Japan, the flagship of the Yaohan international retailing group, now sees a group net loss of 26.85 billion yen in 1996/97, compared with an expected profit of 100 billion yen.</p>
<p>The company expects a group current loss of 5.11 billion yen, down from its previous 3.6 billion yen profit estimate.</p>
<p>Yaohan president Mitsumasa Wada said last month that the company would sell part of its overseas assets in order to revive its profits.</p>
<p>Yaohan is expected to announce its group earnings for 1996/97 on Monday.</p>
</text>
<copyright>(c) Reuters Limited 1997</copyright>
<metadata>
<codes class="bip:countries:1.0">
  <code code="JAP">
    <editdetail action="confirmed" attribution="Reuters BIP Coding Group" date="1997-06-20"/>
  </code>
</codes>
<codes class="bip:industries:1.0">
  <code code="I65600">
    <editdetail action="confirmed" attribution="Reuters BIP Coding Group" date="1997-06-20"/>
  </code>
  <code code="I6560002">
    <editdetail action="confirmed" attribution="Reuters BIP Coding Group" date="1997-06-20"/>
  </code>
</codes>
<codes class="bip:topics:1.0">
  <code code="C15">
    <editdetail action="confirmed" attribution="Reuters BIP Coding Group" date="1997-06-20"/>
  </code>
  <code code="C152">
    <editdetail action="confirmed" attribution="Reuters BIP Coding Group" date="1997-06-20"/>
  </code>
  <code code="CCAT">
    <editdetail action="confirmed" attribution="Reuters BIP Coding Group" date="1997-06-20"/>
  </code>
</codes>
<dc element="dc.date.created" value="1997-06-20"/>
<dc element="dc.publisher" value="Reuters Holdings Plc"/>
<dc element="dc.date.published" value="1997-06-20"/>
<dc element="dc.source" value="Reuters"/>
<dc element="dc.creator.location" value="TOKYO"/>
<dc element="dc.creator.location.country.name" value="JAPAN"/>
<dc element="dc.source" value="Reuters"/>
</metadata>
</newsitem>
