<?xml version="1.0" encoding="ISO-8859-1" standalone="no"?>
<newsitem date="1997-06-20" id="root" itemid="676994" xml:lang="en">
<title>USA: U.S. Senate committee passes tax cut bill.</title>
<headline>U.S. Senate committee passes tax cut bill.</headline>
<byline>Tabassum Zakaria</byline>
<dateline>WASHINGTON 1997-06-20</dateline>
<text>
<p>The Senate Finance Committee approved tax cut legislation late Thursday that included last-minute changes to reduce an airline tax and increase the cigarette tax.</p>
<p>The committee voted 18-2 for the revised bill after meeting for hours behind closed doors to hammer out the changes. Two Republicans voted against the revised plan.</p>
<p>"That in one day we were able to reach agreement and pass this legislation almost unanimously, I think it speaks for the good will of the committee members," Senate Finance Committee Chairman William Roth, a Delaware Republican, said. The vote showed "strong bipartisan support," he said.</p>
<p>Tax legislation passed the House Ways and Means Committee last week without any Democrats voting for it. The tax bill is needed to implement a budget agreement reached between congressional leaders and the White House last month that called for $85 billion in net tax cuts over five years.</p>
<p>"Basically our legislation meets the requirements of the budget," Roth said. The Senate committee did not have final figures on how the late changes affected the overall tax cut.</p>
<p>Sen. Daniel Patrick Moynihan, the committee's senior Democrat, called the outcome "solid."</p>
<p>The Senate bill would increase the federal cigarette tax by about 20 cents per pack from the current 24 cents, to raise about $15 billion over five years. House tax legislation does not contain a cigarette tax increase.</p>
<p>The initial airline tax proposal to impose a 10 percent tax on the portion of an international ticket that represented flight in U.S. airspace was scrapped. It was replaced by a 10 percent tax on domestic segments of international flights and an $8 departure and arrival tax. Currently there is a $6 departure tax.</p>
<p>The new airline proposal would raise about $3.5 billion over five years, about half the revenues that would have come from the original plan.</p>
<p>Sen. Phil Gramm, a Texas Republican, early in the day likened the original international ticket tax proposal to "putting a cover charge at a department store," saying it discouraged tourism to the United States.</p>
<p>However, Gramm was one of the two votes against the revised legislation, saying "a late tax increase and spending increase sank the tax cut in terms of my voting for it."</p>
<p>Differences between Senate and House legislation must be worked out before a tax bill can be sent to the president. The House and Senate are expected to vote on their respective tax bills next week.</p>
<p>Other changes in the Senate legislation partly addressed concerns expressed by the Clinton administration.</p>
<p>Families who receive the earned income tax credit for the working poor would be able to get more of the $500-per-child tax credit. The Clinton administration is pushing for the child tax credit to go to low-income familes who don't owe taxes, so in essence the government would give them money.</p>
<p>The new bill would raise the threshold at which the inheritance tax kicks in to $1 million in 2007 from the current $600,000, a year earlier than the initial plan.</p>
<p>The committee approved an amendment that would extend tax breaks for ethanol producers but at the same time gradually reduce that subsidy over five years.</p>
<p>A small change would allow Individual Retirement Accounts to invest in gold bullion.</p>
<p>The committee voted to add another $8 billion over five years to the $16 billion it approved earlier this week to deliver health care to uninsured children through an expansion of the Medicaid programme.</p>
<p>The tax legislation included tax credits for college tuition and a capital gains tax rate cut to 20 percent from a maximum 28 percent for individuals. It would also allow married couples to exclude from taxes up to $500,000 of gain from selling a home.</p>
</text>
<copyright>(c) Reuters Limited 1997</copyright>
<metadata>
<codes class="bip:countries:1.0">
  <code code="USA">
    <editdetail action="confirmed" attribution="Reuters BIP Coding Group" date="1997-06-20"/>
  </code>
</codes>
<codes class="bip:industries:1.0">
  <code code="I42900">
    <editdetail action="confirmed" attribution="Reuters BIP Coding Group" date="1997-06-20"/>
  </code>
  <code code="I75000">
    <editdetail action="confirmed" attribution="Reuters BIP Coding Group" date="1997-06-20"/>
  </code>
</codes>
<codes class="bip:topics:1.0">
  <code code="C13">
    <editdetail action="confirmed" attribution="Reuters BIP Coding Group" date="1997-06-20"/>
  </code>
  <code code="CCAT">
    <editdetail action="confirmed" attribution="Reuters BIP Coding Group" date="1997-06-20"/>
  </code>
  <code code="E21">
    <editdetail action="confirmed" attribution="Reuters BIP Coding Group" date="1997-06-20"/>
  </code>
  <code code="E211">
    <editdetail action="confirmed" attribution="Reuters BIP Coding Group" date="1997-06-20"/>
  </code>
  <code code="ECAT">
    <editdetail action="confirmed" attribution="Reuters BIP Coding Group" date="1997-06-20"/>
  </code>
  <code code="GCAT">
    <editdetail action="confirmed" attribution="Reuters BIP Coding Group" date="1997-06-20"/>
  </code>
  <code code="GPOL">
    <editdetail action="confirmed" attribution="Reuters BIP Coding Group" date="1997-06-20"/>
  </code>
</codes>
<dc element="dc.date.created" value="1997-06-20"/>
<dc element="dc.publisher" value="Reuters Holdings Plc"/>
<dc element="dc.date.published" value="1997-06-20"/>
<dc element="dc.source" value="Reuters"/>
<dc element="dc.creator.location" value="WASHINGTON"/>
<dc element="dc.creator.location.country.name" value="USA"/>
<dc element="dc.source" value="Reuters"/>
</metadata>
</newsitem>
