<?xml version="1.0" encoding="ISO-8859-1" standalone="no"?>
<newsitem date="1997-06-20" id="root" itemid="676378" xml:lang="en">
<title>ITALY: Italy offers bonds, certificates for auction.</title>
<headline>Italy offers bonds, certificates for auction.</headline>
<dateline>ROME 1997-06-20</dateline>
<text>
<p>The Italian Treasury said it will issue three, five, 10 and 30-year fixed rate bonds (BTP) and seven year floating rate certificates (CCT) at its regular end-month auction.</p>
<p>The Treasury said in a statement said it would offer:</p>
<p>* 7th tranche 15/5/97 3-yr BTPs paying a 6.0 percent coupon.</p>
<p>* 5th tranche 15/5/97 5-yr BTPs paying 6.25 percent coupon.</p>
<p>* 1st tranche 1/2/97 10-yr BTP paying a 6.75 percent coupon.</p>
<p>* 9th tranche 1/5/97 7-yr CCTs paying an initial 3.45 percent coupon.</p>
<p>The amount of paper offered will be announced on June 24.</p>
<p>Subscriptions for the CCT and 10-year BTP auctions close at 1100 GMT June 27.</p>
<p>Subscriptions for the three and five year BTP auctions close at 1100 GMT June 30</p>
<p>-- Rome newsroom +396 678 2501</p>
</text>
<copyright>(c) Reuters Limited 1997</copyright>
<metadata>
<codes class="bip:countries:1.0">
  <code code="ITALY">
    <editdetail action="confirmed" attribution="Reuters BIP Coding Group" date="1997-06-20"/>
  </code>
</codes>
<codes class="bip:topics:1.0">
  <code code="M12">
    <editdetail action="confirmed" attribution="Reuters BIP Coding Group" date="1997-06-20"/>
  </code>
  <code code="MCAT">
    <editdetail action="confirmed" attribution="Reuters BIP Coding Group" date="1997-06-20"/>
  </code>
</codes>
<dc element="dc.date.created" value="1997-06-20"/>
<dc element="dc.publisher" value="Reuters Holdings Plc"/>
<dc element="dc.date.published" value="1997-06-20"/>
<dc element="dc.source" value="Reuters"/>
<dc element="dc.creator.location" value="ROME"/>
<dc element="dc.creator.location.country.name" value="ITALY"/>
<dc element="dc.source" value="Reuters"/>
</metadata>
</newsitem>
