<?xml version="1.0" encoding="ISO-8859-1" standalone="no"?>
<newsitem date="1997-06-20" id="root" itemid="676354" xml:lang="en">
<title>UNITED NATIONS: UN peacekeeping chief promises scrutiny of troops.</title>
<headline>UN peacekeeping chief promises scrutiny of troops.</headline>
<byline>Evelyn Leopold</byline>
<dateline>UNITED NATIONS 1997-06-20</dateline>
<text>
<p>With evidence mounting that Canadian, Italian and Belgian troops tortured Somali civilians, the head of U.N. peacekeeping said on Friday that monitoring, training and rebukes had to be stepped up.</p>
<p>Undersecretary-General Bernard Miyet, a French envoy who took up his post this year, said, "We have taken account of lessons of what has happened in Somalia. Any kind of improvement we can have in this system, we will do it.</p>
<p>"It is the image of the United Nations that has been tarnished," he told a news conference. "I know and the secretary-general knows that the image of the United Nations is the image that we give in the field."</p>
<p>Miyet made clear, however, that peacekeeping forces, cobbled together from various countries, are under the jurisdiction of their national commanders. A general from a country contributing troops is named overall force commander.</p>
<p>"It is up to the military police to try to make sure the troops are behaving properly," Miyet said, referring to police brought with individual troops from contributing countries.</p>
<p>Two years after U.N. forces withdrew from Somalia, stories of atrocities are still emerging. Belgium is trying two soldiers on charges of roasting a live Somali child over an open fire in 1993 and Italian papers recently released photos showing an officer applying electrodes to the hands and genitals of a naked Somali.</p>
<p>And Canada, once the bedrock of U.N. peacekeeping, discovered that members of a parachute unit in 1993 had murdered a Somali teenager and photographed themselves smiling next to the corpse.</p>
<p>In each case U.N. officials said they did not know of the abuses. If they had they could not prosecute the offenders but only insist their countries send them home for action.</p>
<p>Miyet, in answer to questions, said the United Nations was considering placing monitors with the chief commander to alert officials to abuse and stepping up training for troops, who are supposed to be given briefings on how to treat civilians.</p>
<p>Since Somalia, U.N. spokesman Fred Eckhard said, officials were more vigilant, and in Mozambique soldiers were sent home for patronising child prostitutes even before a U.N. report emerged on the subject.</p>
<p>"If there is the slightest doubt," Miyet said, "we ask the country to take action. This is the rule."</p>
<p>Abuses by peacekeepers first came to light in Cambodia, where both civilian and military officials were accused of harrassing women, widescale prostitution and drunken behaviour. Bulgaria was singled out frequently as the worst offender. But in public U.N. officials brushed off complaints there.</p>
<p>In Bosnia, the blackmarket was at an all time high and U.N. troops were accused of going to or drinking near brothels run by Serbs with captive Bosnian or Croatian women. Few investigations were publicised and those that were found relatively minor abuses.</p>
<p>Some countries are known to take immediate action. Bangladeshi soldiers are said to be disciplined and any infraction is punished by a quick trip home.</p>
</text>
<copyright>(c) Reuters Limited 1997</copyright>
<metadata>
<codes class="bip:countries:1.0">
  <code code="BELG">
    <editdetail action="confirmed" attribution="Reuters BIP Coding Group" date="1997-06-20"/>
  </code>
  <code code="CANA">
    <editdetail action="confirmed" attribution="Reuters BIP Coding Group" date="1997-06-20"/>
  </code>
  <code code="FRA">
    <editdetail action="confirmed" attribution="Reuters BIP Coding Group" date="1997-06-20"/>
  </code>
  <code code="SOMAL">
    <editdetail action="confirmed" attribution="Reuters BIP Coding Group" date="1997-06-20"/>
  </code>
  <code code="UN">
    <editdetail action="confirmed" attribution="Reuters BIP Coding Group" date="1997-06-20"/>
  </code>
</codes>
<codes class="bip:topics:1.0">
  <code code="GCAT">
    <editdetail action="confirmed" attribution="Reuters BIP Coding Group" date="1997-06-20"/>
  </code>
  <code code="GDIP">
    <editdetail action="confirmed" attribution="Reuters BIP Coding Group" date="1997-06-20"/>
  </code>
  <code code="GVIO">
    <editdetail action="confirmed" attribution="Reuters BIP Coding Group" date="1997-06-20"/>
  </code>
</codes>
<dc element="dc.date.created" value="1997-06-20"/>
<dc element="dc.publisher" value="Reuters Holdings Plc"/>
<dc element="dc.date.published" value="1997-06-20"/>
<dc element="dc.source" value="Reuters"/>
<dc element="dc.creator.location" value="UNITED NATIONS"/>
<dc element="dc.creator.location.country.name" value="UNITED NATIONS"/>
<dc element="dc.source" value="Reuters"/>
</metadata>
</newsitem>
