<?xml version="1.0" encoding="ISO-8859-1" standalone="no"?>
<newsitem date="1997-06-20" id="root" itemid="677111" xml:lang="en">
<title>USA: Fluor Daniel Fernald to settle suit for $8.4 mln.</title>
<headline>Fluor Daniel Fernald to settle suit for $8.4 mln.</headline>
<dateline>CINCINNATI 1997-06-19</dateline>
<text>
<p>Fluor Daniel Fernald said on Thursday it has agreed to pay $8.4 million to settle a lawsuit filed against the company by William Watt, a former employee.</p>
<p>Fluor Daniel Fernald said it agreed to pay $3.7 million for the alleged violations about the cleanup of the Fernald site, $1.7 million in attorney's fees, and $3 million relating to Watt's separation from the company.</p>
<p>Of the $3.7 million, $2.6 million will be paid to the government as required by law, Fluor Daniel Fernald said.</p>
<p>Watt had claimed damages of more than $300 million for alleged violations of the False Claims Act, the company said.</p>
<p>Watt's claims against the company ranged from allegations concerning cost estimating methodology to assertions that Fluor Daniel Fernald sought government reimbursement for an employee pizza party.</p>
<p>The company said it defeated many of the claims, but elected to settle the remaining claims because it was too costly to litigate.</p>
<p>Fluor Daniel Fernald said the Justice Department had elected early on not to intervene in the case and added that the U.S. General Accounting Office exonerated the company on a number of charges.</p>
<p>In its statement, Fluor Daniel Fernald did not say whether it was a unit of Norwood, Mass.-based Fluor Daniel GTI Inc or Irvine, Calif.-based Fluor Corp. The company was not immediately available for comment.  </p>
<p>A company spokeswoman later said Fluor Daniel Fernald is a unit of Fluor Daniel GTI.</p>
<p>The project was to remediate a former uranium production site in Ohio.</p>
</text>
<copyright>(c) Reuters Limited 1997</copyright>
<metadata>
<codes class="bip:countries:1.0">
  <code code="USA">
    <editdetail action="confirmed" attribution="Reuters BIP Coding Group" date="1997-06-20"/>
  </code>
</codes>
<codes class="bip:industries:1.0">
  <code code="I32000">
    <editdetail action="confirmed" attribution="Reuters BIP Coding Group" date="1997-06-20"/>
  </code>
</codes>
<codes class="bip:topics:1.0">
  <code code="C12">
    <editdetail action="confirmed" attribution="Reuters BIP Coding Group" date="1997-06-20"/>
  </code>
  <code code="CCAT">
    <editdetail action="confirmed" attribution="Reuters BIP Coding Group" date="1997-06-20"/>
  </code>
  <code code="GCAT">
    <editdetail action="confirmed" attribution="Reuters BIP Coding Group" date="1997-06-20"/>
  </code>
  <code code="GCRIM">
    <editdetail action="confirmed" attribution="Reuters BIP Coding Group" date="1997-06-20"/>
  </code>
</codes>
<dc element="dc.date.created" value="1997-06-19"/>
<dc element="dc.publisher" value="Reuters Holdings Plc"/>
<dc element="dc.date.published" value="1997-06-20"/>
<dc element="dc.source" value="Reuters"/>
<dc element="dc.creator.location" value="CINCINNATI"/>
<dc element="dc.creator.location.country.name" value="USA"/>
<dc element="dc.source" value="Reuters"/>
</metadata>
</newsitem>
