<?xml version="1.0" encoding="ISO-8859-1" standalone="no"?>
<newsitem date="1997-06-20" id="root" itemid="677566" xml:lang="en">
<title>CHINA: China firms spurn B listings with eye on HK.</title>
<headline>China firms spurn B listings with eye on HK.</headline>
<byline>Scott Hillis</byline>
<dateline>SHANGHAI 1997-06-20</dateline>
<text>
<p>China's stagnant B share stock markets are losing their appeal for domestic firms, many of which now see Hong Kong's more liquid bourse as a better way of raising foreign funds, analysts said on Friday.</p>
<p>Domestic currency A shares, with their higher price earnings ratios (P/Es), and the higher-profile Hong Kong-listed H shares were threatening to make China's foreign currency B share markets obsolete, they said.</p>
<p>"When a company wants to make an issue they will choose A shares first, then H shares and finally B shares," said an analyst with Crosby Securities in Shanghai.</p>
<p>Hesitancy to list on one of China's two B markets in Shanghai and Shenzhen is reflected in the number of new listings -- just six firms so far this year despite a quota of 33 new counters announced by Beijing in January.</p>
<p>"They will wait and see how the market is doing," the Crosby Securities analyst said.</p>
<p>In contrast, five mainland companies have listed in Hong Kong so far this year. Three more are scheduled to make their debuts in the 11 days before the British colony becomes a Chinese special administrative region, bringing the total to 37.</p>
<p>China now lists 92 B shares but their total capitalisation is only around $3 billion, prompting companies mulling a new listing to look to Hong Kong's more robust bourse, analysts said.</p>
<p>"Larger companies might be looking at Hong Kong or Singapore because the liquidity is much better than Shanghai or Shenzhen," said an analyst with a foreign brokerage.</p>
<p>"They are also able to make bigger listings in Hong Kong," said a broker.</p>
<p>Mainland companies have recently offered shares in Hong Kong with phenomenal success. Last month, Beijing Enterprises was nearly 1,300 times over-subscribed and this week's offer by First Tractor was nearly 300 times over-subscribed.</p>
<p>The July 1 return of Hong Kong to Chinese rule after 156 years of British rule would make mainland firms more eager to list in the territory as bullish sentiment powered the main Hang Seng Index to historic highs, said a second broker.</p>
<p>"The Hong Kong handover might have a positive impact on the market there, but companies will want to list H shares because of the liquidity," the analyst with the foreign brokerage said.</p>
<p>Hong Kong share prices staged a record-breaking rally on Friday, surging to an all-time high of 15,026.55 points before closing the morning session up 2.90 percent at 14,927.74.</p>
<p>But Beijing wants to be sure Hong Kong optimism does not spill over to the mainland exchanges out of fear that sharp rises before July 1 could set the markets up for a post-handover plunge, said a broker in Shanghai.</p>
<p>"The government doesn't want to give the feeling that the Hong Kong handover will help the B and A share markets, at least in the short term," the broker said.</p>
<p>While B share listings this year have been fully subscribed or over-subscribed, A counters are a better bet for companies because their P/Es are about double those for B shares, analysts said. H shares also offer slightly higher P/Es.</p>
<p>"There is still market interest in the B share IPOs despite the government crackdown on the B market," another analyst said.</p>
<p>Shanghai's A index soared from 973 points at the end of 1996 to a year high 1,578 points in early May, when official measures to cool the markets pulled it down to around 1,300 points.</p>
<p>The B index peaked at 99 points in May before returning to the low 80s, where it has since stagnated on flimsy turnover.</p>
</text>
<copyright>(c) Reuters Limited 1997</copyright>
<metadata>
<codes class="bip:countries:1.0">
  <code code="CHINA">
    <editdetail action="confirmed" attribution="Reuters BIP Coding Group" date="1997-06-20"/>
  </code>
  <code code="HKONG">
    <editdetail action="confirmed" attribution="Reuters BIP Coding Group" date="1997-06-20"/>
  </code>
</codes>
<codes class="bip:topics:1.0">
  <code code="C14">
    <editdetail action="confirmed" attribution="Reuters BIP Coding Group" date="1997-06-20"/>
  </code>
  <code code="CCAT">
    <editdetail action="confirmed" attribution="Reuters BIP Coding Group" date="1997-06-20"/>
  </code>
  <code code="M11">
    <editdetail action="confirmed" attribution="Reuters BIP Coding Group" date="1997-06-20"/>
  </code>
  <code code="MCAT">
    <editdetail action="confirmed" attribution="Reuters BIP Coding Group" date="1997-06-20"/>
  </code>
</codes>
<dc element="dc.date.created" value="1997-06-20"/>
<dc element="dc.publisher" value="Reuters Holdings Plc"/>
<dc element="dc.date.published" value="1997-06-20"/>
<dc element="dc.source" value="Reuters"/>
<dc element="dc.creator.location" value="SHANGHAI"/>
<dc element="dc.creator.location.country.name" value="CHINA"/>
<dc element="dc.source" value="Reuters"/>
</metadata>
</newsitem>
