<?xml version="1.0" encoding="ISO-8859-1" standalone="no"?>
<newsitem date="1997-06-20" id="root" itemid="677455" xml:lang="en">
<title>JAPAN: Indices don't indicate slowdown - EPA. [CORRECTED 07:52 GMT]</title>
<headline>Indices don't indicate slowdown - EPA. [CORRECTED 07:52 GMT]</headline>
<dateline>TOKYO 1997-06-20</dateline>
<text>
<p>The weakness in Japan's diffusion indices for leading and coincident indicators in April (Corrects from May) does not point to a slowdown in the nation's economic recovery, Economic Planning Agency (EPA) Vice Minister Shimpei Nukaya told a news conference on Friday.</p>
<p>"From a long-term perspective this is just a temporary dip in Japan's recovery," he said.</p>
<p>Nukaya said the EPA did not just base its assessment of the economy on the numbers that came out of the diffusion indices. He said it was necessary to look at other factors, in this case, the rise in the sales tax on April 1.</p>
<p>The EPA earlier announced that the April index of leading indicators stood at 5.6 on a scale on 100 in April while the coincident index fell below 50 for the first time in eight months to 10.0 on a scale of 100.</p>
<p>A figure below the so-called "boom-or-bust" mark of 50 in the leading index is generally taken to mean the economy will contract in the coming months.</p>
</text>
<copyright>(c) Reuters Limited 1997</copyright>
<metadata>
<codes class="bip:countries:1.0">
  <code code="JAP">
    <editdetail action="confirmed" attribution="Reuters BIP Coding Group" date="1997-06-20"/>
  </code>
</codes>
<codes class="bip:topics:1.0">
  <code code="E11">
    <editdetail action="confirmed" attribution="Reuters BIP Coding Group" date="1997-06-20"/>
  </code>
  <code code="E71">
    <editdetail action="confirmed" attribution="Reuters BIP Coding Group" date="1997-06-20"/>
  </code>
  <code code="ECAT">
    <editdetail action="confirmed" attribution="Reuters BIP Coding Group" date="1997-06-20"/>
  </code>
</codes>
<dc element="dc.date.created" value="1997-06-20"/>
<dc element="dc.publisher" value="Reuters Holdings Plc"/>
<dc element="dc.date.published" value="1997-06-20"/>
<dc element="dc.source" value="Reuters"/>
<dc element="dc.creator.location" value="TOKYO"/>
<dc element="dc.creator.location.country.name" value="JAPAN"/>
<dc element="dc.source" value="Reuters"/>
</metadata>
</newsitem>
