<?xml version="1.0" encoding="ISO-8859-1" standalone="no"?>
<newsitem date="1997-06-20" id="root" itemid="675894" xml:lang="en">
<title>PANAMA: Panama's total public debt falls to $6.99 billion.</title>
<headline>Panama's total public debt falls to $6.99 billion.</headline>
<dateline>PANAMA CITY 1997-06-20</dateline>
<text>
<p>Panama's Ministry for Planning and Economic Policy said Friday net total public debt fell $446.4 million to $6.990 billion on March 30 1997, from $7.437 billion on August 31, 1994.</p>
<p>Out of total debt, foreign debt stood at $5.345 billion on March 31, compared to $5.464 billion on August 31 1994, according to figures published by the Ministry for Planning and Economic Policy in local newspapers.</p>
<p>Internal debt meanwhile stood at $1.645 billion on March 31, compared with $1.973 billion on August 31, 1994.</p>
<p>The Ministry did not provide any explanations for the drop in the notice.</p>
<p>((-- Paul de Bendern, Panama City newsroom 507 223 7739))</p>
</text>
<copyright>(c) Reuters Limited 1997</copyright>
<metadata>
<codes class="bip:countries:1.0">
  <code code="PANA">
    <editdetail action="confirmed" attribution="Reuters BIP Coding Group" date="1997-06-20"/>
  </code>
</codes>
<codes class="bip:topics:1.0">
  <code code="E21">
    <editdetail action="confirmed" attribution="Reuters BIP Coding Group" date="1997-06-20"/>
  </code>
  <code code="E212">
    <editdetail action="confirmed" attribution="Reuters BIP Coding Group" date="1997-06-20"/>
  </code>
  <code code="ECAT">
    <editdetail action="confirmed" attribution="Reuters BIP Coding Group" date="1997-06-20"/>
  </code>
</codes>
<dc element="dc.date.created" value="1997-06-20"/>
<dc element="dc.publisher" value="Reuters Holdings Plc"/>
<dc element="dc.date.published" value="1997-06-20"/>
<dc element="dc.source" value="Reuters"/>
<dc element="dc.creator.location" value="PANAMA CITY"/>
<dc element="dc.creator.location.country.name" value="PANAMA"/>
<dc element="dc.source" value="Reuters"/>
</metadata>
</newsitem>
