<?xml version="1.0" encoding="ISO-8859-1" standalone="no"?>
<newsitem date="1997-06-20" id="root" itemid="676977" xml:lang="en">
<title>USA: Georgia Housing/Finance Authority $30 mln priced.</title>
<headline>Georgia Housing/Finance Authority $30 mln priced.</headline>
<text>
<p>GEORGIA HOUSING AND FINANCE AUTHORITY</p>
<p>RE: $30,000,000*</p>
<p>SINGLE FAMILY MORTGAGE BONDs</p>
<p>1997 SERIES B</p>
<p>PLEASE NOTE REPRICING.</p>
<p>					     4,435,000*</p>
<p>					   SUBSERIES B-1</p>
<p>					     (NON-AMT)</p>
<p>    MOODY'S: Aa2		   S&amp;P: AA+</p>
<p>		 (EXP)			(EXP)</p>
<p>DATED: 06/01/1997	  FIRST COUPON: 12/01/1997</p>
<p>DUE: 12/01</p>
<p>ALL BONDS ARE PRICED AT PAR.</p>
<p> MATURITY		AMOUNT*    COUPON</p>
<p>12/01/2007	 45M		4.90  %</p>
<p>12/01/2008	635M		5.00  %</p>
<p>12/01/2009	670M		5.10  %</p>
<p>12/01/2010	710M		5.20  %</p>
<p>12/01/2011	745M		5.25  %</p>
<p>12/01/2016    1,630M		5.50  %</p>
<p>CALL FEATURES: 06/01/2007    102.00</p>
<p>		   DTP 06/01/2009</p>
<p>------------------------------------------------------------</p>
<p>					    25,565,000*</p>
<p>					   SUBSERIES B-2</p>
<p>						 (AMT)</p>
<p>				SUBJECT TO ALTERNATIVE MINIMUM TAX</p>
<p>    MOODY'S: Aa2		   S&amp;P: AA+</p>
<p>		 (EXP)			(EXP)</p>
<p>  DATED: 06/01/1997	  FIRST COUPON: 12/01/1997</p>
<p>DUE: 12/01</p>
<p>ALL BONDS ARE PRICED AT PAR.</p>
<p> MATURITY		AMOUNT*    COUPON</p>
<p>12/01/1998	380M		3.90  %</p>
<p>12/01/1999	400M		4.15  %</p>
<p>12/01/2000	425M		4.35  %</p>
<p>12/01/2001	440M		4.45  %</p>
<p>12/01/2002	460M		4.55  %</p>
<p>12/01/2003	490M		4.65  %</p>
<p>12/01/2004	510M		4.75  %</p>
<p>12/01/2005	540M		4.85  %</p>
<p>12/01/2006	570M		4.95  %</p>
<p>12/01/2007	555M		5.05  %</p>
<p>12/01/2016    2,810M		5.75  %</p>
<p>12/01/2018    2,180M		5.00  %</p>
<p>*(2018 -P.A.C)*</p>
<p>12/01/2028    15,805M	     5.85  %</p>
<p>CALL FEATURES: 06/01/2007 at 102.00, DTP 06/01/2009</p>
<p>AVERAGE LIFE TABLE FOR 2018 PAC BOND</p>
<p>FHA PREPAYMENT SPEED	  AVERAGE LIFE</p>
<p>				     (YEARS)</p>
<p>  50%				 10.7</p>
<p> 100%				  5.1</p>
<p> 200%				  5.0</p>
<p> 300%				  5.0</p>
<p> 500%				  4.7</p>
<p>* - APPROXIMATE SUBJECT TO CHANGE</p>
<p>The award is expected ON JUNE 20, 1997</p>
<p>Delivery is expected on July 16, 1997.</p>
<p>Smith Barney Inc.</p>
<p>Goldman, Sachs &amp; Co.</p>
<p>A.G. Edwards &amp; Sons, Inc.</p>
<p>Bear, Stearns &amp; Co. Inc.</p>
<p>Merrill Lynch &amp; Co.</p>
<p>Prudential Securities Incorporated</p>
<p>SunTrust Capital Markets, Inc.</p>
</text>
<copyright>(c) Reuters Limited 1997</copyright>
<metadata>
<codes class="bip:countries:1.0">
  <code code="USA">
    <editdetail action="confirmed" attribution="Reuters BIP Coding Group" date="1997-06-20"/>
  </code>
</codes>
<codes class="bip:topics:1.0">
  <code code="E21">
    <editdetail action="confirmed" attribution="Reuters BIP Coding Group" date="1997-06-20"/>
  </code>
  <code code="E212">
    <editdetail action="confirmed" attribution="Reuters BIP Coding Group" date="1997-06-20"/>
  </code>
  <code code="ECAT">
    <editdetail action="confirmed" attribution="Reuters BIP Coding Group" date="1997-06-20"/>
  </code>
</codes>
<dc element="dc.publisher" value="Reuters Holdings Plc"/>
<dc element="dc.date.published" value="1997-06-20"/>
<dc element="dc.source" value="Reuters"/>
<dc element="dc.creator.location.country.name" value="USA"/>
<dc element="dc.source" value="Reuters"/>
</metadata>
</newsitem>
