<?xml version="1.0" encoding="ISO-8859-1" standalone="no"?>
<newsitem date="1997-06-20" id="root" itemid="677018" xml:lang="en">
<title>USA: INTERVIEW - Fed focusing on core CPI - NY Fed's Peach.</title>
<headline>INTERVIEW - Fed focusing on core CPI - NY Fed's Peach.</headline>
<byline>Isabelle Clary</byline>
<dateline>ALBANY, N.Y. 1997-06-20</dateline>
<text>
<p>Economists at the Federal Reserve have moved their focus away from the overall Consumer Price Index (CPI) as the service sector captured a greater share of the U.S. economy in the 1990s, a senior economist at the Federal Reserve Bank of New York said.</p>
<p>"Economists at the Federal Reserve don't pay too much attention to the total CPI," New York Fed assistant vice president Richard Peach told Reuters in an interview.  </p>
<p>But the economist said the core CPI, which excludes volatile food and energy prices, has risen in prominence among policy makers.</p>
<p>Peach spoke to Reuters after addressing a conference at the Rockefeller Institute of Government on Thursday.</p>
<p>"The basic research began in 1990 on how we would model inflation," Peach said, noting that "prior to that period, commodities were useful to the CPI."  </p>
<p>"As services have increased their weight in their percentage of the economy, commodities prices have dwindled in importance in explaining the aggregate inflation rate," Peach added.</p>
<p>Peach said the 1990s shift toward an increasingly service-oriented U.S. economy has reduced the importance of the CPI as a gauge of inflation.</p>
<p>Peach told the Rockefeller Institute of Government that March-to-May data indicated "the rate of increases of prices of core services may be turning upward ... for the first time in this business cycle."  </p>
<p>Data showed the service sector component of the core CPI has been edging higher from a 3.0-percent low earlier this year while the goods component is hovering around 1.0 percent.</p>
<p>Peach, who declined to comment on the Fed's current monetary policy stance, also said that low food and energy prices were key factors contributing to the tame performance of the CPI in the second quarter.  </p>
<p>Turning to the inflation-adjusted real federal funds rate, Peach said it was roughly at the same level as in early 1995, at the end of a brisk, year-long tightening cycle that doubled its nominal rate.</p>
<p>However, the current real funds rate does not seem to have the effect of slowing the economy as it did in 1995.</p>
<p>"After slowing to below potential in 1995 in response to a tightening of monetary policy in 1994, growth accelerated in 1996, reaching 4.0 percent, year-over-year, in the first quarter of 1997," Peach said.  </p>
<p>The New York Fed senior economist said that a "fundamental question for monetary policy stance today is that (the role of) the real funds rate is not definitely established."</p>
<p>Peach said other parameters put the real funds rate in a different context than in 1994-95.</p>
<p>"I guess one answer to that, and it has been a great deal of research at the New York Fed, is that the credit channels are different," Peach said, adding that financing from car loans to mortgages are currently readily available at competitively low rates and to sub-par borrowers.</p>
<p>Other factors affecting the monetary stance in relation to growth and inflation is that new software programs have allowed "a better management of inventories ... and less volatility in GDP swings."</p>
<p>Also, the Treasury market "is more forward-looking in terms of monetary policy and sort of helping to regulate" the business cycle, Peach noted.</p>
<p>Unlike during the 1994 Fed tightening cycle when a credit market selloff worsened the impact of the Fed's rates hikes, Treasuries this time rallied, helping support the housing and durable goods sectors.</p>
<p>(( -- 212-859-1666))</p>
</text>
<copyright>(c) Reuters Limited 1997</copyright>
<metadata>
<codes class="bip:countries:1.0">
  <code code="USA">
    <editdetail action="confirmed" attribution="Reuters BIP Coding Group" date="1997-06-20"/>
  </code>
</codes>
<codes class="bip:topics:1.0">
  <code code="E12">
    <editdetail action="confirmed" attribution="Reuters BIP Coding Group" date="1997-06-20"/>
  </code>
  <code code="E13">
    <editdetail action="confirmed" attribution="Reuters BIP Coding Group" date="1997-06-20"/>
  </code>
  <code code="E131">
    <editdetail action="confirmed" attribution="Reuters BIP Coding Group" date="1997-06-20"/>
  </code>
  <code code="ECAT">
    <editdetail action="confirmed" attribution="Reuters BIP Coding Group" date="1997-06-20"/>
  </code>
</codes>
<dc element="dc.date.created" value="1997-06-20"/>
<dc element="dc.publisher" value="Reuters Holdings Plc"/>
<dc element="dc.date.published" value="1997-06-20"/>
<dc element="dc.source" value="Reuters"/>
<dc element="dc.creator.location" value="ALBANY, N.Y."/>
<dc element="dc.creator.location.country.name" value="USA"/>
<dc element="dc.source" value="Reuters"/>
</metadata>
</newsitem>
