<?xml version="1.0" encoding="ISO-8859-1" standalone="no"?>
<newsitem date="1997-06-20" id="root" itemid="675684" xml:lang="en">
<title>POLAND: ING Barings sees Polish WIG at 16,500 in end 97.</title>
<headline>ING Barings sees Polish WIG at 16,500 in end 97.</headline>
<dateline>WARSAW 1997-06-20</dateline>
<text>
<p>The Polish bourse's main market index, WIG, is forecast to increase to 16,500 points at the end of the year from the current 16,048 and to 20,130 at the end of 1998, ING Barings said in its June report.</p>
<p>The report said the market was likely to weaken in the third quarter due to large initial public offerings and parliamentary elections on September 21. But WIG will find a medium-term support at 16,000 points, it said.</p>
<p>"The outlook should improve significantly after the elections as issue activity slows down and non-bank corporate results reveal a trend improvement in earnings growth," the report said.</p>
<p>-- Warsaw Newsroom +48 22 653 9700</p>
</text>
<copyright>(c) Reuters Limited 1997</copyright>
<metadata>
<codes class="bip:countries:1.0">
  <code code="POL">
    <editdetail action="confirmed" attribution="Reuters BIP Coding Group" date="1997-06-20"/>
  </code>
</codes>
<codes class="bip:topics:1.0">
  <code code="M11">
    <editdetail action="confirmed" attribution="Reuters BIP Coding Group" date="1997-06-20"/>
  </code>
  <code code="MCAT">
    <editdetail action="confirmed" attribution="Reuters BIP Coding Group" date="1997-06-20"/>
  </code>
</codes>
<dc element="dc.date.created" value="1997-06-20"/>
<dc element="dc.publisher" value="Reuters Holdings Plc"/>
<dc element="dc.date.published" value="1997-06-20"/>
<dc element="dc.source" value="Reuters"/>
<dc element="dc.creator.location" value="WARSAW"/>
<dc element="dc.creator.location.country.name" value="POLAND"/>
<dc element="dc.source" value="Reuters"/>
</metadata>
</newsitem>
