<?xml version="1.0" encoding="ISO-8859-1" standalone="no"?>
<newsitem date="1997-06-20" id="root" itemid="676136" xml:lang="en">
<title>USA: FINAL PRICING -- N.Y. Municipal Assistance Corp..</title>
<headline>FINAL PRICING -- N.Y. Municipal Assistance Corp..</headline>
<text>
<p>MUNICIPAL ASSISTANCE CORPORATION FOR</p>
<p>THE CITY OF NEW YORK</p>
<p>RE: $354,045,000</p>
<p>(A PUBLIC BENEFIT CORPORATION OF THE</p>
<p>STATE OF NEW YORK) SERIES L BONDS</p>
<p>(ISSUED PURSUANT TO THE 1991 GENERAL RESOLUTION)</p>
<p>FINAL PRICING AND AMOUNTS.</p>
<p>MOODY'S: Aa2		   S&amp;P: AA-		   FITCH: AA</p>
<p>					  EXPECTED</p>
<p>DATED: 06/15/1997	    FIRST COUPON: 01/01/1998</p>
<p>DUE: 07/01</p>
<p> MATURITY		AMOUNT     COUPON	   PRICE</p>
<p>07/01/1998	     12,865M    4.50  %	  3.70</p>
<p>07/01/1999	     20,000M    4.25  %	  4.10</p>
<p>07/01/1999	     33,325M    5.00  %	  4.10</p>
<p>07/01/2000		7,500M    4.50  %	  4.25</p>
<p>07/01/2000	     17,745M    5.25  %	  4.25</p>
<p>07/01/2001	     15,000M    4.50  %	  4.37</p>
<p>07/01/2001	     11,650M    5.25  %	  4.37</p>
<p>07/01/2002		7,500M    4.50  %	  4.47</p>
<p>07/01/2002	     20,580M    5.50  %	  4.47</p>
<p>07/01/2003		7,500M    4.60  %	  4.57</p>
<p>07/01/2003	     22,195M    5.50  %	  4.57</p>
<p>07/01/2004		5,000M    4.70  %	  4.65</p>
<p>07/01/2004	     26,410M    6.00  %	  4.65</p>
<p>07/01/2005		5,000M    4.75  %	  4.75</p>
<p>07/01/2005	     28,390M    6.00  %	  4.75</p>
<p>07/01/2006		5,000M    4.80  %	  4.80</p>
<p>07/01/2006	     30,495M    6.00  %	  4.80</p>
<p>07/01/2007		3,500M    4.80  %	  4.85</p>
<p>07/01/2007	     34,245M    6.00  %	  4.85</p>
<p>07/01/2008		7,500M    4.90  %	  4.90</p>
<p>07/01/2008	     32,645M    6.00  %	  4.90</p>
<p>CALL FEATURES: NON-CALLABLE</p>
<p>The compliance addendum MSRB Rule G-11 will apply.</p>
<p>The award is expected Friday, June 20, 1997.</p>
<p>Delivery is expected on July 2, 1997.</p>
<p>This issue is book entry through DTC.</p>
<p>Goldman, Sachs &amp; Co.</p>
<p>J.P. Morgan Securities Inc.</p>
<p>Morgan Stanley Dean Witter</p>
<p>Smith Barney Inc.</p>
<p>Bear, Stearns &amp; Co. Inc.</p>
<p>First Albany Corporation</p>
<p>Lehman Brothers Merrill Lynch &amp; Co.</p>
<p>PaineWebber Incorporated</p>
<p>Prudential Securities Incorporated</p>
<p>Samuel A. Ramirez &amp; Company, Inc.</p>
<p>--U.S. Municipal Desk, 212-859-1650</p>
</text>
<copyright>(c) Reuters Limited 1997</copyright>
<metadata>
<codes class="bip:countries:1.0">
  <code code="USA">
    <editdetail action="confirmed" attribution="Reuters BIP Coding Group" date="1997-06-20"/>
  </code>
</codes>
<codes class="bip:topics:1.0">
  <code code="E21">
    <editdetail action="confirmed" attribution="Reuters BIP Coding Group" date="1997-06-20"/>
  </code>
  <code code="E212">
    <editdetail action="confirmed" attribution="Reuters BIP Coding Group" date="1997-06-20"/>
  </code>
  <code code="ECAT">
    <editdetail action="confirmed" attribution="Reuters BIP Coding Group" date="1997-06-20"/>
  </code>
</codes>
<dc element="dc.publisher" value="Reuters Holdings Plc"/>
<dc element="dc.date.published" value="1997-06-20"/>
<dc element="dc.source" value="Reuters"/>
<dc element="dc.creator.location.country.name" value="USA"/>
<dc element="dc.source" value="Reuters"/>
</metadata>
</newsitem>
