<?xml version="1.0" encoding="ISO-8859-1" standalone="no"?>
<newsitem date="1997-06-20" id="root" itemid="675524" xml:lang="en">
<title>AUSTRALIA: Best on Ground - Andrew Bartram's Aussie Rules Column - AFL.</title>
<headline>Best on Ground - Andrew Bartram's Aussie Rules Column - AFL.</headline>
<text>
<p>By Andrew Bartram*</p>
<p>STATE OF ORIGIN: STATE OF FLUX?</p>
<p>State-of-origin football was traditionally one of the jewels in the AFL crown but the league is fast discovering that diamonds aren't forever.</p>
<p>The league is believed to be considering playing future origin series every two years to relieve injury-hit clubs and to free-up a weekend on the alternate year, allowing clubs the luxury of a mid-season bye.</p>
<p>Careful not to deprive the football public its voracious appetite for the game, one round would be played over two weekends.</p>
<p>The proposal might rejuvinate interest in the origin concept which was struck a blow when the competition was nationalised in 1992 and may well have died three years later with its champion, Ted Whitten.</p>
<p>State-of-origin football has lost its mass appeal because it no longer has any real novelty value and state parochialism at AFL level has waned considerably.</p>
<p>OPINION DIVIDED</p>
<p>The honour of state representation and playing with the best footballers is an enormous incentive for players, as the quality of the football would attest.</p>
<p>St Kilda ruck-rover and perennial Victorian star Robert Harvey told The Age newspaper that footballers didn't get the opportunity to play international sport and therefore state-of-origin was the pinnacle.</p>
<p>"The footy is fantastic. I think it lifts to another level," he said.</p>
<p>During the week however North Melbourne and West Coast called on the AFL to scrap origin football.</p>
<p>In a submission to the league, North's chief executive, Greg Miller, said: "I just don't like the fact that, given the money we pay these players, we lose control of them completely for a week".</p>
<p>Even Victorian chairman of selectors Gerard Healy said there was nothing in origin football for the clubs except the possibility of losing players.</p>
<p>And that is the nub of the argument against state-of-origin football.</p>
<p>Clubs and supporters don't see origin as a celebration of the game. They see it as a superfluous and dangerous AFL indulgence. For them, the premiership season is paramount and, as all coaches will concede and Essendon has demonstrated, injuries determine the course of a season.</p>
<p>THE GAME GOES ON</p>
<p>Tonight at Subiaco Oval Western Australia will be looking to regain state football credibility with a win over the Allies, the team comprised of players from Tasmania and the minor football states and territories.</p>
<p>Last time the teams met in 1995 the fledgling Allies upset the Sandgropers who were criticised for perceived apathy and complacency in their approach to the game.</p>
<p>Coach Ross Glendinning has named a strong line-up which should turn the tables on an Allies team deprived through injury of superstars Wayne Carey, James Hird, Paul Kelly and Jason Dunstall.</p>
<p>Bookies can't split South Australia and Victoria who meet at Football Park on Saturday night. On paper the Vics look stronger but the Crow-eaters always rise to the state-of-origin occasion and will be spurred on by 45,000 fans baying for Victorian blood.</p>
<p>The South Australian half forward line looks particularly potent with the wizardry of Darren Jarman and Michael O'Loughlin on the flanks and the powerful marking Nick Holland at centre half forward. His duel with Michael Sexton will be pivotal.</p>
<p>Maybe the Vics will "stick it up 'em" one last time for Teddy and win a thriller.</p>
<p>*Andrew Bartram is a freelance sports writer who writes a regular AFL column for Reuters. Any comments please mark to his attention and send to cybercafe@ca.com.au</p>
<p>-- Melbourne bureau 613-9286-1421</p>
</text>
<copyright>(c) Reuters Limited 1997</copyright>
<metadata>
<codes class="bip:countries:1.0">
  <code code="AUSTR">
    <editdetail action="confirmed" attribution="Reuters BIP Coding Group" date="1997-06-20"/>
  </code>
</codes>
<codes class="bip:topics:1.0">
  <code code="GCAT">
    <editdetail action="confirmed" attribution="Reuters BIP Coding Group" date="1997-06-20"/>
  </code>
  <code code="GSPO">
    <editdetail action="confirmed" attribution="Reuters BIP Coding Group" date="1997-06-20"/>
  </code>
</codes>
<dc element="dc.publisher" value="Reuters Holdings Plc"/>
<dc element="dc.date.published" value="1997-06-20"/>
<dc element="dc.source" value="Reuters"/>
<dc element="dc.creator.location.country.name" value="AUSTRALIA"/>
<dc element="dc.source" value="Reuters"/>
</metadata>
</newsitem>
