<?xml version="1.0" encoding="ISO-8859-1" standalone="no"?>
<newsitem date="1997-06-20" id="root" itemid="676191" xml:lang="en">
<title>USA: Central U.S. carlot beef trade 1500 CDT - USDA.</title>
<headline>Central U.S. carlot beef trade 1500 CDT - USDA.</headline>
<dateline>DES MOINES 1997-06-20</dateline>
<text>
<p>Cow and bull carcasses not established. - USDA</p>
<p>COW &amp; BULL CARCASS FOB OMAHA	  Nil   Loads Reported.</p>
<p>			  Lds     Price Range    Latest Estb. Mkt.</p>
<p>UT,brk 2-4 450#/up				  67.00 - 68.00 A</p>
<p>UT,bng 1-3 400#/up				  70.00 - 73.00 A</p>
<p>Cutter 1-2 350#/up				  unq</p>
<p>Bulls YG 1 500#/up				  unq</p>
<p>Market for Week Ended: June 13, 1997</p>
<p>COW &amp; BULL CARCASS CAF WEST COAST  69.0   Loads Reported.</p>
<p>Compared to last week: Utility and Cutter carcasses 8.00 higher.</p>
<p>Demand moderate for light offerings.</p>
<p>			  Lds	Price Range</p>
<p>UT,brk 2-4 450#/up</p>
<p>UT,bng 1-3 400#/up 37.0   71.00</p>
<p>Cutter 1-2 350#/up 32.0   71.00</p>
<p>Bulls YG 1 500#/up</p>
<p>BONELESS PROCESSING BEEF/BEEF TRIMMINGS  Nil. Loads Reported. Boneless processing beef not established. Beef trimmings not</p>
<p>established.</p>
<p>FOB OMAHA BASIS:</p>
<p>Chm Ln   Lds     Price Range		     Wtavg</p>
<p>90% fr		    99.0			99.00 A</p>
<p>90% fz		    99.0			99.00 A</p>
<p>85% fr	  92.0 -  93.0			92.75 A</p>
<p>75% fr	  70.0 -  76.0			73.80 B</p>
<p>65% fr	  62.5 -  63.0			62.80 A</p>
<p>Bull</p>
<p>92-94		  111.00		     111.00 B</p>
<p>FOB EAST TEXAS AND OKLAHOMA:</p>
<p>90% fr	  99.0 - 100.0			99.60 A</p>
<p>CAF NORTHEAST AREAS:</p>
<p>90% fr	 102.0 - 103.0		     102.44 B</p>
<p>85% fr		    98.0			98.00 B</p>
<p>CAF WEST COAST BASIS	 Market for Week Ended: 06/13/97</p>
<p>90% fr    8   96.0 - 100.0			99.19</p>
<p>85% fr    4	     89.0			89.00</p>
<p>65% fr   13   63.0 -  68.5			65.04</p>
<p>50% fr    7   49.5 -  51.5			50.36</p>
<p>50% fz    2   49.0 -  50.0			49.50</p>
<p>**ABCDE after quotes represents days since last actual market test. Quotes are dropped after 5 days of no test or before if they no longer reflect current market conditions.**</p>
<p>((Chicago newsdesk 312-408-8720))</p>
</text>
<copyright>(c) Reuters Limited 1997</copyright>
<metadata>
<codes class="bip:countries:1.0">
  <code code="USA">
    <editdetail action="confirmed" attribution="Reuters BIP Coding Group" date="1997-06-20"/>
  </code>
</codes>
<codes class="bip:topics:1.0">
  <code code="M14">
    <editdetail action="confirmed" attribution="Reuters BIP Coding Group" date="1997-06-20"/>
  </code>
  <code code="M141">
    <editdetail action="confirmed" attribution="Reuters BIP Coding Group" date="1997-06-20"/>
  </code>
  <code code="MCAT">
    <editdetail action="confirmed" attribution="Reuters BIP Coding Group" date="1997-06-20"/>
  </code>
</codes>
<dc element="dc.date.created" value="1997-06-20"/>
<dc element="dc.publisher" value="Reuters Holdings Plc"/>
<dc element="dc.date.published" value="1997-06-20"/>
<dc element="dc.source" value="Reuters"/>
<dc element="dc.creator.location" value="DES MOINES"/>
<dc element="dc.creator.location.country.name" value="USA"/>
<dc element="dc.source" value="Reuters"/>
</metadata>
</newsitem>
