<?xml version="1.0" encoding="ISO-8859-1" standalone="no"?>
<newsitem date="1997-06-20" id="root" itemid="677035" xml:lang="en">
<title>USA: Ill. Governor signs welfare reform bill.</title>
<headline>Ill. Governor signs welfare reform bill.</headline>
<dateline>CHICAGO 1997-06-20</dateline>
<text>
<p>Illinois Gov. Jim Edgar has signed welfare reform legislation approved during the last session to bring the state into line with federal requirements.</p>
<p>The new laws signed Thursday by Edgar create a temporary assistance program to replace Aid to Families with Dependent Children on July 1 and include a five-year limit on cash assistance that also requires families to find work after two years of aid.</p>
<p>Edgar has also increased state aid to a child care services program from $280 million to $380 million this year.</p>
<p>The entire effort will be coordinated by the state Department of Human Resources.</p>
<p>((--David Bailey, Chicago Newsroom, 312-408-8647))</p>
</text>
<copyright>(c) Reuters Limited 1997</copyright>
<metadata>
<codes class="bip:countries:1.0">
  <code code="USA">
    <editdetail action="confirmed" attribution="Reuters BIP Coding Group" date="1997-06-20"/>
  </code>
</codes>
<codes class="bip:topics:1.0">
  <code code="E21">
    <editdetail action="confirmed" attribution="Reuters BIP Coding Group" date="1997-06-20"/>
  </code>
  <code code="E211">
    <editdetail action="confirmed" attribution="Reuters BIP Coding Group" date="1997-06-20"/>
  </code>
  <code code="ECAT">
    <editdetail action="confirmed" attribution="Reuters BIP Coding Group" date="1997-06-20"/>
  </code>
  <code code="GCAT">
    <editdetail action="confirmed" attribution="Reuters BIP Coding Group" date="1997-06-20"/>
  </code>
  <code code="GPOL">
    <editdetail action="confirmed" attribution="Reuters BIP Coding Group" date="1997-06-20"/>
  </code>
  <code code="GWELF">
    <editdetail action="confirmed" attribution="Reuters BIP Coding Group" date="1997-06-20"/>
  </code>
</codes>
<dc element="dc.date.created" value="1997-06-20"/>
<dc element="dc.publisher" value="Reuters Holdings Plc"/>
<dc element="dc.date.published" value="1997-06-20"/>
<dc element="dc.source" value="Reuters"/>
<dc element="dc.creator.location" value="CHICAGO"/>
<dc element="dc.creator.location.country.name" value="USA"/>
<dc element="dc.source" value="Reuters"/>
</metadata>
</newsitem>
