<?xml version="1.0" encoding="ISO-8859-1" standalone="no"?>
<newsitem date="1997-06-20" id="root" itemid="675769" xml:lang="en">
<title>POLAND: Polish Pioneer launches privatisation fund July 28.</title>
<headline>Polish Pioneer launches privatisation fund July 28.</headline>
<dateline>WARSAW 1997-06-20</dateline>
<text>
<p>The Pioneer First Polish Trust Fund Company will start selling units in a new fund investing in units, fund shares and firms in Poland's National Investment Fund (NFI) programme, Pioneer's head said on Friday.</p>
<p>"(The new fund) will be an aggressive fund investing in participation units, NFI shares and shares in individual firms in the programme," Alicja Malecka told a news conference.</p>
<p>Fund manager Piotr Rzezniczak told the conference that 90 percent of the new fund's investment would be in bourse instruments and 10 percent in debt instruments.</p>
<p>He said the fund might also invest in non-public firms outside the NFI programme.</p>
<p>Malecka said that as a special incentive Pioneer would allow investors to pay for the fund's units with NFI participation certificates.</p>
<p>"Aside from cash the fund will also take NFI units. This will broaden options for people who do not want to set up investment accounts with brokers (to trade in NFI units)," she said.</p>
<p>Under the government's NFI programme, shares in about 500 mid-sized companies are allocated to 15 NFIs run by foreign and domestic management firms.</p>
<p>From May 12, the 26 million Poles who bought a participation unit in the scheme have been entitled to exchange it for 15 shares, one in each fund, which have been trading on the Warsaw bourse since June 12.</p>
<p>The units lose their validity on December 31, 1998.</p>
<p>-- Pawel Florkiewicz +48 22 653 9700</p>
</text>
<copyright>(c) Reuters Limited 1997</copyright>
<metadata>
<codes class="bip:countries:1.0">
  <code code="POL">
    <editdetail action="confirmed" attribution="Reuters BIP Coding Group" date="1997-06-20"/>
  </code>
</codes>
<codes class="bip:industries:1.0">
  <code code="I81502">
    <editdetail action="confirmed" attribution="Reuters BIP Coding Group" date="1997-06-20"/>
  </code>
  <code code="I8150206">
    <editdetail action="confirmed" attribution="Reuters BIP Coding Group" date="1997-06-20"/>
  </code>
</codes>
<codes class="bip:topics:1.0">
  <code code="C11">
    <editdetail action="confirmed" attribution="Reuters BIP Coding Group" date="1997-06-20"/>
  </code>
  <code code="C18">
    <editdetail action="confirmed" attribution="Reuters BIP Coding Group" date="1997-06-20"/>
  </code>
  <code code="C183">
    <editdetail action="confirmed" attribution="Reuters BIP Coding Group" date="1997-06-20"/>
  </code>
  <code code="CCAT">
    <editdetail action="confirmed" attribution="Reuters BIP Coding Group" date="1997-06-20"/>
  </code>
</codes>
<dc element="dc.date.created" value="1997-06-20"/>
<dc element="dc.publisher" value="Reuters Holdings Plc"/>
<dc element="dc.date.published" value="1997-06-20"/>
<dc element="dc.source" value="Reuters"/>
<dc element="dc.creator.location" value="WARSAW"/>
<dc element="dc.creator.location.country.name" value="POLAND"/>
<dc element="dc.source" value="Reuters"/>
</metadata>
</newsitem>
