<?xml version="1.0" encoding="ISO-8859-1" standalone="no"?>
<newsitem date="1997-06-20" id="root" itemid="675876" xml:lang="en">
<title>BRAZIL: Brazil drops resistance to nuclear weapons treaty.</title>
<headline>Brazil drops resistance to nuclear weapons treaty.</headline>
<dateline>BRASILIA 1997-06-20</dateline>
<text>
<p>President Fernando Henrique Cardoso asked Congress on Friday to approve adherence to the Nuclear Nonproliferation Treaty (NPT), ending Brazil's 27 years of resistance to the arms pact.</p>
<p>"This is an important moment for Brazil's international relations," he told officials after signing documents related to the treaty. "The accords signed here are a legally perfect guarantee that Brazil will not develop a nuclear weapon."</p>
<p>Brazil is one of only five nations that have not signed the NPT, which came into effect in 1970. The country was then a military dictatorship with secret nuclear ambitions.</p>
<p>Successive governments have refused to sign the treaty, saying it favoured established nuclear powers, which were not bound to give up their weapons. But Cardoso's administration, seeking to bury Brazil's isolationist past, sees adherence as another step toward raising the country's profile.</p>
<p>"Much has changed since the Cold War," Cardoso said in his speech. "There is ever-greater convergence of the objective of nuclear disarmament and nonproliferation. ... It was time we decided to influence the process from within."</p>
<p>He said he welcomed cuts to U.S. and Russian nuclear arsenals but the reductions should be sped up and be followed by other nuclear nations.</p>
<p>Brazil's 1988 constitution prohibited the use of nuclear power for nonpeaceful purposes and the country is a signatory of the 1994 Tlatelolco Treaty, which prohibited nuclear weapons throughout Latin America.</p>
<p>Friday's announcement came a day before Cardoso travels to New York for next week's special environment summit at the United Nations. Brazil has been lobbying long and hard for a seat on the Security Council if it is expanded in the future.</p>
</text>
<copyright>(c) Reuters Limited 1997</copyright>
<metadata>
<codes class="bip:countries:1.0">
  <code code="BRAZ">
    <editdetail action="confirmed" attribution="Reuters BIP Coding Group" date="1997-06-20"/>
  </code>
</codes>
<codes class="bip:topics:1.0">
  <code code="GCAT">
    <editdetail action="confirmed" attribution="Reuters BIP Coding Group" date="1997-06-20"/>
  </code>
  <code code="GDEF">
    <editdetail action="confirmed" attribution="Reuters BIP Coding Group" date="1997-06-20"/>
  </code>
  <code code="GDIP">
    <editdetail action="confirmed" attribution="Reuters BIP Coding Group" date="1997-06-20"/>
  </code>
</codes>
<dc element="dc.date.created" value="1997-06-20"/>
<dc element="dc.publisher" value="Reuters Holdings Plc"/>
<dc element="dc.date.published" value="1997-06-20"/>
<dc element="dc.source" value="Reuters"/>
<dc element="dc.creator.location" value="BRASILIA"/>
<dc element="dc.creator.location.country.name" value="BRAZIL"/>
<dc element="dc.source" value="Reuters"/>
</metadata>
</newsitem>
