<?xml version="1.0" encoding="ISO-8859-1" standalone="no"?>
<newsitem date="1997-06-20" id="root" itemid="676910" xml:lang="en">
<title>CANADA: Bank of Canada weekly assets and liabilities.</title>
<headline>Bank of Canada weekly assets and liabilities.</headline>
<text>
<p>DATE	ASSETS			  C$(million)	 CHANGE(C$million)</p>
<p>06/18    Total T-bills		   15,651	     186</p>
<p>	   3-years and under		3,463	     350</p>
<p>	   Over three years		 7,262	     148</p>
<p>	   Amount held under		  193	     193</p>
<p>	   purchase/resale agreements</p>
<p>	   Advances			     546	     286</p>
<p>		     TOTAL:		  28,680	     289</p>
<p>	    LIABILITIES</p>
<p>	   Notes in circulation	  27,700	     -54</p>
<p>	   C$ deposits:</p>
<p>	   Government of Canada		 8</p>
<p>	   Chartered banks		    412	     320</p>
<p>	   Other CPA members		    7	     -35</p>
<p>		     TOTAL:		  28,880	     289</p>
<p>Net completed securities transactions with the market: 0. Securities to be purchased under sale/repurchase agreements:0</p>
<p>	 ((Reuters Toronto bureau (416) 941-8100))</p>
</text>
<copyright>(c) Reuters Limited 1997</copyright>
<metadata>
<codes class="bip:countries:1.0">
  <code code="CANA">
    <editdetail action="confirmed" attribution="Reuters BIP Coding Group" date="1997-06-20"/>
  </code>
</codes>
<codes class="bip:topics:1.0">
  <code code="E12">
    <editdetail action="confirmed" attribution="Reuters BIP Coding Group" date="1997-06-20"/>
  </code>
  <code code="E121">
    <editdetail action="confirmed" attribution="Reuters BIP Coding Group" date="1997-06-20"/>
  </code>
  <code code="ECAT">
    <editdetail action="confirmed" attribution="Reuters BIP Coding Group" date="1997-06-20"/>
  </code>
  <code code="M12">
    <editdetail action="confirmed" attribution="Reuters BIP Coding Group" date="1997-06-20"/>
  </code>
  <code code="M13">
    <editdetail action="confirmed" attribution="Reuters BIP Coding Group" date="1997-06-20"/>
  </code>
  <code code="M131">
    <editdetail action="confirmed" attribution="Reuters BIP Coding Group" date="1997-06-20"/>
  </code>
  <code code="MCAT">
    <editdetail action="confirmed" attribution="Reuters BIP Coding Group" date="1997-06-20"/>
  </code>
</codes>
<dc element="dc.publisher" value="Reuters Holdings Plc"/>
<dc element="dc.date.published" value="1997-06-20"/>
<dc element="dc.source" value="Reuters"/>
<dc element="dc.creator.location.country.name" value="CANADA"/>
<dc element="dc.source" value="Reuters"/>
</metadata>
</newsitem>
