<?xml version="1.0" encoding="ISO-8859-1" standalone="no"?>
<newsitem date="1997-06-20" id="root" itemid="676697" xml:lang="en">
<title>USA: Cone sees Q2 in lower range of estimates.</title>
<headline>Cone sees Q2 in lower range of estimates.</headline>
<dateline>GREENSBORO, N.C. 1997-06-20</dateline>
<text>
<p>Cone Mills Corp said Friday that business conditions in the second half of 1997 may not improve as it had expected, and its second quarter results should be in the lower range of analysts' estimates.</p>
<p>Analysts estimates for the quarter are a loss of $0.03 per share, according to First Call.</p>
<p>The company reported earnings per share of $0.11 in the second quarter of 1996.</p>
<p>The company also said demand for its home furnishings fabrics has been less than expected, and it continues to experience poor operating results for its commission finishing division.</p>
<p>The company also said expected improvements in denim demand and its product mix have not yet developed for the third quarter, and operating schedules will be adjusted accordingly.</p>
</text>
<copyright>(c) Reuters Limited 1997</copyright>
<metadata>
<codes class="bip:countries:1.0">
  <code code="USA">
    <editdetail action="confirmed" attribution="Reuters BIP Coding Group" date="1997-06-20"/>
  </code>
</codes>
<codes class="bip:industries:1.0">
  <code code="I45300">
    <editdetail action="confirmed" attribution="Reuters BIP Coding Group" date="1997-06-20"/>
  </code>
</codes>
<codes class="bip:topics:1.0">
  <code code="C15">
    <editdetail action="confirmed" attribution="Reuters BIP Coding Group" date="1997-06-20"/>
  </code>
  <code code="C152">
    <editdetail action="confirmed" attribution="Reuters BIP Coding Group" date="1997-06-20"/>
  </code>
  <code code="CCAT">
    <editdetail action="confirmed" attribution="Reuters BIP Coding Group" date="1997-06-20"/>
  </code>
</codes>
<dc element="dc.date.created" value="1997-06-20"/>
<dc element="dc.publisher" value="Reuters Holdings Plc"/>
<dc element="dc.date.published" value="1997-06-20"/>
<dc element="dc.source" value="Reuters"/>
<dc element="dc.creator.location" value="GREENSBORO, N.C."/>
<dc element="dc.creator.location.country.name" value="USA"/>
<dc element="dc.source" value="Reuters"/>
</metadata>
</newsitem>
