<?xml version="1.0" encoding="ISO-8859-1" standalone="no"?>
<newsitem date="1997-06-20" id="root" itemid="675639" xml:lang="en">
<title>GHANA: Ghana cocoa processor votes out chairman-state TV.</title>
<headline>Ghana cocoa processor votes out chairman-state TV.</headline>
<dateline>ACCRA 1997-06-19</dateline>
<text>
<p>The board of one of Ghana's biggest cocoa processors, the part-German-owned West African Mills Company (WAMCO) in Takoradi, voted its chairman out of office on Thursday, state television reported.</p>
<p>The television gave no reason for the vote against Isaac Adjei-Maafo and did not name his successor. Adjei-Maafo was not available for comment but his wife told Reuters that the report was correct.</p>
<p>German company Walter Schroeder/Hosta has a 60 percent stake in WAMCO. The government of Ghana, through Ghana's Cocoa Marketing Board (COCOBOD), holds the remaining 40 percent.</p>
<p>In 1995, WAMCO processed 50,000 of cocoa beans into 20,000 tonnes of cocoa butter.</p>
<p>-- Abidjan newsroom +225 21 90 90</p>
</text>
<copyright>(c) Reuters Limited 1997</copyright>
<metadata>
<codes class="bip:countries:1.0">
  <code code="GHANA">
    <editdetail action="confirmed" attribution="Reuters BIP Coding Group" date="1997-06-20"/>
  </code>
</codes>
<codes class="bip:industries:1.0">
  <code code="I01001">
    <editdetail action="confirmed" attribution="Reuters BIP Coding Group" date="1997-06-20"/>
  </code>
  <code code="I0100144">
    <editdetail action="confirmed" attribution="Reuters BIP Coding Group" date="1997-06-20"/>
  </code>
  <code code="I42100">
    <editdetail action="confirmed" attribution="Reuters BIP Coding Group" date="1997-06-20"/>
  </code>
</codes>
<codes class="bip:topics:1.0">
  <code code="C41">
    <editdetail action="confirmed" attribution="Reuters BIP Coding Group" date="1997-06-20"/>
  </code>
  <code code="C411">
    <editdetail action="confirmed" attribution="Reuters BIP Coding Group" date="1997-06-20"/>
  </code>
  <code code="CCAT">
    <editdetail action="confirmed" attribution="Reuters BIP Coding Group" date="1997-06-20"/>
  </code>
</codes>
<dc element="dc.date.created" value="1997-06-19"/>
<dc element="dc.publisher" value="Reuters Holdings Plc"/>
<dc element="dc.date.published" value="1997-06-20"/>
<dc element="dc.source" value="Reuters"/>
<dc element="dc.creator.location" value="ACCRA"/>
<dc element="dc.creator.location.country.name" value="GHANA"/>
<dc element="dc.source" value="Reuters"/>
</metadata>
</newsitem>
