<?xml version="1.0" encoding="ISO-8859-1" standalone="no"?>
<newsitem date="1997-06-20" id="root" itemid="676031" xml:lang="en">
<title>SINGAPORE: Courts Singapore proposes bonus issue.</title>
<headline>Courts Singapore proposes bonus issue.</headline>
<dateline>SINGAPORE 1997-06-20</dateline>
<text>
<p>Furniture retailer Courts (Singapore) Ltd said on Friday it was proposing a one for two bonus issue.  </p>
<p>The company said in a statement the issue would lead to the creation of 53.63 million new Courts shares.</p>
<p>The purpose of the issue was to increase the capital base of the company and to reward members for their continued support, it added.</p>
<p>Courts reported a 2.43 percent rise in net profit for the year ended March 31, 1997 to Singapore $13.37 million.</p>
<p>-- Singapore newsroom (65 8703080)</p>
</text>
<copyright>(c) Reuters Limited 1997</copyright>
<metadata>
<codes class="bip:countries:1.0">
  <code code="SINGP">
    <editdetail action="confirmed" attribution="Reuters BIP Coding Group" date="1997-06-20"/>
  </code>
</codes>
<codes class="bip:industries:1.0">
  <code code="I64800">
    <editdetail action="confirmed" attribution="Reuters BIP Coding Group" date="1997-06-20"/>
  </code>
</codes>
<codes class="bip:topics:1.0">
  <code code="C17">
    <editdetail action="confirmed" attribution="Reuters BIP Coding Group" date="1997-06-20"/>
  </code>
  <code code="C171">
    <editdetail action="confirmed" attribution="Reuters BIP Coding Group" date="1997-06-20"/>
  </code>
  <code code="CCAT">
    <editdetail action="confirmed" attribution="Reuters BIP Coding Group" date="1997-06-20"/>
  </code>
</codes>
<dc element="dc.date.created" value="1997-06-20"/>
<dc element="dc.publisher" value="Reuters Holdings Plc"/>
<dc element="dc.date.published" value="1997-06-20"/>
<dc element="dc.source" value="Reuters"/>
<dc element="dc.creator.location" value="SINGAPORE"/>
<dc element="dc.creator.location.country.name" value="SINGAPORE"/>
<dc element="dc.source" value="Reuters"/>
</metadata>
</newsitem>
