<?xml version="1.0" encoding="ISO-8859-1" standalone="no"?>
<newsitem date="1997-06-20" id="root" itemid="675872" xml:lang="en">
<title>MEXICO: Mexico stocks end at yet another unofficial record.</title>
<headline>Mexico stocks end at yet another unofficial record.</headline>
<dateline>MEXICO CITY 1997-06-20</dateline>
<text>
<p>Mexican stocks surpassed all expectations to add yet more sharp gains to the recent bull run and chalk up another unofficial closing record on Friday.</p>
<p>Dealers and analysts said share prices soared as foreign capital poured into Mexico after a series of positive economic data was confirmed by further good news on the economic front.</p>
<p>Preliminary figures placed the leading IPC share index  .MXX up 83.15 points, or 1.91 percent, to an unofficial record of 4,436.82.</p>
<p>(( -- Mexico City newsroom +525 728-7907)).</p>
</text>
<copyright>(c) Reuters Limited 1997</copyright>
<metadata>
<codes class="bip:countries:1.0">
  <code code="MEX">
    <editdetail action="confirmed" attribution="Reuters BIP Coding Group" date="1997-06-20"/>
  </code>
</codes>
<codes class="bip:topics:1.0">
  <code code="M11">
    <editdetail action="confirmed" attribution="Reuters BIP Coding Group" date="1997-06-20"/>
  </code>
  <code code="MCAT">
    <editdetail action="confirmed" attribution="Reuters BIP Coding Group" date="1997-06-20"/>
  </code>
</codes>
<dc element="dc.date.created" value="1997-06-20"/>
<dc element="dc.publisher" value="Reuters Holdings Plc"/>
<dc element="dc.date.published" value="1997-06-20"/>
<dc element="dc.source" value="Reuters"/>
<dc element="dc.creator.location" value="MEXICO CITY"/>
<dc element="dc.creator.location.country.name" value="MEXICO"/>
<dc element="dc.source" value="Reuters"/>
</metadata>
</newsitem>
