<?xml version="1.0" encoding="ISO-8859-1" standalone="no"?>
<newsitem date="1997-06-20" id="root" itemid="675679" xml:lang="en">
<title>RUSSIA: Russian industry gas rate cut impact seen limited.</title>
<headline>Russian industry gas rate cut impact seen limited.</headline>
<byline>Mike Collett-White</byline>
<dateline>MOSCOW 1997-06-20</dateline>
<text>
<p>Russia's decision to lower natural gas tariffs by up to 40 percent for debt-plagued domestic enterprises may not be the boon to big energy users it appears, energy analysts said on Friday.</p>
<p>President Boris Yeltsin signed a decree "On Lowering Gas Prices for Russian Users" on Thursday. But details of the decree showed reductions would only apply to firms which had fully paid off their debts no later than December 31, 1997.</p>
<p>The presidential press service did not clarify which debts should be paid off, but Gazprom said on Friday the decree was referring to debts owed by domestic industries to the monopoly.</p>
<p>"For those consumers which liquidate their arrears to Gazprom and carry out payments (on time), RAO Gazprom will create a reduction (in gas tariffs)" Lira Rosenova, advisor to company chairman Rem Vyakhirev, said.</p>
<p>The presidential service also said consumers had to pay in cash, in advance, for supplies.</p>
<p>The tariff cut is part of a wider drive by Moscow's reformist economic heavyweights to reign in burgeoning debts which plague the giant energy sector.</p>
<p>The government has proposed share and bond issues, asset transfers and even bankruptcy to help force indebted Soviet-era oil, gas and electricity monoliths to cough up their tax and other debts.</p>
<p>Gazprom, the world's largest natural gas company, complains its customers cannot pay for supplies, in turn causing Gazprom to fall behind on payments to the government.</p>
<p>Gazprom welcomed the move to cut gas tariffs, saying it would help chip away at the mountainous arrears owed to it by the industrial sector.</p>
<p>"It is helpful for the consumers, because they receive gas at cheaper rates, helpful for us because we get money, and it is good for the budget because we pay taxes on what we receive," Rosenova said.</p>
<p>But analysts said the payment condition could dilute the impact of the tariff cuts significantly.</p>
<p>"Even with this incentive, a lot of big companies will not have the cash to pay off their debts by year-end," said Dan Lubash, managing director of Emerging Markets Europe at Merrill Lynch in London.</p>
<p>Stephen O'Sullivan, director of oil and gas at MC Securities Ltd in London, said the rate reduction was part of wider reform of Russia's archaic energy price system, whereby industrial users have been subsidising domestic consumers for many years.</p>
<p>"In the past the industry has subsidised domestic users," he said, adding domestic gas users were likely to face higher gas costs in future while industry price continued to fall.</p>
<p>Creditanstalt Investment Bank Russia estimated Russian companies owed Gazprom a massive 58 trillion roubles ($10.2 billion). It also said Gazprom receives payments for only 40 percent of all domestic sales.</p>
<p>Fuel and Energy Minister Boris Nemtsov has been charged with injecting more competition to Russia's so-called "natural monopolies", including the gas and power industries, where competition is almost non-existent.</p>
<p>He is also cracking down on tax and payment debtors in an attempt to bring federal budget income into line with spending.</p>
<p>First Deputy Fuel and Energy Minister Sergei Kiriyenko said on Tuesday that electricity stations belonging to national power giant Unified Energy System (UES) could be handed over to Gazprom to help pay of intercompany debts.</p>
<p>He said UES stations alone owed Gazprom around 35 trillion roubles ($6.1 billion). The power industry is a major industrial gas consumer.</p>
<p>Gazprom, with a third of the world's gas reserves, produced 565 billion cubic metres (bcm) of natural gas in 1996, up 5.2 bcm on 1995 levels. It accounts for around 95 percent of Russian gas output. Its non-CIS exports in 1996 were 123.5 bcm, up 6.1 bcm from 1995.</p>
<p>--Moscow Newsroom +7095 941 8520</p>
</text>
<copyright>(c) Reuters Limited 1997</copyright>
<metadata>
<codes class="bip:countries:1.0">
  <code code="RUSS">
    <editdetail action="confirmed" attribution="Reuters BIP Coding Group" date="1997-06-20"/>
  </code>
</codes>
<codes class="bip:industries:1.0">
  <code code="I13000">
    <editdetail action="confirmed" attribution="Reuters BIP Coding Group" date="1997-06-20"/>
  </code>
  <code code="I16100">
    <editdetail action="confirmed" attribution="Reuters BIP Coding Group" date="1997-06-20"/>
  </code>
</codes>
<codes class="bip:topics:1.0">
  <code code="C13">
    <editdetail action="confirmed" attribution="Reuters BIP Coding Group" date="1997-06-20"/>
  </code>
  <code code="CCAT">
    <editdetail action="confirmed" attribution="Reuters BIP Coding Group" date="1997-06-20"/>
  </code>
</codes>
<dc element="dc.date.created" value="1997-06-20"/>
<dc element="dc.publisher" value="Reuters Holdings Plc"/>
<dc element="dc.date.published" value="1997-06-20"/>
<dc element="dc.source" value="Reuters"/>
<dc element="dc.creator.location" value="MOSCOW"/>
<dc element="dc.creator.location.country.name" value="RUSSIA"/>
<dc element="dc.source" value="Reuters"/>
</metadata>
</newsitem>
