<?xml version="1.0" encoding="ISO-8859-1" standalone="no"?>
<newsitem date="1997-06-20" id="root" itemid="676840" xml:lang="en">
<title>UK: NWE gas oil stagnates, weighed down by rich margin.</title>
<headline>NWE gas oil stagnates, weighed down by rich margin.</headline>
<dateline>LONDON 1997-06-20</dateline>
<text>
<p>NWE gas oil stagnated on Friday as benchmark IPE gas oil futures oscillated around Thursday's closing levels and slack demand amid healthy supply kept premiums in negative territory, traders said.</p>
<p>July IPE gas oil was flat at $159.50 a tonne at 1140 GMT having spent most the morning some 50 cents under Thursday's close.</p>
<p>Traders said the market was very quiet with many buyers sidelined as they waited for the futures drop to bottom out.</p>
<p>"In 35 years of trading I can honestly say I have never seen such a quiet market," said one trader. "It's unbelievable."</p>
<p>In spite of recent lacklustre demand, falling crude prices have kept refinery margins at high levels encouraging refiners to keep production at full capacity, which traders said is further exacerbating the over-supply situation.</p>
<p>"I think the fact margins are so good is part of the problem," said another trader.</p>
<p>Heating oil barges were talked around July IPE -50 cents/flat fob ARA for June delivery.</p>
<p>Low sulphur barge premiums were slightly weaker at July IPE +$4.00/+$5.00 fob ARA.</p>
<p>Cargoes were similarly depressed. Russian premiums were talked around -$1.0/flat cif NWE, while German DIN was assessed roughly $1.0 to $1.50 above there.</p>
<p>EN590 was little changed with premiums quoted around $5.0/$6.0 cif NWE for June delivery.</p>
<p>-- London Newsroom, +44 171 542 7714</p>
</text>
<copyright>(c) Reuters Limited 1997</copyright>
<metadata>
<codes class="bip:countries:1.0">
  <code code="UK">
    <editdetail action="confirmed" attribution="Reuters BIP Coding Group" date="1997-06-20"/>
  </code>
</codes>
<codes class="bip:topics:1.0">
  <code code="M14">
    <editdetail action="confirmed" attribution="Reuters BIP Coding Group" date="1997-06-20"/>
  </code>
  <code code="M143">
    <editdetail action="confirmed" attribution="Reuters BIP Coding Group" date="1997-06-20"/>
  </code>
  <code code="MCAT">
    <editdetail action="confirmed" attribution="Reuters BIP Coding Group" date="1997-06-20"/>
  </code>
</codes>
<dc element="dc.date.created" value="1997-06-20"/>
<dc element="dc.publisher" value="Reuters Holdings Plc"/>
<dc element="dc.date.published" value="1997-06-20"/>
<dc element="dc.source" value="Reuters"/>
<dc element="dc.creator.location" value="LONDON"/>
<dc element="dc.creator.location.country.name" value="UK"/>
<dc element="dc.source" value="Reuters"/>
</metadata>
</newsitem>
