<?xml version="1.0" encoding="ISO-8859-1" standalone="no"?>
<newsitem date="1997-06-20" id="root" itemid="675709" xml:lang="en">
<title>ROMANIA: Philips in Romania street lights venture.</title>
<headline>Philips in Romania street lights venture.</headline>
<dateline>BUCHAREST 1997-06-20</dateline>
<text>
<p>The Netherlands' Philips Lighting Holding BV, a subsidiary of Philips Electronics, signed a $500,000 deal to set up a joint venture with a private Romanian manufacturer, officials said on Friday.</p>
<p>Philips teamed up with electrical appliance maker Elba SA, based in the western city of Timisoara. The Dutch company will be senior partners, with 55 percent in the new company, Philips &amp; Elba Street Lighting, which will employ 100 Romanians.</p>
<p>"The new company will have a share capital of $500,000 and will start production in October. We plan to win the entire street lighting market in Romania," Elba General Manager Gheorghe Cocean told a news conference in Timisoara, on the western border with Hungary and Yugoslavia.</p>
<p>Cocean said the new venture would also tap Philips' foreign markets to export its products. Elba, fully owned by its 2,400 employees, has 60 percent of Romania's street lighting.</p>
<p>-- Bucharest Newsroom 40-1 3120264</p>
</text>
<copyright>(c) Reuters Limited 1997</copyright>
<metadata>
<codes class="bip:countries:1.0">
  <code code="NETH">
    <editdetail action="confirmed" attribution="Reuters BIP Coding Group" date="1997-06-20"/>
  </code>
  <code code="ROM">
    <editdetail action="confirmed" attribution="Reuters BIP Coding Group" date="1997-06-20"/>
  </code>
</codes>
<codes class="bip:industries:1.0">
  <code code="I34000">
    <editdetail action="confirmed" attribution="Reuters BIP Coding Group" date="1997-06-20"/>
  </code>
</codes>
<codes class="bip:topics:1.0">
  <code code="C11">
    <editdetail action="confirmed" attribution="Reuters BIP Coding Group" date="1997-06-20"/>
  </code>
  <code code="CCAT">
    <editdetail action="confirmed" attribution="Reuters BIP Coding Group" date="1997-06-20"/>
  </code>
</codes>
<dc element="dc.date.created" value="1997-06-20"/>
<dc element="dc.publisher" value="Reuters Holdings Plc"/>
<dc element="dc.date.published" value="1997-06-20"/>
<dc element="dc.source" value="Reuters"/>
<dc element="dc.creator.location" value="BUCHAREST"/>
<dc element="dc.creator.location.country.name" value="ROMANIA"/>
<dc element="dc.source" value="Reuters"/>
</metadata>
</newsitem>
