<?xml version="1.0" encoding="ISO-8859-1" standalone="no"?>
<newsitem date="1997-06-20" id="root" itemid="676177" xml:lang="en">
<title>USA: PSA backs Senate finance panel tax package.</title>
<headline>PSA backs Senate finance panel tax package.</headline>
<dateline>WASHINGTON 1997-06-20</dateline>
<text>
<p>PSA The Bond Market Trade Association said Friday it backs the tax legislation approved by the Senate Finance Committee late Thursday.</p>
<p>"PSA supports the bill because it represents a balanced approach to balancing the federal budget, providing necessary tax relief without increasing the cost of capital for states, localities and corporations," Micah Green, PSA executive vice president, said in a telephone interview.</p>
<p>Green said his group is particularly pleased that the bill would not repeal the so-called de minimis exemption for corporate holdings of municipal bonds.</p>
<p>A bill cleared by the House Ways and Means Committee last week would scale back the de minimis exemption for corporate holdings of munis to a flat $1 million.</p>
<p>Muni lobbyists said the House panel bill would virtually gut the provision's usefulness for the market.</p>
<p>PSA also is pleased that the Senate committee measure does not include a controversial proposal by Sen. Daniel Patrick Moynihan, D-N.Y., to bar the use of tax-exempt bonds for construction of professional sports stadiums, Green said.</p>
<p>Another Moynihan idea that does appear in the Senate committee bill - but that does has PSA's blessing - would repeal the current $150 million limit on 501(c)(3) bond volume.</p>
<p>So-called 501(c)(3) bonds are issued by not-for-profit organizations other than hospitals, such as universities, nursing homes and museums. The federal government currently "caps" the total volume of such bonds that localities can issue at $150 million.</p>
<p>Ways and Means last week approved a more modest expansion of the volume cap to $200 million over five years.</p>
<p>Senate finance panel aides said they expect the committee's tax package to reach the Senate floor for a vote by June 27.</p>
<p>--Vicky Stamas, U.S. Municipals Desk, 202-898-8314</p>
</text>
<copyright>(c) Reuters Limited 1997</copyright>
<metadata>
<codes class="bip:countries:1.0">
  <code code="USA">
    <editdetail action="confirmed" attribution="Reuters BIP Coding Group" date="1997-06-20"/>
  </code>
</codes>
<codes class="bip:topics:1.0">
  <code code="E21">
    <editdetail action="confirmed" attribution="Reuters BIP Coding Group" date="1997-06-20"/>
  </code>
  <code code="E211">
    <editdetail action="confirmed" attribution="Reuters BIP Coding Group" date="1997-06-20"/>
  </code>
  <code code="ECAT">
    <editdetail action="confirmed" attribution="Reuters BIP Coding Group" date="1997-06-20"/>
  </code>
  <code code="GCAT">
    <editdetail action="confirmed" attribution="Reuters BIP Coding Group" date="1997-06-20"/>
  </code>
  <code code="GPOL">
    <editdetail action="confirmed" attribution="Reuters BIP Coding Group" date="1997-06-20"/>
  </code>
</codes>
<dc element="dc.date.created" value="1997-06-20"/>
<dc element="dc.publisher" value="Reuters Holdings Plc"/>
<dc element="dc.date.published" value="1997-06-20"/>
<dc element="dc.source" value="Reuters"/>
<dc element="dc.creator.location" value="WASHINGTON"/>
<dc element="dc.creator.location.country.name" value="USA"/>
<dc element="dc.source" value="Reuters"/>
</metadata>
</newsitem>
