<?xml version="1.0" encoding="ISO-8859-1" standalone="no"?>
<newsitem date="1997-06-20" id="root" itemid="675798" xml:lang="en">
<title>ROMANIA: ROMANIAN LEU 7,237 TO DLR ON JUNE 20 - BNR.</title>
<headline>ROMANIAN LEU 7,237 TO DLR ON JUNE 20 - BNR.</headline>
<dateline>BUCHAREST 1997-06-20</dateline>
<text>
<p>Romania's central bank (BNR) said on Friday it had calculated the indicative rate of the local leu currency at 7,237 to the dollar for June 20.</p>
<p>The rate, which is not compulsory for book-keeping operations or inter-bank deals, is used by the finance ministry, customs authorities, prosecutors' offices and police as well as for statistical purposes.</p>
<p>It is computed daily, based on prices quoted by commercial banks operating on Romania's foreign exchange market. The rate was 7,231 lei to the dollar on Thursday.</p>
<p>-- Bucharest Newsroom 40-1 3120264</p>
</text>
<copyright>(c) Reuters Limited 1997</copyright>
<metadata>
<codes class="bip:countries:1.0">
  <code code="ROM">
    <editdetail action="confirmed" attribution="Reuters BIP Coding Group" date="1997-06-20"/>
  </code>
</codes>
<codes class="bip:topics:1.0">
  <code code="M13">
    <editdetail action="confirmed" attribution="Reuters BIP Coding Group" date="1997-06-20"/>
  </code>
  <code code="M132">
    <editdetail action="confirmed" attribution="Reuters BIP Coding Group" date="1997-06-20"/>
  </code>
  <code code="MCAT">
    <editdetail action="confirmed" attribution="Reuters BIP Coding Group" date="1997-06-20"/>
  </code>
</codes>
<dc element="dc.date.created" value="1997-06-20"/>
<dc element="dc.publisher" value="Reuters Holdings Plc"/>
<dc element="dc.date.published" value="1997-06-20"/>
<dc element="dc.source" value="Reuters"/>
<dc element="dc.creator.location" value="BUCHAREST"/>
<dc element="dc.creator.location.country.name" value="ROMANIA"/>
<dc element="dc.source" value="Reuters"/>
</metadata>
</newsitem>
