<?xml version="1.0" encoding="ISO-8859-1" standalone="no"?>
<newsitem date="1997-06-20" id="root" itemid="675729" xml:lang="en">
<title>BOSNIA: Bildt leaves Bosnia post without triumph.</title>
<headline>Bildt leaves Bosnia post without triumph.</headline>
<byline>Dan De Luce</byline>
<dateline>SARAJEVO 1997-06-20</dateline>
<text>
<p>International envoy Carl Bildt leaves his post in Bosnia having failed to bring the Balkan country much closer to a stable peace but with his political career still intact.</p>
<p>After 18 gruelling months trying to persaude former warring factions to abide by a peace treaty, Bildt stepped down this week as the major powers' High Representative to Bosnia to return to Swedish politics.</p>
<p>The former Swedish prime minister managed to preserve his popularity at home, but to his critics in Bosnia he was the symbol of an uncaring and apprehensive world.</p>
<p>His aides say Bildt's hands were tied because the post lacked any real power and the United States often pursued its own initiatives without consulting Bildt or European governments.</p>
<p>Bildt's advice to his successor, former Spanish U.N. ambassador Carlos Westendorp, will probably include a warning to avoid being caught in trans-Atlantic disputes.</p>
<p>With limited authority and funds, Bildt had to rely on moral argument as he tried to carry out the daunting task of overseeing the civilian side of the Dayton peace agreement.</p>
<p>Bildt, 48, said his "single greatest failure" came at the beginning of his tenure when Serb-held suburbs around Sarajevo were handed over amid an orgy of looting, arson and an exodus of Serb residents.</p>
<p>Sarajevo's multi-ethnic character suffered a major blow as a result. Bildt's staff complained that the treaty provided no clear plan for the transition and that nationalist leaders did nothing to try to halt the Serb exodus.</p>
<p>Bosnian Moslem leaders viewed Bildt with some suspicion, partly because of his friendly ties to the former Conservative government in Britain which opposed Western military intervention during the war.</p>
<p>The hardline Serb leadership, particularly indicted war criminal Radovan Karadzic, were a constant source of irritation for Bildt.</p>
<p>Last May, Bildt promoted a pragmatic rival to Karadzic but the attempt failed miserably. Bildt's announcement that he had succeeded in removing Karadzic from office turned out to be premature.</p>
<p>It was not until U.S. envoy Richard Holbrooke, the architect of the Dayton treaty, stepped in that Karadzic at last quit public office under heavy international pressure.</p>
<p>Bildt said that Western governments never gave him "the means to solve the war crimes issue" and he lobbied privately for the arrest of suspects who are blocking the country's reunification.</p>
<p>Like other mediators who worked in the Balkans, Bildt left without achieving any clear breakthroughs but full of warnings about a dangerous future.</p>
<p>He said the country will slip back into war unless the NATO-led peace force extends its mission beyond June 1998 and indicted war criminals are brought to justice.</p>
<p>At his last news conference, Bildt delivered a parting shot at the United States which had sometimes made him look impotent.</p>
<p>"Peace making is not a question of quick fixes, one-liners and photo opportunites. Peace making is the result of persistence and patience of those working on the ground," he said.</p>
</text>
<copyright>(c) Reuters Limited 1997</copyright>
<metadata>
<codes class="bip:countries:1.0">
  <code code="BSHZG">
    <editdetail action="confirmed" attribution="Reuters BIP Coding Group" date="1997-06-20"/>
  </code>
  <code code="CRTIA">
    <editdetail action="confirmed" attribution="Reuters BIP Coding Group" date="1997-06-20"/>
  </code>
  <code code="SPAIN">
    <editdetail action="confirmed" attribution="Reuters BIP Coding Group" date="1997-06-20"/>
  </code>
  <code code="SWED">
    <editdetail action="confirmed" attribution="Reuters BIP Coding Group" date="1997-06-20"/>
  </code>
  <code code="USA">
    <editdetail action="confirmed" attribution="Reuters BIP Coding Group" date="1997-06-20"/>
  </code>
  <code code="YUG">
    <editdetail action="confirmed" attribution="Reuters BIP Coding Group" date="1997-06-20"/>
  </code>
</codes>
<codes class="bip:topics:1.0">
  <code code="GCAT">
    <editdetail action="confirmed" attribution="Reuters BIP Coding Group" date="1997-06-20"/>
  </code>
  <code code="GDIP">
    <editdetail action="confirmed" attribution="Reuters BIP Coding Group" date="1997-06-20"/>
  </code>
  <code code="GPRO">
    <editdetail action="confirmed" attribution="Reuters BIP Coding Group" date="1997-06-20"/>
  </code>
  <code code="GVIO">
    <editdetail action="confirmed" attribution="Reuters BIP Coding Group" date="1997-06-20"/>
  </code>
</codes>
<dc element="dc.date.created" value="1997-06-20"/>
<dc element="dc.publisher" value="Reuters Holdings Plc"/>
<dc element="dc.date.published" value="1997-06-20"/>
<dc element="dc.source" value="Reuters"/>
<dc element="dc.creator.location" value="SARAJEVO"/>
<dc element="dc.creator.location.country.name" value="BOSNIA"/>
<dc element="dc.source" value="Reuters"/>
</metadata>
</newsitem>
