<?xml version="1.0" encoding="ISO-8859-1" standalone="no"?>
<newsitem date="1997-06-20" id="root" itemid="675861" xml:lang="en">
<title>MEXICO: Mexico outlines corn sales subsidies for '97 crop.</title>
<headline>Mexico outlines corn sales subsidies for '97 crop.</headline>
<dateline>MEXICO CITY 1997-06-20</dateline>
<text>
<p>Mexico's Agriculture Ministry outlined Friday a subsidy mechanism it has put in place to facilitate corn sales between growers and millers from this 1996-1997 autumn-winter crop.</p>
<p>Via the government's Official Gazette, the ministry said the government will pay support to growers worked out from the difference between the set producer floor price in each state and a reference price calculated by the government staples agency Conasupo based on CBOT futures prices.</p>
<p>Premium prices will also be paid to growers on proof that millers paid above floor levels for quality grain, the ministry added. Maximum premiums will be 25 pesos per tonne for corn with 0.0 percent and 3.3 percent damage.</p>
<p>Also, premiums will be paid to millers of 112.50 pesos per tonne for every tonne bought over and above millers' needs in the May 1-Sept 30 period, the ministry said. The government has set a ceiling of 959,488 tonnes for corn that is subject to the millers' premium.</p>
<p>Mexico has initiated a number of subsidy mechanisms to facilitate internal grains transactions between growers and millers. It sets floor prices for growers in each state via Conasupo, which guarantees all corn grown will be sold.</p>
<p>Mexico's autumn-winter cycle refers to the planting period. Grains are harvested in the summer months.</p>
<p>((--Chris Aspin, Mexico City newsroom +525 7289530))</p>
</text>
<copyright>(c) Reuters Limited 1997</copyright>
<metadata>
<codes class="bip:countries:1.0">
  <code code="MEX">
    <editdetail action="confirmed" attribution="Reuters BIP Coding Group" date="1997-06-20"/>
  </code>
</codes>
<codes class="bip:topics:1.0">
  <code code="M14">
    <editdetail action="confirmed" attribution="Reuters BIP Coding Group" date="1997-06-20"/>
  </code>
  <code code="M141">
    <editdetail action="confirmed" attribution="Reuters BIP Coding Group" date="1997-06-20"/>
  </code>
  <code code="MCAT">
    <editdetail action="confirmed" attribution="Reuters BIP Coding Group" date="1997-06-20"/>
  </code>
</codes>
<dc element="dc.date.created" value="1997-06-20"/>
<dc element="dc.publisher" value="Reuters Holdings Plc"/>
<dc element="dc.date.published" value="1997-06-20"/>
<dc element="dc.source" value="Reuters"/>
<dc element="dc.creator.location" value="MEXICO CITY"/>
<dc element="dc.creator.location.country.name" value="MEXICO"/>
<dc element="dc.source" value="Reuters"/>
</metadata>
</newsitem>
