<?xml version="1.0" encoding="ISO-8859-1" standalone="no"?>
<newsitem date="1997-06-20" id="root" itemid="675952" xml:lang="en">
<title>Singapore: Asia Gas Oil/Jet - Diesel steady, jet fuel firm.</title>
<headline>Asia Gas Oil/Jet - Diesel steady, jet fuel firm.</headline>
<dateline>SINGAPORE 1997-06-20</dateline>
<text>
<p>Singapore gas oil market was steady on Friday on perception that regional buyers were encouraged to buy at current low prices, while jet fuel continued to rise in a contango market, traders said.</p>
<p>But traders noted that an upswing in gas oil prices would be curbed by abundant supplies even as China was seen as a potential buyer at current values.</p>
<p>A European major, who has been a physical seller for most of this week on Friday sold a 150,000-barrel parcel of gas oil to a US major at $21.50 per barrel for July 5-9 lifting, free-on-board (fob) Singapore basis.  </p>
<p>This was 10 cents lower than the European major's sale to a Chinese trader on Thursday.</p>
<p>Traders were now concerned that Indonesia's demand for July and August were limited to three million barrels per month, despite scheduled shutdowns at two refineries, as they were said to have sufficient gas oil stocks.</p>
<p>Initial estimates placed Indonesia's monthly requirements at more than four million barrels.</p>
<p>Taiwan has issued a tender to buy 0.3-percent sulphur gas oil for July 23-27 lifting, which closes on June 26.  </p>
<p>The spot tender was in place of a scheduled term export tender for second half 1997 liftings, which has been deferred until after August because of current low regional prices.</p>
<p>Swaps gas oil for July gained 25 cents per barrel from Thursday, while August rose 15 cents on good buying support especially from a major.</p>
<p>The renewed confidence in the front month prompted the July/August time spread to narrow to minus 50 cents from minus 60 cents.  </p>
<p>Jet fuel was discussed higher with two sellers--a Chinese trader and a European major--offering at $24.00 for the front and back end of July respectively. Bids came from a Singapore trader at $23.40 and $23.50 for early July and mid-July respectively, but nothing was traded.</p>
<p>Traders said jet fuel's strength was sustained by talk that Indonesia would take more than two million barrels in July, more than its normal one million barrels.  </p>
<p>(Prices in dollars per barrel)  MTH FOB SIN		     BUY/SELL     PREV BUY/SELL</p>
<p> JUN JET KEROSENE/KERO     23.40/24.00	 23.10/23.70</p>
<p> JUN GAS OIL 0.5% S	  21.40/21.60	 21.40/21.60</p>
<p> JUL JET/GAS OIL SWAPS	1.00/1.30	   1.00/1.30</p>
<p> JUL GAS OIL SWAPS	   22.20/22.35	 21.95/22.05</p>
<p> AUG GAS OIL SWAPS	   22.70/22.85	 22.55/22.65</p>
<p>-- Singapore Newsroom (+65-870 3084)</p>
</text>
<copyright>(c) Reuters Limited 1997</copyright>
<metadata>
<codes class="bip:countries:1.0">
  <code code="SINGP">
    <editdetail action="confirmed" attribution="Reuters BIP Coding Group" date="1997-06-20"/>
  </code>
</codes>
<codes class="bip:topics:1.0">
  <code code="M14">
    <editdetail action="confirmed" attribution="Reuters BIP Coding Group" date="1997-06-20"/>
  </code>
  <code code="M143">
    <editdetail action="confirmed" attribution="Reuters BIP Coding Group" date="1997-06-20"/>
  </code>
  <code code="MCAT">
    <editdetail action="confirmed" attribution="Reuters BIP Coding Group" date="1997-06-20"/>
  </code>
</codes>
<dc element="dc.date.created" value="1997-06-20"/>
<dc element="dc.publisher" value="Reuters Holdings Plc"/>
<dc element="dc.date.published" value="1997-06-20"/>
<dc element="dc.source" value="Reuters"/>
<dc element="dc.creator.location" value="SINGAPORE"/>
<dc element="dc.creator.location.country.name" value="SINGAPORE"/>
<dc element="dc.source" value="Reuters"/>
</metadata>
</newsitem>
