<?xml version="1.0" encoding="ISO-8859-1" standalone="no"?>
<newsitem date="1997-06-20" id="root" itemid="675538" xml:lang="en">
<title>CANADA: Protectionism growing in G7, Canada poll finds.</title>
<headline>Protectionism growing in G7, Canada poll finds.</headline>
<byline>Paul Simao</byline>
<dateline>TORONTO 1997-06-20</dateline>
<text>
<p>Most people in the Group of Seven industrialized nations (G7) see protectionism rather than liberalized trade as the best route to national prosperity, according to an international survey released on Friday.</p>
<p>The poll by the Canada-based Angus Reid group, released as G7 leaders and Russian President Boris Yeltsin met in Denver for the annual summit of industrialized nations, showed a protectionist tide in four of the G7 countries surveyed.</p>
<p>A majority of respondents in the United States, Britain, France and Italy favored protectionist policies.</p>
<p>The survey showed 53 percent of Americans supporting protectionism, versus 41 percent backing freer trade.</p>
<p>"The United States, which has been one of the world's biggest free traders, now has a majority of the population wanting to close the borders," said Darrell Bricker, senior vice-president of public affairs with Angus Reid.</p>
<p>"That is really surprising when you consider how aggressive the U.S government has been in pursuing trade," Bricker said.</p>
<p>Among Canadians, 46 percent backed protectionism and 48 favored more liberalized trade.</p>
<p>Only Japan, Germany and Russia, which was included in the poll, showed a larger number of people supporting expanded trade.</p>
<p>Russians were the strongest supporters of liberalized trade, with 60 percent in favor. Fifty-nine percent of Japanese respondents supported liberalized trade, versus 37 percent for protectionism.</p>
<p>"The degree of diversity that exists on the issue of trade among the players at the table this weekend is really surprising," said Bricker.</p>
<p>The poll surveyed 3,207 people in eight countries in March. Canadian and U.S. samples had a margin of error of plus or minus 3 percent, 19 times out of 20. The  rest had a 7 percent margin of error 19 times out of 20.</p>
<p>Asked about the outlook for future generations, only American and British respondents agreed their children would be better off than they were.</p>
<p>Among Canadians, 53 percent thought their children faced a poorer future.</p>
<p>Eighty percent of Canadian respondents said opportunities for young people seemed to be getting bleaker.</p>
<p>Analysts said, however, that Canada's chronic unemployment, which has hovered around 10 percent for years, had colored the poll results.</p>
</text>
<copyright>(c) Reuters Limited 1997</copyright>
<metadata>
<codes class="bip:countries:1.0">
  <code code="CANA">
    <editdetail action="confirmed" attribution="Reuters BIP Coding Group" date="1997-06-20"/>
  </code>
  <code code="GSEVEN">
    <editdetail action="confirmed" attribution="Reuters BIP Coding Group" date="1997-06-20"/>
  </code>
  <code code="RUSS">
    <editdetail action="confirmed" attribution="Reuters BIP Coding Group" date="1997-06-20"/>
  </code>
  <code code="USA">
    <editdetail action="confirmed" attribution="Reuters BIP Coding Group" date="1997-06-20"/>
  </code>
</codes>
<codes class="bip:topics:1.0">
  <code code="E51">
    <editdetail action="confirmed" attribution="Reuters BIP Coding Group" date="1997-06-20"/>
  </code>
  <code code="E512">
    <editdetail action="confirmed" attribution="Reuters BIP Coding Group" date="1997-06-20"/>
  </code>
  <code code="ECAT">
    <editdetail action="confirmed" attribution="Reuters BIP Coding Group" date="1997-06-20"/>
  </code>
  <code code="GCAT">
    <editdetail action="confirmed" attribution="Reuters BIP Coding Group" date="1997-06-20"/>
  </code>
  <code code="GDIP">
    <editdetail action="confirmed" attribution="Reuters BIP Coding Group" date="1997-06-20"/>
  </code>
</codes>
<dc element="dc.date.created" value="1997-06-20"/>
<dc element="dc.publisher" value="Reuters Holdings Plc"/>
<dc element="dc.date.published" value="1997-06-20"/>
<dc element="dc.source" value="Reuters"/>
<dc element="dc.creator.location" value="TORONTO"/>
<dc element="dc.creator.location.country.name" value="CANADA"/>
<dc element="dc.source" value="Reuters"/>
</metadata>
</newsitem>
