<?xml version="1.0" encoding="ISO-8859-1" standalone="no"?>
<newsitem date="1997-06-20" id="root" itemid="677115" xml:lang="en">
<title>USA: Assets of U.S. money market funds fell in week.</title>
<headline>Assets of U.S. money market funds fell in week.</headline>
<dateline>WASHINGTON 1997-06-19</dateline>
<text>
<p>Total money market mutual fund assets in the week ended June 18 fell to $963.62 billion from $969.46 billion the prior week, an industry trade group said Thursday.</p>
<p>The Investment Company Institute said assets of the nation's 664 retail money market mutual funds fell $1.50 billion to $642.26 billion in the week. Of the retail funds, assets of the 403 taxable money market funds fell $1.23 billion to $527.63 billion, while assets of the 261 tax-exempt funds fell $265.2 million to $114.63 billion, the group said.</p>
<p>ICI said assets of the 324 institutional money market funds fell $4.34 billion to $321.36 billion. Of these, assets of the 262 taxable money market funds decreased $4.57 billion to $287.31 billion, while assets of the 62 tax-exempt funds grew $228.6 million to $34.05 billion, it said.</p>
</text>
<copyright>(c) Reuters Limited 1997</copyright>
<metadata>
<codes class="bip:countries:1.0">
  <code code="USA">
    <editdetail action="confirmed" attribution="Reuters BIP Coding Group" date="1997-06-20"/>
  </code>
</codes>
<codes class="bip:industries:1.0">
  <code code="I81502">
    <editdetail action="confirmed" attribution="Reuters BIP Coding Group" date="1997-06-20"/>
  </code>
</codes>
<codes class="bip:topics:1.0">
  <code code="C15">
    <editdetail action="confirmed" attribution="Reuters BIP Coding Group" date="1997-06-20"/>
  </code>
  <code code="C151">
    <editdetail action="confirmed" attribution="Reuters BIP Coding Group" date="1997-06-20"/>
  </code>
  <code code="CCAT">
    <editdetail action="confirmed" attribution="Reuters BIP Coding Group" date="1997-06-20"/>
  </code>
</codes>
<dc element="dc.date.created" value="1997-06-19"/>
<dc element="dc.publisher" value="Reuters Holdings Plc"/>
<dc element="dc.date.published" value="1997-06-20"/>
<dc element="dc.source" value="Reuters"/>
<dc element="dc.creator.location" value="WASHINGTON"/>
<dc element="dc.creator.location.country.name" value="USA"/>
<dc element="dc.source" value="Reuters"/>
</metadata>
</newsitem>
