<?xml version="1.0" encoding="ISO-8859-1" standalone="no"?>
<newsitem date="1997-06-20" id="root" itemid="676941" xml:lang="en">
<title>LEBANON: Banque Audi keeps falling in Beirut.</title>
<headline>Banque Audi keeps falling in Beirut.</headline>
<dateline>BEIRUT 1997-06-20</dateline>
<text>
<p>Banque Audi continued falling on Friday after jumping to a record high in mid-week on the Beirut Stock Exchange.</p>
<p>Trade was mixed in increased volume with one share rising, three falling and three unchanged. There was no trade in three other shares.</p>
<p>Audi fell to $24.875 from Thursday's $25.00. It had touched a high of $25.125 a day earlier.</p>
<p>Banque Libanaise pour le Commerce climbed to $18.5 from $18.125 on Thursday and Bank of Beirut was unchanged.</p>
<p>Solidere A shares fell to $10.25 from $10.375. Solidere B were unchanged at $10.75. The shares traded in heavy demand.</p>
<p>The LIBX bank index rose 0.52 percent to 158.73. The LISPI general index fell 1.24 percent to 88.33 and the BLOM general index fell 0.59 percent to 923.49.</p>
<p>Market turnover rose to 219,781 shares for a value of $2,035,042 from 173,826 shares at $2,879,103.</p>
<p>Of the four industrial companies, Ciments Libanais was unchanged at $1.281 on turnover of 13,700 shares.</p>
<p>Ciment Blancs fell to $4.125 on trade of 1,500 shares from $4.75 when last traded on May 29. There was no trade in Eternit and Uniceramic.</p>
<p>-- Beirut editorial (9611) 745307 745308 602057</p>
</text>
<copyright>(c) Reuters Limited 1997</copyright>
<metadata>
<codes class="bip:countries:1.0">
  <code code="LEBAN">
    <editdetail action="confirmed" attribution="Reuters BIP Coding Group" date="1997-06-20"/>
  </code>
</codes>
<codes class="bip:topics:1.0">
  <code code="M11">
    <editdetail action="confirmed" attribution="Reuters BIP Coding Group" date="1997-06-20"/>
  </code>
  <code code="MCAT">
    <editdetail action="confirmed" attribution="Reuters BIP Coding Group" date="1997-06-20"/>
  </code>
</codes>
<dc element="dc.date.created" value="1997-06-20"/>
<dc element="dc.publisher" value="Reuters Holdings Plc"/>
<dc element="dc.date.published" value="1997-06-20"/>
<dc element="dc.source" value="Reuters"/>
<dc element="dc.creator.location" value="BEIRUT"/>
<dc element="dc.creator.location.country.name" value="LEBANON"/>
<dc element="dc.source" value="Reuters"/>
</metadata>
</newsitem>
