<?xml version="1.0" encoding="ISO-8859-1" standalone="no"?>
<newsitem date="1997-06-20" id="root" itemid="677211" xml:lang="en">
<title>BELGIUM: Antwerp to embark on major dredging programme.</title>
<headline>Antwerp to embark on major dredging programme.</headline>
<dateline>BRUSSELS 1997-06-20</dateline>
<text>
<p>A dredging programme to deepen access to the Port of Antwerp so that the world's largest container vessels can dock will start in July, the Antwerp Port Authority said in a statement on Friday.</p>
<p>The programme can now go ahead after Dutch legislative approval of the deepening of the river Scheldt which runs from the North Sea through Dutch territory into Belgium, it said.</p>
<p>The authority said the dredging was of vital importance to Antwerp, Europe's second port in terms of overall traffic volumes and the continent's third largest container port.</p>
<p>"The programme will make Antwerp even more attractive as a mainport for the largest container shipping companies in the world," it quoted the authority's president Leo Delwaide as saying. "We are now decreasing the tidal restrictions for deep-drawing vessels."</p>
<p>-- Brussels Newsroom +32 2 287 6810, Fax +32 2 230 7710</p>
</text>
<copyright>(c) Reuters Limited 1997</copyright>
<metadata>
<codes class="bip:countries:1.0">
  <code code="BELG">
    <editdetail action="confirmed" attribution="Reuters BIP Coding Group" date="1997-06-20"/>
  </code>
</codes>
<codes class="bip:industries:1.0">
  <code code="I50200">
    <editdetail action="confirmed" attribution="Reuters BIP Coding Group" date="1997-06-20"/>
  </code>
  <code code="I5020017">
    <editdetail action="confirmed" attribution="Reuters BIP Coding Group" date="1997-06-20"/>
  </code>
  <code code="I76300">
    <editdetail action="confirmed" attribution="Reuters BIP Coding Group" date="1997-06-20"/>
  </code>
</codes>
<codes class="bip:topics:1.0">
  <code code="C24">
    <editdetail action="confirmed" attribution="Reuters BIP Coding Group" date="1997-06-20"/>
  </code>
  <code code="CCAT">
    <editdetail action="confirmed" attribution="Reuters BIP Coding Group" date="1997-06-20"/>
  </code>
</codes>
<dc element="dc.date.created" value="1997-06-20"/>
<dc element="dc.publisher" value="Reuters Holdings Plc"/>
<dc element="dc.date.published" value="1997-06-20"/>
<dc element="dc.source" value="Reuters"/>
<dc element="dc.creator.location" value="BRUSSELS"/>
<dc element="dc.creator.location.country.name" value="BELGIUM"/>
<dc element="dc.source" value="Reuters"/>
</metadata>
</newsitem>
