<?xml version="1.0" encoding="ISO-8859-1" standalone="no"?>
<newsitem date="1997-06-20" id="root" itemid="675576" xml:lang="en">
<title>SOUTH AFRICA: Amcoal looks forward to rise in 97/98 EPS.</title>
<headline>Amcoal looks forward to rise in 97/98 EPS.</headline>
<dateline>JOHANNESBURG 1997-06-20</dateline>
<text>
<p>South Africa's Anglo American Coal Corp Ltd, one of the world's biggest coal producers, is expected to show a marginal improvement in earnings for the current year ending March 31, 1998, the South African group said on Friday.</p>
<p>Chairman David Rankin said in his annual review that although export tonnage were seen rising in the year, prices in U.S. dollars are forecast to be slightly lower.</p>
<p>"Assuming a relatively unchanged rand/U.S. dollar exchange rate, some reduction in export earnings can thus be anticipated," Rankin said.</p>
<p>Increased tonnages were anticipated from collieries supplying electricity utility Eskom and the inland market.</p>
<p>He said that Amcoal's Verref division, which produces refractories and building products including clay pipes and tiles, was forecast to show better earnings due to improving market conditions, increased efficiencies and the introduction of new products.</p>
<p>"With this operational background and with interest income expected to be higher, it is anticiapted that Amcoal's earnings for the year ahead will show a marginal improvement," Rankin said.</p>
<p>In the year to March 31, 1997 Amcoal's earnings rose 30 percent to 3,459.8 cents a share. It declared a dividend of 1,320.0 cents per unit.</p>
<p>-- Johannesburg newsroom 27 11 482 1003</p>
</text>
<copyright>(c) Reuters Limited 1997</copyright>
<metadata>
<codes class="bip:countries:1.0">
  <code code="SAFR">
    <editdetail action="confirmed" attribution="Reuters BIP Coding Group" date="1997-06-20"/>
  </code>
</codes>
<codes class="bip:industries:1.0">
  <code code="I11000">
    <editdetail action="confirmed" attribution="Reuters BIP Coding Group" date="1997-06-20"/>
  </code>
</codes>
<codes class="bip:topics:1.0">
  <code code="C15">
    <editdetail action="confirmed" attribution="Reuters BIP Coding Group" date="1997-06-20"/>
  </code>
  <code code="C152">
    <editdetail action="confirmed" attribution="Reuters BIP Coding Group" date="1997-06-20"/>
  </code>
  <code code="CCAT">
    <editdetail action="confirmed" attribution="Reuters BIP Coding Group" date="1997-06-20"/>
  </code>
</codes>
<dc element="dc.date.created" value="1997-06-20"/>
<dc element="dc.publisher" value="Reuters Holdings Plc"/>
<dc element="dc.date.published" value="1997-06-20"/>
<dc element="dc.source" value="Reuters"/>
<dc element="dc.creator.location" value="JOHANNESBURG"/>
<dc element="dc.creator.location.country.name" value="SOUTH AFRICA"/>
<dc element="dc.source" value="Reuters"/>
</metadata>
</newsitem>
