<?xml version="1.0" encoding="ISO-8859-1" standalone="no"?>
<newsitem date="1997-06-20" id="root" itemid="675594" xml:lang="en">
<title>COTE D'IVOIRE: PRESS DIGEST - Ivory Coast - June 20.</title>
<headline>PRESS DIGEST - Ivory Coast - June 20.</headline>
<dateline>ABIDJAN 1997-06-20</dateline>
<text>
<p>These are significant items in the Ivorian press on Friday. Reuters has not verified these items and does not vouch for their accuracy.</p>
<p>FRATERNITE MATIN</p>
<p>- Classes resume at Cocody University in Ivory Coast's commercial capital Abidjan despite attacks by students who want to prolong a boycott of classes.</p>
<p>- Turnover of insurers CICA-RE (La Compagnie Commune de Reassurance des 12 etats African Francophone de la zone franc) rose 10.68 percent in 1996 financial year, thanks to restructuring and other reforms, its chairman says.</p>
<p>LA VOIE</p>
<p>- Veteran opposition leader Laurent Gbagbo says in an interview that his Ivorian Popular Front has taken note of President Henri Konan Bedie's stated desire to form a broad-based government but says this is not the focus of debate within the party; says that in any case the real issue is what such a government will do</p>
<p>LE JOUR</p>
<p>- Security forces deploy on Cocody University campus after clashes between students for and against a resumption of classes in dispute over examinations, latest in string of grievances - Ivory Coast's arbitration court CACI will start operating in July, offering the business world an alternative way of settling disputes, its secretary general Narcisse Aka says; businessmen and women and lawyers attend seminar on the workings of the court.</p>
<p>(1$=590 CFA)</p>
<p>-- Abidjan newsroom +225 21 90 90</p>
</text>
<copyright>(c) Reuters Limited 1997</copyright>
<metadata>
<codes class="bip:countries:1.0">
  <code code="ICST">
    <editdetail action="confirmed" attribution="Reuters BIP Coding Group" date="1997-06-20"/>
  </code>
</codes>
<codes class="bip:topics:1.0">
  <code code="GCAT">
    <editdetail action="confirmed" attribution="Reuters BIP Coding Group" date="1997-06-20"/>
  </code>
</codes>
<dc element="dc.date.created" value="1997-06-20"/>
<dc element="dc.publisher" value="Reuters Holdings Plc"/>
<dc element="dc.date.published" value="1997-06-20"/>
<dc element="dc.source" value="Reuters"/>
<dc element="dc.creator.location" value="ABIDJAN"/>
<dc element="dc.creator.location.country.name" value="COTE D'IVOIRE"/>
<dc element="dc.source" value="Reuters"/>
</metadata>
</newsitem>
