<?xml version="1.0" encoding="ISO-8859-1" standalone="no"?>
<newsitem date="1997-06-20" id="root" itemid="676744" xml:lang="en">
<title>USA: Rutherford-Moran has 2 more Thai finds.</title>
<headline>Rutherford-Moran has 2 more Thai finds.</headline>
<dateline>HOUSTON 1997-06-19</dateline>
<text>
<p>Rutherford-Moran Oil Corp said Thursday two exploratory wells drilled in the Maliwan area of its Block B8/32 concession in the Gulf of Thailand yielded significant accumulations of oil and natural gas.</p>
<p>The Maliwan area is located along a graben system, a long narrow area that has subsided between two adjacent faults. This area is situated between Rutherford-Moran's production at Tantawan Field and its impending development at Benchamas Field.  </p>
<p>At Maliwan 1, drilled eight kilometers south of Rutherford-Moran's successful Benchamas 8 well, the company encountered about 110 feet of net pay. The well was drilled to a vertical depth of 9,709 feet.</p>
<p>At Maliwan 2, 10 kilometers south of the Maliwan 1, Rutherford-Moran encountered 297 feet of net pay. The well was drilled to a vertical depth of 9,706 feet.</p>
<p>Both wells were selected from Rutherford-Moran's inventory of prospects for the area, the company said in a statement.</p>
<p>"These discoveries are highly encouraging and we are excited by the potential in this exploration area," it said.</p>
<p>"We will continue with our exploration and delineation efforts and hope to drill more wells in this area before the end of the year. In the meantime, we are continuing with the geological and geophysical assessment of this promising find," it said.</p>
<p>The company also said it will move the SEDCO 601 drilling rig to the Benchamas Field, where it plans to drill a series of wells.</p>
<p>((-- New York Newsdesk 212-859-1610.))</p>
</text>
<copyright>(c) Reuters Limited 1997</copyright>
<metadata>
<codes class="bip:countries:1.0">
  <code code="THAIL">
    <editdetail action="confirmed" attribution="Reuters BIP Coding Group" date="1997-06-20"/>
  </code>
  <code code="USA">
    <editdetail action="confirmed" attribution="Reuters BIP Coding Group" date="1997-06-20"/>
  </code>
</codes>
<codes class="bip:industries:1.0">
  <code code="I13000">
    <editdetail action="confirmed" attribution="Reuters BIP Coding Group" date="1997-06-20"/>
  </code>
  <code code="I1300002">
    <editdetail action="confirmed" attribution="Reuters BIP Coding Group" date="1997-06-20"/>
  </code>
</codes>
<codes class="bip:topics:1.0">
  <code code="C24">
    <editdetail action="confirmed" attribution="Reuters BIP Coding Group" date="1997-06-20"/>
  </code>
  <code code="CCAT">
    <editdetail action="confirmed" attribution="Reuters BIP Coding Group" date="1997-06-20"/>
  </code>
</codes>
<dc element="dc.date.created" value="1997-06-19"/>
<dc element="dc.publisher" value="Reuters Holdings Plc"/>
<dc element="dc.date.published" value="1997-06-20"/>
<dc element="dc.source" value="Reuters"/>
<dc element="dc.creator.location" value="HOUSTON"/>
<dc element="dc.creator.location.country.name" value="USA"/>
<dc element="dc.source" value="Reuters"/>
</metadata>
</newsitem>
