<?xml version="1.0" encoding="ISO-8859-1" standalone="no"?>
<newsitem date="1997-06-20" id="root" itemid="676625" xml:lang="en">
<title>USA: Spectrum Control Inc Q2 net rises.</title>
<headline>Spectrum Control Inc Q2 net rises.</headline>
<dateline>ERIE, Pa. 1997-06-20</dateline>
<text>
<p>Thirteen Weeks Ended  Twenty-Six Weeks Ended</p>
<p>		     May 31,	May 31,     May 31,     May 31,</p>
<p>			   1997	 1996	  1997	  1996</p>
<p> Net sales	  $14,376     $13,642     $27,088     $27,511</p>
<p>Cost of products sold</p>
<p>			  9,977	 9,179	18,975	18,752</p>
<p>Selling, general and</p>
<p>administrative expense</p>
<p>			  2,971	 3,129	 5,647	 6,233</p>
<p>			 12,948	12,308	24,622	24,985</p>
<p>Income from operations</p>
<p>			  1,428	 1,334	 2,466	 2,526</p>
<p> Interest expense     125	   206	   255	   408</p>
<p>Income before provision</p>
<p>  for income taxes  1,303	 1,128	 2,211	 2,118</p>
<p>Provision for income taxes</p>
<p>			    364	   316	   618	   593</p>
<p> Net income	     939	   812	 1,593	 1,525</p>
<p>Earnings per common share</p>
<p>			   0.09	  0.08	  0.15	  0.14</p>
<p>Weighted average number</p>
<p>of common shares</p>
<p>outstanding  10,774,233  10,738,270  10,774,233  10,696,995</p>
<p>(Unaudited; Dollars In Thousands Except Per Share Data)</p>
<p>-- New York Newsdesk 212 603-3310</p>
</text>
<copyright>(c) Reuters Limited 1997</copyright>
<metadata>
<codes class="bip:countries:1.0">
  <code code="USA">
    <editdetail action="confirmed" attribution="Reuters BIP Coding Group" date="1997-06-20"/>
  </code>
</codes>
<codes class="bip:topics:1.0">
  <code code="C15">
    <editdetail action="confirmed" attribution="Reuters BIP Coding Group" date="1997-06-20"/>
  </code>
  <code code="C151">
    <editdetail action="confirmed" attribution="Reuters BIP Coding Group" date="1997-06-20"/>
  </code>
  <code code="CCAT">
    <editdetail action="confirmed" attribution="Reuters BIP Coding Group" date="1997-06-20"/>
  </code>
</codes>
<dc element="dc.date.created" value="1997-06-20"/>
<dc element="dc.publisher" value="Reuters Holdings Plc"/>
<dc element="dc.date.published" value="1997-06-20"/>
<dc element="dc.source" value="Reuters"/>
<dc element="dc.creator.location" value="ERIE, Pa."/>
<dc element="dc.creator.location.country.name" value="USA"/>
<dc element="dc.source" value="Reuters"/>
</metadata>
</newsitem>
