<?xml version="1.0" encoding="ISO-8859-1" standalone="no"?>
<newsitem date="1997-06-20" id="root" itemid="677418" xml:lang="en">
<title>AUSTRALIA: AWB Report-Australian new crop conditions good.</title>
<headline>AWB Report-Australian new crop conditions good.</headline>
<dateline>SYDNEY 1997-06-20</dateline>
<text>
<p>Australian new wheat crop conditions were good overall with reasonable subsoil moisture levels in New South Wales (NSW), Queensland and Western Australia, the Australian Wheat Board (AWB) said.</p>
<p>The few areas still requiring more moisture were west of Walgett in NSW and in some southern pockets of NSW, it said in its weekly grain market report.</p>
<p>Most of the Victorian and South Australian crop was planted but Victoria's Millawa region and small pockets of South Australia's grain belt north of Port Augusta still needed planting rain, it said.  </p>
<p>Growers appeared to be waiting for the end of the financial year, on June 30, as well as on clear indications of the effect of the El Nino weather pattern.</p>
<p>Both were dampening consumer activity, the AWB said.</p>
<p>Milling and feed grain markets were quiet this week with domestic end users in milling wheat largely covered and tonnage into the market low, it said.</p>
<p>Low grower selling and a reasonable level of tractor activity could be keeping stock on farm, it said.  </p>
<p>In the feed grain market, sorghum remained the focus for Australia's east coast with central Queensland harvesting and the southern Queensland and northern NSW harvest almost completed, it said.</p>
<p>Brisbane, Newcastle and Sydney consumers found sorghum the cheapest grain for volume while in Melbourne sorghum sales have been significant.</p>
<p>Dairy demand continued in Victoria in a generally stabilising market, it said.  </p>
<p>Wheat Shipping:</p>
<p>		  Latest Week     Year to Date     Previous Year</p>
<p>    (tonnes)  108,387	    14,903,294	 10,135,883</p>
<p>NOTE: Shipping year starts October 1.</p>
<p>-- Sydney Newsroom 61-2 9373-1800</p>
</text>
<copyright>(c) Reuters Limited 1997</copyright>
<metadata>
<codes class="bip:countries:1.0">
  <code code="AUSTR">
    <editdetail action="confirmed" attribution="Reuters BIP Coding Group" date="1997-06-20"/>
  </code>
</codes>
<codes class="bip:industries:1.0">
  <code code="I01001">
    <editdetail action="confirmed" attribution="Reuters BIP Coding Group" date="1997-06-20"/>
  </code>
  <code code="I0100132">
    <editdetail action="confirmed" attribution="Reuters BIP Coding Group" date="1997-06-20"/>
  </code>
</codes>
<codes class="bip:topics:1.0">
  <code code="C21">
    <editdetail action="confirmed" attribution="Reuters BIP Coding Group" date="1997-06-20"/>
  </code>
  <code code="C24">
    <editdetail action="confirmed" attribution="Reuters BIP Coding Group" date="1997-06-20"/>
  </code>
  <code code="CCAT">
    <editdetail action="confirmed" attribution="Reuters BIP Coding Group" date="1997-06-20"/>
  </code>
</codes>
<dc element="dc.date.created" value="1997-06-20"/>
<dc element="dc.publisher" value="Reuters Holdings Plc"/>
<dc element="dc.date.published" value="1997-06-20"/>
<dc element="dc.source" value="Reuters"/>
<dc element="dc.creator.location" value="SYDNEY"/>
<dc element="dc.creator.location.country.name" value="AUSTRALIA"/>
<dc element="dc.source" value="Reuters"/>
</metadata>
</newsitem>
