<?xml version="1.0" encoding="ISO-8859-1" standalone="no"?>
<newsitem date="1997-06-20" id="root" itemid="676438" xml:lang="en">
<title>INDIA: Bombay Stock Exchange settlement programme.</title>
<headline>Bombay Stock Exchange settlement programme.</headline>
<text>
<p>Particulars Settle- Delivery  Period day	 Pay-in/Pay-out</p>
<p>		ment No.  Day     First/Last		Day</p>
<p>---------------------------------------------------------------</p>
<p>Group A+B-1 &amp;   12 June 20  June 9/June 13    June 19/June 23</p>
<p>B-2 Securities  13 June 27  June 16/June 20   June 26/June 30</p>
<p>		    14 July 4   June 23/June 27   July 3/July 7</p>
<p>---------------------------------------------------------------</p>
<p>C-Group	   12 June 12  June 2/June 6     June 19/June 23</p>
<p>Securities	13 June 19  June 9/June 13    June 26/June 30</p>
<p>		    14 June 26  June 16/June 20   July 26/July 30</p>
<p>---------------------------------------------------------------</p>
<p>F-Group	   12    --    June 12/June 18   June 20/June 20</p>
<p>Securities	13    --    June 19/June 25   June 27/June 27</p>
<p>-- Bombay newsroom +91-22-265 9000</p>
</text>
<copyright>(c) Reuters Limited 1997</copyright>
<metadata>
<codes class="bip:countries:1.0">
  <code code="INDIA">
    <editdetail action="confirmed" attribution="Reuters BIP Coding Group" date="1997-06-20"/>
  </code>
</codes>
<codes class="bip:topics:1.0">
  <code code="M11">
    <editdetail action="confirmed" attribution="Reuters BIP Coding Group" date="1997-06-20"/>
  </code>
  <code code="MCAT">
    <editdetail action="confirmed" attribution="Reuters BIP Coding Group" date="1997-06-20"/>
  </code>
</codes>
<dc element="dc.publisher" value="Reuters Holdings Plc"/>
<dc element="dc.date.published" value="1997-06-20"/>
<dc element="dc.source" value="Reuters"/>
<dc element="dc.creator.location.country.name" value="INDIA"/>
<dc element="dc.source" value="Reuters"/>
</metadata>
</newsitem>
