<?xml version="1.0" encoding="ISO-8859-1" standalone="no"?>
<newsitem date="1997-06-20" id="root" itemid="675918" xml:lang="en">
<title>MEXICO: Mexico stocks at new intraday record, breach 4,400.</title>
<headline>Mexico stocks at new intraday record, breach 4,400.</headline>
<dateline>MEXICO CITY 1997-06-20</dateline>
<text>
<p>Mexican stocks continued their week-long charge into record territory in early trade Friday, when they broached the 4,400-point barrier for the first time ever.</p>
<p>Dealers said domestic and foreign investors were buying in the wake of a recent crop of positive economic data heralding an economic recovery, and increasingly confident market sentiment over forthcoming mid-term elections.</p>
<p>The blue chip IPC share index  .MXX was up 47.30 points, or 1.09 percent, at a new trading record of 4,400.97.</p>
<p>(( -- Martin Roberts, Mexico City newsroom +525 728-7907))</p>
</text>
<copyright>(c) Reuters Limited 1997</copyright>
<metadata>
<codes class="bip:countries:1.0">
  <code code="MEX">
    <editdetail action="confirmed" attribution="Reuters BIP Coding Group" date="1997-06-20"/>
  </code>
</codes>
<codes class="bip:topics:1.0">
  <code code="M11">
    <editdetail action="confirmed" attribution="Reuters BIP Coding Group" date="1997-06-20"/>
  </code>
  <code code="MCAT">
    <editdetail action="confirmed" attribution="Reuters BIP Coding Group" date="1997-06-20"/>
  </code>
</codes>
<dc element="dc.date.created" value="1997-06-20"/>
<dc element="dc.publisher" value="Reuters Holdings Plc"/>
<dc element="dc.date.published" value="1997-06-20"/>
<dc element="dc.source" value="Reuters"/>
<dc element="dc.creator.location" value="MEXICO CITY"/>
<dc element="dc.creator.location.country.name" value="MEXICO"/>
<dc element="dc.source" value="Reuters"/>
</metadata>
</newsitem>
