<?xml version="1.0" encoding="ISO-8859-1" standalone="no"?>
<newsitem date="1997-06-20" id="root" itemid="676637" xml:lang="en">
<title>USA: Meditrust modifies Santa Anita offer.</title>
<headline>Meditrust modifies Santa Anita offer.</headline>
<dateline>NEEDHAM HEIGHTS, Mass 1997-06-20</dateline>
<text>
<p>Meditrust said Friday it modified its previously announced merger agreement with Santa Anita Cos, allowing it to buy Santa Anita shares at current market prices instead of at $31 a share.</p>
<p>Meditrust also said it plans to buy in open-market and privately-negotiated transactions up to 9.8 percent of the current outstanding shares of Santa Anita.</p>
<p>Under the modified agreement, Meditrust will still be required to fulfill its previously announced obligation to buy 9.8 percent of Santa Anita shares by buying newly-issued shares or shares currently outstanding on the open market.</p>
<p>This change does not affect Meditrust's obligation to make a total of $100 million available to Santa Anita for a cash-election by its shareholders for about 3.2 million Santa Anita common shares at $31 per share, or Meditrust's right to designate one or more unaffiliated purchasers to acquire up to an additional 19.6 percent of newly issued shares at $31 per share, the company said.</p>
<p>Meditrust also filed a modification on May 19. A spokeswoman said that modification allowed unnamed third parties to buy shares of Santa Anita.</p>
</text>
<copyright>(c) Reuters Limited 1997</copyright>
<metadata>
<codes class="bip:countries:1.0">
  <code code="USA">
    <editdetail action="confirmed" attribution="Reuters BIP Coding Group" date="1997-06-20"/>
  </code>
</codes>
<codes class="bip:industries:1.0">
  <code code="I81502">
    <editdetail action="confirmed" attribution="Reuters BIP Coding Group" date="1997-06-20"/>
  </code>
  <code code="I8150206">
    <editdetail action="confirmed" attribution="Reuters BIP Coding Group" date="1997-06-20"/>
  </code>
</codes>
<codes class="bip:topics:1.0">
  <code code="C18">
    <editdetail action="confirmed" attribution="Reuters BIP Coding Group" date="1997-06-20"/>
  </code>
  <code code="C181">
    <editdetail action="confirmed" attribution="Reuters BIP Coding Group" date="1997-06-20"/>
  </code>
  <code code="CCAT">
    <editdetail action="confirmed" attribution="Reuters BIP Coding Group" date="1997-06-20"/>
  </code>
</codes>
<dc element="dc.date.created" value="1997-06-20"/>
<dc element="dc.publisher" value="Reuters Holdings Plc"/>
<dc element="dc.date.published" value="1997-06-20"/>
<dc element="dc.source" value="Reuters"/>
<dc element="dc.creator.location" value="NEEDHAM HEIGHTS, Mass"/>
<dc element="dc.creator.location.country.name" value="USA"/>
<dc element="dc.source" value="Reuters"/>
</metadata>
</newsitem>
