<?xml version="1.0" encoding="ISO-8859-1" standalone="no"?>
<newsitem date="1997-06-20" id="root" itemid="676041" xml:lang="en">
<title>HONG KONG: China's Sinopec signs US$100 mln term loan.</title>
<headline>China's Sinopec signs US$100 mln term loan.</headline>
<dateline>HONG KONG 1997-06-20</dateline>
<text>
<p>China Petro-Chemical Corp (Sinopec) signed a US$100 million term loan facility with eight financial institutions in Beijing on Friday, the arrangers said.</p>
<p>The eight-year facility pays a margin of 37.5 basis points over the London Interbank Offered Rate (LIBOR) for the first four years and 50 basis points over LIBOR thereafter.</p>
<p>Fees are 30 basis points for co-arrangers and 20 basis points for senior managers, the arrangers said in a statement.</p>
<p>Proceeds will be used for general corporate purposes, including the technical renovation and expansion of coastal refineries.</p>
<p>The loan is Sinopec's first direct borrowing in international markets in the past five years, they said.</p>
<p>Arrangers, with US$18 million each, are Chase Manhattan Asia, Industrial Bank of Japan and Sanwa Bank.</p>
<p>Co-arrangers are Asahi Bank, with US$16 million, and Fuji Bank and Sakura Bank, with US$10 million each.</p>
<p>Senior managers, with US$5 million each, are Development Bank of Singapore and Korea Development Bank.</p>
<p>-- Hong Kong Newsroom (852) 2843 6960</p>
</text>
<copyright>(c) Reuters Limited 1997</copyright>
<metadata>
<codes class="bip:countries:1.0">
  <code code="CHINA">
    <editdetail action="confirmed" attribution="Reuters BIP Coding Group" date="1997-06-20"/>
  </code>
</codes>
<codes class="bip:industries:1.0">
  <code code="I14000">
    <editdetail action="confirmed" attribution="Reuters BIP Coding Group" date="1997-06-20"/>
  </code>
</codes>
<codes class="bip:topics:1.0">
  <code code="C17">
    <editdetail action="confirmed" attribution="Reuters BIP Coding Group" date="1997-06-20"/>
  </code>
  <code code="C173">
    <editdetail action="confirmed" attribution="Reuters BIP Coding Group" date="1997-06-20"/>
  </code>
  <code code="CCAT">
    <editdetail action="confirmed" attribution="Reuters BIP Coding Group" date="1997-06-20"/>
  </code>
</codes>
<dc element="dc.date.created" value="1997-06-20"/>
<dc element="dc.publisher" value="Reuters Holdings Plc"/>
<dc element="dc.date.published" value="1997-06-20"/>
<dc element="dc.source" value="Reuters"/>
<dc element="dc.creator.location" value="HONG KONG"/>
<dc element="dc.creator.location.country.name" value="HONG KONG"/>
<dc element="dc.source" value="Reuters"/>
</metadata>
</newsitem>
