<?xml version="1.0" encoding="ISO-8859-1" standalone="no"?>
<newsitem date="1997-06-20" id="root" itemid="675898" xml:lang="en">
<title>MEXICO: Mexico's April retail, wholesale sales rise.</title>
<headline>Mexico's April retail, wholesale sales rise.</headline>
<dateline>MEXICO CITY 1997-06-20</dateline>
<text>
<p>Mexico's retail sales rose 6.6 percent in April compared with the same month in 1996, the National Statistics Institute (INEGI) said on Friday.</p>
<p>INEGI said that wholesale sales in Mexico rose by 7.2 percent for the month compared to April 1996.  </p>
<p>The figures were much better than predicted by a Reuters survey of 13 brokerages and research firms, which on average saw of a rise of 0.17 percent for retail sales and a 2.47 percent hike for wholesale sales.</p>
<p>INEGI said that when it calculated the difference in working days in April 1997 from April 1996, the wholesale sales rise was adjusted to about six percent. Holy Week caused less days to be worked in April 1996, whereas Holy Week fell during March this year.</p>
<p>It said retail sales were not affected by the difference in working days.</p>
<p>The INEGI report also said that purchases by wholesalers rose by 11.8 percent in April over the same month a year earlier.</p>
<p>Sectors that registered the greatest retail sales increase were autos, car parts, record stores, hardware, furniture, toys and gifts and department store sales, INEGI said.</p>
<p>Retail sales fell during the first three months of the year by 2.5 percent from the year-ago period and wholesale sales rose 1.2 percent in the time period, INEGI said in its previous report on sales levels.  </p>
<p>The following table compares the indexed date for April 1997 with April 1996 (100=1994)</p>
<p>				     Wholesale		Retail</p>
<p>    Sales	April 96	    78.7		  67.8</p>
<p>		   April 97	    84.4		  72.3</p>
<p>    Purchases  April 96	    74.3		  64.6</p>
<p>		   April 97	    83.2		  74.2</p>
<p>    Employment April 96	    94.7		  93.7</p>
<p>		   April 97	    94.5		  91.1</p>
<p>    Wages	April 96	    73.7		  74.9</p>
<p>		   April 97	    72.2		  76.0</p>
<p>((--Timna Tanners, Mexico City newsroom +525 728-7903))</p>
</text>
<copyright>(c) Reuters Limited 1997</copyright>
<metadata>
<codes class="bip:countries:1.0">
  <code code="MEX">
    <editdetail action="confirmed" attribution="Reuters BIP Coding Group" date="1997-06-20"/>
  </code>
</codes>
<codes class="bip:topics:1.0">
  <code code="E14">
    <editdetail action="confirmed" attribution="Reuters BIP Coding Group" date="1997-06-20"/>
  </code>
  <code code="E143">
    <editdetail action="confirmed" attribution="Reuters BIP Coding Group" date="1997-06-20"/>
  </code>
  <code code="ECAT">
    <editdetail action="confirmed" attribution="Reuters BIP Coding Group" date="1997-06-20"/>
  </code>
</codes>
<dc element="dc.date.created" value="1997-06-20"/>
<dc element="dc.publisher" value="Reuters Holdings Plc"/>
<dc element="dc.date.published" value="1997-06-20"/>
<dc element="dc.source" value="Reuters"/>
<dc element="dc.creator.location" value="MEXICO CITY"/>
<dc element="dc.creator.location.country.name" value="MEXICO"/>
<dc element="dc.source" value="Reuters"/>
</metadata>
</newsitem>
