<?xml version="1.0" encoding="ISO-8859-1" standalone="no"?>
<newsitem date="1997-06-20" id="root" itemid="676163" xml:lang="en">
<title>USA: FSA--U.S. terminal market values for grain.</title>
<headline>FSA--U.S. terminal market values for grain.</headline>
<dateline>KANSAS CITY, Mo 1997-06-20</dateline>
<text>
<p>The Farm Service Agency (FSA) established these unit values for commodities offered from government stocks through redemption of Commodity Credit Corp commodity certificates, effective through today. Price per bushel. Sorghum is priced per CWT, corn yellow grade only.</p>
<p>     WHEAT	HRW   HRS   SRW   SWW   DURUM</p>
<p> Chicago	  --    --    3.29  --    --</p>
<p> Ill. Track     --    --    3.28  --    --</p>
<p> Toledo	   --    --    3.33  3.24  --</p>
<p> Memphis	  --    --    3.40  ---   --</p>
<p>		    HRW   HRS   SRW   SWW   DURUM</p>
<p> Peoria	   --    --    3.28  --    --</p>
<p> Denver	   3.31  3.31  --    --    --</p>
<p> Evansville     --    --    3.33  --    --</p>
<p> Cincinnati     --    --    3.24  --    --</p>
<p> Minneapolis    3.97  4.24  --    --    5.00</p>
<p> Balt./Norfolk  --    --    3.47  3.38  --</p>
<p> Kansas City    3.93  --    3.55  --    --</p>
<p> St. Louis	3.33  --    3.33  --    --</p>
<p> Amarillo	 3.51  --    --    --    --</p>
<p>		    HRW   HRS   SRW   SWW   DURUM</p>
<p> Louisiana Gulf  --    --   3.56   --    --</p>
<p> Portland	 4.15  4.21   --   4.22  5.15</p>
<p> Stockton	 3.75   --    --    --   --</p>
<p> Los Angeles    4.29   --    --    --   5.15</p>
<p> Duluth	   3.97  4.24   --    --   5.00</p>
<p> Texas Gulf     3.92   --   3.57   --    --</p>
<p>		 CORN BARLEY OATS  RYE  SOYBNS SORG</p>
<p> Chicago     2.71  --    --    --    8.47  4.65</p>
<p> Ill. Track  2.73  --    --    --    8.48  4.68</p>
<p> Toledo	2.75  --    1.82  --    8.43  4.71</p>
<p> Memphis     2.73  --    1.88  --    8.40  4.86</p>
<p> Peoria	2.66  --    --    --    ---   4.25</p>
<p> Denver	2.55  2.19  --    --    ---   4.01</p>
<p> Evansville  2.78  --    --    --    ---   4.77</p>
<p> Cincinnati  2.76  --    1.78  --    8.44  4.73</p>
<p> Minneapolis 2.54  2.30  1.78  --    8.22   ---</p>
<p> Balt/Norf   2.72  --    --    --    8.46  4.66</p>
<p>		 CORN  BRLY  OATS  RYE   SOYB  SORG</p>
<p> Kansas City 2.68  --    1.78  --    8.34  4.45</p>
<p> St Louis    2.74  --    1.94  --    ---   4.74</p>
<p> Amarillo    2.85  --    --    --    ---   4.65</p>
<p> Lou Gulf    2.84  --    --    --    8.57  5.06</p>
<p> Port/Seatl  3.03  2.70  2.08  --    8.87   --</p>
<p> Stockton    3.32  2.98  2.28  --    --    5.79</p>
<p> Los Angeles 3.42  3.08  --    --    --    5.79</p>
<p> Duluth	2.54  2.30  1.78  --    ---   ---</p>
<p> Texas Gulf  2.84  2.66  1.94  --    8.57  5.06</p>
<p>--</p>
<p>Note: Amarillo, Kansas City, Evansville, Memphis and Baltimore/Norfolk barley prices discontinued March 3, 1997. Notes on differentials:</p>
<p>--Effective May 27, 1997, LAG and TXG corn and soybean differentials must be adjusted as follows: All differentials add -10 cents.</p>
<p>--Effective May 27, 1997, LAG and TXG sorghum differentials must be adjusted as follows: All differentials add -20 cents/CWT.</p>
<p>--Effective May 27, 1997, differentials for PNW corn should be adjusted as follows -- All differentials add -10 cents.</p>
<p>--Effective May 27, 1997, differentials for CHI soybeans should be adjusted as follows -- All differentials add -5 cents.</p>
<p>--Effective Dec 12, 1996, MPL and DUL Spring Wheat differentials must be adjusted as follows: All differentials add -25 cents.</p>
<p>Source: FSA.</p>
<p>(CHICAGO NEWSDESK 312-408-8720)</p>
</text>
<copyright>(c) Reuters Limited 1997</copyright>
<metadata>
<codes class="bip:countries:1.0">
  <code code="USA">
    <editdetail action="confirmed" attribution="Reuters BIP Coding Group" date="1997-06-20"/>
  </code>
</codes>
<codes class="bip:topics:1.0">
  <code code="M14">
    <editdetail action="confirmed" attribution="Reuters BIP Coding Group" date="1997-06-20"/>
  </code>
  <code code="M141">
    <editdetail action="confirmed" attribution="Reuters BIP Coding Group" date="1997-06-20"/>
  </code>
  <code code="MCAT">
    <editdetail action="confirmed" attribution="Reuters BIP Coding Group" date="1997-06-20"/>
  </code>
</codes>
<dc element="dc.date.created" value="1997-06-20"/>
<dc element="dc.publisher" value="Reuters Holdings Plc"/>
<dc element="dc.date.published" value="1997-06-20"/>
<dc element="dc.source" value="Reuters"/>
<dc element="dc.creator.location" value="KANSAS CITY, Mo"/>
<dc element="dc.creator.location.country.name" value="USA"/>
<dc element="dc.source" value="Reuters"/>
</metadata>
</newsitem>
