<?xml version="1.0" encoding="ISO-8859-1" standalone="no"?>
<newsitem date="1997-06-20" id="root" itemid="676252" xml:lang="en">
<title>USA: Italy convergence plan to go to EU on June 25.</title>
<headline>Italy convergence plan to go to EU on June 25.</headline>
<dateline>DENVER 1997-06-20</dateline>
<text>
<p>Italy's convergence plan for economic and monetary union (EMU) will be put before the European Union's monetary committee next Wednesday, Treasury Minister Carlo Azeglio Ciampi said on Friday.</p>
<p>He told reporters in Denver, Colorado for the annual summit of the G7 industrialized nations, that the plan was already with a department of the European Commission which was studying it.</p>
<p>"It will be presented to the monetary committee on June 25, as scheduled," Ciampi added.</p>
<p>EU countries have to submit a convergence plan to outline how they intend to sustain the economic parameters required for Europe's planned single currency.</p>
<p>Italian government sources said the Italian plan, once approved by the monetary committee, could be put forward to a meeting of EU finance ministers scheduled for July 7.</p>
<p>Italy has said it will make every effort to meet and sustain the criteria for EMU, including the budget deficit-to-gross domestic product ratio ceiling of three percent.</p>
</text>
<copyright>(c) Reuters Limited 1997</copyright>
<metadata>
<codes class="bip:countries:1.0">
  <code code="EEC">
    <editdetail action="confirmed" attribution="Reuters BIP Coding Group" date="1997-06-20"/>
  </code>
  <code code="GSEVEN">
    <editdetail action="confirmed" attribution="Reuters BIP Coding Group" date="1997-06-20"/>
  </code>
  <code code="ITALY">
    <editdetail action="confirmed" attribution="Reuters BIP Coding Group" date="1997-06-20"/>
  </code>
  <code code="USA">
    <editdetail action="confirmed" attribution="Reuters BIP Coding Group" date="1997-06-20"/>
  </code>
</codes>
<codes class="bip:topics:1.0">
  <code code="E12">
    <editdetail action="confirmed" attribution="Reuters BIP Coding Group" date="1997-06-20"/>
  </code>
  <code code="ECAT">
    <editdetail action="confirmed" attribution="Reuters BIP Coding Group" date="1997-06-20"/>
  </code>
  <code code="G15">
    <editdetail action="confirmed" attribution="Reuters BIP Coding Group" date="1997-06-20"/>
  </code>
  <code code="G154">
    <editdetail action="confirmed" attribution="Reuters BIP Coding Group" date="1997-06-20"/>
  </code>
  <code code="GCAT">
    <editdetail action="confirmed" attribution="Reuters BIP Coding Group" date="1997-06-20"/>
  </code>
</codes>
<dc element="dc.date.created" value="1997-06-20"/>
<dc element="dc.publisher" value="Reuters Holdings Plc"/>
<dc element="dc.date.published" value="1997-06-20"/>
<dc element="dc.source" value="Reuters"/>
<dc element="dc.creator.location" value="DENVER"/>
<dc element="dc.creator.location.country.name" value="USA"/>
<dc element="dc.source" value="Reuters"/>
</metadata>
</newsitem>
