<?xml version="1.0" encoding="ISO-8859-1" standalone="no"?>
<newsitem date="1997-06-20" id="root" itemid="676349" xml:lang="en">
<title>SPAIN: Gonzalez stuns Spanish Socialists with resignation.</title>
<headline>Gonzalez stuns Spanish Socialists with resignation.</headline>
<byline>Tracey Ober</byline>
<dateline>MADRID 1997-06-20</dateline>
<text>
<p>Former prime minister Felipe Gonzalez, who led Spain for 13 years, stunned supporters on Friday by announcing he would not seek reelection as Socialist party chief.</p>
<p>"I will continue to be available to serve this party but you should now hear that it will not be as secretary general of the party," he told more than a thousand delegates at the 34th Socialist Workers' Party (PSOE) Congress in Madrid.</p>
<p>The surprise move, which caught even party faithful off guard, is seen as a bold but necessary step toward revitalising the Socialist movement in Spain.</p>
<p>"It's very risky, but it can pave the way for the future," Joaquin Leguina, a leading party member, told journalists.</p>
<p>Gonzalez's reelection as PSOE leader had been seen as a mere formality at a three-day party congress which opened on Friday. All that changed when he took the stage for his opening speech.</p>
<p>With Gonzalez as its leader the party became almost synonymous with democracy in Spain, steering the country through rapid economic and social change in the 1980s after nearly 40 years of fascist dictatorship.</p>
<p>But the glory days came to an end early this decade as corruption scandals repeatedly surfaced and top officials were accused of having run a "dirty war" from 1983 to 1987 against Basque separatist rebels.</p>
<p>By 1993, the party was limping badly and scraped through to victory in a general election mainly because of lingering fears that the right-wing opposition would return to dictatorship.</p>
<p>When the Socialists were finally knocked from power last May by the conservative Popular Party led by Prime Minister Jose Maria Aznar, their party leadership was directionless and in desperate need of an overhaul.</p>
<p>But there was no other leader with enough popular support to step forward and pull the Socialists together.</p>
<p>Politicial analysts had predicted that Gonzalez, still Spain's most popular politician, would use the congress to clear out dead wood on the party executive and make room for someone to eventually replace him.</p>
<p>Gonzalez has frequently spoken of being tired of public life and has pushed his party to renew itself.</p>
<p>In his speech he talked about the need for "a change of generations" and referred to the new, young leaders who have returned Socialist parties to power in Britain and in France.</p>
<p>In the run-up to the congress, Alfonso Guerra, number two in the party and a fierce Socialist traditionalist, had made it clear he would not quit voluntarily but followed Gonzalez on Friday by stepping down.</p>
<p>Guerra, who grew up with Gonzalez and fought alongside him through years of exile, is critical of the more centrist attitude of the modern Socialist party and had threatened to split the party, pulling his left-wing followers with him.</p>
<p>Party barons said Gonzalez's radical move had left them breathless, but they recognised it as necessary to take back the initiative from Guerra.</p>
<p>The 55-year-old Gonzalez gave no clear signal who he wanted to succeed him and his gesture opened the way for a leadership battle to determine who will carry the Socialist banner into the next general election, scheduled for the year 2000.</p>
<p>There are no obvious candidates and delegates were shaking their heads in amazement at the job ahead of them. "Look at huge task you have left us," party spokesman Luis Yanez told Gonzalez.</p>
<p>Delegates mentioned NATO Secretary General Javier Solana, a former Spanish foreign minister, and Barcelona mayor Pasqual Maragall as potential candidates.</p>
<p>Others speculated that Gonzalez himself could be coaxed into changing his mind and standing for reelection.</p>
<p>"Everyone thought it could happen but we never thought he would really do it," said Felix Dillana, a delegate from the Extremadura region. "You could see on the faces of the executive committee that even they didn't know it was coming."</p>
<p>Gonzalez asked for respect and consideration for what he had done and left the stage to a standing ovation.</p>
<p>"He made a great gesture for democracy and for Spain," Socialist parliamentary president Joaquin Almunia said. "I think he has shown his generosity with this party."</p>
</text>
<copyright>(c) Reuters Limited 1997</copyright>
<metadata>
<codes class="bip:countries:1.0">
  <code code="SPAIN">
    <editdetail action="confirmed" attribution="Reuters BIP Coding Group" date="1997-06-20"/>
  </code>
</codes>
<codes class="bip:topics:1.0">
  <code code="GCAT">
    <editdetail action="confirmed" attribution="Reuters BIP Coding Group" date="1997-06-20"/>
  </code>
  <code code="GPOL">
    <editdetail action="confirmed" attribution="Reuters BIP Coding Group" date="1997-06-20"/>
  </code>
</codes>
<dc element="dc.date.created" value="1997-06-20"/>
<dc element="dc.publisher" value="Reuters Holdings Plc"/>
<dc element="dc.date.published" value="1997-06-20"/>
<dc element="dc.source" value="Reuters"/>
<dc element="dc.creator.location" value="MADRID"/>
<dc element="dc.creator.location.country.name" value="SPAIN"/>
<dc element="dc.source" value="Reuters"/>
</metadata>
</newsitem>
