<?xml version="1.0" encoding="ISO-8859-1" standalone="no"?>
<newsitem date="1997-06-20" id="root" itemid="677068" xml:lang="en">
<title>USA: CBOT overnight Project A ag volume 1,478 contracts.</title>
<headline>CBOT overnight Project A ag volume 1,478 contracts.</headline>
<dateline>CHICAGO 1997-06-20</dateline>
<text>
<p>Chicago Board of Trade said its Project A overnight agricultural trading volume totaled 1,478 contracts compared with 1,282 overnight Wednesday.</p>
<p>There were 92 wheat, 996 corn, 355 soybean, 12 oat, six soyoil, five soymeal, 11 soybean options and one corn option traded.</p>
<p>In overnight trading, wheat was steady to one cent higher, corn was 1/4 to 3/4 cent lower and soybeans were 1/4 to 1-1/2 cents lower.</p>
<p>((Chicago Newsdesk 312-408-8720))</p>
</text>
<copyright>(c) Reuters Limited 1997</copyright>
<metadata>
<codes class="bip:countries:1.0">
  <code code="USA">
    <editdetail action="confirmed" attribution="Reuters BIP Coding Group" date="1997-06-20"/>
  </code>
</codes>
<codes class="bip:topics:1.0">
  <code code="M14">
    <editdetail action="confirmed" attribution="Reuters BIP Coding Group" date="1997-06-20"/>
  </code>
  <code code="M141">
    <editdetail action="confirmed" attribution="Reuters BIP Coding Group" date="1997-06-20"/>
  </code>
  <code code="MCAT">
    <editdetail action="confirmed" attribution="Reuters BIP Coding Group" date="1997-06-20"/>
  </code>
</codes>
<dc element="dc.date.created" value="1997-06-20"/>
<dc element="dc.publisher" value="Reuters Holdings Plc"/>
<dc element="dc.date.published" value="1997-06-20"/>
<dc element="dc.source" value="Reuters"/>
<dc element="dc.creator.location" value="CHICAGO"/>
<dc element="dc.creator.location.country.name" value="USA"/>
<dc element="dc.source" value="Reuters"/>
</metadata>
</newsitem>
