<?xml version="1.0" encoding="ISO-8859-1" standalone="no"?>
<newsitem date="1997-06-20" id="root" itemid="675722" xml:lang="en">
<title>RUSSIA: Gazprom sees second, secured $1 billion Eurobond.</title>
<headline>Gazprom sees second, secured $1 billion Eurobond.</headline>
<dateline>MOSCOW 1997-06-20</dateline>
<text>
<p>Russian natural gas monopoly Gazprom will issue a second $1 billion Eurobond, backed by gas exports, the company said in a statement on Friday.</p>
<p>It said the $1 billion secured Eurobond is in addition to an unsecured $1 billion Eurobond and an unsecured $1 billion convertible bond, both of which will be issued this year or in early 1998.  </p>
<p>Gazprom, the world's biggest gas producer, said a programme was in place to raise credit, which would include secured and non-secured bonds. It gave no details on when the gas-backed Eurobond was likely to be issued.</p>
<p>It named Dresdner Kleinwort Benson as the consultant on rating the secured Eurobond issue.</p>
<p>Gazprom said a non-secured rating on the company and a rating on the secured Eurobond would be completed after the company published its financial accounts to international standards.</p>
<p>Gazprom has already issued American Depositary Shares, which allow trading of its equity on foreign markets.</p>
<p>--Mike Collett-White, Moscow Newsroom +7095 941 8520</p>
</text>
<copyright>(c) Reuters Limited 1997</copyright>
<metadata>
<codes class="bip:countries:1.0">
  <code code="RUSS">
    <editdetail action="confirmed" attribution="Reuters BIP Coding Group" date="1997-06-20"/>
  </code>
</codes>
<codes class="bip:industries:1.0">
  <code code="I13000">
    <editdetail action="confirmed" attribution="Reuters BIP Coding Group" date="1997-06-20"/>
  </code>
</codes>
<codes class="bip:topics:1.0">
  <code code="C17">
    <editdetail action="confirmed" attribution="Reuters BIP Coding Group" date="1997-06-20"/>
  </code>
  <code code="C172">
    <editdetail action="confirmed" attribution="Reuters BIP Coding Group" date="1997-06-20"/>
  </code>
  <code code="CCAT">
    <editdetail action="confirmed" attribution="Reuters BIP Coding Group" date="1997-06-20"/>
  </code>
</codes>
<dc element="dc.date.created" value="1997-06-20"/>
<dc element="dc.publisher" value="Reuters Holdings Plc"/>
<dc element="dc.date.published" value="1997-06-20"/>
<dc element="dc.source" value="Reuters"/>
<dc element="dc.creator.location" value="MOSCOW"/>
<dc element="dc.creator.location.country.name" value="RUSSIA"/>
<dc element="dc.source" value="Reuters"/>
</metadata>
</newsitem>
