<?xml version="1.0" encoding="ISO-8859-1" standalone="no"?>
<newsitem date="1997-06-20" id="root" itemid="677367" xml:lang="en">
<title>CANADA: One Seaway lane stays open after ship runs aground.</title>
<headline>One Seaway lane stays open after ship runs aground.</headline>
<dateline>WINNIPEG 1997-06-19</dateline>
<text>
<p>One of the St. Lawrence Seaway's two lanes remained open to vessel traffic on Thursday after the Canadian Mariner ran aground Wednesday, a Seaway spokeswoman said.</p>
<p>"The Seaway's not blocked, traffic's going through one lane rather than two," St. Lawrence Seaway Authority spokeswoman Sylvie Moncion said in French.</p>
<p>No one was injured when the Canadian Mariner ran aground at Alex Bay near Brockville, Ontario, at 1030 EDT Wednesday. Barges unloaded part of its 25,060 wheat cargo Thursday to allow the ship to float up from the river bottom, she added.  </p>
<p>"I heard it was an engine problem but I've been unable to confirm that," Moncion said.</p>
<p>The ship is owned by Upper Lakes Shipping of Toronto and was contracted by Seaway Bulk Carriers of Winnipeg, she said.</p>
<p>"The ship is insured. I don't know the extent of the damage," Seaway Bulk Carriers traffic manager Brian McAdam said.</p>
<p>The vessel was to transfer its cargo to an ocean vessel in Quebec City, Canadian Wheat Board spokesman Jim Pietryk said.</p>
<p>"We moved some barges to unload some wheat and that grain will move to Prescott (Ontario)," Pietryk said.</p>
<p>The Canadian Mariner may reload the transferred wheat in Prescott and proceed to Quebec City, he said.</p>
<p>"It may delay the shipment, depending on how long it takes," Pietryk said.</p>
<p>The ocean vessel's destination was not disclosed.</p>
<p>((Gilbert Le Gras, Winnipeg Reuters bureau 204 947 3548))</p>
</text>
<copyright>(c) Reuters Limited 1997</copyright>
<metadata>
<codes class="bip:countries:1.0">
  <code code="CANA">
    <editdetail action="confirmed" attribution="Reuters BIP Coding Group" date="1997-06-20"/>
  </code>
</codes>
<codes class="bip:industries:1.0">
  <code code="I74000">
    <editdetail action="confirmed" attribution="Reuters BIP Coding Group" date="1997-06-20"/>
  </code>
</codes>
<codes class="bip:topics:1.0">
  <code code="C24">
    <editdetail action="confirmed" attribution="Reuters BIP Coding Group" date="1997-06-20"/>
  </code>
  <code code="CCAT">
    <editdetail action="confirmed" attribution="Reuters BIP Coding Group" date="1997-06-20"/>
  </code>
  <code code="GCAT">
    <editdetail action="confirmed" attribution="Reuters BIP Coding Group" date="1997-06-20"/>
  </code>
  <code code="GDIS">
    <editdetail action="confirmed" attribution="Reuters BIP Coding Group" date="1997-06-20"/>
  </code>
</codes>
<dc element="dc.date.created" value="1997-06-19"/>
<dc element="dc.publisher" value="Reuters Holdings Plc"/>
<dc element="dc.date.published" value="1997-06-20"/>
<dc element="dc.source" value="Reuters"/>
<dc element="dc.creator.location" value="WINNIPEG"/>
<dc element="dc.creator.location.country.name" value="CANADA"/>
<dc element="dc.source" value="Reuters"/>
</metadata>
</newsitem>
