<?xml version="1.0" encoding="ISO-8859-1" standalone="no"?>
<newsitem date="1997-06-20" id="root" itemid="677218" xml:lang="en">
<title>BELGIUM: Sabena to invest in Congo's Grands Hotels.</title>
<headline>Sabena to invest in Congo's Grands Hotels.</headline>
<dateline>BRUSSELS 1997-06-20</dateline>
<text>
<p>Belgian airline Sabena SA confirmed on Friday it planned to invest 650 million Belgian francs in bourse-listed hotel unit Cie des Grands Hotels Africains as part of a capital increase.</p>
<p>Grands Hotels' main asset is a hotel in Kinshasa, the capital of the Democratic Republic of Congo (formerly Zaire).</p>
<p>In a statement in Belgian newspapers Grands Hotels said Sabena would in return receive 17,500,000 new shares, legally identical to the company's existing 1,125,000 shares.</p>
<p>The capital increase is due to be voted on at a meeting of Grands Hotels shareholders meeting in Kinshasa on July 7.</p>
<p>Sabena at present owns 79.81 percent of Grands Hotels. A spokesman said it was too early to say what percentage of shares it would hold following the capital increase.</p>
<p>"It will depend on whether the other shareholders follow (the capital increase)," he told Reuters.</p>
<p>He added the operation was needed to recapitalise the company, which had invested heavily in its hotel between 1989 and 1994, drawing on its own funds.</p>
<p>Sabena is 49.5 percent owned by Switzerland's Swissair group. Apart from the hotel in Congo, Sabena controls hotel units in Rwanda and Guinea. It also owns two hotels in Belgium.</p>
<p>-- Nick Antonovics, Brussels Newsroom +32 2 287 6817, Fax +32 2 230 7710</p>
</text>
<copyright>(c) Reuters Limited 1997</copyright>
<metadata>
<codes class="bip:countries:1.0">
  <code code="BELG">
    <editdetail action="confirmed" attribution="Reuters BIP Coding Group" date="1997-06-20"/>
  </code>
  <code code="ZAIRE">
    <editdetail action="confirmed" attribution="Reuters BIP Coding Group" date="1997-06-20"/>
  </code>
</codes>
<codes class="bip:industries:1.0">
  <code code="I66500">
    <editdetail action="confirmed" attribution="Reuters BIP Coding Group" date="1997-06-20"/>
  </code>
  <code code="I75000">
    <editdetail action="confirmed" attribution="Reuters BIP Coding Group" date="1997-06-20"/>
  </code>
</codes>
<codes class="bip:topics:1.0">
  <code code="C17">
    <editdetail action="confirmed" attribution="Reuters BIP Coding Group" date="1997-06-20"/>
  </code>
  <code code="C171">
    <editdetail action="confirmed" attribution="Reuters BIP Coding Group" date="1997-06-20"/>
  </code>
  <code code="CCAT">
    <editdetail action="confirmed" attribution="Reuters BIP Coding Group" date="1997-06-20"/>
  </code>
</codes>
<dc element="dc.date.created" value="1997-06-20"/>
<dc element="dc.publisher" value="Reuters Holdings Plc"/>
<dc element="dc.date.published" value="1997-06-20"/>
<dc element="dc.source" value="Reuters"/>
<dc element="dc.creator.location" value="BRUSSELS"/>
<dc element="dc.creator.location.country.name" value="BELGIUM"/>
<dc element="dc.source" value="Reuters"/>
</metadata>
</newsitem>
