<?xml version="1.0" encoding="ISO-8859-1" standalone="no"?>
<newsitem date="1997-06-20" id="root" itemid="677248" xml:lang="en">
<title>NETHERLANDS: INTERVIEW-Wegener says media mix is right.</title>
<headline>INTERVIEW-Wegener says media mix is right.</headline>
<byline>Andrew Kelly</byline>
<dateline>APELDOORN, Netherlands 1997-06-20</dateline>
<text>
<p>Dutch publisher Wegener NV believes it has the right media mix to thrive in an increasingly crowded media market place.</p>
<p>Chairman Jan Houwert said in an interview that Wegener could reach the mass market through its regional newspapers while targeting individual consumers via direct marketing.</p>
<p>Furthermore, he said, the 1996 takeover of the Arcade music group had given Wegener a foothold in the entertainment business and a launchpad for further expansion outside the Netherlands.</p>
<p>Wegener, with annual sales of 1.5 billion guilders ($772.8 million), is the Netherlands' biggest regional newspaper publisher and its leading provider of direct marketing services.</p>
<p>"Newspaper publishing is mass communication and direct marketing is one-to-one communication, but new technology is bringing them closer together," Houwert said.</p>
<p>New technology has also enabled Wegener's direct marketing units to gather precise information about consumers and deliver individualised advertising and marketing packages to them.</p>
<p>"We are shooting with bullets these days instead of with buckshot," he said.</p>
<p>Houwert rejected the suggestion that Wegener's acquisition of Arcade had been mis-timed in view of the continuing weakness of the European market for compact discs. He said it was an important strategic move for the long term.</p>
<p>In addition to an extra source of revenue and potential synergy benefits, he said, it "gave us a presence in the rest of Europe which we can also use as a springboard for growth in other sectors like direct marketing, electronic publishing and cartography."</p>
<p>To tackle the malaise in the CD market, Wegener is shifting away from licensed multi-artist compilations, which have been hit by severe pressure on margins, and developing its own catalogue of original repertoire, Houwert said.</p>
<p>It has recently acquired music labels in France and Spain and plans further expansion of its own catalogue.</p>
<p>Houwert said Wegener had begun exploiting the potential synergies of the Arcade deal by using its print, radio and television media to market and publicise Arcade CDs.</p>
<p>The Music Factory (TMF), Wegener's music-video TV channel, is now watched by more young Dutch people than MTV Europe.</p>
<p>TMF, launched in 1995, should break even this year and start making a profit from 1998, Houwert said, while the group's Radio 10 Gold station, already profitable, would benefit from extra listeners after recently winning an FM frequency.</p>
<p>Houwert said that because Wegener was not active in a high-margin segment of the publishing industry, it was all the more important to run a tight ship.</p>
<p>A phased reduction in the number of the group's printing plants from nine to four is due to be completed this year.</p>
<p>"We're always looking for ways to improve unit production costs and I'm convinced that will continue," Houwert said.</p>
<p>Operating margins were not high, averaging about eight percent of revenues in recent years, but Houwert said a company like supermarkets group Ahold had shown that good money could still be made on even lower margins.</p>
<p>"What we aim for is profit growth, pure and simple, and growth of earnings per share," he said.</p>
<p>Wegener has posted an increase in earnings per share for each of the last 13 years and has forecast an increase this year of at least 10 percent.</p>
<p>Houwert saw the Internet becoming an important and commercially viable medium in the near future, allowing advertisers to communicate very selectively with consumers and measure exactly how many people they were reaching.</p>
<p>Wegener recently acquired Riverland Networks, a Dutch firm which designs and maintains websites and which will operate in future under the name of Netcast.</p>
<p>In collaboration with fellow publisher VNU, it has also launched City Online, a series of websites providing local news and information plus content from advertisers or links to the advertiser's own website.</p>
<p>Houwert said the project was still in its early days, but was already attracting interest from advertisers keen to experiment with the new medium.</p>
<p>-- Amsterdam newsroom +31 20 504 5000 ($ = 1.941 Dutch Guilders)</p>
</text>
<copyright>(c) Reuters Limited 1997</copyright>
<metadata>
<codes class="bip:countries:1.0">
  <code code="NETH">
    <editdetail action="confirmed" attribution="Reuters BIP Coding Group" date="1997-06-20"/>
  </code>
</codes>
<codes class="bip:industries:1.0">
  <code code="I47510">
    <editdetail action="confirmed" attribution="Reuters BIP Coding Group" date="1997-06-20"/>
  </code>
</codes>
<codes class="bip:topics:1.0">
  <code code="C11">
    <editdetail action="confirmed" attribution="Reuters BIP Coding Group" date="1997-06-20"/>
  </code>
  <code code="CCAT">
    <editdetail action="confirmed" attribution="Reuters BIP Coding Group" date="1997-06-20"/>
  </code>
</codes>
<dc element="dc.date.created" value="1997-06-20"/>
<dc element="dc.publisher" value="Reuters Holdings Plc"/>
<dc element="dc.date.published" value="1997-06-20"/>
<dc element="dc.source" value="Reuters"/>
<dc element="dc.creator.location" value="APELDOORN, Netherlands"/>
<dc element="dc.creator.location.country.name" value="NETHERLANDS"/>
<dc element="dc.source" value="Reuters"/>
</metadata>
</newsitem>
