<?xml version="1.0" encoding="ISO-8859-1" standalone="no"?>
<newsitem date="1997-06-20" id="root" itemid="676956" xml:lang="en">
<title>USA: Sioux Falls hogs $0.25 lower - USDA.</title>
<headline>Sioux Falls hogs $0.25 lower - USDA.</headline>
<dateline>SIOUX FALLS 1997-06-20</dateline>
<text>
<p>Barrows and gilts were $0.25</p>
<p>lower. Trading moderately active. Top $59.00 per cwt. - USDA</p>
<p>US 1-3    220-260 lbs   58.50-59.00</p>
<p>	    260-270 lbs   58.00-58.50</p>
<p>Sows in limited number sold steady. Top 49.50.</p>
<p>US 1-3    300-500 lbs    48.00</p>
<p>	    500-550 lbs    48.50</p>
<p>	    550-650 lbs    49.00-49.50</p>
</text>
<copyright>(c) Reuters Limited 1997</copyright>
<metadata>
<codes class="bip:countries:1.0">
  <code code="USA">
    <editdetail action="confirmed" attribution="Reuters BIP Coding Group" date="1997-06-20"/>
  </code>
</codes>
<codes class="bip:topics:1.0">
  <code code="M14">
    <editdetail action="confirmed" attribution="Reuters BIP Coding Group" date="1997-06-20"/>
  </code>
  <code code="M141">
    <editdetail action="confirmed" attribution="Reuters BIP Coding Group" date="1997-06-20"/>
  </code>
  <code code="MCAT">
    <editdetail action="confirmed" attribution="Reuters BIP Coding Group" date="1997-06-20"/>
  </code>
</codes>
<dc element="dc.date.created" value="1997-06-20"/>
<dc element="dc.publisher" value="Reuters Holdings Plc"/>
<dc element="dc.date.published" value="1997-06-20"/>
<dc element="dc.source" value="Reuters"/>
<dc element="dc.creator.location" value="SIOUX FALLS"/>
<dc element="dc.creator.location.country.name" value="USA"/>
<dc element="dc.source" value="Reuters"/>
</metadata>
</newsitem>
