<?xml version="1.0" encoding="ISO-8859-1" standalone="no"?>
<newsitem date="1997-06-20" id="root" itemid="677539" xml:lang="en">
<title>HONG KONG: HK students pledge to keep fighting for democracy.</title>
<headline>HK students pledge to keep fighting for democracy.</headline>
<byline>Vivian Lee</byline>
<dateline>HONG KONG 1997-06-20</dateline>
<text>
<p>Hong Kong's students are pledging to fight on for greater democracy from their campus retreats, amid doubts about freedom of assembly and expression after China takes over.</p>
<p>Ivy Chan, chairwoman of the pro-democracy Hong Kong Federation of Students, said on Friday they would adopt a watchdog role towards the new handover government which puts social order over civil liberty.</p>
<p>"I don't think we will change our direction after the handover. We'll continue taking up social responsibilities and be the conscience of society," Chan told Reuters.</p>
<p>Hong Kong's rapidly-expanding student population represents the spearhead of a changed political ethos with a new Chinese middle-class espousing liberal, democratic values--once a rare commodity under the 156-year-long British colonial rule.</p>
<p>Hong Kong, with a 6.4 million population, now has over 44,000 fulltime university students, many increasingly from working-class backgrounds.</p>
<p>Chan said: "I'll uphold my principles and continue criticising the government if I find there's something wrong."</p>
<p>Student power has just won a victory with the University of Hong Kong over displaying a sculpture symbolising oppression.</p>
<p>Scuffles broke out after a June 4 Tiananmen massacre vigil in Hong Kong when students tried to erect on campus a "Pillar of Shame" statue, a grey tower of twisted bodies depicting victims of dictatorship.</p>
<p>Authorities initially blocked the statue, honouring victims of the 1987 Beijing crackdown on a student-led democracy movement, sparking fears that campus freedom of expression here was doomed.</p>
<p>Students said it was political censorship, though the university finally allowed the work by a Danish artist to be displayed.</p>
<p>Last month, students from the Hong Kong Polytechnic University claimed political censorship had scuppered a fund-raising project.</p>
<p>A T-shirt sale by human rights group Amnesty International was banned as a political activity, the students said.</p>
<p>A controversial new public order law prepared by future leader Tung Chee-hwa has been passed by the China-picked provisional legislature ahead of the June 30 handover.</p>
<p>Under the law, prior police approval will now be required for staging demonstrations, instead of a simple notification.</p>
<p>"All these things hinted that something is happening...and we'll take action if our freedom is infringed," Chan said.</p>
<p>However, a leader of a pro-Beijing students' group disagrees. "I don't think those high-profile social actions can solve probems, we should do something more constructive," said Yeung Sum-yu, president of the Hong Kong Youth and Tertiary Students Association.</p>
</text>
<copyright>(c) Reuters Limited 1997</copyright>
<metadata>
<codes class="bip:countries:1.0">
  <code code="CHINA">
    <editdetail action="confirmed" attribution="Reuters BIP Coding Group" date="1997-06-20"/>
  </code>
  <code code="HKONG">
    <editdetail action="confirmed" attribution="Reuters BIP Coding Group" date="1997-06-20"/>
  </code>
</codes>
<codes class="bip:topics:1.0">
  <code code="GCAT">
    <editdetail action="confirmed" attribution="Reuters BIP Coding Group" date="1997-06-20"/>
  </code>
  <code code="GPOL">
    <editdetail action="confirmed" attribution="Reuters BIP Coding Group" date="1997-06-20"/>
  </code>
</codes>
<dc element="dc.date.created" value="1997-06-20"/>
<dc element="dc.publisher" value="Reuters Holdings Plc"/>
<dc element="dc.date.published" value="1997-06-20"/>
<dc element="dc.source" value="Reuters"/>
<dc element="dc.creator.location" value="HONG KONG"/>
<dc element="dc.creator.location.country.name" value="HONG KONG"/>
<dc element="dc.source" value="Reuters"/>
</metadata>
</newsitem>
