<?xml version="1.0" encoding="ISO-8859-1" standalone="no"?>
<newsitem date="1997-06-20" id="root" itemid="675811" xml:lang="en">
<title>RUSSIA: Russian Duma votes again to limit UES investment.</title>
<headline>Russian Duma votes again to limit UES investment.</headline>
<dateline>MOSCOW 1997-06-20</dateline>
<text>
<p>Russia's lower house of parliament, the State Duma, voted again to limit foreign investment in Russia's giant power company Unified Energy System (UES) to 25 percent.</p>
<p>The measure must now be approved by the upper house and by President Boris Yeltsin.  </p>
<p>Duma deputies cast 338 votes in favour of the bill and no votes against it. Four officals abstained from voting. The lower house had already voted earlier this year to limit foreign investment in UES to 25 percent, but the upper house returned the bill to the Duma for reconsideration.</p>
<p>The text of the bill said the government held a 51 percent stake in the company, which is one of Russia's biggest by market capitalisation and sales. According to UES's annual report, foreign investors own 27.8 percent.</p>
<p>"The Russian government will secure the retention of such a (25 percent) limit on account of the amount of RAO UES shares owned by foreign governments, international organisations, foreign legal bodies and their Russian affiliates and foreign individuals," the bill said.</p>
<p>UES shares were last quoted at $0.3275 on the Russian Trading system at 1240 (0840 GMT), up slightly from their close of $0.3270 on Thursday.</p>
<p>--Mike Collett-White, Moscow Newsroom +7095 941 8520</p>
</text>
<copyright>(c) Reuters Limited 1997</copyright>
<metadata>
<codes class="bip:countries:1.0">
  <code code="RUSS">
    <editdetail action="confirmed" attribution="Reuters BIP Coding Group" date="1997-06-20"/>
  </code>
</codes>
<codes class="bip:industries:1.0">
  <code code="I16100">
    <editdetail action="confirmed" attribution="Reuters BIP Coding Group" date="1997-06-20"/>
  </code>
</codes>
<codes class="bip:topics:1.0">
  <code code="C13">
    <editdetail action="confirmed" attribution="Reuters BIP Coding Group" date="1997-06-20"/>
  </code>
  <code code="CCAT">
    <editdetail action="confirmed" attribution="Reuters BIP Coding Group" date="1997-06-20"/>
  </code>
</codes>
<dc element="dc.date.created" value="1997-06-20"/>
<dc element="dc.publisher" value="Reuters Holdings Plc"/>
<dc element="dc.date.published" value="1997-06-20"/>
<dc element="dc.source" value="Reuters"/>
<dc element="dc.creator.location" value="MOSCOW"/>
<dc element="dc.creator.location.country.name" value="RUSSIA"/>
<dc element="dc.source" value="Reuters"/>
</metadata>
</newsitem>
