<?xml version="1.0" encoding="ISO-8859-1" standalone="no"?>
<newsitem date="1997-06-20" id="root" itemid="675937" xml:lang="en">
<title>MEXICO: Eugenio Clariond new head of Mexico business group.</title>
<headline>Eugenio Clariond new head of Mexico business group.</headline>
<dateline>MEXICO CITY 1997-06-19</dateline>
<text>
<p>Eugenio Clariond Reyes Retana was unanimously elected as president of the Mexican Council of Bussinessmen (CMHN), the council said on Thursday.</p>
<p>Clariond Reyes Retana, who is president of the Monterrey-based Grupo Industrias Metalicas Monterrey (IMMSA), received the vote of all 35 members of the council, according to a CMHN news release.</p>
<p>He will assume the presidency of the CMHN in the first half of July, the council said.</p>
<p>((--Dan Trotta, Mexico City newsroom,+525 728-9507))</p>
</text>
<copyright>(c) Reuters Limited 1997</copyright>
<metadata>
<codes class="bip:countries:1.0">
  <code code="MEX">
    <editdetail action="confirmed" attribution="Reuters BIP Coding Group" date="1997-06-20"/>
  </code>
</codes>
<codes class="bip:topics:1.0">
  <code code="C41">
    <editdetail action="confirmed" attribution="Reuters BIP Coding Group" date="1997-06-20"/>
  </code>
  <code code="C411">
    <editdetail action="confirmed" attribution="Reuters BIP Coding Group" date="1997-06-20"/>
  </code>
  <code code="CCAT">
    <editdetail action="confirmed" attribution="Reuters BIP Coding Group" date="1997-06-20"/>
  </code>
</codes>
<dc element="dc.date.created" value="1997-06-19"/>
<dc element="dc.publisher" value="Reuters Holdings Plc"/>
<dc element="dc.date.published" value="1997-06-20"/>
<dc element="dc.source" value="Reuters"/>
<dc element="dc.creator.location" value="MEXICO CITY"/>
<dc element="dc.creator.location.country.name" value="MEXICO"/>
<dc element="dc.source" value="Reuters"/>
</metadata>
</newsitem>
