<?xml version="1.0" encoding="ISO-8859-1" standalone="no"?>
<newsitem date="1997-06-20" id="root" itemid="677079" xml:lang="en">
<title>USA: FOCUS - U.S., Japan spar on trade ahead of summit.</title>
<headline>FOCUS - U.S., Japan spar on trade ahead of summit.</headline>
<byline>Rich Miller</byline>
<dateline>DENVER 1997-06-20</dateline>
<text>
<p>The United States and Japan sparred with each other on Thursday over the Asian nation's mounting trade surplus in what could prove to be a harbinger of tougher battles down the road.</p>
<p>In a meeting with Japan's Prime Minister Ryutaro Hashimoto, President Bill Clinton voiced concern about the rising surplus and warned that a continued climb could spell troubles for ties between the two nations, U.S. officials said.</p>
<p>"The president said previous persistent trade imbalances with Japan had been a source of real damage in the bilateral relationship and it was very important ... we don't return to that type of atmosphere," White House spokesman Mike McCurry told reporters.</p>
<p>A senior Japanese official said that Clinton presented Hashimoto with a paper forecasting a steady climb in Japan's trade surplus in the coming months. It was not clear how long of a period the forecast covered, but the official indicated to Reuters that it was at least until the end of this year.</p>
<p>Hashimoto responded with a paper of his own arguing that the surplus was not likely to rise substantially in the medium term, Japanese officials said.</p>
<p>Japan's global trade surplus in May soared by more than 200 percent from a year earlier. Its bilateral surplus with the United States climbed by more than 90 percent.</p>
<p>While the United States is not pleased with the current level of the surplus -- Clinton told reporters on Thursday he wished it was not so high -- Washington seems more concerned about what lies ahead.</p>
<p>"Some recent indications are that there may be large trade surpluses on the not too distant horizon," Clinton economic adviser Daniel Tarullo said.</p>
<p>Tarullo told reporters that Clinton and Hashimoto -- who met here on the eve of the annual summit of industrial democracies -- did not discuss foreign exchange rates.</p>
<p>However, U.S. officials recognise that the dollar's recent drop against the yen -- it has fallen some 15 yen in the last two months -- should help contain the rise in Japan's surplus in the long-term.</p>
<p>A senior Japanese official, who declined to be identified, called the rise in Japan's surplus a "cyclical" response to the past weakness of the yen. Over the last two years, the yen has fallen some 45 percent against the dollar, even after taking its recent rebound into account.</p>
<p>"You shouldn't worry too much about cyclical factors," he told Reuters. "In a year, both Japan and the United States will be able to discuss more seriously Japan's surplus," he added.</p>
<p>He said that Japan cannot control the level of the exchange rate or the strength of U.S. demand for Japanese exports. What it can do is to concentrate on changing the structure of its economy so that it relies less on exports and more on domestic demand.</p>
<p>The official argued that such structural change is already underway, pointing, among other things, to Japan's increased propensity to import manufactured goods.</p>
<p>U.S. officials acknowledge that change is taking place but question whether it is as far-reaching as their Japanese counterparts maintain.</p>
<p>U.S. officials also seem to have their doubts about Hashimoto's willingness and ability to follow through on his promise of massive deregulation of the Japanese economy.</p>
<p>The two countries on Thursday agreed to set up a formal consultative process to discuss Hashimoto's deregulation efforts in specific areas. "We're here to call his bluff," U.S. Trade Representative Charlene Barshefsky said.</p>
</text>
<copyright>(c) Reuters Limited 1997</copyright>
<metadata>
<codes class="bip:countries:1.0">
  <code code="JAP">
    <editdetail action="confirmed" attribution="Reuters BIP Coding Group" date="1997-06-20"/>
  </code>
  <code code="USA">
    <editdetail action="confirmed" attribution="Reuters BIP Coding Group" date="1997-06-20"/>
  </code>
</codes>
<codes class="bip:topics:1.0">
  <code code="E51">
    <editdetail action="confirmed" attribution="Reuters BIP Coding Group" date="1997-06-20"/>
  </code>
  <code code="E512">
    <editdetail action="confirmed" attribution="Reuters BIP Coding Group" date="1997-06-20"/>
  </code>
  <code code="ECAT">
    <editdetail action="confirmed" attribution="Reuters BIP Coding Group" date="1997-06-20"/>
  </code>
</codes>
<dc element="dc.date.created" value="1997-06-20"/>
<dc element="dc.publisher" value="Reuters Holdings Plc"/>
<dc element="dc.date.published" value="1997-06-20"/>
<dc element="dc.source" value="Reuters"/>
<dc element="dc.creator.location" value="DENVER"/>
<dc element="dc.creator.location.country.name" value="USA"/>
<dc element="dc.source" value="Reuters"/>
</metadata>
</newsitem>
