<?xml version="1.0" encoding="ISO-8859-1" standalone="no"?>
<newsitem date="1997-06-20" id="root" itemid="677024" xml:lang="en">
<title>USA: CBOT soybeans mostly down on good weather.</title>
<headline>CBOT soybeans mostly down on good weather.</headline>
<dateline>CHICAGO 1997-06-20</dateline>
<text>
<p>CBOT soybean futures were mostly lower early Friday, under pressure from prospects for good growing weather this weekend, traders said.</p>
<p>"It's going to be a greenhouse this weekend," said one trader.</p>
<p>Forecasters were calling for the hottest temperatures of the year on Friday, with highs in the 90s (degrees Fahrenheit) from Nebraska to Illinois and upper 80s in Ohio and Indiana.</p>
<p>Widespread rains were also expected this weekend.</p>
<p>Traders also were awaiting July options expiration at 1201 CDT. Trade in July could be volatile up to that point.</p>
<p>The market shrugged off reports that China purchased up to 50,000 tonnes of U.S. soybeans for November shipment overnight.</p>
<p>In early trade, Refco sold 500,000 bushels July, ADM was a seller in November, and Term Commodities and Smith Barney each bought 500,000 bushels July, pit sources said.</p>
<p>At 0957 CDT, July soybeans were down 1/2 cent per bushel at $8.37, and other months were 6-1/2 cents lower to 1/4 higher.</p>
<p>((Anna Driver 312-408-8720))</p>
</text>
<copyright>(c) Reuters Limited 1997</copyright>
<metadata>
<codes class="bip:countries:1.0">
  <code code="USA">
    <editdetail action="confirmed" attribution="Reuters BIP Coding Group" date="1997-06-20"/>
  </code>
</codes>
<codes class="bip:topics:1.0">
  <code code="M14">
    <editdetail action="confirmed" attribution="Reuters BIP Coding Group" date="1997-06-20"/>
  </code>
  <code code="M141">
    <editdetail action="confirmed" attribution="Reuters BIP Coding Group" date="1997-06-20"/>
  </code>
  <code code="MCAT">
    <editdetail action="confirmed" attribution="Reuters BIP Coding Group" date="1997-06-20"/>
  </code>
</codes>
<dc element="dc.date.created" value="1997-06-20"/>
<dc element="dc.publisher" value="Reuters Holdings Plc"/>
<dc element="dc.date.published" value="1997-06-20"/>
<dc element="dc.source" value="Reuters"/>
<dc element="dc.creator.location" value="CHICAGO"/>
<dc element="dc.creator.location.country.name" value="USA"/>
<dc element="dc.source" value="Reuters"/>
</metadata>
</newsitem>
