<?xml version="1.0" encoding="ISO-8859-1" standalone="no"?>
<newsitem date="1997-06-20" id="root" itemid="675910" xml:lang="en">
<title>VENEZUELA: Venezuela Q1 unemployment at 12.6 pct - official.</title>
<headline>Venezuela Q1 unemployment at 12.6 pct - official.</headline>
<dateline>CARACAS 1997-06-20</dateline>
<text>
<p>Venezuela's official unemployment rate edged up in the first quarter of this year to 12.6 percent, from 12.4 percent in the second half of 1996, the director of Venezuela's Central Information and Statistics Office (OCEI) said on Friday.</p>
<p>There were no comparative figures for the first quarter of 1996.  </p>
<p>The official figures contrast with those provided by private forecasters Datanalisis, which said unemployment grew by 119,000 people in the four months to May, reaching 13.8 percent of the workforce at the end of the month.</p>
<p>OCEI Director Miguel Bolivar said the first quarter this year was atypical because of a firing freeze decreed by the government from March 19 to June 30.</p>
<p>He said unemployment normally rose slightly after the Christmas period because the the number of jobs contracted at that time of year. The official unemployment rate in January briefly peaked at over 13 percent, he added.</p>
<p>OCEI defines unemployed people as those over the age of 15 who receive no money for work and are actively seeking work.</p>
<p>The informal sector, which includes those working in domestic service, self-employed non-professionals and those employed in businesses of less than five people, accounted for between 48.5 and 49.3 percent of the workforce, Bolivar said.</p>
<p>He said women showed the highest unemployment rate of 16.5- 16.6 percent, and put the total workforce at about nine million people.</p>
<p>((-- Ana Isabel Martinez, Caracas newsroom, 582 505 2600))</p>
</text>
<copyright>(c) Reuters Limited 1997</copyright>
<metadata>
<codes class="bip:countries:1.0">
  <code code="VEN">
    <editdetail action="confirmed" attribution="Reuters BIP Coding Group" date="1997-06-20"/>
  </code>
</codes>
<codes class="bip:topics:1.0">
  <code code="E41">
    <editdetail action="confirmed" attribution="Reuters BIP Coding Group" date="1997-06-20"/>
  </code>
  <code code="E411">
    <editdetail action="confirmed" attribution="Reuters BIP Coding Group" date="1997-06-20"/>
  </code>
  <code code="ECAT">
    <editdetail action="confirmed" attribution="Reuters BIP Coding Group" date="1997-06-20"/>
  </code>
</codes>
<dc element="dc.date.created" value="1997-06-20"/>
<dc element="dc.publisher" value="Reuters Holdings Plc"/>
<dc element="dc.date.published" value="1997-06-20"/>
<dc element="dc.source" value="Reuters"/>
<dc element="dc.creator.location" value="CARACAS"/>
<dc element="dc.creator.location.country.name" value="VENEZUELA"/>
<dc element="dc.source" value="Reuters"/>
</metadata>
</newsitem>
