<?xml version="1.0" encoding="ISO-8859-1" standalone="no"?>
<newsitem date="1997-06-20" id="root" itemid="676094" xml:lang="en">
<title>USA: U.S. municipal bond market indicators -- update.</title>
<headline>U.S. municipal bond market indicators -- update.</headline>
<text>
<p>DAILY INDICATORS</p>
<p>				   Latest     Previous  Last Date</p>
<p>Blue List  BLT735	 $1.457 bln  $1.404 bln   6/20/97</p>
<p>Reuters</p>
<p> 30-day Visible Supply   $7.908 bln  $6.393 bln   6/20/97</p>
<p> Competitive Visible     $1.725 bln  $1.703 bln   6/20/97</p>
<p> Negotiated Visible	$6.182 bln  $4.690 bln   6/20/97</p>
<p>Bond Buyer</p>
<p> 30-day Visible Supply   $5.332 bln  $4.173 bln   6/20/97</p>
<p> Competitive Visible     $1.510 bln  $1.437 bln   6/20/97</p>
<p> Negotiated Visible	$3.835 bln  $2.735 bln   6/20/97</p>
<p>Bond Buyer 40-Bond Index	5.58%	 5.58%   6/20/97</p>
<p>(yield to maturity)</p>
<p>Lipper general muni index    130.43	130.40   6/19/97</p>
<p> CRB Index  .CRB		 242.95	241.85   6/19/97</p>
<p>Lehman long govt index	   0.08	  0.28   6/19/97</p>
<p>(total return)</p>
<p>WEEKLY INDICATORS</p>
<p>Reuters 10-Year GO Index	4.79%	 4.83%   6/19/97</p>
<p>Bond Buyer 20 Bond Index	5.48%	 5.52%   6/19/97</p>
<p>Bond Buyer 11 Bond Index	5.39%	 5.44%   6/19/97</p>
<p>Bond Buyer Revenue Bond Index 5.75%	 5.77%   6/19/97</p>
<p>Bond Buyer 1-Year Note Index  3.82%	 3.80%   6/18/97</p>
<p>PSA Municipal Swap Index	3.99%	 3.45%   6/11/97</p>
<p>----------------------------------------------</p>
<p>Moody's Weekly Municipal Bond Yield Averages</p>
<p>			  Latest   Previous    Last Date</p>
<p>    10-year Aaa	4.73%	4.75%	6/20/97</p>
<p>    10-year Aa	 4.81%	4.83%	6/20/97</p>
<p>    20-year Aaa	5.28%	5.33%	6/20/97</p>
<p>    20-year Aa	 5.34%	5.40%	6/20/97</p>
<p>    20-year A	  5.39%	5.44%	6/20/97</p>
<p>    20-year Baa	5.49%	5.54%	6/20/97</p>
<p>    VMIG weekly	4.12%	4.05%	6/20/97</p>
<p>Delphis Hanover weekly muni bond yields calculated June 19.</p>
<p>		Aaa		Aa	     A	     Baa</p>
<p> 1998    3.65  3.60    3.80  3.75   4.00  4.00   4.30  4.30</p>
<p> 2002    4.35  4.40    4.50  4.55   4.75  4.80   5.05  5.10</p>
<p> 2007    4.70  4.75    4.85  4.90   5.05  5.15   5.35  5.45</p>
<p> 2012    5.10  5.10    5.25  5.25   5.45  5.50   5.75  5.80</p>
<p> 2017    5.30  5.25    5.45  5.40   5.65  5.65   5.90  5.95</p>
<p> 2022    5.35  5.30    5.50  5.45   5.70  5.70   5.95  6.00</p>
<p> 2027    5.40  5.35    5.55  5.50   5.75  5.75   6.00  6.05</p>
<p>*from previous calculation on June 12.</p>
<p>--U.S. Municipal Desk, 212-859-1650</p>
</text>
<copyright>(c) Reuters Limited 1997</copyright>
<metadata>
<codes class="bip:countries:1.0">
  <code code="USA">
    <editdetail action="confirmed" attribution="Reuters BIP Coding Group" date="1997-06-20"/>
  </code>
</codes>
<codes class="bip:topics:1.0">
  <code code="M12">
    <editdetail action="confirmed" attribution="Reuters BIP Coding Group" date="1997-06-20"/>
  </code>
  <code code="MCAT">
    <editdetail action="confirmed" attribution="Reuters BIP Coding Group" date="1997-06-20"/>
  </code>
</codes>
<dc element="dc.publisher" value="Reuters Holdings Plc"/>
<dc element="dc.date.published" value="1997-06-20"/>
<dc element="dc.source" value="Reuters"/>
<dc element="dc.creator.location.country.name" value="USA"/>
<dc element="dc.source" value="Reuters"/>
</metadata>
</newsitem>
