<?xml version="1.0" encoding="ISO-8859-1" standalone="no"?>
<newsitem date="1997-06-20" id="root" itemid="676458" xml:lang="en">
<title>INDIA: Forthcoming book-closures of Indian companies.</title>
<headline>Forthcoming book-closures of Indian companies.</headline>
<text>
<p>------------------------------------------------</p>
<p> AEC (India)		    June 16/June 27   AGM</p>
<p> ADS Diagnostic		 Sept 15/Sept 27   AGM</p>
<p> AKC Synthetics		 Sept 22/Sept 30   AGM</p>
<p> APM Industries		 July 17/July 23   16% dividend</p>
<p> Aasheesh Securities	  June 23/June 28   AGM</p>
<p> Abhinav Homes and Resorts  July 29/Aug 2     AGM</p>
<p> Addi Industries		June 27/June 30   AGM</p>
<p> Adi Rasayan		    June 20/July 1    Nil Dividend</p>
<p> Ador Fontech		   July 25/July 31   30% dividend</p>
<p> Advani-Oerlikon		July 7/July 24    AGM &amp; Dividend</p>
<p> Agro Granite Industries    Aug 1/Aug 8	 AGM &amp; dividend</p>
<p> Ahmedabad Electricity Co.  July 3/July 15    Interest</p>
<p> Akhil Holdings		 June 26/June 30   AGM</p>
<p> Alembic Chemical Works Co. June 10/June 19   24% dividend</p>
<p> Alfa-Laval		     July 16/July 31   AGM</p>
<p> Alka Spinners		  July 1/July 7     Nil dividend</p>
<p> Alliance Capital &amp; Finan.  June 24/June 25   AGM</p>
<p> Altos India		    June 26/June 30   AGM &amp; Dividend</p>
<p> Anand Electric Supply Co.  Aug 20/Sept 3     Nil dividend</p>
<p> Andhra Valley Power Supply July 9/July 19    Dividend</p>
<p> Apcotex Lattics		Aug 8/Aug 23	37% dividend</p>
<p> Apollo Tyres		   Aug 1/Aug 30	40% dividend</p>
<p> Arlem Breweries		July 15/July 30   AGM</p>
<p> Artech Power Products	Aug 1/Aug 8	 AGM</p>
<p> Ashok Alco-chem		June 21/June 27   AGM (Revised)</p>
<p> Ashok Leyland		  June 17/June 30   Interest</p>
<p> Asian Electronics	    Aug 1/Aug 12	Dividend</p>
<p> Asian Hotels		   July 23/Aug 20    45% final</p>
<p>							    dividend, 60%</p>
<p>							    Interim dividend</p>
<p>							    and AGM</p>
<p>							    (revised)</p>
<p> Asian Paints		   July 24/Aug 8     75% Dividend</p>
<p> Associated Cement Co.	Aug 8/Sept 3	30% dividend</p>
<p> Associated Stone Ind.	Sept 16/Sept 30   Dividend</p>
<p> Atlas Copco		    Aug 21/Sept 12    34% dividend</p>
<p> Atma Steels		    June 26/June 27   AGM (Revised)</p>
<p> Automobile Corpn. of Goa   June 20/June 24   Interest</p>
<p> Avery India		    July 23/Aug 8     AGM</p>
<p> BASF India		     July 24/Aug 8     30% Dividend</p>
<p> BCC Fuba			 July 8/July 14    AGM &amp; Dividend</p>
<p> BPL				Sept 1/Sept 17    30% dividend</p>
<p> BSES			     Aug 1/Aug 29	AGM &amp; Dividend</p>
<p> BSL				Sept 16/Sept 25   Dividend</p>
<p> Badal Exports &amp; ConsultantsAug 2/Aug 16	AGM &amp; Dividend</p>
<p> Bajaj Auto		     July 15/July 25   20% Dividend</p>
<p> Bajaj Auto Finance	   July 15/July 25   20% Dividend</p>
<p> Bajaj Electricals	    July 22/Aug 5     30% Dividend</p>
<p> Bajaj Hindustan		July 9/July 23    AGM</p>
<p> Bank of Baroda		 July 21/July 30   Dividend</p>
<p> Bank of India		  July 18/Aug 6     AGM</p>
<p> Bank of Punjab		 June 16/June 21   AGM &amp; 12.5% Final</p>
<p>							    dividend</p>
<p> Bayer (India)		  May 30/June 25    25% dividend</p>
<p> Bayer Diagnostics	    June 17/June 28   30% dividend</p>
<p> Berger Paints		  July 19/Aug 2     30% final</p>
<p>							    dividend</p>
<p> Best Board		     June 30	     AGM</p>
<p> Best Mulyankan Consultants July 31/Aug 16    AGM</p>
<p> Bhakra Industries	    July 16/July 25   AGM</p>
<p> Bharat Commerce and Indust.Sept 16/Sept 30   12.5% dividend</p>
<p> Bharat Forge		   July 15/July 31   Interest</p>
<p> Bharat Petroleum Corpn.    July 16/Aug 12    AGM &amp; 33%</p>
<p>							    dividend</p>
<p> Bhuvan Tripura Industries  May 26/June 26    (Revised)</p>
<p> Bihar Caustic &amp; Chemicals  Aug 5/Aug 12	25% dividend</p>
<p> Bimetal Bearings	     July 1/July 25    Dividend</p>
<p> Birla Century Finance	June 17/July 11   15% dividend</p>
<p> Birla Erricsson Opticals   Aug 1/Aug 12	Nil Dividend</p>
<p> Birla Jute &amp; Ind.	    July 1/July 16    AGM</p>
<p> Bloom Industries	     July 7/July 19    AGM</p>
<p> Blue Star			July 16/July 30   35% dividend</p>
<p> Bluegold Maritech (Int'l)  June 25/June 30   AGM</p>
<p> Bombay Baroda Roadways     July 19/July 25   AGM</p>
<p> Bombay Burmah Trading Corp.July 12/Aug 1     23% Dividend</p>
<p> Bombay Dyeing &amp; Mfg. Co.   Aug 12/Sept 4     35% dividend</p>
<p> Bombay Oxygen Corp.	  June 21/June 24   AGM &amp; Dividend</p>
<p> Borosil Glass Works	  Aug 20/Aug 28     AGM &amp; Dividend</p>
<p> Britannia Industries	 Aug 14/Aug 29     40% dividend</p>
<p> Burroughs Welcome	    June 3/June 20    25% final</p>
<p>							    dividend</p>
<p> CG-Vak Software &amp; Exports  July 1/July 16    AGM</p>
<p> CTR Manufacturing Industr. July 9/July 16    AGM</p>
<p> Can Fin Homes		  July 16/July 30   Dividend</p>
<p> Cannaan International Cred.June 28/June 30   (Cancelled)</p>
<p> Caprihans India		July 3/July 9     AGM</p>
<p> Carborundum Universal	Aug 1/Aug 14	20% final</p>
<p>							    dividend</p>
<p> Carrier Aircon		 Aug 19/Sept 12    20% dividend</p>
<p> Cauvery Electronics	  June 16/June 25   AGM</p>
<p> Cellulose and Chemicals    July 29/July 31   AGM</p>
<p> Centak Chemicals	     June 13/June 27   AGM &amp; Dividend</p>
<p> Central Finance		July 24/July 31   15% dividend</p>
<p> Century Enka		   June 17/June 26   27% final</p>
<p>							    dividend</p>
<p> Century Laminating Company July 16/July 22   Dividend</p>
<p> Century Textiles	     June 25/July 22   60% dividend</p>
<p> Chandra Synthetics	   June 24/June 27   AGM</p>
<p> Chembond Chemicals	   Aug 1/Aug 16	AGM &amp; dividend</p>
<p> Cheminor Drugs		 Sept 18/Sept 25   30% dividend</p>
<p> Cheviot Company		July 16/July 31   Dividend</p>
<p> Chicago Pneumatic	    Aug 1/Aug 16	AGM &amp; dividend</p>
<p> Choice Financial Services  June 25/June 27   AGM</p>
<p> Chokhani Securities	  June 18/June 27   Nil dividend</p>
<p> Citurgia Biochemicals	July 8/July 22    40% dividend</p>
<p> Clariant			 July 14/July 31   AGM &amp; 35%</p>
<p>							    dividend</p>
<p> Colour-Chem		    Aug 5/Aug 28	60% dividend</p>
<p> Continental Credit and Inv.July 2/July 9     AGM</p>
<p> Credit Rating Inform. Serv.July 8/July 15    30% dividend</p>
<p>Cressanda Commercial &amp;</p>
<p>  Financing		     July 22/July 29   AGM &amp; Dividend</p>
<p> DHP Financial Services     July 24/July 31   AGM &amp; Dividend</p>
<p> Dabur			    Aug 19/Sept 12    AGM &amp; 30%</p>
<p>							    dividend</p>
<p> Daudayal Finwest	     June 23/June 30   AGM</p>
<p> Dawn Mills Co.		 July 15/Aug 11    AGM</p>
<p> Deccan Cements		 Aug 20/Aug 29     Dividend</p>
<p> Dee Pharma		     Sept 2/Sept 22    20% dividend</p>
<p> Dena Bank			July 1/July 12    AGM &amp; dividend</p>
<p> Dhandapani Finance	   July 17/July 24   AGM &amp; Dividend</p>
<p> Dhunseri Tea &amp; Industries  June 20/June 27   20% dividend</p>
<p> Dina Iron &amp; Steel	    July 18/July 28   AGM</p>
<p> Divyashakti Graniter	 July 29/July 31   AGM</p>
<p> Dr. Beck &amp; Co.		 Sept 16/Sept 26   AGM</p>
<p> Dr. Reddy's Laboratories   Sept 11/Sept 25   30% dividend</p>
<p> EID Parry			Aug 1/Aug 13	25% final</p>
<p>							    dividend</p>
<p> ELF Trading &amp; Chemicals    Aug 5/Aug 11	Dividend</p>
<p> East Coast Steel	     July 22/July 30   AGM</p>
<p> Ecoplast			 June 10/June 20   20% dividend</p>
<p> Eicher			   Aug 12/Aug 23     AGM</p>
<p> Eicher Motors		  Aug 19/Aug 30     AGM</p>
<p> Elcid Investment	     Sept 22/Sept 29   Dividend</p>
<p> Electric Control Gear	Aug 20/Aug 30     10% final</p>
<p>							    dividend</p>
<p> Elgi Equipments		Sept 7/Sept 3     40% dividend</p>
<p> Elgi Equipments		Sept 13/Sept 30   Interest</p>
<p> Elgi Tyre &amp; Tread	    Aug 1/Aug 14	50% dividend</p>
<p> Energy Products		June 17/June 27   AGM</p>
<p> Equity Opportunity Fund    June 2/June 30    Dividend</p>
<p> Esab India		     July 24/Aug 12    AGM &amp; 20%</p>
<p>							    dividend</p>
<p> Escorts			  July 15/July 30   Dividend</p>
<p> Escorts Finance		July 16/Aug 5     35% dividend</p>
<p> Excel Industries	     July 16/July 23   Dividend</p>
<p> FAG Precision Bearings     Aug 6/Aug 20	Dividend</p>
<p> Fabworth			 May 30/June 25    AGM &amp; dividend</p>
<p> Ficom Organics		 Aug 16/Sept 4     Dividend</p>
<p> Fiduciary Capital &amp; Fin.   July 30/Aug 1     AGM</p>
<p> Flex Chemicals		 June 17/June 24   30% dividend</p>
<p> Flex Foods		     June 17/June 24   AGM</p>
<p> Floatglass India	     July 15/July 29   AGM</p>
<p> Foseco India		   July 8/July 31    AGM</p>
<p> GEC Alsthom India	    Aug 20/Sept 2     10% dividend</p>
<p> GEI Engineering		July 15/July 21   12% dividend</p>
<p> GIC Big Value		  April 1/June 30   Redemption</p>
<p> GTN Textiles		   July 22/July 30   35% dividend</p>
<p> Gabriel			  July 4/July 28    AGM &amp; Dividend</p>
<p> Galaxy Consolidated FinanceJuly 21/July 26   AGM</p>
<p> Gandhi Special Tubes	 Aug 1/Aug 20	AGM</p>
<p> Ganesh Housing Finance Cor.Sept 2/Sept 15    8% dividend</p>
<p> Ganesh Lea-Finvest	   Sept 2/Sept 15    Nil dividend</p>
<p> Gangotri Textiles	    Sept 2/Sept 29    20% dividend</p>
<p> Garware Polyster	     June 17/June 25   20% dividend</p>
<p> Garware-Wall Ropes	   Sept 16/Sept 26   15% dividend</p>
<p> Geefcee Finance		Aug 25/Aug 30     10% dividend</p>
<p> Geep Industrial Syndicate  July 16/July 23   15% dividend</p>
<p> Georg Fischer Disa	   Aug 1/Aug 22	AGM</p>
<p> German Remedies		Aug 6/Aug 21	AGM</p>
<p> Ginni Filaments		July 24/Aug 7     Dividend</p>
<p> Glaxo India		    June 3/June 20    25% final</p>
<p>							    dividend</p>
<p> Global Tele-Systems	  July 29/Aug 7     AGM &amp; dividend</p>
<p> Global Trust Bank	    July 1/July 10    AGM &amp; 15%</p>
<p>							    dividend</p>
<p> Godrej Foods		   Aug 19/Sept 17    AGM (Revised)</p>
<p> Gold Multifab		  June 16/June 20   AGM</p>
<p> Goldiam International	July 26/Aug 11    AGM &amp; Dividend</p>
<p> Goodlass Nerolac Paints    July 25/Aug 1     60% dividend</p>
<p> Gopal Iron &amp; Steel Co.(Guj)Aug 1/Aug 14	AGM</p>
<p> Graham Firth Steel ProductsAug 1/Aug 8	 AGM</p>
<p> Grandmaster Unit Scheme1993Sept 1/Sept 30    Dividend</p>
<p> Graphic Charts		 July 18/July 27   AGM</p>
<p> Grasim Industries	    June 17/July 16   65% dividend</p>
<p> Great Eastern Shipping     July 29/Aug 18    30% Dividend</p>
<p> Greaves			  July 8/July 30    32% Dividend</p>
<p> Greaves Morganite Crucible July 17/Aug 9     10% dividend</p>
<p> Grindwell Norton	     June 19/July 17   35% Dividend</p>
<p> Gujarat Borosil		Aug 5/Aug 21	AGM</p>
<p> Gujarat Cotex		  June 16/June 20   (Cancelled)</p>
<p> Gujarat Flourochemicals    July 18/July 31   AGM &amp; Dividend</p>
<p> Gujarat Gas Co.		July 30/Aug 8     40% dividend</p>
<p> Gujarat JHM Hotels	   July 1/July 5     AGM</p>
<p> Gujartat State Fertilizers Sept 4/Sept 18    45% dividend</p>
<p> Gujarat Steel Tubes	  July 12/July 15   (Revised)</p>
<p> Gulshan Sugars &amp; Chem.     Sept 26/Sept 30   12% dividend</p>
<p> HDFC			     June 2/June 24    45% dividend</p>
<p> HDFC Bank			July 2/July 24    8% dividend</p>
<p> HRB Floriculture	     July 15	     AGM</p>
<p> Haryana Fibres		 June 22/June 30   AGM</p>
<p> Haryana Financial Corp.    July 16/July 21   AGM</p>
<p> Happy Home Profin	    June 17/June 23   AGM</p>
<p> Havell's India		 Aug 1/Aug 5	 15% dividend</p>
<p> Herdillia Chemicals	  Sept 8/Sept 23    AGM</p>
<p> Hero Honda Motors	    Aug 1/Aug 7	 19% final</p>
<p>							    dividend and</p>
<p>							    interim dividend</p>
<p> Himatsingka Seide	    July 1/July 7     AGM &amp; Dividend</p>
<p> Hindalco Industries	  July 8/Aug 6	45% dividend</p>
<p> Hindustan Composits	  July 14/Aug 9     20% dividend</p>
<p> Hindustan Dorr-Oliver	Aug 18/Sept 3     10% dividend</p>
<p> Hindustan Ferro and Ind.   July 16/July 19   AGM</p>
<p> Hindustan Fibcord	    July 21/July 23   Nil dividend</p>
<p> Hindustan Motors	     Aug 1/Aug 20	AGM &amp; Dividend</p>
<p> Hindustan Oil Exploration  Sept 2/Sept 19    Nil dividend</p>
<p> Hindustan Sanitaryware     Sept 2/Sept 12    40% dividend</p>
<p> Hitech Drilling Services   July 23/Aug 8     AGM &amp; Dividend</p>
<p> Hoechst India		  Aug 5/Aug 26	40% dividend</p>
<p> Hoechst Schering Agrevo    Aug 5/Aug 26	50% dividend</p>
<p> Hotel Leela Venture	  Aug 1/Aug 14	40% dividend</p>
<p> Hotel Leela Venture	  Sept 2/Sept 12    Interest</p>
<p> Hotel Rugby		    Jan 16-July 22'97 AGM &amp; Dividend</p>
<p> Housing Dev. Fin. Corpn.   June 2/June 24    Dividend</p>
<p> Hyderabad Industries	 July 16/July 25   50% dividend</p>
<p> ICI India			July 1/July 24    AGM</p>
<p> IDBI			     June 15/June 30   Interest</p>
<p> IDBI			     June 9/July 1     Interest</p>
<p> IDBI			     June 23/July 7    Dividend</p>
<p> IFGL Refrectories	    June 21/June 24   AGM (Revised)</p>
<p> IMP Finance		    Sept 15/Sept 28   Dividend</p>
<p> ITC				July 30/Aug 27    40% dividend</p>
<p> ITC Hotels		     July 25/Aug 8     30% dividend</p>
<p> ICICI			    June 11/June 27   Interest</p>
<p> ICICI			    July 11/Aug 7     Dividend</p>
<p> ION Exchange		   Aug 11/Aug 20     30% dividend</p>
<p> India Cements		  Aug 13/Aug 28     30% dividend</p>
<p> India Gypsum		   June 20/June 28   AGM</p>
<p> India Polyspin		 Aug 15/Aug 22     AGM</p>
<p> Indian Aluminium Co.	 June 27/July 25   Final dividend</p>
<p> Indian Card Clothing Co.   Aug 12/Aug 20     AGM &amp; Final</p>
<p>							    dividend</p>
<p> Indian Dyestuff Industries Aug 1/Aug 14	AGM</p>
<p> Indian Hotels Co.	    July 29/Aug 5     Dividend</p>
<p> Indian Rayon &amp; Industries  June 19/July 15   67.5% dividend</p>
<p> Indo Asian Finance	   Sept 16/Sept 27   AGM</p>
<p> Indo Borax &amp; Chemicals     Aug 18/Aug 30     AGM</p>
<p> Indo Flogates		  June 21/June 24   AGM (Revised)</p>
<p> Indo Gulf Fertilisers Corp.July 1/July 15    18% dividend</p>
<p> Industrial Meter	     Sept 15/Sept 28   Dividend</p>
<p>Industrial Prudential</p>
<p>  Investment Co.		Aug 6/Aug 20	AGM &amp; 55%</p>
<p>							    dividend</p>
<p> Infra Industries	     Sept 15/Sept 29   Dividend</p>
<p> Ingersoll-Rand		 July 8/July 15    AGM</p>
<p> Innovations Int'l Exim     Aug 13/Aug 20     AGM</p>
<p> Integra Hindustan Control  June 7/June 25    AGM</p>
<p> Integrated Enterprises     July 16/July 19   15% dividend</p>
<p> International Comptech Eng.May 26/June 26    (Revised)</p>
<p> Investment Corp. Of India  July 22/Aug 1     Dividend</p>
<p> J.B. Advani Industries     July 21/July 25   AGM</p>
<p> J.B. Chemicals &amp; Pharmaceu.July 28/Aug 12    22% final</p>
<p>							    dividend</p>
<p> J.J. Spectrum Silk	   June 27/June 30   AGM</p>
<p> J.K. Corp.		     June 24/June 30   Interest</p>
<p> J.K. Dairy and Foods	 July 21/July 30   AGM</p>
<p> Jaipur Polyspin		Aug 20/Aug 30     10% dividend</p>
<p> Javaswals Neco		 June 16/June 30   AGM</p>
<p> Jay Shree Tea &amp; Industries June 12/June 24   50% dividend</p>
<p> Jayaswals Neco		 June 16/June 30   16% dividend</p>
<p> Jenson &amp; Nicholson	   July 28/Aug 5     22.5% dividend</p>
<p> Jenson &amp; Nicholson Financi.July 22/Aug 6     20% dividend</p>
<p> Jindal Iron &amp; Steel Co.    July 22/July 25   AGM</p>
<p> John Fowler		    July 15/July 22   AGM &amp; 25%</p>
<p>							    dividend</p>
<p> Jord Engineers India	 June 3/June 16    Nil dividend</p>
<p>							    (instead of 25%</p>
<p>							     dividend)</p>
<p> Jpt Securities		 Sept 23/Sept 30   AGM</p>
<p> Jyoti Structures	     July 29/Aug 13    Dividend</p>
<p> KHSL Industries		July 14/July 30   AGM</p>
<p> KLG Capital Services	 Aug 21/Aug 28     AGM</p>
<p> KLG Systel		     June 16/June 25   AGM &amp; Dividend</p>
<p> KSB Pumps			July 23/Aug 12    20% final</p>
<p>							    dividend</p>
<p> Kalpataru Power Transmiss. July 17/July 25   30% dividend</p>
<p>							    (Revised)</p>
<p> Kalyani Brakes		 Aug 13/Aug 22     AGM</p>
<p> Kanoria Chem. &amp; Ind.	 Sept 1/Sept 25    35% dividend</p>
<p> Kanoria Industries	   Aug 13/Aug 27     10% dividend</p>
<p> Karan Fibres &amp; Fabrics     Sept 22/Sept 30   AGM</p>
<p> Karan Finance		  June 30/July 5    AGM</p>
<p> Karnataka Explosives	 July 22/July 31   20% dividend</p>
<p> Ken Financial Services     July 7/July 17    AGM</p>
<p> Kerala Chemicals &amp; ProteinsJuly 8/July 23    Dividend (not for</p>
<p>							    Bonus Issue)</p>
<p> Kerbs Biochemicals	   July 9/July 16    AGM &amp; 30%</p>
<p>							    dividend</p>
<p> Kesoram Industries	   June 11/July 4    AGM &amp; dividend</p>
<p> Key Leasing &amp; Finance	July 22/Aug 2     AGM</p>
<p> Khaitan Chem. &amp; Fert.	Sept 12/Sept 26   15% dividend</p>
<p> Khaitan Overseas &amp; Finance June 16/June 30   AGM</p>
<p> Kirloskar Cummins	    July 28/Aug 4     35% Dividend</p>
<p> Knitworth Exports	    July 19/July 26   AGM</p>
<p> Knoll Pharmaceuticals	June 16/June 30   65% dividend</p>
<p> Konkan Railway Corporation June 16/June 30   Interest</p>
<p> Kongarar Integrated Fibres June 24/July 1    Nil dividend</p>
<p> Kongarar Textiles	    June 25/July 2    Nil dividend</p>
<p> Kothari Sugars &amp; Chemicals July 23/July 25   Dividend</p>
<p> Kovilpatti Lakshmi Roller  Sept 16/Sept 25   20% dividend</p>
<p> Kulkarni Power Tools	 June 27/June 30   Interest</p>
<p> Kulkarni Power Tools	 Sept 26/Sept 30   Interest</p>
<p> Kulkarni Power Tools	 Dec 26/Dec 31     Interest</p>
<p> Kulkarni Power Tools	 March 27/March 31 Interest</p>
<p> LIC Housing Finance	  Aug 1/Aug 19	20% dividend</p>
<p> Lakhanpal National	   July 18/Aug 4     35% Dividend</p>
<p> Lakshmi Electrical Control Aug 1/Aug 22	30% dividend</p>
<p> Lakshmi Machine Works	Aug 1/Aug 21	60% Dividend &amp;</p>
<p>							    AGM</p>
<p> Lakshmi Mills Co.	    Aug 19/Sept 3     16% dividend</p>
<p> Larsen &amp; Toubro		July 11/Aug 1     60% dividend</p>
<p> Lloyds Metals &amp; Engineers  Aug 1/Aug 14	AGM &amp; dividend</p>
<p> Lords Chemicals		Sept 20/Sept 26   AGM</p>
<p> M.J. Pharmaceuticals	 June 27	     AGM (Revised)</p>
<p> Madhusudan Industries	July 16/July 31   Rs.2 dividend</p>
<p> Madhusudan Securities	July 26/July 31   AGM</p>
<p> Mafatlal Dyes &amp; Chemicals  Aug 1/Aug 14	AGM &amp; Dividend</p>
<p> Mahanivesh (India)	   Sept 22/Sept 30   2% dividend</p>
<p> Maharashtra Elektrosmelt   July 15/July 21   AGM</p>
<p> Maharashtra Scooters	 July 1/July 25    AGM</p>
<p> Mahavir Spinning Mills     July 16/July 26   AGM &amp; 32%</p>
<p>							    dividend</p>
<p> Mahindra &amp; Mahindra	  July 11/Aug 8     50% Dividend</p>
<p> Makers Laboratories	  July 16/July 26   7.5% dividend</p>
<p> Mamta Steels		   July 16/July 31   AGM</p>
<p> Manali Petrochemicals	July 1/July 30    AGM</p>
<p> Mangalam Cement		July 22/Aug 11    10% dividend</p>
<p> Mangalam Timber Products   July 1/July 11    AGM</p>
<p> Marico Industries	    July 30/Aug 6     AGM &amp; Final</p>
<p>							    dividend</p>
<p> Maskara Polytex		July 10/July 25   15% dividend</p>
<p> Mastergrowth Unit Scheme-93June 2/June 30    Dividend</p>
<p> Master Equity Plan-1993    June 2/June 30    Dividend</p>
<p> Master Gain 92 Scheme	Sept 1/Sept 30    Dividend</p>
<p> Master Share Plus-Unit     June 2/June 30    Dividend</p>
<p> Master Shares		  Sept 1/Sept 30    Dividend</p>
<p> Maximaa Systems		July 16/Aug 13    AGM &amp; Nil</p>
<p>							    dividend</p>
<p> Mega Fin (India)	     Sept 18/Sept 26   AGM &amp; Nil</p>
<p>							    dividend</p>
<p> Mehta Housing Finance	June 27	     AGM</p>
<p> Mehta Securities	     June 27	     AGM</p>
<p> Mertinez Engg.		 July 11/July 13   Dividend</p>
<p> Metrochem Industries	 Aug 19/Aug 29     20% dividend</p>
<p> Modella Woollens	     Sept 15/Sept 29   Nil dividend</p>
<p> Modern Dairies		 July 8/July 11    AGM</p>
<p> Modi GBC			 June 20/June 30   AGM</p>
<p> Monotona Exports	     Sept 7/Sept 13    6% dividend</p>
<p> Mridol Pharmaceuticals     July 19/July 25   AGM</p>
<p> Mulji Devshi Trading &amp; Fin.July 8/July 14    AGM</p>
<p> Muzaffarnagar Steel	  July 1/July 8     AGM</p>
<p> NEPC Paper &amp; Board	   June 18/June 30   AGM</p>
<p> Nagarjuna Fertilisers	Sept 1/Sept 28    18% dividend</p>
<p> Nagpur Alloy Castings	June 16/June 30   AGM</p>
<p> Nagpur Engineering Co.     June 16/June 30   AGM</p>
<p> Nakodia Textile Ind.	 July 12/July 18   Dividend(Revised)</p>
<p> Nalco Chemicals		July 9/July 23    Rs 5.00/-</p>
<p>							    Dividend &amp; AGM</p>
<p> Narendra Properties	  Aug 5/Aug 11	Nil dividend &amp;</p>
<p>							    AGM</p>
<p> Nath Seeds		     June 30	     Dividend</p>
<p> National Organic Chemical  Aug 14/Aug 28     Dividend</p>
<p> National Peroxide	    July 1/July 7     10% dividend</p>
<p> Natraj Commercial Ent.     June 27/July 8    AGM</p>
<p> Nicco Parks &amp; Resorts	July 16/July 30   12% dividend &amp;</p>
<p>							    AGM</p>
<p> Nirma			    Aug 13/Aug 20     25% Interim</p>
<p>							    dividend (instead</p>
<p>							    of BC from 13/6/97</p>
<p>							    to 20/6/97)</p>
<p> Nova Steels		    June 17/June 28   AGM</p>
<p> Nucleus Securities	   July 1/July 12    Dividend</p>
<p> Numeric Power Systems	June 24/June 27   AGM</p>
<p> OEN Connectors		 June 10/June 25   12.5% dividend</p>
<p> Optima Software Services   July 16/July 18   Dividend</p>
<p>							    dividend</p>
<p> Orient Paper &amp; Industries  July 15/July 31   Dividend</p>
<p> Oriental Bank of Commerce  June 17/June 30   AGM</p>
<p> Otis Elevater Co.	    Aug 12/Aug 28     50% dividend</p>
<p> Otoklin Plants &amp; EquipmentsJune 23/June 30   AGM</p>
<p> Oxford Int'l Finance India July 8/July 14    AGM</p>
<p> PAL-Peugeot		    June 18/June 27   Nil dividend</p>
<p> PCS Data Products	    June 16/June 30   Interest</p>
<p> Padmanabh Alloys &amp; PolymersJuly 22/July 29   AGM</p>
<p> Pals Distilleries	    July 16/July 31   AGM</p>
<p> Pantaloon Textile Industri.June 17/June 30   AGM &amp; Dividend</p>
<p> Paper Products		 July 16/Aug 6     AGM</p>
<p> Parke-Davis (India)	  Aug 21/Sept 10    50% dividend</p>
<p> Parry Agro Industries	Aug 13/Aug 27     30% Dividend</p>
<p> Parsoli Capital Finance    June 17/June 28   AGM</p>
<p> Patels Airtemp		 Sept 16/Sept 26   AGM &amp; 10%</p>
<p>							    dividend</p>
<p> Patspin India		  July 22/July 30   10% dividend</p>
<p> Pentafour Communication    June 20/June 23   Dividend</p>
<p> Pentafour Software &amp; ExportJune 20/June 23   Dividend</p>
<p> Perfact Circle Victor	July 10/July 21   50% dividend</p>
<p> Pertech Computers	    June 26	     AGM &amp; Dividend</p>
<p> Polychem			 Aug 12/Aug 22     AGM</p>
<p> Precot Mills		   Aug 1/Aug 29	35% dividend</p>
<p> Premium International Fin. July 30/July 31   AGM</p>
<p> Protchem Industries	  July 15/June 25   AGM</p>
<p> Polar Latex		    June 16/June 20   AGM</p>
<p> Ponds			    May 26/June 20    AGM &amp; 125% final</p>
<p>							    dividend</p>
<p> Powerflow			July 21/July 28   AGM</p>
<p> Pradeep Metals		 June 26/July 3    AGM</p>
<p> Prime Securities	     June 20/June 26   AGM</p>
<p> Precimet Diamonds	    Sept 12/Sept 27   Dividend</p>
<p>Premier Instruments &amp;</p>
<p> Premier Tyres		  Aug 16/Aug 29     Nil dividend &amp;</p>
<p>							    AGM</p>
<p> Punjab Chem &amp; Pharmaceutic.Sept 4/Sept 10    15% dividend</p>
<p> Punjab Tractors		July 1/July 10    Dividend</p>
<p> REPL Engineering	     June 3/June 26    6% Dividend</p>
<p> Raghu Spinning &amp; Weav.MillsJuly 19/July 26   AGM</p>
<p> Rain Calcining		 Sept 15/Sept 18   AGM</p>
<p> Rajath Leasing &amp; Finance   July 16/July 19   Dividend</p>
<p> Rajasthan Polymers &amp; ResinsJuly 17/Aug 1     AGM</p>
<p> Rallis India		   Aug 1/Aug 12	AGM &amp; Dividend</p>
<p> Ram Kaashyap Investment    July 1/July 7     8% final dividend</p>
<p> Rama Petrochemicals	  July 17/July 31   10% dividend</p>
<p> Ramjidas Chemicals	   June 26/July 2    AGM</p>
<p> Ranbaxy Laboratories	 Sept 16/Sept 30   57.5% final</p>
<p>							    dividend</p>
<p> Raymond			  Aug 26/Sept 12    AGM</p>
<p> Real Value Appliances	June 17/June 20   AGM</p>
<p> Regency Inv. Trust Corpn.  July 1/July 10    12% dividend</p>
<p> Reliance Finance	     July 14/July 26   AGM</p>
<p> Reliance Industries	  Aug 23/Sept 2     Interest</p>
<p> Reliance Industries	  June 24/July 1    Interest</p>
<p> Reliance Industries	  July 22/July 30   Interest</p>
<p> Reliance Industries	  Aug 23/Sept 2     Interest</p>
<p> Reliance Industries	  Aug 23/Sept 20    Interest</p>
<p> Reliance Industries	  Aug 23/Sept 20    Interest</p>
<p> Revathi-CP Equipment	 Sept 2/Sept 16    70% final</p>
<p>							    dividend</p>
<p> Rolta India		    June 20/June 30   17.5% dividend</p>
<p> SPL				Sept 16/Sept 22   30% dividend</p>
<p> SVA India			Aug 1/Aug 11	AGM &amp; Dividend</p>
<p> Sanyei Mediquip		Aug 20/Sept 3     Nil dividend</p>
<p> Schlafhorst Engineering    June 16/June 20   AGM</p>
<p> Sea Gold Aqua Farms	  Aug 28/Aug 30     AGM</p>
<p> Shakti Pumps		   June 21/June 28   Dividend</p>
<p> Shimoga Forge		  June 17/June 25   Nil dividend</p>
<p> Shree Satyam Spg. &amp; Wvg.   June 21/June 27   (Cancelled)</p>
<p> Shrenuj &amp; Co.		  Aug 20/Sept 16    AGM</p>
<p> Shriram Agro-Tech Indust.  June 25/June 26   AGM</p>
<p> Singer India		   Oct 9/Oct 16	Final Dividend</p>
<p> Softrak Venture Investment July 24/Aug 7     AGM</p>
<p> Solid Containers	     July 21/July 22   AGM</p>
<p> Sona Steering Systems	July 9/July 22    25% dividend</p>
<p> Southern Iron &amp; Steel Co.  Aug 16/Aug 28     AGM</p>
<p>Southern Petrochemicals</p>
<p>  Ind. Corpn.		   July 29/Aug 27    30% dividend</p>
<p> Special Steels		 July 29/Aug 12    AGM</p>
<p> Spic Electronics &amp; System  Aug 21/Sept 4     Nil dividend</p>
<p> Spic Organics		  Aug 7/Aug 19	Nil dividend</p>
<p> Spice Island Apparels	Aug 4/Aug 14	20% dividend</p>
<p> Srichakra Tyres		Sept 16/Sept 22   AGM &amp; 22%</p>
<p>							    Dividend</p>
<p> Sri Lakshmi Saraswathi TextAug 1/Aug 8	 Dividend</p>
<p> Starvox Electronics	  Sept 11/Sept 20   Nil dividend</p>
<p> State Bank of India	  July 15/Aug 2     Dividend</p>
<p> Steelage Industries	  July 8/July 21    AGM</p>
<p> Sterling Guaranty &amp; Fin.   June 26/June 30   AGM</p>
<p> Sterling Securities	  July 16/July 31   AGM</p>
<p> Stewarts &amp; Lloyds of India July 1/July 7     AGM &amp; 15%</p>
<p>							    dividend</p>
<p> Stone India		    July 25/Aug 8     14% dividend</p>
<p> Sandesh			  Sept 1/Sept 12    25% dividend</p>
<p> South India Paper Mills    Aug 1/Aug 20	22% dividend</p>
<p> Sun Pharmaceuticals Indust.July 7/July 16    Dividend</p>
<p> Sundal Industries	    Aug 13/Aug 20     AGM</p>
<p> Sundaram Fastners	    Sept 2/Sept 24    50% dividend</p>
<p> Sunflag Iron &amp; Steel Co.   July 1/July 10    AGM</p>
<p> Super Sales Agencies	 Aug 1/Aug 27	20% Dividend</p>
<p> Suryalata Spg. Mills	 July 17/July 24   AGM &amp; Dividend</p>
<p> Swaraj Engines		 July 1/July 10    AGM &amp; Dividend</p>
<p> Swaraj Mazda		   July 1/July 10    AGM</p>
<p> Swastika Fin-Lease	   Aug 1/Aug 25	Dividend</p>
<p> TPI India			June 28/July 7    12% dividend</p>
<p> TRF				June 24/July 4    Interest</p>
<p> TRF				July 1/July 11    AGM</p>
<p> TVS Lakshmi Credit	   Aug 5/Aug 14	AGM</p>
<p> Tamilnadu Dadha Pharmaceu. July 16/July 22   18% Dividend</p>
<p> Tamilnadu Hospital	   Sept 16/Sept 29   AGM</p>
<p> Tanu Leafin &amp; Investment   June 5/Aug 9	AGM</p>
<p> Tata Chemicals		 June 27/July 11   Interest</p>
<p> Tata Chemicals		 Aug 14/Sept 3     Dividend</p>
<p> Tata Engineering &amp; Locomo. June 10/June 27   AGM &amp; Dividend</p>
<p> Tata Honeywell		 July 25/Aug 19    AGM &amp; dividend</p>
<p> Tata Hydro-Electric Power  July 9/July 19    Dividend</p>
<p> Tata Infotech		  July 2/July 11    60% dividend &amp;</p>
<p>							    AGM</p>
<p> Tata Iron &amp; Steel Co.	July 11/July 31   Interest &amp;</p>
<p>							    Redemption</p>
<p> Tata Metaliks		  Aug 12/Aug 21     Nil dividend</p>
<p> Tata Power Co.		 July 9/July 19    Dividend</p>
<p> Tata Press		     Aug 1/Aug 13	Dividend</p>
<p> Tata Tea			 July 15/Aug 12    AGM</p>
<p> Tata Yodogawa		  Aug 1/Aug 8	 AGM</p>
<p> Textool Co.		    Aug 1/Aug 27	30% dividend</p>
<p> Thapar Finance		 June 27/June 30   AGM</p>
<p> Thapar Ispat		   June 27/June 30   AGM</p>
<p> Timex Watches		  Aug 1/Aug 23	AGM</p>
<p> Tourism Finance Corp.	July 16/July 21   18% dividend</p>
<p> Toyama Electric		Aug 19/Aug 28     AGM</p>
<p> Trafalgar House Const.     June 13/June 27   Nil dividend</p>
<p> Tricom Finance		 Oct 1/Oct 15	10% dividend</p>
<p> Trident Steels		 June 21/June 30   AGM &amp; Dividend</p>
<p> Triumalai Chem.		July 29/Aug 18    AGM &amp; Final</p>
<p>							    dividend</p>
<p> Triveni Engineering &amp; Ind. June 24/June 27   Dividend</p>
<p> U.P. Straw &amp; Agro Product  June 13/June 20   AGM</p>
<p> Universal Cables	     July 16/Aug 14    20% dividend</p>
<p> Unicorp Industries	   June 19/June 27   AGM</p>
<p> Unit Scheme 1992	     June 2/June 30    Dividend</p>
<p> Unit Growth Scheme 2000    June 23/June 30   Dividend</p>
<p> Unit Growth Scheme 5000    June 2/June 30    Dividend</p>
<p> Usha Martin Inds.	    June 16/June 30   Interest</p>
<p> Ut				 Sept 2/Sept 9     17.5% dividend</p>
<p> VST Industries		 Aug 5/Aug 12	10% dividend &amp;</p>
<p>							    Rights issue</p>
<p> Valplus Biotech		Aug 1/Aug 7	 AGM</p>
<p> Vardhman Polytex	     July 15/July 25   AGM &amp; 28%</p>
<p>							    dividend</p>
<p> Vardhman Spg.&amp; General MillJuly 16/July 26   AGM &amp; 30%</p>
<p>							    dividend</p>
<p> Varun Polymol Organics     July 10/July 17   AGM</p>
<p> Varun Shipping Co.	   Aug 13/Aug 28     21% dividend</p>
<p> Vasparr Containeurs	  Sept 20/Sept 27   AGM</p>
<p> Vasparr Fischer		Sept 20/Sept 27   AGM</p>
<p> Vasparr Securities	   Sept 20/Sept 27   AGM</p>
<p> Vegepro Foods &amp; Feeds	July 15/July 25   AGM</p>
<p> Venlon Polyester Film	July 12/August 3  AGM</p>
<p> Venus Eyevision		July 1/July 5     10% dividend</p>
<p> Videocon Narmada Electron. June 21/June 30   AGM</p>
<p> Vijaykumar Mills	     June 24/July 1    Nil dividend</p>
<p> Vindhya Telelinks	    Aug 1/Aug 12	35% dividend</p>
<p> Vinsari Fruitech	     July 21/July 26   AGM</p>
<p> Vintage Foods &amp; Industries June 17/June 30   15% dividend</p>
<p> Vir Developers		 July 16/July 21   AGM</p>
<p> Vitara Chemicals	     June 26/July 2    Dividend</p>
<p> Voltas			   June 16/June 23   Interest</p>
<p> Volvo Steels		   July 26/July 30   AGM</p>
<p> Vysya Bank		     July 22/Aug 18    AGM</p>
<p> Warden Const. &amp; Fin.	 July 21/July 26   AGM</p>
<p> Western Ministil	     June 17/June 30   AGM</p>
<p> Worldlink Finance	    June 18/June 21   AGM</p>
<p> Y.S. Procelain Tubes	 July 15/July 21   AGM</p>
<p> Yash Trading &amp; Finance     July 1/July 3     AGM</p>
<p> Yokogawa Blue Star	   Aug 1/Aug 14	AGM</p>
<p> Zandu Pharmaceuticals	July 17/July 25   Dividend</p>
<p> Zee Telefilms		  June 14/June 20   AGM</p>
<p> Zuari Agro Chemicals	 June 20/June 30   Rights issue &amp;</p>
<p>							    Dividend</p>
<p> Zuari Finance		  Dec 27/Dec 31     2.5% dividend</p>
<p>							    (instead of 8%</p>
<p>							    dividend)</p>
<p>.</p>
<p>Notes : DEB  - Debentures</p>
<p>	   NC   - Non convertible</p>
<p>	   AGM  - Annual general meeting</p>
<p>	   EGM  - Extra ordinary general meeting</p>
<p>	   FCD  - Fully convertible debenture</p>
<p>	   NCD  - Non convertible debenture</p>
<p>	   PCD  - Partly convertible debenture</p>
<p>	   CD   - Convertible debentures</p>
<p>	   R.D. - Record Date.</p>
<p>	   p.s  - per share</p>
<p>.</p>
<p>-- Bombay newsroom +91-22-265 9000</p>
</text>
<copyright>(c) Reuters Limited 1997</copyright>
<metadata>
<codes class="bip:countries:1.0">
  <code code="INDIA">
    <editdetail action="confirmed" attribution="Reuters BIP Coding Group" date="1997-06-20"/>
  </code>
</codes>
<codes class="bip:topics:1.0">
  <code code="C15">
    <editdetail action="confirmed" attribution="Reuters BIP Coding Group" date="1997-06-20"/>
  </code>
  <code code="C151">
    <editdetail action="confirmed" attribution="Reuters BIP Coding Group" date="1997-06-20"/>
  </code>
  <code code="CCAT">
    <editdetail action="confirmed" attribution="Reuters BIP Coding Group" date="1997-06-20"/>
  </code>
</codes>
<dc element="dc.publisher" value="Reuters Holdings Plc"/>
<dc element="dc.date.published" value="1997-06-20"/>
<dc element="dc.source" value="Reuters"/>
<dc element="dc.creator.location.country.name" value="INDIA"/>
<dc element="dc.source" value="Reuters"/>
</metadata>
</newsitem>
