<?xml version="1.0" encoding="ISO-8859-1" standalone="no"?>
<newsitem date="1997-06-20" id="root" itemid="675809" xml:lang="en">
<title>UKRAINE: Hryvnia unchanged at 1.8570 per dlr in Kiev.</title>
<headline>Hryvnia unchanged at 1.8570 per dlr in Kiev.</headline>
<dateline>KIEV 1997-06-20</dateline>
<text>
<p>The hryvnia was unchanged at 1.8570 per dollar on the Ukrainian Interbank Currency Exchange on Friday.</p>
<p>					  June 20	    June 19</p>
<p> Hryvnia rate to dollar		1.8570	     1.8570</p>
<p> Volume traded			$3.90 million	  $49.46 million</p>
<p>--Kiev newsroom, +380-44-244-9150</p>
</text>
<copyright>(c) Reuters Limited 1997</copyright>
<metadata>
<codes class="bip:countries:1.0">
  <code code="UKRN">
    <editdetail action="confirmed" attribution="Reuters BIP Coding Group" date="1997-06-20"/>
  </code>
</codes>
<codes class="bip:topics:1.0">
  <code code="M13">
    <editdetail action="confirmed" attribution="Reuters BIP Coding Group" date="1997-06-20"/>
  </code>
  <code code="M131">
    <editdetail action="confirmed" attribution="Reuters BIP Coding Group" date="1997-06-20"/>
  </code>
  <code code="M132">
    <editdetail action="confirmed" attribution="Reuters BIP Coding Group" date="1997-06-20"/>
  </code>
  <code code="MCAT">
    <editdetail action="confirmed" attribution="Reuters BIP Coding Group" date="1997-06-20"/>
  </code>
</codes>
<dc element="dc.date.created" value="1997-06-20"/>
<dc element="dc.publisher" value="Reuters Holdings Plc"/>
<dc element="dc.date.published" value="1997-06-20"/>
<dc element="dc.source" value="Reuters"/>
<dc element="dc.creator.location" value="KIEV"/>
<dc element="dc.creator.location.country.name" value="UKRAINE"/>
<dc element="dc.source" value="Reuters"/>
</metadata>
</newsitem>
