<?xml version="1.0" encoding="ISO-8859-1" standalone="no"?>
<newsitem date="1997-06-20" id="root" itemid="677180" xml:lang="en">
<title>GREECE: GREEK Q1 BUDGET PRODUCES SURPLUS OF 44 BLN DRS.</title>
<headline>GREEK Q1 BUDGET PRODUCES SURPLUS OF 44 BLN DRS.</headline>
<dateline>ATHENS 1997-06-20</dateline>
<text>
<p>Greece's general government budget turned out a surplus of 44 billion drachmas ($161.3 million) in the first quarter of 1997, its first since 1991, versus a deficit of 386.2 billion in the same period in 1996, central bank figures showed.</p>
<p>The central government budget was in the red for 146 billion drachmas but social security funds, hospitals and local authorities produced a surplus of 190 billion drachmas in the first quarter to tip the balance, the figures showed.</p>
<p>Public enterprises reported a deficit of 7.0 billion drachmas in the first quarter bringing the public sector surplus down to 37 billion versus a deficit of 392.2 billion in the first quarter of 1996.</p>
<p>The net borrowing requirements of the public sector, measured on a cash basis, did not include capitalised and accrued interest, the Bank of Greece said. --Dimitris Kontogiannis, Athens Newsroom +301 3311812-4 ($ = 272.7 Greek Drachmas)</p>
</text>
<copyright>(c) Reuters Limited 1997</copyright>
<metadata>
<codes class="bip:countries:1.0">
  <code code="GREECE">
    <editdetail action="confirmed" attribution="Reuters BIP Coding Group" date="1997-06-20"/>
  </code>
</codes>
<codes class="bip:topics:1.0">
  <code code="E21">
    <editdetail action="confirmed" attribution="Reuters BIP Coding Group" date="1997-06-20"/>
  </code>
  <code code="E211">
    <editdetail action="confirmed" attribution="Reuters BIP Coding Group" date="1997-06-20"/>
  </code>
  <code code="ECAT">
    <editdetail action="confirmed" attribution="Reuters BIP Coding Group" date="1997-06-20"/>
  </code>
</codes>
<dc element="dc.date.created" value="1997-06-20"/>
<dc element="dc.publisher" value="Reuters Holdings Plc"/>
<dc element="dc.date.published" value="1997-06-20"/>
<dc element="dc.source" value="Reuters"/>
<dc element="dc.creator.location" value="ATHENS"/>
<dc element="dc.creator.location.country.name" value="GREECE"/>
<dc element="dc.source" value="Reuters"/>
</metadata>
</newsitem>
