<?xml version="1.0" encoding="ISO-8859-1" standalone="no"?>
<newsitem date="1997-06-20" id="root" itemid="676726" xml:lang="en">
<title>USA: Government to seek bacteria-tainted blood.</title>
<headline>Government to seek bacteria-tainted blood.</headline>
<dateline>ATLANTA 1997-06-19</dateline>
<text>
<p>Federal health officials said Thursday they will study the extent to which blood used in transfusions is contaminated with potentially deadly bacteria.</p>
<p>The Centers for Disease Control and Prevention (CDC) said 29 people are known to have died from bacterial contamination of blood products between 1986 and 1991, but the agency suspects the actual figure is higher.</p>
<p>"No national surveillance system for bacterial contamination of blood products exists in the United States," CDC epidemiologist Dr. Matt Kuehnert said.</p>
<p>"The study that we're doing will look at all transfusion reactions," he said. "What we'd like to do is a national study that looks at the rate of transfusion reactions due to bacterial contamination."</p>
<p>At least five people have died since 1991 from blood products contaminated with Yersinia enterocolitica, a bacterium found in soil, water and animals that has sickened people who consumed contaminated oysters, fish, tofu or milk.</p>
<p>"There certainly are infections that are emerging in this country and in the world that we need to be vigilant about," Kuehnert said. "Although donors may be without symptoms on the day of donation their blood can transmit bacteria including Yersinia and recipients of that blood may develop fatal reactions."</p>
</text>
<copyright>(c) Reuters Limited 1997</copyright>
<metadata>
<codes class="bip:countries:1.0">
  <code code="USA">
    <editdetail action="confirmed" attribution="Reuters BIP Coding Group" date="1997-06-20"/>
  </code>
</codes>
<codes class="bip:topics:1.0">
  <code code="GCAT">
    <editdetail action="confirmed" attribution="Reuters BIP Coding Group" date="1997-06-20"/>
  </code>
  <code code="GHEA">
    <editdetail action="confirmed" attribution="Reuters BIP Coding Group" date="1997-06-20"/>
  </code>
</codes>
<dc element="dc.date.created" value="1997-06-19"/>
<dc element="dc.publisher" value="Reuters Holdings Plc"/>
<dc element="dc.date.published" value="1997-06-20"/>
<dc element="dc.source" value="Reuters"/>
<dc element="dc.creator.location" value="ATLANTA"/>
<dc element="dc.creator.location.country.name" value="USA"/>
<dc element="dc.source" value="Reuters"/>
</metadata>
</newsitem>
