<?xml version="1.0" encoding="ISO-8859-1" standalone="no"?>
<newsitem date="1997-06-20" id="root" itemid="677279" xml:lang="en">
<title>HUNGARY: Rallying MOL steals show on Budapest.</title>
<headline>Rallying MOL steals show on Budapest.</headline>
<dateline>BUDAPEST 1997-06-20</dateline>
<text>
<p>Surging stocks in oil and gas firm MOL overshadowed the Hungarian market on Friday but its gains just about offset losses elsewhere on the market, traders said.</p>
<p>The BUX index of the Budapest Stock Exchange, which celebrates its seventh birthday on Saturday, finished at a preliminary 6,460.13 points, up 9.45.</p>
<p>Trading in MOL started with a rally to a new record level of 4,185 forints on expectations of the size of the gas price increase but some intraday profit-taking trimmed earlier gains. MOL finished at 4,090 forints, up 160.</p>
<p>"Expectations of the gas price increase boosted MOL's price further but the stock could not hold 4,100 forints as many began to lock in profits," said Peter Nagy of Postabank Securities.</p>
<p>Chemicals and pharmaceuticals stocks were also hit by profit-taking but Nagy said these papers had strong support levels. "One can see the support levels of certain stocks at current lower levels," Nagy said.</p>
<p>He said chemicals TVK had a support at between 3,000 to 3,050 forints, MOL at 4,000 forints, pharmaceuticals Richter at 15,600 and Egis at 11,500 and OTP Bank at 4,500.</p>
<p>The size of the quarterly energy price increase is a sensitive component of MOL's earnings and, since it is the market's largest capitalised paper, was likely to lead the rest of the bourse.</p>
<p>Hungary's Industry and Trade Ministry said earlier on Friday it would decide on the price increase on Monday.</p>
<p>The apparent upper end of the market's expectations is 17 percent while the lower end seems to be at 10 percent.</p>
<p>"There is potential that it could only be at 10 percent level," said Tommy Erdei, analyst at ABN AMRO Hoare Govett in Budapest. "If it does come out at 10 percent, I would think that MOL would certainly not go upwards," he said. "If it comes out at 17 percent then MOL is going to continue to go up."</p>
<p>Erdei added that apart from the energy price increase there might be some volatility in the downward direction, which is a usual phenomenon before the earnings season as people get a little worried about companies' performance.</p>
<p>Hungarian companies have to submit their first half earnings reports to the bourse by August 15.</p>
<p>On Friday, tile maker Zalakeramia had a strong demand at between 7,200 and 7,280 forints, Nagy said. The paper closed at 7,280, down 170.</p>
<p>TVK closed at 3,100, down 65; Richter at 15,650 forints, down 55; Egis at 11,580, down 120 and OTP at 4,525, down 20.</p>
</text>
<copyright>(c) Reuters Limited 1997</copyright>
<metadata>
<codes class="bip:countries:1.0">
  <code code="HUNG">
    <editdetail action="confirmed" attribution="Reuters BIP Coding Group" date="1997-06-20"/>
  </code>
</codes>
<codes class="bip:industries:1.0">
  <code code="I13000">
    <editdetail action="confirmed" attribution="Reuters BIP Coding Group" date="1997-06-20"/>
  </code>
  <code code="I24800">
    <editdetail action="confirmed" attribution="Reuters BIP Coding Group" date="1997-06-20"/>
  </code>
  <code code="I25000">
    <editdetail action="confirmed" attribution="Reuters BIP Coding Group" date="1997-06-20"/>
  </code>
  <code code="I25700">
    <editdetail action="confirmed" attribution="Reuters BIP Coding Group" date="1997-06-20"/>
  </code>
  <code code="I81403">
    <editdetail action="confirmed" attribution="Reuters BIP Coding Group" date="1997-06-20"/>
  </code>
</codes>
<codes class="bip:topics:1.0">
  <code code="C15">
    <editdetail action="confirmed" attribution="Reuters BIP Coding Group" date="1997-06-20"/>
  </code>
  <code code="C152">
    <editdetail action="confirmed" attribution="Reuters BIP Coding Group" date="1997-06-20"/>
  </code>
  <code code="CCAT">
    <editdetail action="confirmed" attribution="Reuters BIP Coding Group" date="1997-06-20"/>
  </code>
  <code code="M11">
    <editdetail action="confirmed" attribution="Reuters BIP Coding Group" date="1997-06-20"/>
  </code>
  <code code="MCAT">
    <editdetail action="confirmed" attribution="Reuters BIP Coding Group" date="1997-06-20"/>
  </code>
</codes>
<dc element="dc.date.created" value="1997-06-20"/>
<dc element="dc.publisher" value="Reuters Holdings Plc"/>
<dc element="dc.date.published" value="1997-06-20"/>
<dc element="dc.source" value="Reuters"/>
<dc element="dc.creator.location" value="BUDAPEST"/>
<dc element="dc.creator.location.country.name" value="HUNGARY"/>
<dc element="dc.source" value="Reuters"/>
</metadata>
</newsitem>
