<?xml version="1.0" encoding="ISO-8859-1" standalone="no"?>
<newsitem date="1997-06-20" id="root" itemid="676961" xml:lang="en">
<title>USA: FINAL PRICING -- Detroit, Mich., sewer bonds.</title>
<headline>FINAL PRICING -- Detroit, Mich., sewer bonds.</headline>
<text>
<p>CITY OF DETROIT, MICHIGAN</p>
<p>RE: $262,494,128.05</p>
<p>SEWAGE DISPOSAL SYSTEM REVENUE BONDS</p>
<p>SERIES 1997-A</p>
<p>THIS ISSUE WILL BE IN BOOK ENTRY FORM THROUGH THE FACILITIES</p>
<p>OF DTC</p>
<p>PLEASE NOTE FINAL AMOUNTS.</p>
<p>WRITTEN AWARD.</p>
<p>					    259,970,000</p>
<p>					   SERIES 1997-A</p>
<p>MOODY'S: Aaa / A1	  S&amp;P: AAA / A	   FITCH: AAA / A</p>
<p>     Confirmed		  Confirmed		    Confirmed</p>
<p>MBIA INSURED</p>
<p>DATED: 06/15/1997	  FIRST COUPON: 01/01/1998   DUE: 07/01</p>
<p> MATURITY		AMOUNT     COUPON	   PRICE</p>
<p>07/01/1999		3,610M    5.00  %	   SE</p>
<p>07/01/2000		3,790M    4.20  %	  4.25</p>
<p>07/01/2001		3,945M    4.30  %	  4.40</p>
<p>07/01/2002		4,115M    4.40  %	  4.50</p>
<p>07/01/2003		4,300M    4.50  %	  4.60</p>
<p>07/01/2004		4,490M    4.60  %	  4.70</p>
<p>07/01/2005	     12,650M    6.00  %	  4.80</p>
<p>07/01/2006	     18,725M    6.00  %	  4.85</p>
<p>07/01/2007	     15,505M    6.00  %	  4.90</p>
<p>07/01/2008		5,595M    5.00  %	  5.00</p>
<p>07/01/2009		5,875M    5.00  %	  5.05</p>
<p>07/01/2010		6,170M    5.00  %	  5.15</p>
<p>07/01/2011		6,480M    5.00  %	  5.20</p>
<p>07/01/2012		6,800M    5.00  %	  5.25</p>
<p>07/01/2013		7,140M    5.30  %	  5.32</p>
<p>07/01/2014		7,520M    5.35  %	  5.37</p>
<p>07/01/2015		7,920M    5.40  %	  5.42</p>
<p>07/01/2016		8,350M    5.45  %	  5.47</p>
<p>07/01/2017		8,805M    5.45  %	  5.49</p>
<p>07/01/2020	     29,415M    5.50  %	  NRO</p>
<p>07/01/2022	     22,355M    5.00  %	  5.51</p>
<p>						  (Approx. $ Price 93.122)</p>
<p>07/01/2027	     66,415M    5.00  %	  5.53</p>
<p>						  (Approx. $ Price 92.281)</p>
<p>CALL FEATURES: 07/01/2007    101.00</p>
<p>		   DTP 07/01/2009</p>
<p>----------------------------------------------------------------</p>
<p>					    2,524,128.05</p>
<p>					   SERIES 1997-A</p>
<p>				   CAPITAL APPRECIATION BONDS</p>
<p>MOODY'S: Aaa / A1	  S&amp;P: AAA / A	   FITCH: AAA / A</p>
<p>     Confirmed		  Confirmed</p>
<p>		   Confirmed MBIA INSURED</p>
<p>DUE: 07/01</p>
<p>DATED (zeros): Date of Delivery</p>
<p>								  APPROX.</p>
<p>								DOLLAR PRICE</p>
<p>		    PRINCIPAL    MATURITY  YIELD TO     PER</p>
<p> MATURITY	   AMOUNT	 VALUE   MATURITY    $100</p>
<p>07/01/2007	2,524,128.05     4,135M    5.00	61.043</p>
<p>CALL FEATURES: NON-CALLABLE</p>
<p>The compliance addendum MSRB Rule G-11 will apply.</p>
<p>The award is expected Friday, June 20, 1997.</p>
<p>Delivery is firm for July 3, 1997.</p>
<p>The bonds will be blue skyed in all states.</p>
<p>This issue is book entry through DTC.</p>
<p>				$259,970,000</p>
<p>			     SERIES 1997-A</p>
<p>     Award:		  06/20/1997</p>
<p>     Delivery:	     07/03/1997 (Firm)</p>
<p>     Initial trade:	06/20/1997</p>
<p>Date of Execution:  06/20/1997</p>
<p>Time of Execution:  11:00AM Eastern</p>
<p>	     MATURITY			     CUSIP</p>
<p>	     --------			     -----</p>
<p>	    07/01/1999			  251237TJ2</p>
<p>	    07/01/2000			  251237TK9</p>
<p>	    07/01/2001			  251237TL7</p>
<p>	    07/01/2002			  251237TM5</p>
<p>	    07/01/2003			  251237TN3</p>
<p>	    07/01/2004			  251237TP8</p>
<p>	    07/01/2005			  251237TQ6</p>
<p>	    07/01/2006			  251237TR4</p>
<p>	    07/01/2007			  251237TS2</p>
<p>	    07/01/2008			  251237TT0</p>
<p>	    07/01/2009			  251237TU7</p>
<p>	    07/01/2010			  251237TV5</p>
<p>	    07/01/2011			  251237TW3</p>
<p>	    07/01/2012			  251237TX1</p>
<p>	    07/01/2013			  251237TY9</p>
<p>	    07/01/2014			  251237TZ6</p>
<p>	    07/01/2015			  251237UA9</p>
<p>	    07/01/2016			  251237UB7</p>
<p>	    07/01/2017			  251237UC5</p>
<p>	    07/01/2020			  251237UD3</p>
<p>	    07/01/2022			  251237UE1</p>
<p>	    07/01/2027			  251237UF8</p>
<p>				 $2,524,128</p>
<p>			     SERIES 1997-A</p>
<p>		     CAPITAL APPRECIATION BONDS</p>
<p>     Award:		  06/20/1997</p>
<p>     Delivery:	     07/03/1997 (Firm)</p>
<p>     Initial trade:	06/20/1997</p>
<p>Date of Execution:  06/20/1997</p>
<p>Time of Execution:  11:00AM Eastern</p>
<p>	     MATURITY			     CUSIP</p>
<p>	     --------			     -----</p>
<p>	    07/01/2007			  251237UG6</p>
<p>PaineWebber Incorporated</p>
<p>Merrill Lynch &amp; Co.</p>
<p>GraiCap, Inc.</p>
<p>Artemis Capital Group, Inc.</p>
<p>Bear, Stearns &amp; Co. Inc.</p>
<p>First of Michigan Corporation</p>
<p>Key Capital Markets, Inc.</p>
<p>J.P. Morgan Securities Inc.</p>
<p>Smith Barney Inc.</p>
<p>William E. Simon &amp; Sons Municipal Securities Inc.</p>
<p>--U.S. Municipal Desk, 212-859-1650</p>
</text>
<copyright>(c) Reuters Limited 1997</copyright>
<metadata>
<codes class="bip:countries:1.0">
  <code code="USA">
    <editdetail action="confirmed" attribution="Reuters BIP Coding Group" date="1997-06-20"/>
  </code>
</codes>
<codes class="bip:topics:1.0">
  <code code="E21">
    <editdetail action="confirmed" attribution="Reuters BIP Coding Group" date="1997-06-20"/>
  </code>
  <code code="E212">
    <editdetail action="confirmed" attribution="Reuters BIP Coding Group" date="1997-06-20"/>
  </code>
  <code code="ECAT">
    <editdetail action="confirmed" attribution="Reuters BIP Coding Group" date="1997-06-20"/>
  </code>
</codes>
<dc element="dc.publisher" value="Reuters Holdings Plc"/>
<dc element="dc.date.published" value="1997-06-20"/>
<dc element="dc.source" value="Reuters"/>
<dc element="dc.creator.location.country.name" value="USA"/>
<dc element="dc.source" value="Reuters"/>
</metadata>
</newsitem>
