<?xml version="1.0" encoding="ISO-8859-1" standalone="no"?>
<newsitem date="1997-06-20" id="root" itemid="676746" xml:lang="en">
<title>USA: PG&amp;E convicted of causing 1994 Calif. fire.</title>
<headline>PG&amp;E convicted of causing 1994 Calif. fire.</headline>
<dateline>LOS ANGELES 1997-06-19</dateline>
<text>
<p>Pacific Gas &amp; Electric Co, a unit of PG&amp;E Corp, has been convicted of causing a 1994 northern California forest fire by neglecting to trim trees, one of which came in contact with a high-voltage power line to ignite the blaze, court officials said.</p>
<p>A jury in Nevada County Municipal Court also found the utility guilty on all but four of 743 misdemeanor counts as a verdict reached Wednesday was read on Thursday, a court clerk said.</p>
<p>Reading of the counts required most of the court's morning session, she noted.</p>
<p>Sentencing was on the court's afternoon agenda, but could be delayed, the clerk said.</p>
<p>Bill Roake, a spokesman for PG&amp;E, said the utility remains "supremely confident our tree-trimming program is one of the premiere programs in the U.S."</p>
<p>The utility trims about 5,000 trees a day within its northern and central California service territory, he noted.</p>
<p>Given the scale of the efforts, he conceded future accidents cannot be ruled out.</p>
<p>Roake said he believed this was the only time the utility has been charged with tree-trimming failure.</p>
<p>But the Nevada City jury found PG&amp;E guilty of deliberately limiting its tree maintenance program, violating a series of state laws on power line clearance and fire breaks.</p>
<p>((--Los Angeles bureau + 1 213 955 6761))</p>
</text>
<copyright>(c) Reuters Limited 1997</copyright>
<metadata>
<codes class="bip:countries:1.0">
  <code code="USA">
    <editdetail action="confirmed" attribution="Reuters BIP Coding Group" date="1997-06-20"/>
  </code>
</codes>
<codes class="bip:industries:1.0">
  <code code="I16000">
    <editdetail action="confirmed" attribution="Reuters BIP Coding Group" date="1997-06-20"/>
  </code>
</codes>
<codes class="bip:topics:1.0">
  <code code="C12">
    <editdetail action="confirmed" attribution="Reuters BIP Coding Group" date="1997-06-20"/>
  </code>
  <code code="CCAT">
    <editdetail action="confirmed" attribution="Reuters BIP Coding Group" date="1997-06-20"/>
  </code>
  <code code="GCAT">
    <editdetail action="confirmed" attribution="Reuters BIP Coding Group" date="1997-06-20"/>
  </code>
  <code code="GCRIM">
    <editdetail action="confirmed" attribution="Reuters BIP Coding Group" date="1997-06-20"/>
  </code>
  <code code="GENV">
    <editdetail action="confirmed" attribution="Reuters BIP Coding Group" date="1997-06-20"/>
  </code>
</codes>
<dc element="dc.date.created" value="1997-06-19"/>
<dc element="dc.publisher" value="Reuters Holdings Plc"/>
<dc element="dc.date.published" value="1997-06-20"/>
<dc element="dc.source" value="Reuters"/>
<dc element="dc.creator.location" value="LOS ANGELES"/>
<dc element="dc.creator.location.country.name" value="USA"/>
<dc element="dc.source" value="Reuters"/>
</metadata>
</newsitem>
