<?xml version="1.0" encoding="ISO-8859-1" standalone="no"?>
<newsitem date="1997-06-20" id="root" itemid="676701" xml:lang="en">
<title>USA: St. Paul Bancorp splits stock, raises dividend.</title>
<headline>St. Paul Bancorp splits stock, raises dividend.</headline>
<dateline>CHICAGO 1997-06-20</dateline>
<text>
<p>St. Paul Bancorp Inc said Friday it set a three-for-two split of outstanding shares, and also raised its quarterly cash dividend on a split-adjusted basis by 25 percent to $0.10 a share.</p>
<p>The new shares in the stock split will be distributed on July 14 to shareholders of record as of June 30. The increased dividend rate is to become effective on the declaration of the company's next quarterly dividend in mid-July, it added.  </p>
<p>"This three-for-two stock split will enhance the liquidity of St. Paul Bancorp stock, making it more affordable to retail investors," Joseph Scully, chairman, said in a statement. "Furthermore, the increase in the cash dividend rate reflects the board's continued confidence in St. Paul Bancorp's performance and enhances the stock's return to shareholders."</p>
<p>St. Paul Bancorp is parent of St. Paul Federal Bank for Savings.</p>
<p>((Reuters Chicago Newsdesk (312) 408-8787))</p>
</text>
<copyright>(c) Reuters Limited 1997</copyright>
<metadata>
<codes class="bip:countries:1.0">
  <code code="USA">
    <editdetail action="confirmed" attribution="Reuters BIP Coding Group" date="1997-06-20"/>
  </code>
</codes>
<codes class="bip:industries:1.0">
  <code code="I81402">
    <editdetail action="confirmed" attribution="Reuters BIP Coding Group" date="1997-06-20"/>
  </code>
</codes>
<codes class="bip:topics:1.0">
  <code code="C15">
    <editdetail action="confirmed" attribution="Reuters BIP Coding Group" date="1997-06-20"/>
  </code>
  <code code="C151">
    <editdetail action="confirmed" attribution="Reuters BIP Coding Group" date="1997-06-20"/>
  </code>
  <code code="C17">
    <editdetail action="confirmed" attribution="Reuters BIP Coding Group" date="1997-06-20"/>
  </code>
  <code code="C171">
    <editdetail action="confirmed" attribution="Reuters BIP Coding Group" date="1997-06-20"/>
  </code>
  <code code="CCAT">
    <editdetail action="confirmed" attribution="Reuters BIP Coding Group" date="1997-06-20"/>
  </code>
</codes>
<dc element="dc.date.created" value="1997-06-20"/>
<dc element="dc.publisher" value="Reuters Holdings Plc"/>
<dc element="dc.date.published" value="1997-06-20"/>
<dc element="dc.source" value="Reuters"/>
<dc element="dc.creator.location" value="CHICAGO"/>
<dc element="dc.creator.location.country.name" value="USA"/>
<dc element="dc.source" value="Reuters"/>
</metadata>
</newsitem>
