<?xml version="1.0" encoding="ISO-8859-1" standalone="no"?>
<newsitem date="1997-06-20" id="root" itemid="676266" xml:lang="en">
<title>USA: U.S. mayors mull stadium bonds resolution.</title>
<headline>U.S. mayors mull stadium bonds resolution.</headline>
<dateline>SAN FRANCISCO 1997-06-20</dateline>
<text>
<p>U.S. mayors on Saturday will debate a resolution urging Congress not to curb tax-exempt financing of professional sports stadiums.</p>
<p>The U.S. Conference of Mayors resolution, submitted by the mayors of Dallas, New Orleans and Denver, asks Congress to oppose the "Stop Tax-Exempt Arena Debt Issuance Act" introduced by Sen. Daniel Patrick Moynihan, D-N.Y.</p>
<p>The resolution argues that the proposed legislation would represent a "dangerous precedent" for federal intrusion into the financial affairs of state and local governments.  </p>
<p>"The cost to state and local taxpayers for building new sports facilities or rehabilitating existing ones would be dramatically increased or possibly become unaffordable," the resolution warned.</p>
<p>The resolution will be considered Saturday by the conference's Urban Economic Policy and Arts, Culture, and Recreation standing committees. If approved, the resolution would advance to the full conference for a vote on June 24.</p>
<p>Moynihan shook the municipal bond market when he introduced his bill, which would bar the use of tax-exempt government bonds to finance professional sports stadiums.  </p>
<p>Opponents say the legislation would make public stadium financing almost impossible.</p>
<p>Earlier this year nine state and local government groups, including the Conference of Mayors, told Moynihan in a letter that his bill went too far.</p>
<p>((- Adam Entous, 415-677-2511))</p>
</text>
<copyright>(c) Reuters Limited 1997</copyright>
<metadata>
<codes class="bip:countries:1.0">
  <code code="USA">
    <editdetail action="confirmed" attribution="Reuters BIP Coding Group" date="1997-06-20"/>
  </code>
</codes>
<codes class="bip:topics:1.0">
  <code code="E21">
    <editdetail action="confirmed" attribution="Reuters BIP Coding Group" date="1997-06-20"/>
  </code>
  <code code="E211">
    <editdetail action="confirmed" attribution="Reuters BIP Coding Group" date="1997-06-20"/>
  </code>
  <code code="ECAT">
    <editdetail action="confirmed" attribution="Reuters BIP Coding Group" date="1997-06-20"/>
  </code>
</codes>
<dc element="dc.date.created" value="1997-06-20"/>
<dc element="dc.publisher" value="Reuters Holdings Plc"/>
<dc element="dc.date.published" value="1997-06-20"/>
<dc element="dc.source" value="Reuters"/>
<dc element="dc.creator.location" value="SAN FRANCISCO"/>
<dc element="dc.creator.location.country.name" value="USA"/>
<dc element="dc.source" value="Reuters"/>
</metadata>
</newsitem>
