<?xml version="1.0" encoding="ISO-8859-1" standalone="no"?>
<newsitem date="1997-06-20" id="root" itemid="675864" xml:lang="en">
<title>ARGENTINA: Argentine stocks pull back at close.</title>
<headline>Argentine stocks pull back at close.</headline>
<dateline>BUENOS AIRES 1997-06-20</dateline>
<text>
<p>Argentine stocks erased slim gains at the close on profit-taking Friday and were expected to switch back to gains early next week, dealers said.</p>
<p>"This dip will help consolidate the market's recent advance," said Gabriel Ruiz at brokers Tavelli. "Many people decided it was best today to lock in some profits."</p>
<p>The blue-chip MerVal index  .MERV shed 0.4 percent to 822.5, trimming gains in the week to 1.1 percent.</p>
<p>The session featured a rollercoaster ride by pulp and paper maker Celulosa, which first surged 15 percent but closed up only 1.0 percent after rumors of a buyout were denied.  </p>
<p>"Nobody knows quite what to think about Celulosa, but something obviously is in the works, and it probably has to do with some kind of foreign cash injection even if it's just a financing scheme or joint venture," another trader said.</p>
<p>The stock closed up 27 percent on the week at $0.74, against a ceiling of $1.2 in the last 12 months.</p>
<p>The MerVal, in contrast, stands at a five-year high.</p>
<p>Floor volume remained strong Friday but shrank to 35.2 million pesos from Thursday's huge turnover of 52.1 million pesos. Over-the-counter deals dwindled to 82 million pesos from 158 million Thursday.  </p>
<p>"It would have been hard today to match that kind of volume, so this late drop doesn't surprise me," one analyst said.</p>
<p>The broad market index dipped 0.2 percent, with winners smashing losers 40 to 28 and 19 stocks closing flat.</p>
<p>Best main-tier performers besides Celulosa were Banco Frances, which tacked on 1.1, and construction stock Polledo and steelmaker Siderca, both up 0.8 percent.</p>
<p>MerVal losers were led by electricity generator Central Costanera, oil company Astra and sugar refiner Ledesma, which declined 2.8 percent, 2.5 percent and 2.5 percent, respectively.</p>
<p>((-- Carmen Pignotti, Buenos Aires Newsroom 541 318-0657))</p>
</text>
<copyright>(c) Reuters Limited 1997</copyright>
<metadata>
<codes class="bip:countries:1.0">
  <code code="ARG">
    <editdetail action="confirmed" attribution="Reuters BIP Coding Group" date="1997-06-20"/>
  </code>
</codes>
<codes class="bip:topics:1.0">
  <code code="M11">
    <editdetail action="confirmed" attribution="Reuters BIP Coding Group" date="1997-06-20"/>
  </code>
  <code code="MCAT">
    <editdetail action="confirmed" attribution="Reuters BIP Coding Group" date="1997-06-20"/>
  </code>
</codes>
<dc element="dc.date.created" value="1997-06-20"/>
<dc element="dc.publisher" value="Reuters Holdings Plc"/>
<dc element="dc.date.published" value="1997-06-20"/>
<dc element="dc.source" value="Reuters"/>
<dc element="dc.creator.location" value="BUENOS AIRES"/>
<dc element="dc.creator.location.country.name" value="ARGENTINA"/>
<dc element="dc.source" value="Reuters"/>
</metadata>
</newsitem>
