<?xml version="1.0" encoding="ISO-8859-1" standalone="no"?>
<newsitem date="1997-06-20" id="root" itemid="676132" xml:lang="en">
<title>USA: PRESALE - Belknap Cty, N.H..</title>
<headline>PRESALE - Belknap Cty, N.H..</headline>
<text>
<p>AMT: 6,600,000	DATE: 06/24/97	NYC Time: 11000     CUSIP: 077838</p>
<p>ISSUER: Belknap Co							ST: NH</p>
<p>ISSUE: General obligation					 TAX STAT: Exempt-ULT</p>
<p>M/SP/F: NA/NA/NA							  BOOK ENTRY: Y</p>
<p>ENHANCEMENTS: None							BANK QUAL: N</p>
<p>DTD: 06/15/97							     SURE BID: N</p>
<p>DUE: 6/15/98-17					     SR MGR:</p>
<p>1ST CPN: 12/15/97</p>
<p>CALL: 6/15/07 @ 102, dtp 6/15/09			NIC</p>
<p>DELIVERY: 6/30/97 approx				  ORDERS:</p>
<p>PAYING AGENT: Citizens Bank New Hampshire, Manchester</p>
<p>L.O.: Devine, Millimet &amp; Branch, Manchester</p>
<p>F.A.: Citizens Bank New Hampshire, Manchester</p>
<p>LAST SALE: None</p>
<p>Year		     Amount    Coupon     Yield     Price  Conc.</p>
<p>1998		    330,000</p>
<p>1999		    330,000</p>
<p>2000		    330,000</p>
<p>2001		    330,000</p>
<p>2002		    330,000</p>
<p>2003		    330,000</p>
<p>2004		    330,000</p>
<p>2005		    330,000</p>
<p>2006		    330,000</p>
<p>2007		    330,000</p>
<p>2008		    330,000</p>
<p>2009		    330,000</p>
<p>2010		    330,000</p>
<p>2011		    330,000</p>
<p>2012		    330,000</p>
<p>2013		    330,000</p>
<p>2014		    330,000</p>
<p>2015		    330,000</p>
<p>2016		    330,000</p>
<p>2017		    330,000</p>
<p>COMPETITIVE PRE-SALE CONTRIBUTED BY J.J. KENNY K-SHEETS:</p>
</text>
<copyright>(c) Reuters Limited 1997</copyright>
<metadata>
<codes class="bip:countries:1.0">
  <code code="USA">
    <editdetail action="confirmed" attribution="Reuters BIP Coding Group" date="1997-06-20"/>
  </code>
</codes>
<codes class="bip:topics:1.0">
  <code code="E21">
    <editdetail action="confirmed" attribution="Reuters BIP Coding Group" date="1997-06-20"/>
  </code>
  <code code="E212">
    <editdetail action="confirmed" attribution="Reuters BIP Coding Group" date="1997-06-20"/>
  </code>
  <code code="ECAT">
    <editdetail action="confirmed" attribution="Reuters BIP Coding Group" date="1997-06-20"/>
  </code>
</codes>
<dc element="dc.publisher" value="Reuters Holdings Plc"/>
<dc element="dc.date.published" value="1997-06-20"/>
<dc element="dc.source" value="Reuters"/>
<dc element="dc.creator.location.country.name" value="USA"/>
<dc element="dc.source" value="Reuters"/>
</metadata>
</newsitem>
