<?xml version="1.0" encoding="ISO-8859-1" standalone="no"?>
<newsitem date="1997-06-20" id="root" itemid="675556" xml:lang="en">
<title>DEMOCRATIC REPUBLIC OF CONGO: New Congo's Kolwezi seen knocking cobalt prices.</title>
<headline>New Congo's Kolwezi seen knocking cobalt prices.</headline>
<byline>Melanie Cheary</byline>
<dateline>KOLWEZI, Democratic Republic of Congo 1997-06-20</dateline>
<text>
<p>The Kolwezi tailings project in new Congo could knock world cobalt prices to around $12 a pound when it comes into full production in 2000, America Mineral Fields Inc said on Friday.</p>
<p>Cobalt prices are currently around $23 a pound, having soared in April amid tension as Laurent Kabila's rebels advanced in their campaign to overthrow former Zaire President Mobutu Sese Seko. Kabila ousted Mobutu last month.</p>
<p>The vast Kolwezi copper/cobalt tailings project was awarded to U.S.-based AMF in April. AMF owns 51 percent of the project which it will jointly develop with the state mining company Gecamines.</p>
<p>"We're looking at an explosion on the supply side. No-one in their right mind would expect cobalt prices to stay where they are," said AMF director Richard Garnett.</p>
<p>"This project (Kolwezi) comes on around 2000, then we can expect cobalt prices to fall to around $12 a pound."</p>
<p>He said cobalt prices would likely continue falling and could hit $4 a pound by 2005.</p>
<p>Kolwezi currently produces about 12,000 tonnes of cobalt a year but the real wealth lies in 70 years worth of 1.4 million tonnes of tailings dams or waste dumps which cover a vast area.</p>
<p>At full production Kolwezi could produce about 6,000 tonnes of cobalt and 50,000 tonnes of copper, AMF said earlier.</p>
<p>The tailings contain about 1.4 million tonnes of copper grading 1.34 percent and about 270,000 tonnes of cobalt grading 0.26 percent, the company said.</p>
<p>Garnett said about 92 percent of the copper could be recovered and about 78 percent of the cobalt.</p>
<p>"The recovery is so high because it's so easy," AMF's Jean-Claude Placquet told Reuters.</p>
<p>"Where else is there four to five percent copper grade equivalent already mined, already crushed and ready and waiting to be processed?"</p>
<p>Placquet said the cash cost of cobalt production at Kolwezi, taking copper into account, would be less than $2 a pound. The cash cost of copper production wold be 20 to 30 cents per pound.</p>
<p>The Kolwezi project is likely to last 27 years and AMF also has the right to process new tailings from the existing Kolwezi mine. The company will also dredge the Musomoi River which runs through the mine area to recover tailings.</p>
<p>AMF is currently conducting a feasibility study to find which tailings contain the richest copper and cobalt deposits.</p>
<p>"We will mine the richest first so as to take advantage of the present high prices," Placquet said.</p>
<p>"Our project and this country will put so much cobalt onto the market that the price will drop."</p>
</text>
<copyright>(c) Reuters Limited 1997</copyright>
<metadata>
<codes class="bip:countries:1.0">
  <code code="ZAIRE">
    <editdetail action="confirmed" attribution="Reuters BIP Coding Group" date="1997-06-20"/>
  </code>
</codes>
<codes class="bip:industries:1.0">
  <code code="I22471">
    <editdetail action="confirmed" attribution="Reuters BIP Coding Group" date="1997-06-20"/>
  </code>
  <code code="I23000">
    <editdetail action="confirmed" attribution="Reuters BIP Coding Group" date="1997-06-20"/>
  </code>
</codes>
<codes class="bip:topics:1.0">
  <code code="C24">
    <editdetail action="confirmed" attribution="Reuters BIP Coding Group" date="1997-06-20"/>
  </code>
  <code code="C31">
    <editdetail action="confirmed" attribution="Reuters BIP Coding Group" date="1997-06-20"/>
  </code>
  <code code="CCAT">
    <editdetail action="confirmed" attribution="Reuters BIP Coding Group" date="1997-06-20"/>
  </code>
  <code code="M14">
    <editdetail action="confirmed" attribution="Reuters BIP Coding Group" date="1997-06-20"/>
  </code>
  <code code="M142">
    <editdetail action="confirmed" attribution="Reuters BIP Coding Group" date="1997-06-20"/>
  </code>
  <code code="MCAT">
    <editdetail action="confirmed" attribution="Reuters BIP Coding Group" date="1997-06-20"/>
  </code>
</codes>
<dc element="dc.date.created" value="1997-06-20"/>
<dc element="dc.publisher" value="Reuters Holdings Plc"/>
<dc element="dc.date.published" value="1997-06-20"/>
<dc element="dc.source" value="Reuters"/>
<dc element="dc.creator.location" value="KOLWEZI, Democratic Republic of Congo"/>
<dc element="dc.creator.location.country.name" value="DEMOCRATIC REPUBLIC OF CONGO"/>
<dc element="dc.source" value="Reuters"/>
</metadata>
</newsitem>
