<?xml version="1.0" encoding="ISO-8859-1" standalone="no"?>
<newsitem date="1997-06-20" id="root" itemid="676846" xml:lang="en">
<title>UK: UK ex-minister drops libel case over Saudi links.</title>
<headline>UK ex-minister drops libel case over Saudi links.</headline>
<dateline>LONDON 1997-06-20</dateline>
<text>
<p>British former cabinet minister Jonathan Aitken dropped his libel action against a newspaper and a television channel on Friday over allegations about his links to Saudi business associates.</p>
<p>Aitken, who quit the cabinet in 1995 to fight the libel actions saying he would use the "sword of truth" and the "shield of fair play" to clear his name, now faces costs estimated by media reports at nearly two million pounds ($3.2 million).</p>
<p>Aitken's lawyer gave no reason for dropping the action, which came a day after the Guardian newspaper and Granada Television said they had uncovered new evidence which cast doubt on the former minister's defence.</p>
<p>The 54-year-old sued over allegations made in 1995 that he was financially dependent upon the Saudis, procured prostitutes for them and tried to arrange arms sales to Iraq at the height of the Iran-Iraq war.</p>
<p>He also denied allowing a Saudi associate to pay for a stay at the luxurious Ritz hotel in Paris and later lying to civil servants about the affair.</p>
<p>Aitken, who said his reputation had been "butchered" by the case, on Thursday announced he and his wife had separated.</p>
<p>During the 12-day case he denied lying but at various point admitted a "lack of candour", confessed to "dissembling" and said a letter he sent to a senior civil servant about the affair had been subject to "sharp editing".</p>
</text>
<copyright>(c) Reuters Limited 1997</copyright>
<metadata>
<codes class="bip:countries:1.0">
  <code code="SAARAB">
    <editdetail action="confirmed" attribution="Reuters BIP Coding Group" date="1997-06-20"/>
  </code>
  <code code="UK">
    <editdetail action="confirmed" attribution="Reuters BIP Coding Group" date="1997-06-20"/>
  </code>
</codes>
<codes class="bip:industries:1.0">
  <code code="I47510">
    <editdetail action="confirmed" attribution="Reuters BIP Coding Group" date="1997-06-20"/>
  </code>
  <code code="I9741102">
    <editdetail action="confirmed" attribution="Reuters BIP Coding Group" date="1997-06-20"/>
  </code>
</codes>
<codes class="bip:topics:1.0">
  <code code="C12">
    <editdetail action="confirmed" attribution="Reuters BIP Coding Group" date="1997-06-20"/>
  </code>
  <code code="CCAT">
    <editdetail action="confirmed" attribution="Reuters BIP Coding Group" date="1997-06-20"/>
  </code>
  <code code="GCAT">
    <editdetail action="confirmed" attribution="Reuters BIP Coding Group" date="1997-06-20"/>
  </code>
  <code code="GCRIM">
    <editdetail action="confirmed" attribution="Reuters BIP Coding Group" date="1997-06-20"/>
  </code>
  <code code="GPOL">
    <editdetail action="confirmed" attribution="Reuters BIP Coding Group" date="1997-06-20"/>
  </code>
</codes>
<dc element="dc.date.created" value="1997-06-20"/>
<dc element="dc.publisher" value="Reuters Holdings Plc"/>
<dc element="dc.date.published" value="1997-06-20"/>
<dc element="dc.source" value="Reuters"/>
<dc element="dc.creator.location" value="LONDON"/>
<dc element="dc.creator.location.country.name" value="UK"/>
<dc element="dc.source" value="Reuters"/>
</metadata>
</newsitem>
