<?xml version="1.0" encoding="ISO-8859-1" standalone="no"?>
<newsitem date="1997-06-20" id="root" itemid="676464" xml:lang="en">
<title>INDIA: India rupee opens steady, RBI seen propping dollar.</title>
<headline>India rupee opens steady, RBI seen propping dollar.</headline>
<dateline>BOMBAY 1997-06-20</dateline>
<text>
<p>* The Indian rupee opens steady at 35.81/82 against the dollar on Friday, dealers say.</p>
<p>* The rupee seen moving in a narrow groove on Friday.</p>
<p>* No significant dollar demand expected on Friday.</p>
<p>* The Reserve Bank of India (RBI) seen defending the dollar at 35.81/82 level as evident from its purchases over a week.</p>
<p>* The RBI bought dollars on Thursday at 35.82, though many in the market not aware of this, chief dealer at a bank says.</p>
<p>* Sharp deceleration in Indian exports may be dictating RBI intervention at 35.82 levels, some dealers speculate.</p>
<p>* Forward dollar premiums seen soft as forward dollar sellers abound and buyers become scarce, dealers say.</p>
<p>-- Bombay newsroom +91-22-265 9000</p>
</text>
<copyright>(c) Reuters Limited 1997</copyright>
<metadata>
<codes class="bip:countries:1.0">
  <code code="INDIA">
    <editdetail action="confirmed" attribution="Reuters BIP Coding Group" date="1997-06-20"/>
  </code>
</codes>
<codes class="bip:topics:1.0">
  <code code="M13">
    <editdetail action="confirmed" attribution="Reuters BIP Coding Group" date="1997-06-20"/>
  </code>
  <code code="M132">
    <editdetail action="confirmed" attribution="Reuters BIP Coding Group" date="1997-06-20"/>
  </code>
  <code code="MCAT">
    <editdetail action="confirmed" attribution="Reuters BIP Coding Group" date="1997-06-20"/>
  </code>
</codes>
<dc element="dc.date.created" value="1997-06-20"/>
<dc element="dc.publisher" value="Reuters Holdings Plc"/>
<dc element="dc.date.published" value="1997-06-20"/>
<dc element="dc.source" value="Reuters"/>
<dc element="dc.creator.location" value="BOMBAY"/>
<dc element="dc.creator.location.country.name" value="INDIA"/>
<dc element="dc.source" value="Reuters"/>
</metadata>
</newsitem>
