<?xml version="1.0" encoding="ISO-8859-1" standalone="no"?>
<newsitem date="1997-06-20" id="root" itemid="676561" xml:lang="en">
<title>INDIA: Indian rupee seen at 36.19 vs dlr in 6 months-poll.</title>
<headline>Indian rupee seen at 36.19 vs dlr in 6 months-poll.</headline>
<dateline>BOMBAY 1997-06-20</dateline>
<text>
<p>The Indian rupee is seen easing to 36.19 against the dollar in six months, Standard Chartered Bank said quoting from its poll of 100 corporate treasurers,</p>
<p>The poll found the rupee at a mean of 35.82 against the dollar in one month, 35.90 in three months and 36.19 in six months, the bank said.</p>
<p>The poll was conducted in the first week of June, a bank official said.</p>
<p>"The poll shows that treasurers expect the rupee to be relatively stable," it said in a commentary.</p>
<p>"The expected rate of depreciation is significantly lower than the forecast forward premiums implying that export covers would still be a good decision," Standard Charterd said.</p>
<p>The rupee was quoted steady at 35.81/82 against the dollar on Friday.</p>
<p>The poll found the annualised dollar-rupee forward premium at a mean of 4.63 percent in one month, 5.01 percent in three months and 5.41 percent in six months.</p>
<p>The six month premium closed Thursday at 4.07 percent.</p>
<p>"The forward premiums which were expected to rise to 7.91 percent as per the pre-credit policy poll (conducted in February 1997) are expected to range between 4.63 percent and 5.41 percent over the next six months," the bank commentary said.</p>
<p>"This is attributed to easier liquidity conditions following the slack season credit policy," it said, referring to the Reserve Bank of India's April monetary policy which cut cash reserve requirement to boost liquidity in the banking system.</p>
<p>Standard Chartered Bank said the 100 treasurers were selected on the basis of their forex exposure management.</p>
<p>-- Bombay newsroom +91-22-265 9000</p>
</text>
<copyright>(c) Reuters Limited 1997</copyright>
<metadata>
<codes class="bip:countries:1.0">
  <code code="INDIA">
    <editdetail action="confirmed" attribution="Reuters BIP Coding Group" date="1997-06-20"/>
  </code>
</codes>
<codes class="bip:topics:1.0">
  <code code="M13">
    <editdetail action="confirmed" attribution="Reuters BIP Coding Group" date="1997-06-20"/>
  </code>
  <code code="M132">
    <editdetail action="confirmed" attribution="Reuters BIP Coding Group" date="1997-06-20"/>
  </code>
  <code code="MCAT">
    <editdetail action="confirmed" attribution="Reuters BIP Coding Group" date="1997-06-20"/>
  </code>
</codes>
<dc element="dc.date.created" value="1997-06-20"/>
<dc element="dc.publisher" value="Reuters Holdings Plc"/>
<dc element="dc.date.published" value="1997-06-20"/>
<dc element="dc.source" value="Reuters"/>
<dc element="dc.creator.location" value="BOMBAY"/>
<dc element="dc.creator.location.country.name" value="INDIA"/>
<dc element="dc.source" value="Reuters"/>
</metadata>
</newsitem>
