<?xml version="1.0" encoding="ISO-8859-1" standalone="no"?>
<newsitem date="1997-06-20" id="root" itemid="675646" xml:lang="en">
<title>RUSSIA: Russia's first post-Chernobyl atom victim dies.</title>
<headline>Russia's first post-Chernobyl atom victim dies.</headline>
<byline>Andrei Khalip</byline>
<dateline>MOSCOW 1997-06-20</dateline>
<text>
<p>An atomic weapons researcher who became Russia's first nuclear accident victim since the 1986 Chernobyl disaster died on Friday, an Atomic Energy ministry spokesman said.</p>
<p>"We can confirm that he is dead," Vitaly Nosonov said by telephone.</p>
<p>Alexander Zakharov, 42, died in a Moscow hospital after Russian doctors battled for three days to save his life.</p>
<p>On Tuesday, Zakharov received a high dose of radiation calculated at more than 600 roentgen at the Arzamas-16 nuclear research centre.</p>
<p>He was then flown to hospital in Moscow from Arzamas-16, a town of 80,000 people about 350 km (220 miles) east of Moscow, and treated in a sterile room at the capital's Clinic Number Six, one of the main centres for treating Chernobyl victims. Doctors had said they hoped that experience would help keep him alive.</p>
<p>Zakharov was conducting a weapons test involving a controlled nuclear chain reaction using small amounts of uranium when what the ministry called "a serious breach of the rules" caused "an irregular radiation situation involving the emission of neutron rays".</p>
<p>Doctors said Zakharov was the first Russian to suffer serious injury in a nuclear accident since the Soviet atomic power plant in Chernobyl in Ukraine blew up in April 1986, causing many people to die and blighting lives of many more across swathes of Ukraine and Belarus.</p>
<p>Ukraine is looking to this week's Denver summit of the Group of Seven rich industrial nations for concrete help for Chernobyl. Kiev has been locked in talks with the West for several years on financing the closure of the Chernobyl plant.</p>
<p>Kiev's hopes for the summit are focused on a $780 million grant for the stricken plant's fourth reactor and its "sarcophagus" covering and on money to build two new reactors to replace electricity to be lost by Chernobyl's closure in 2000.</p>
<p>"The G7 should find ways of financing the sarcophagus and problems associated with it," Chernobyl negotiator and Ukrainian Environment Minister Yuri Kostenko told Reuters on Thursday.</p>
<p>In Moscow, Nosonov said de-contamination works were under way at the Arzamas workshop. The room where the accident happened had been sealed off while ministry staff investigated.</p>
<p>He said the work was being hampered by the danger of sending any metal objects into the room as this might provoke a nuclear reaction and cause another blast or fire.</p>
<p>"They do not want anyone else to be radiated, so they are seeking a solution on how to handle the source of radiation," he said, adding that by the end of the day a solution was likely to be found.</p>
<p>"It will probably be a manipulator or hydraulic gadget. We do not know yet."</p>
<p>Arzamas-16 is one of two such nuclear weapons establishments in Russia, and it is closed to foreigners. The town, whose centre was partially evacuated after the accident on Tuesday, was back to normal on Wednesday.</p>
</text>
<copyright>(c) Reuters Limited 1997</copyright>
<metadata>
<codes class="bip:countries:1.0">
  <code code="RUSS">
    <editdetail action="confirmed" attribution="Reuters BIP Coding Group" date="1997-06-20"/>
  </code>
</codes>
<codes class="bip:industries:1.0">
  <code code="I1610109">
    <editdetail action="confirmed" attribution="Reuters BIP Coding Group" date="1997-06-20"/>
  </code>
</codes>
<codes class="bip:topics:1.0">
  <code code="C24">
    <editdetail action="confirmed" attribution="Reuters BIP Coding Group" date="1997-06-20"/>
  </code>
  <code code="CCAT">
    <editdetail action="confirmed" attribution="Reuters BIP Coding Group" date="1997-06-20"/>
  </code>
  <code code="GCAT">
    <editdetail action="confirmed" attribution="Reuters BIP Coding Group" date="1997-06-20"/>
  </code>
  <code code="GDEF">
    <editdetail action="confirmed" attribution="Reuters BIP Coding Group" date="1997-06-20"/>
  </code>
  <code code="GDIS">
    <editdetail action="confirmed" attribution="Reuters BIP Coding Group" date="1997-06-20"/>
  </code>
  <code code="GOBIT">
    <editdetail action="confirmed" attribution="Reuters BIP Coding Group" date="1997-06-20"/>
  </code>
  <code code="GPRO">
    <editdetail action="confirmed" attribution="Reuters BIP Coding Group" date="1997-06-20"/>
  </code>
</codes>
<dc element="dc.date.created" value="1997-06-20"/>
<dc element="dc.publisher" value="Reuters Holdings Plc"/>
<dc element="dc.date.published" value="1997-06-20"/>
<dc element="dc.source" value="Reuters"/>
<dc element="dc.creator.location" value="MOSCOW"/>
<dc element="dc.creator.location.country.name" value="RUSSIA"/>
<dc element="dc.source" value="Reuters"/>
</metadata>
</newsitem>
