<?xml version="1.0" encoding="ISO-8859-1" standalone="no"?>
<newsitem date="1997-06-20" id="root" itemid="677012" xml:lang="en">
<title>USA: Wis. stadium board agrees to follow oversight plan.</title>
<headline>Wis. stadium board agrees to follow oversight plan.</headline>
<dateline>MILWAUKEE 1997-06-20</dateline>
<text>
<p>The board responsible for construction of a Milwaukee Brewers baseball park has agreed to follow new oversight rules awaiting adoption by the Wisconsin Legislature, a spokesman said Friday.</p>
<p>The Board of the Southeast Wisconsin Professional Baseball Park District voted unanimously Thursday in support of the legislation, spokesman Michael Morgan said.</p>
<p>Wisconsin senators have approved a bill to limit the board's powers and delete the state's moral obligation on insured tax-exempt sales tax revenue bonds sold for the construction of the stadium now called Miller Park.</p>
<p>The proposal requires the board to make quarterly financial reports to legislative leaders and an annual forecast, based on the best available data, of when a 0.1 percent five-county sales tax used to back the $146.7 million revenue bonds can be eliminated.</p>
<p>Wisconsin representatives have not yet considered the bill, which has been placed on the back burner while lawmakers work on the state's biennium budgeting plans.</p>
<p>((--David Bailey, Chicago Newsroom, 312-408-8647))</p>
</text>
<copyright>(c) Reuters Limited 1997</copyright>
<metadata>
<codes class="bip:countries:1.0">
  <code code="USA">
    <editdetail action="confirmed" attribution="Reuters BIP Coding Group" date="1997-06-20"/>
  </code>
</codes>
<codes class="bip:topics:1.0">
  <code code="E21">
    <editdetail action="confirmed" attribution="Reuters BIP Coding Group" date="1997-06-20"/>
  </code>
  <code code="E211">
    <editdetail action="confirmed" attribution="Reuters BIP Coding Group" date="1997-06-20"/>
  </code>
  <code code="ECAT">
    <editdetail action="confirmed" attribution="Reuters BIP Coding Group" date="1997-06-20"/>
  </code>
</codes>
<dc element="dc.date.created" value="1997-06-20"/>
<dc element="dc.publisher" value="Reuters Holdings Plc"/>
<dc element="dc.date.published" value="1997-06-20"/>
<dc element="dc.source" value="Reuters"/>
<dc element="dc.creator.location" value="MILWAUKEE"/>
<dc element="dc.creator.location.country.name" value="USA"/>
<dc element="dc.source" value="Reuters"/>
</metadata>
</newsitem>
