<?xml version="1.0" encoding="ISO-8859-1" standalone="no"?>
<newsitem date="1997-06-20" id="root" itemid="675763" xml:lang="en">
<title>POLAND: Zloty seen 1-2 pct above parity in H2-ING Barings.</title>
<headline>Zloty seen 1-2 pct above parity in H2-ING Barings.</headline>
<dateline>WARSAW 1997-06-20</dateline>
<text>
<p>The zloty should remain in its range between one and two percent above the parity rate in the second half of 1997 if foreign direct investment continues to largely offset the current account deficit, ING Barings said.</p>
<p>ING Barings said in a fixed income research report dated June 13, that medium and long-term prospects for the zloty will largely depend on Poland's external balance, which has been fast deteriorating in the first months of 1997.</p>
<p>"The zloty is undervalued when compared to its relative purchasing power parity exchange rate, reinforcing the view that any downside for the currency is limited," it said. @</p>
<p>The report said the National Bank of Poland, the central bank, was sensitive to the level of foreign exchange reserves and would not want them to fall by a large amount.</p>
<p>It said the present one percent per month zloty devaluation rate would probably be maintained for the whole year, although a cut to 0.7 percent per month was possible in the fourth quarter if the current account gap held below about four percent of GDP.</p>
<p>On Friday, the zloty traded around 1.5 percent above the parity rate, the level of a central bank-enforced resistance. @</p>
<p>The zloty is traded in a 14 percent band around a central parity rate set by the central bank daily according to the value of a basket of five Western currencies and a crawling peg devaluation factor.</p>
<p>-- Warsaw Newsroom +48 22 653 9700</p>
</text>
<copyright>(c) Reuters Limited 1997</copyright>
<metadata>
<codes class="bip:countries:1.0">
  <code code="POL">
    <editdetail action="confirmed" attribution="Reuters BIP Coding Group" date="1997-06-20"/>
  </code>
</codes>
<codes class="bip:topics:1.0">
  <code code="M13">
    <editdetail action="confirmed" attribution="Reuters BIP Coding Group" date="1997-06-20"/>
  </code>
  <code code="M132">
    <editdetail action="confirmed" attribution="Reuters BIP Coding Group" date="1997-06-20"/>
  </code>
  <code code="MCAT">
    <editdetail action="confirmed" attribution="Reuters BIP Coding Group" date="1997-06-20"/>
  </code>
</codes>
<dc element="dc.date.created" value="1997-06-20"/>
<dc element="dc.publisher" value="Reuters Holdings Plc"/>
<dc element="dc.date.published" value="1997-06-20"/>
<dc element="dc.source" value="Reuters"/>
<dc element="dc.creator.location" value="WARSAW"/>
<dc element="dc.creator.location.country.name" value="POLAND"/>
<dc element="dc.source" value="Reuters"/>
</metadata>
</newsitem>
