<?xml version="1.0" encoding="ISO-8859-1" standalone="no"?>
<newsitem date="1997-06-20" id="root" itemid="676874" xml:lang="en">
<title>UK: Commerzbank sets 150 mln rand five-year bond.</title>
<headline>Commerzbank sets 150 mln rand five-year bond.</headline>
<dateline>LONDON 1997-06-20</dateline>
<text>
<p>The following bond was announced by lead manager Toronto Dominion.</p>
<p> BORROWER   COMMERZBANK</p>
<p> AMT    150 MLN RAND  COUPON     15	  MATURITY    11.JUL.02</p>
<p> TYPE	 STRAIGHT  ISS PRICE  101.625   PAY DATE    11.JUL.97</p>
<p> FULL FEES  1.875     REOFFER    PAR	 SPREAD	=</p>
<p> MOODY	AA2	 LISTING    LUX	 PAY FREQ    ANNUAL</p>
<p> S&amp;P	  AA-	 DENOMS (K) 5-50-500  SALE LIMITS US/UK/SA</p>
<p> NEG PLG    NO	  CRS DEFLT  NO	  FORCE MAJ   YES</p>
<p> GOV LAW    GERMAN    HOME CTRY  GERMANY   TAX PROVS   =</p>
<p> MGT/UND    0.25	SELL CONC  1.625     PRAECIPUUM  =</p>
<p>-- London Newsroom +44 171 542 7658</p>
</text>
<copyright>(c) Reuters Limited 1997</copyright>
<metadata>
<codes class="bip:countries:1.0">
  <code code="GFR">
    <editdetail action="confirmed" attribution="Reuters BIP Coding Group" date="1997-06-20"/>
  </code>
  <code code="UK">
    <editdetail action="confirmed" attribution="Reuters BIP Coding Group" date="1997-06-20"/>
  </code>
</codes>
<codes class="bip:industries:1.0">
  <code code="I81402">
    <editdetail action="confirmed" attribution="Reuters BIP Coding Group" date="1997-06-20"/>
  </code>
</codes>
<codes class="bip:topics:1.0">
  <code code="C17">
    <editdetail action="confirmed" attribution="Reuters BIP Coding Group" date="1997-06-20"/>
  </code>
  <code code="C172">
    <editdetail action="confirmed" attribution="Reuters BIP Coding Group" date="1997-06-20"/>
  </code>
  <code code="CCAT">
    <editdetail action="confirmed" attribution="Reuters BIP Coding Group" date="1997-06-20"/>
  </code>
</codes>
<dc element="dc.date.created" value="1997-06-20"/>
<dc element="dc.publisher" value="Reuters Holdings Plc"/>
<dc element="dc.date.published" value="1997-06-20"/>
<dc element="dc.source" value="Reuters"/>
<dc element="dc.creator.location" value="LONDON"/>
<dc element="dc.creator.location.country.name" value="UK"/>
<dc element="dc.source" value="Reuters"/>
</metadata>
</newsitem>
