<?xml version="1.0" encoding="ISO-8859-1" standalone="no"?>
<newsitem date="1997-06-20" id="root" itemid="675714" xml:lang="en">
<title>POLAND: Polish new car sales up 28.7 pct in Jan-May.</title>
<headline>Polish new car sales up 28.7 pct in Jan-May.</headline>
<dateline>WARSAW 1997-06-20</dateline>
<text>
<p>New car sales in Poland grew by 28.7 percent in January-May against the same period last year to 215,774 units, an independent car market monitoring agency, Samar, said in a report on Friday.</p>
<p>Samar said sales of commercial vehicles rose 23.8 percent to 21,874 over the same period.</p>
<p>Fiat topped the list of passenger car makers with 73,953 units sold and a 34.3 percent market share.</p>
<p>				 PASSENGER CARS</p>
<p>		   SALES (UNITS)	  MARKET SHARE (PCT)</p>
<p>	    Jan-May 97  Jan-May 96    Jan-May 97  Jan-May 96</p>
<p>1.Fiat	73,953	69,883	 34.3	  41.7</p>
<p>2.Daewoo    53,286	33,745	 24.7	  20.1</p>
<p>3.GM-Opel   17,919	11,761	  8.3	   7.0</p>
<p>4.Renault   12,499	12,939	  5.8	   7.7</p>
<p>5.Ford	 8,663	 4,978	  4.0	   2.0</p>
<p>6.Skoda	8,587	 5,810	  4.7	   3.5</p>
<p>7.SEAT	 6,898	 4,465	  3.2	   2.7</p>
<p>8.Volkswagen 6,636	 5,557	  3.1	   3.3</p>
<p>9.Citroen    5,579	 2,972	  2.6	   1.8</p>
<p>10.Peugeot   5,346	 4,123	  2.5	   2.5</p>
<p>				  COMMERCIAL VEHICLES</p>
<p>			SALES (UNITS)	   MARKET SHARE (PCT)</p>
<p>		  Jan-May 97 Jan-May 96   Jan-May 97  Jan-May 96</p>
<p>1.Daewoo	  5,625	6,737	  25.7	  38.1</p>
<p>2.Daewoo-Lublin 5,489	4,324	  25.1	  24.5</p>
<p>3.Fiat	    2,495	2,334	  11.4	  13.3</p>
<p>4.Citroen	 1,930	  913	   8.8	   5.2</p>
<p>5.Ford	    1,223	  656	   5.6	   3.7</p>
<p>-- Warsaw Newsroom +48 22 653 9700</p>
</text>
<copyright>(c) Reuters Limited 1997</copyright>
<metadata>
<codes class="bip:countries:1.0">
  <code code="POL">
    <editdetail action="confirmed" attribution="Reuters BIP Coding Group" date="1997-06-20"/>
  </code>
</codes>
<codes class="bip:industries:1.0">
  <code code="I35101">
    <editdetail action="confirmed" attribution="Reuters BIP Coding Group" date="1997-06-20"/>
  </code>
</codes>
<codes class="bip:topics:1.0">
  <code code="C31">
    <editdetail action="confirmed" attribution="Reuters BIP Coding Group" date="1997-06-20"/>
  </code>
  <code code="CCAT">
    <editdetail action="confirmed" attribution="Reuters BIP Coding Group" date="1997-06-20"/>
  </code>
</codes>
<dc element="dc.date.created" value="1997-06-20"/>
<dc element="dc.publisher" value="Reuters Holdings Plc"/>
<dc element="dc.date.published" value="1997-06-20"/>
<dc element="dc.source" value="Reuters"/>
<dc element="dc.creator.location" value="WARSAW"/>
<dc element="dc.creator.location.country.name" value="POLAND"/>
<dc element="dc.source" value="Reuters"/>
</metadata>
</newsitem>
