<?xml version="1.0" encoding="ISO-8859-1" standalone="no"?>
<newsitem date="1997-06-20" id="root" itemid="677474" xml:lang="en">
<title>SINGAPORE: Singapore shares revive after export data shake-up.</title>
<headline>Singapore shares revive after export data shake-up.</headline>
<dateline>SINGAPORE 1997-06-20</dateline>
<text>
<p>Singapore shares recovered a shade from disappointing May non-oil export figures but the mood of investors remained cloudy, dealers said on Friday.</p>
<p>The market sought refuge in stronger performing blue chips after the market took a dive, and bargain-hunting led the index back into positive terrain.</p>
<p>"It was quite bad after the release of the export data but people saw good values and came in to buy," a remisier said.</p>
<p>The Straits Times Industrials Index ended up 5.47 points at 2,008.44 on volume of 110 million lots. The broader market was weaker with losers outpacing gainers 178 to 146.  </p>
<p>The bleak export outlook, with nominal exports year-on-year down one percent, instead of up 3.5 percent as a Reuter survey on Thursday had forecast, dampened trading enthusiasm.</p>
<p>Small stocks were favoured earlier in the day, but interest also waned after the export report, dealers said.</p>
<p>The most active stock, Van der Horst, reversed its uptrend to brush new lows at Singapore $2.11. It ended 36 cents lower at S$2.22, failing to recoup Thursdays' losses.</p>
<p>SIA traded sideways to end only five cents up at S$7.20, despite its announcement of an Asia-Pacific alliance.</p>
<p>-- Jacqueline Wong (65 8703088)</p>
</text>
<copyright>(c) Reuters Limited 1997</copyright>
<metadata>
<codes class="bip:countries:1.0">
  <code code="SINGP">
    <editdetail action="confirmed" attribution="Reuters BIP Coding Group" date="1997-06-20"/>
  </code>
</codes>
<codes class="bip:topics:1.0">
  <code code="M11">
    <editdetail action="confirmed" attribution="Reuters BIP Coding Group" date="1997-06-20"/>
  </code>
  <code code="MCAT">
    <editdetail action="confirmed" attribution="Reuters BIP Coding Group" date="1997-06-20"/>
  </code>
</codes>
<dc element="dc.date.created" value="1997-06-20"/>
<dc element="dc.publisher" value="Reuters Holdings Plc"/>
<dc element="dc.date.published" value="1997-06-20"/>
<dc element="dc.source" value="Reuters"/>
<dc element="dc.creator.location" value="SINGAPORE"/>
<dc element="dc.creator.location.country.name" value="SINGAPORE"/>
<dc element="dc.source" value="Reuters"/>
</metadata>
</newsitem>
