<?xml version="1.0" encoding="ISO-8859-1" standalone="no"?>
<newsitem date="1997-06-20" id="root" itemid="677441" xml:lang="en">
<title>AUSTRALIA: ICI says to sell pharmaceutical unit.</title>
<headline>ICI says to sell pharmaceutical unit.</headline>
<dateline>MELBOURNE 1997-06-20</dateline>
<text>
<p>ICI Australia Ltd said on Friday it had agreed to negotiate the sale of its pharmaceuticals business to Zeneca Group Plc after the sell-down of ICI Australia shares by UK parent ICI Plc.</p>
<p>ICI Australia is the exclusive distributor of the Zeneca range of pharmaceuticals in Australia, New Zealand, PNG and Fiji.</p>
<p>"The company and Zeneca have agreed that they will negotiate the sale of the pharmaceuticals business after ICI Plc ceases to own more than 50 percent of ICI Australia," ICI Australia said in a letter to shareholders.  </p>
<p>If agreement could not be reached the sale would be determined by independent valuation, guided by previously agreed factors.</p>
<p>"The board is confident that the process will result in the company receiving a fair price for an asset which the board does not consider to be a long term strategic component of the company's future growth and direction," it said.</p>
<p>ICI Australia said the distributorship was due to run until at least 2001, but could be terminated earlier under certain conditions.  </p>
<p>The company said earlier this month it did not believe the ICI Plc sell-down would entitle Zeneca to terminate the agreement, although Zeneca had written to the company saying it believed the agreement could be terminated.</p>
<p>ICI Australia shares were down 13.6 cents at A$12.40 at 10.35 a.m. (0035 GMT).</p>
<p>-- Sydney Newsroom 61-2 9373-1800</p>
</text>
<copyright>(c) Reuters Limited 1997</copyright>
<metadata>
<codes class="bip:countries:1.0">
  <code code="AUSTR">
    <editdetail action="confirmed" attribution="Reuters BIP Coding Group" date="1997-06-20"/>
  </code>
  <code code="UK">
    <editdetail action="confirmed" attribution="Reuters BIP Coding Group" date="1997-06-20"/>
  </code>
</codes>
<codes class="bip:industries:1.0">
  <code code="I25000">
    <editdetail action="confirmed" attribution="Reuters BIP Coding Group" date="1997-06-20"/>
  </code>
  <code code="I25700">
    <editdetail action="confirmed" attribution="Reuters BIP Coding Group" date="1997-06-20"/>
  </code>
</codes>
<codes class="bip:topics:1.0">
  <code code="C18">
    <editdetail action="confirmed" attribution="Reuters BIP Coding Group" date="1997-06-20"/>
  </code>
  <code code="C181">
    <editdetail action="confirmed" attribution="Reuters BIP Coding Group" date="1997-06-20"/>
  </code>
  <code code="CCAT">
    <editdetail action="confirmed" attribution="Reuters BIP Coding Group" date="1997-06-20"/>
  </code>
</codes>
<dc element="dc.date.created" value="1997-06-20"/>
<dc element="dc.publisher" value="Reuters Holdings Plc"/>
<dc element="dc.date.published" value="1997-06-20"/>
<dc element="dc.source" value="Reuters"/>
<dc element="dc.creator.location" value="MELBOURNE"/>
<dc element="dc.creator.location.country.name" value="AUSTRALIA"/>
<dc element="dc.source" value="Reuters"/>
</metadata>
</newsitem>
