<?xml version="1.0" encoding="ISO-8859-1" standalone="no"?>
<newsitem date="1997-06-20" id="root" itemid="677506" xml:lang="en">
<title>THAILAND: Thai rice vessels loading and movements at June 20.</title>
<headline>Thai rice vessels loading and movements at June 20.</headline>
<dateline>BANGKOK 1997-06-20</dateline>
<text>
<p>The Thai Commerce Ministry and independent surveyors detailed rice loading at Thai ports as follows (in tonnes):</p>
<p>Vessel		Date of Arrival   Quantity     Destination</p>
<p>HALLVARD	    11/06/97		5,000	  Dubai</p>
<p>BUDI AIN	    12/06/97		3,800	  Malaysia</p>
<p>YUE LUSHAN	  13/06/97		6,500	  Philippines</p>
<p>POLAR STAR	  13/06/97	     21,500	  Iraq</p>
<p>DELIGHT GLORY     13/06/97	     12,400	  Philippines</p>
<p>MORNING STAR	13/06/97	     18,000	  Iraq</p>
<p>ASIAN PROGRESS    16/06/97		8,500	  Nigeria</p>
<p>LAEMTHONG BRIDE   16/06/97	     12,500	  Nigeria</p>
<p>Bang Khuntien     17/06/97		5,700	  Malaysia</p>
<p>-- Bangkok newsroom (662) 652-0642</p>
</text>
<copyright>(c) Reuters Limited 1997</copyright>
<metadata>
<codes class="bip:countries:1.0">
  <code code="THAIL">
    <editdetail action="confirmed" attribution="Reuters BIP Coding Group" date="1997-06-20"/>
  </code>
</codes>
<codes class="bip:topics:1.0">
  <code code="M14">
    <editdetail action="confirmed" attribution="Reuters BIP Coding Group" date="1997-06-20"/>
  </code>
  <code code="M141">
    <editdetail action="confirmed" attribution="Reuters BIP Coding Group" date="1997-06-20"/>
  </code>
  <code code="MCAT">
    <editdetail action="confirmed" attribution="Reuters BIP Coding Group" date="1997-06-20"/>
  </code>
</codes>
<dc element="dc.date.created" value="1997-06-20"/>
<dc element="dc.publisher" value="Reuters Holdings Plc"/>
<dc element="dc.date.published" value="1997-06-20"/>
<dc element="dc.source" value="Reuters"/>
<dc element="dc.creator.location" value="BANGKOK"/>
<dc element="dc.creator.location.country.name" value="THAILAND"/>
<dc element="dc.source" value="Reuters"/>
</metadata>
</newsitem>
