<?xml version="1.0" encoding="ISO-8859-1" standalone="no"?>
<newsitem date="1997-06-20" id="root" itemid="676460" xml:lang="en">
<title>PAKISTAN: PRESS DIGEST - Pakistan - June 20.</title>
<headline>PRESS DIGEST - Pakistan - June 20.</headline>
<text>
<p>These are the leading stories in the Pakistani press on Friday. Reuters has not verified these stories and does not vouch for their accuracy.</p>
<p>THE MUSLIM</p>
<p>- Indian Foreign Secretary Salman Haider said the second round of the secretary-level talks with Pakistan would be "constructive and purposeful".</p>
<p>- A five-member delegation of the U.S. Drug Enforcement Agency is arriving here on Friday for talks with Pakistani authorities on Pakistani-U.S. cooperation in anti-narcotics operations.</p>
<p>THE NATION</p>
<p>- The prime ministers of India and Pakistan exchanged good wishes on the hotline contact established between the two countries on Thursday.</p>
<p>- Chief Minister Sindh, Liaquat Jatoi, said army deployment was not the solution to law and order problems in Karachi.</p>
<p>- Three employees of a factory were gunned down by two unidentified motorcyclists in Lahore.</p>
<p>- Chief Minister Balochistan Sardar Akhtar Mengal denied reports that Aimal Kansi was arrested in Balochistan.</p>
<p>DAWN</p>
<p>- Prime Minister Nawaz Sharif and Indian Prime Minister Inder Kumar Gujral have resolved to normalise strained ties between the two countries as the foreign secretary-level talks begin in Islamabad on Friday, the foreign office said.</p>
<p>- The presidents of three stock exchanges have opposed rules introduced by the state-run Corporate Law Authority seeking to nominate directors of the exchanges.</p>
<p>- The Modaraba Association of Pakistan has asked the government to extend the tax exemption announced for mutual funds to modarabas.</p>
<p>- Export consignments worth millions of dollars for the United States are held up at ports in the absence of government regulations.</p>
<p>- Foreign exchange reserves fell to $1.020 billion on June 14 from $1.064 billion on June 7.</p>
<p>- The government has decided to marginalise the role of the Income Tax department by engaging private chartered accountants the task of auditing the accounts of tax-payers.</p>
<p>- The Accountability Cell has prepared a reference against former prime minister Benazir Bhutto on charges of allotting nine plots in the federal capital in violation of the rules.</p>
<p>BUSINESS RECORDER</p>
<p>- The government has decided to give full sales tax refund to exporters within 30 days, rescinding the new formula announced in the 1997/98 (July-June) budget last Friday.</p>
<p>- The government is likely to offer 23 concession sites including five offshore oil and gas exploration blocks for exploration rights within the next few days.</p>
<p>- Business and industry remained at a standstill in Karachi on the third consecutive day of an unofficial strike resulting in a loss of at least three billion rupees ($74 million).</p>
<p>FINANCIAL POST</p>
<p>- Finance Minister Sartaj Aziz said the banking reforms are aimed at improving working of the sector to enable it to meet the requirements of a growing economy and provide financial services on efficient and modern lines.</p>
<p>($1=40.49 Pakistani rupees)</p>
<p>-- Islamabad newsroom 9251-274757</p>
</text>
<copyright>(c) Reuters Limited 1997</copyright>
<metadata>
<codes class="bip:countries:1.0">
  <code code="PAKIS">
    <editdetail action="confirmed" attribution="Reuters BIP Coding Group" date="1997-06-20"/>
  </code>
</codes>
<codes class="bip:topics:1.0">
  <code code="GCAT">
    <editdetail action="confirmed" attribution="Reuters BIP Coding Group" date="1997-06-20"/>
  </code>
</codes>
<dc element="dc.publisher" value="Reuters Holdings Plc"/>
<dc element="dc.date.published" value="1997-06-20"/>
<dc element="dc.source" value="Reuters"/>
<dc element="dc.creator.location.country.name" value="PAKISTAN"/>
<dc element="dc.source" value="Reuters"/>
</metadata>
</newsitem>
