<?xml version="1.0" encoding="ISO-8859-1" standalone="no"?>
<newsitem date="1997-06-20" id="root" itemid="676285" xml:lang="en">
<title>USA: CME lumber sharply higher-limit up in late trade.</title>
<headline>CME lumber sharply higher-limit up in late trade.</headline>
<dateline>CHICAGO 1997-06-20</dateline>
<text>
<p>CME lumber futures were sharply higher to up the $10.00-per-thousand-board-feet limit in late trade, boosted by fund short covering, floor sources said.</p>
<p>Dealers said early buying linked to a strengthening cash market helped prompt funds to cover short positions.</p>
<p>At 1306 CDT September lumber was bid the $10.00 limit up at $381.00 with other months up $7.90 to $4.90.  </p>
<p>Random Lengths on Friday quoted cash spruce at $372 per tbf, up $10 from midweek and $18 above last Friday's level.</p>
<p>((Chicago newsdesk 312-408 8720))</p>
</text>
<copyright>(c) Reuters Limited 1997</copyright>
<metadata>
<codes class="bip:countries:1.0">
  <code code="USA">
    <editdetail action="confirmed" attribution="Reuters BIP Coding Group" date="1997-06-20"/>
  </code>
</codes>
<codes class="bip:topics:1.0">
  <code code="M14">
    <editdetail action="confirmed" attribution="Reuters BIP Coding Group" date="1997-06-20"/>
  </code>
  <code code="M141">
    <editdetail action="confirmed" attribution="Reuters BIP Coding Group" date="1997-06-20"/>
  </code>
  <code code="MCAT">
    <editdetail action="confirmed" attribution="Reuters BIP Coding Group" date="1997-06-20"/>
  </code>
</codes>
<dc element="dc.date.created" value="1997-06-20"/>
<dc element="dc.publisher" value="Reuters Holdings Plc"/>
<dc element="dc.date.published" value="1997-06-20"/>
<dc element="dc.source" value="Reuters"/>
<dc element="dc.creator.location" value="CHICAGO"/>
<dc element="dc.creator.location.country.name" value="USA"/>
<dc element="dc.source" value="Reuters"/>
</metadata>
</newsitem>
