<?xml version="1.0" encoding="ISO-8859-1" standalone="no"?>
<newsitem date="1997-06-20" id="root" itemid="676693" xml:lang="en">
<title>USA: Belco buys 2.94 mln Hugoton shrs.</title>
<headline>Belco buys 2.94 mln Hugoton shrs.</headline>
<dateline>NEW YORK 1997-06-20</dateline>
<text>
<p>Belco Oil &amp; Gas Corp said Friday it had purchased 2.94 million shares of Hugoton Energy Corp at $10.50 per share from affiliates of First Reserve Corp.</p>
<p>The stock represents about 14.9 percent of Hugoton's outstanding shares, Belco said.</p>
<p>It also said it had executed a joint confidentiality agreement with Hugoton for the exchange of information.</p>
<p>Belco said that "there are no assurances that a business combination transaction will occur" with Hugoton.</p>
<p>A Belco spokeswoman declined to elaborate.</p>
</text>
<copyright>(c) Reuters Limited 1997</copyright>
<metadata>
<codes class="bip:countries:1.0">
  <code code="USA">
    <editdetail action="confirmed" attribution="Reuters BIP Coding Group" date="1997-06-20"/>
  </code>
</codes>
<codes class="bip:industries:1.0">
  <code code="I13000">
    <editdetail action="confirmed" attribution="Reuters BIP Coding Group" date="1997-06-20"/>
  </code>
</codes>
<codes class="bip:topics:1.0">
  <code code="C18">
    <editdetail action="confirmed" attribution="Reuters BIP Coding Group" date="1997-06-20"/>
  </code>
  <code code="C181">
    <editdetail action="confirmed" attribution="Reuters BIP Coding Group" date="1997-06-20"/>
  </code>
  <code code="CCAT">
    <editdetail action="confirmed" attribution="Reuters BIP Coding Group" date="1997-06-20"/>
  </code>
</codes>
<dc element="dc.date.created" value="1997-06-20"/>
<dc element="dc.publisher" value="Reuters Holdings Plc"/>
<dc element="dc.date.published" value="1997-06-20"/>
<dc element="dc.source" value="Reuters"/>
<dc element="dc.creator.location" value="NEW YORK"/>
<dc element="dc.creator.location.country.name" value="USA"/>
<dc element="dc.source" value="Reuters"/>
</metadata>
</newsitem>
