<?xml version="1.0" encoding="ISO-8859-1" standalone="no"?>
<newsitem date="1997-06-20" id="root" itemid="676601" xml:lang="en">
<title>USA: COMEX copper weakens early, shrugs off stock drop.</title>
<headline>COMEX copper weakens early, shrugs off stock drop.</headline>
<dateline>NEW YORK 1997-06-20</dateline>
<text>
<p>COMEX copper weakened in early trading despite a healthy draw in LME stocks overnight and a widening in the London backwardation.</p>
<p>"I think this appears to be an attempt to find some downside stops to flush out some of the longs. It goes against current nearby fundamentals where you can expect a 3,000 to 5,000 tonne draw in LME stocks next week," Malcolm Freeman of GNI Ltd said.</p>
<p>At 0944 EDT, July COMEX was off 0.45 cent at 121.70 cents a lb, traded 122.60 to 121.30 cents. Spot June was down 0.60 cent at 121.40 cents.</p>
<p>LME stocks fell 1,800 tonnes Friday to 121,550 tonnes.</p>
<p>The London cash to three months backwardation which has helped and underpinned the recent advance in red metal tags to 13-month highs, strengthened Friday to $128/$135, up from $115/$120 by COMEX close Thursday.</p>
<p>Meanwhile Inco Ltd said late Thursday that talks with union leaders representing striking employees at the company's Sudbury mining operations, had reached a criticial stage.</p>
<p>Union officials insisted the talks had broken off and the strike, begun June 2, continued.</p>
<p>Inco, the world's biggest nickel seller, is also a supplier of copper to the Northeastern region of U.S.</p>
<p>((Huw Jones, New York Commodity Desk 212-859-1646))</p>
</text>
<copyright>(c) Reuters Limited 1997</copyright>
<metadata>
<codes class="bip:countries:1.0">
  <code code="USA">
    <editdetail action="confirmed" attribution="Reuters BIP Coding Group" date="1997-06-20"/>
  </code>
</codes>
<codes class="bip:topics:1.0">
  <code code="M14">
    <editdetail action="confirmed" attribution="Reuters BIP Coding Group" date="1997-06-20"/>
  </code>
  <code code="M142">
    <editdetail action="confirmed" attribution="Reuters BIP Coding Group" date="1997-06-20"/>
  </code>
  <code code="MCAT">
    <editdetail action="confirmed" attribution="Reuters BIP Coding Group" date="1997-06-20"/>
  </code>
</codes>
<dc element="dc.date.created" value="1997-06-20"/>
<dc element="dc.publisher" value="Reuters Holdings Plc"/>
<dc element="dc.date.published" value="1997-06-20"/>
<dc element="dc.source" value="Reuters"/>
<dc element="dc.creator.location" value="NEW YORK"/>
<dc element="dc.creator.location.country.name" value="USA"/>
<dc element="dc.source" value="Reuters"/>
</metadata>
</newsitem>
