<?xml version="1.0" encoding="ISO-8859-1" standalone="no"?>
<newsitem date="1997-06-20" id="root" itemid="676600" xml:lang="en">
<title>USA: Dow industrials firm, Nasdaq softer in early trade.</title>
<headline>Dow industrials firm, Nasdaq softer in early trade.</headline>
<dateline>NEW YORK 1997-06-20</dateline>
<text>
<p>U.S. blue chip stocks were firmer in early trading Friday, while the Nasdaq composite, strong yesterday, gave back some gains in volatile trading.</p>
<p>"The market is volatile because of triple witching," said Thomas O'Brien, head trader of domestic equities at Guzman &amp; Co. "Before the market open, all the imbalances were to the sell side. Then some buy programs kicked in at the open."</p>
<p>The Dow industrials were up 19 points to 7796, while the Nasdaq composite was off 1.13 points at 1446. The long bond was up 2/32 at a 6.68 percent yield.</p>
<p>((--Wall Street Desk 212-859-1730))</p>
</text>
<copyright>(c) Reuters Limited 1997</copyright>
<metadata>
<codes class="bip:countries:1.0">
  <code code="USA">
    <editdetail action="confirmed" attribution="Reuters BIP Coding Group" date="1997-06-20"/>
  </code>
</codes>
<codes class="bip:topics:1.0">
  <code code="M11">
    <editdetail action="confirmed" attribution="Reuters BIP Coding Group" date="1997-06-20"/>
  </code>
  <code code="MCAT">
    <editdetail action="confirmed" attribution="Reuters BIP Coding Group" date="1997-06-20"/>
  </code>
</codes>
<dc element="dc.date.created" value="1997-06-20"/>
<dc element="dc.publisher" value="Reuters Holdings Plc"/>
<dc element="dc.date.published" value="1997-06-20"/>
<dc element="dc.source" value="Reuters"/>
<dc element="dc.creator.location" value="NEW YORK"/>
<dc element="dc.creator.location.country.name" value="USA"/>
<dc element="dc.source" value="Reuters"/>
</metadata>
</newsitem>
