<?xml version="1.0" encoding="ISO-8859-1" standalone="no"?>
<newsitem date="1997-06-20" id="root" itemid="675630" xml:lang="en">
<title>SOUTH AFRICA: S.African retailer Acrem back in profit.</title>
<headline>S.African retailer Acrem back in profit.</headline>
<dateline>JOHANNESBURG 1997-06-20</dateline>
<text>
<p>Year ended March 31</p>
<p>			(million rand unless stated)</p>
<p>    Shr, (cts)		37.8	  vs 28.0 loss</p>
<p>    Div (cts)		  -</p>
<p>    Net income		1.47	  vs 1.08 loss</p>
<p>    Pre-tax		   2.20	  vs 2.89</p>
<p>Tax</p>
<p>    - current		 0.82	  vs 1.14</p>
<p>    - prior years	   0.08 credit vs 2.84</p>
<p>    Turnover		  35.88	 vs 33.56</p>
<p>Full name: Acrem Holdings Ltd</p>
<p>-- Johannesburg newsroom +27 11 482 1003</p>
</text>
<copyright>(c) Reuters Limited 1997</copyright>
<metadata>
<codes class="bip:countries:1.0">
  <code code="SAFR">
    <editdetail action="confirmed" attribution="Reuters BIP Coding Group" date="1997-06-20"/>
  </code>
</codes>
<codes class="bip:topics:1.0">
  <code code="C15">
    <editdetail action="confirmed" attribution="Reuters BIP Coding Group" date="1997-06-20"/>
  </code>
  <code code="C151">
    <editdetail action="confirmed" attribution="Reuters BIP Coding Group" date="1997-06-20"/>
  </code>
  <code code="CCAT">
    <editdetail action="confirmed" attribution="Reuters BIP Coding Group" date="1997-06-20"/>
  </code>
</codes>
<dc element="dc.date.created" value="1997-06-20"/>
<dc element="dc.publisher" value="Reuters Holdings Plc"/>
<dc element="dc.date.published" value="1997-06-20"/>
<dc element="dc.source" value="Reuters"/>
<dc element="dc.creator.location" value="JOHANNESBURG"/>
<dc element="dc.creator.location.country.name" value="SOUTH AFRICA"/>
<dc element="dc.source" value="Reuters"/>
</metadata>
</newsitem>
