<?xml version="1.0" encoding="ISO-8859-1" standalone="no"?>
<newsitem date="1997-06-20" id="root" itemid="676773" xml:lang="en">
<title>GREECE: GREEK PETZETAKIS SEES SALES GROWTH IN 97/98.</title>
<headline>GREEK PETZETAKIS SEES SALES GROWTH IN 97/98.</headline>
<dateline>ATHENS 1997-06-20</dateline>
<text>
<p>Sales of Greek plastic pipe manufacturer Petzetakis are up 25 percent in the first five months of 1997, shareholders were told at the June 20 annual meeting.</p>
<p>Management also said turnover growth would remain high for the rest of 1997 and in 1998.</p>
<p>It based this forecast on a substantial rise in demand for rigid pipes used in sewerage, telecoms and natural gas projects in the Balkans and the Middle East.</p>
<p>The enrichment of the product mix with high-tech flexible pipes for industrial use which are chanelled into the EU market will also help sales.</p>
<p>The company said it had adopted a strategy to produce custom-designed integrated pipe systems.</p>
<p>Consolidated pretax earnings in 1996 reached 507 million drachmas on turnover of 24.3 billion versus 33.2 billion and 316 million respectively in 1995.</p>
<p>Petzetakis completed a 3.9 billion restructuring plan aimed at improving productivity and cutting down on costs, relocating its flexible pipes production facilities to Thebes from Piraeus. --Angelos Kiosklis, Athens Newsroom +301 3311812-4</p>
</text>
<copyright>(c) Reuters Limited 1997</copyright>
<metadata>
<codes class="bip:countries:1.0">
  <code code="GREECE">
    <editdetail action="confirmed" attribution="Reuters BIP Coding Group" date="1997-06-20"/>
  </code>
</codes>
<codes class="bip:industries:1.0">
  <code code="I48300">
    <editdetail action="confirmed" attribution="Reuters BIP Coding Group" date="1997-06-20"/>
  </code>
</codes>
<codes class="bip:topics:1.0">
  <code code="C15">
    <editdetail action="confirmed" attribution="Reuters BIP Coding Group" date="1997-06-20"/>
  </code>
  <code code="C152">
    <editdetail action="confirmed" attribution="Reuters BIP Coding Group" date="1997-06-20"/>
  </code>
  <code code="C31">
    <editdetail action="confirmed" attribution="Reuters BIP Coding Group" date="1997-06-20"/>
  </code>
  <code code="CCAT">
    <editdetail action="confirmed" attribution="Reuters BIP Coding Group" date="1997-06-20"/>
  </code>
</codes>
<dc element="dc.date.created" value="1997-06-20"/>
<dc element="dc.publisher" value="Reuters Holdings Plc"/>
<dc element="dc.date.published" value="1997-06-20"/>
<dc element="dc.source" value="Reuters"/>
<dc element="dc.creator.location" value="ATHENS"/>
<dc element="dc.creator.location.country.name" value="GREECE"/>
<dc element="dc.source" value="Reuters"/>
</metadata>
</newsitem>
