<?xml version="1.0" encoding="ISO-8859-1" standalone="no"?>
<newsitem date="1997-06-20" id="root" itemid="676797" xml:lang="en">
<title>UK: LIFFE white sugar slides after NY specs bale out.</title>
<headline>LIFFE white sugar slides after NY specs bale out.</headline>
<dateline>LONDON 1997-06-20</dateline>
<text>
<p>London white sugar futures burst into life after a lacklustre morning as speculators finally moved to liquidate hefty net long positions in the New York market, traders said on Friday.</p>
<p>July raws tumbled 27 points to 11.10 cents/lb as speculators made their long-awaited decision to starting baling out of the contract before expiry on June 30 and reduce some of its large open interest.</p>
<p>London took its cue from the sell-off but end-users were quick to buy back August positions at the lows.</p>
<p>"There's an awful lot of buying in the whites. It's following New York but not by anything like the same degree," said one trader.</p>
<p>"It's all end-user buying -- the producers sold the rally and on this dip all the end-users are buying their Augusts back," he said.</p>
<p>At 1510 GMT August, the most heavily traded position, stood $2.30 lower at at intraday low of $321.00. October was down $2.40 at $315.50 and volume amounted to a solid 2,252 lots.</p>
<p>Arbitrage activity was more active than previously in the week although traders said August/July was commanding little interest.</p>
<p>March/March attracted concerted selling at $69.50 and May/May was also valued as a sell, they said.</p>
<p>The Paris market also moved lower but volume stayed on the thin side at just 296 lots. August was down $2.30 at $321.00 and October down $2.50 at $315.50.</p>
<p>-- Jeremy Smith, London Newsroom +44 171 542 8064</p>
</text>
<copyright>(c) Reuters Limited 1997</copyright>
<metadata>
<codes class="bip:countries:1.0">
  <code code="UK">
    <editdetail action="confirmed" attribution="Reuters BIP Coding Group" date="1997-06-20"/>
  </code>
</codes>
<codes class="bip:topics:1.0">
  <code code="M14">
    <editdetail action="confirmed" attribution="Reuters BIP Coding Group" date="1997-06-20"/>
  </code>
  <code code="M141">
    <editdetail action="confirmed" attribution="Reuters BIP Coding Group" date="1997-06-20"/>
  </code>
  <code code="MCAT">
    <editdetail action="confirmed" attribution="Reuters BIP Coding Group" date="1997-06-20"/>
  </code>
</codes>
<dc element="dc.date.created" value="1997-06-20"/>
<dc element="dc.publisher" value="Reuters Holdings Plc"/>
<dc element="dc.date.published" value="1997-06-20"/>
<dc element="dc.source" value="Reuters"/>
<dc element="dc.creator.location" value="LONDON"/>
<dc element="dc.creator.location.country.name" value="UK"/>
<dc element="dc.source" value="Reuters"/>
</metadata>
</newsitem>
