<?xml version="1.0" encoding="ISO-8859-1" standalone="no"?>
<newsitem date="1997-06-20" id="root" itemid="675519" xml:lang="en">
<title>UK: Baltic Freight Index fell three points to 1,283.</title>
<headline>Baltic Freight Index fell three points to 1,283.</headline>
<dateline>LONDON 1997-06-20</dateline>
<text>
<p>The Baltic Freight Index for spot dry cargo shipping rates fell to 1,283 today from 1,286 on June 19, with the base being Jan 4 1985 equals 1,000. The BFI is based on the following sub-indices with rates in dollars per tonne.</p>
<p> Route Index     Rate   Prev Index  Rate</p>
<p>   1    1365    12.394	  1366    12.400</p>
<p>   1a   1300  9844.000	  1304  9879.000</p>
<p>   2    1507    21.525	  1519    21.700</p>
<p>   2a   1507 12356.000	  1509 12379.000</p>
<p>   3    1333    12.300	  1337    12.336</p>
<p>   3a   1197  9444.000	  1203  9493.000</p>
<p>   6    1278    13.181	  1278    13.186</p>
<p>   7    1191     5.800	  1191     5.800</p>
<p>   8     824     9.063	   822     9.043</p>
<p>   9     733  6413.000	   729  6379.000</p>
<p>  10    1149     5.806	  1154     5.829</p>
</text>
<copyright>(c) Reuters Limited 1997</copyright>
<metadata>
<codes class="bip:countries:1.0">
  <code code="UK">
    <editdetail action="confirmed" attribution="Reuters BIP Coding Group" date="1997-06-20"/>
  </code>
</codes>
<codes class="bip:topics:1.0">
  <code code="M14">
    <editdetail action="confirmed" attribution="Reuters BIP Coding Group" date="1997-06-20"/>
  </code>
  <code code="MCAT">
    <editdetail action="confirmed" attribution="Reuters BIP Coding Group" date="1997-06-20"/>
  </code>
</codes>
<dc element="dc.date.created" value="1997-06-20"/>
<dc element="dc.publisher" value="Reuters Holdings Plc"/>
<dc element="dc.date.published" value="1997-06-20"/>
<dc element="dc.source" value="Reuters"/>
<dc element="dc.creator.location" value="LONDON"/>
<dc element="dc.creator.location.country.name" value="UK"/>
<dc element="dc.source" value="Reuters"/>
</metadata>
</newsitem>
