<?xml version="1.0" encoding="ISO-8859-1" standalone="no"?>
<newsitem date="1997-06-20" id="root" itemid="676098" xml:lang="en">
<title>USA: FINAL PRICING -- Carlsbad USD, Calif.</title>
<headline>FINAL PRICING -- Carlsbad USD, Calif.</headline>
<text>
<p>CARLSBAD UNIFIED SCHOOL DISTRICT, CARLSBAD</p>
<p>RE: $11,455,000*</p>
<p>SAN DIEGO COUNTY, CALIFORNIA</p>
<p>1997 CERTIFICATES OF PARTICIPATION</p>
<p>MOODY'S: Aaa		   S&amp;P: AAA		   FITCH: AAA</p>
<p>	 (MBIA)		     (MBIA)			 (MBIA)</p>
<p>MBIA INSURED</p>
<p>DATED: 06/01/1997	    FIRST COUPON: 12/01/1997</p>
<p>DUE: 06/01</p>
<p> MATURITY		AMOUNT*    COUPON	   PRICE</p>
<p>06/01/2000		  280M    5.00  %	  4.25	 1/8</p>
<p>						  (Approx. $ Price 102.043)</p>
<p>06/01/2001		  290M    5.125 %	  4.35	 1/8</p>
<p>						  (Approx. $ Price 102.769)</p>
<p>06/01/2002		  305M    5.125 %	  4.45	 1/8</p>
<p>						  (Approx. $ Price 102.955)</p>
<p>06/01/2003		  320M    5.125 %	  4.55	 1/8</p>
<p>						  (Approx. $ Price 102.956)</p>
<p>06/01/2004		  335M    5.125 %	  4.65	 1/8</p>
<p>						  (Approx. $ Price 102.783)</p>
<p>06/01/2005		  350M    5.125 %	  4.70	 1/8</p>
<p>						  (Approx. $ Price 102.783)</p>
<p>06/01/2006		  365M    5.125 %	  4.75	 1/8</p>
<p>						(Approx. $ Price 102.7 )</p>
<p>06/01/2007		  385M    5.125 %	  4.80	 1/8</p>
<p>						  (Approx. $ Price 102.539)</p>
<p>06/01/2008		  400M    5.125 %	  4.90	 1/8</p>
<p>						  (Approx. $ Price 101.883)</p>
<p>06/01/2009		  420M    5.125 %	  5.00	 1/8</p>
<p>				   (Approx. $ PTC 06/01/2008  101.039)</p>
<p>06/01/2010		  445M    5.125 %	  5.10	 1/4</p>
<p>				 (Approx. $ PTC   06/01/2008  100.203)</p>
<p>06/01/2011		  465M    5.125 %	  5.20	 1/4</p>
<p>					  (Approx. $ Price 99.259)</p>
<p>06/01/2012		  490M    5.15  %	  5.25	 1/4</p>
<p>						  (Approx. $ Price 98.969)</p>
<p>06/01/2013		  515M    5.20  %	  5.30	 1/4</p>
<p>						  (Approx. $ Price 98.929)</p>
<p>06/01/2014		  545M    5.25  %	  5.35	 1/4</p>
<p>						 Approx. $ Price 98.891)</p>
<p>06/01/2015		  570M    5.30  %	  5.40	 1/4</p>
<p>						  (Approx. $ Price 98.856)</p>
<p>06/01/2017		1,240M    5.30  %	  5.45	 1/4</p>
<p>						  (Approx. $ Price 97.685)</p>
<p>06/01/2022		3,735M    5.30  %	  5.50	 1/4</p>
<p>						  (Approx. $ Price 97.299)</p>
<p>CALL FEATURES: 06/01/2006    102.00</p>
<p>		   DTP 06/01/2008</p>
<p>The compliance addendum MSRB Rule G-11 will apply.</p>
<p>The award is expected Wednesday, June 11, 1997.</p>
<p>Delivery is firm for June 26, 1997.</p>
<p>This issue is book entry through DTC.</p>
<p>Merrill Lynch &amp; Co.</p>
<p>--U.S. Municipal Desk, 212-859-1650</p>
</text>
<copyright>(c) Reuters Limited 1997</copyright>
<metadata>
<codes class="bip:countries:1.0">
  <code code="USA">
    <editdetail action="confirmed" attribution="Reuters BIP Coding Group" date="1997-06-20"/>
  </code>
</codes>
<codes class="bip:topics:1.0">
  <code code="E21">
    <editdetail action="confirmed" attribution="Reuters BIP Coding Group" date="1997-06-20"/>
  </code>
  <code code="E212">
    <editdetail action="confirmed" attribution="Reuters BIP Coding Group" date="1997-06-20"/>
  </code>
  <code code="ECAT">
    <editdetail action="confirmed" attribution="Reuters BIP Coding Group" date="1997-06-20"/>
  </code>
</codes>
<dc element="dc.publisher" value="Reuters Holdings Plc"/>
<dc element="dc.date.published" value="1997-06-20"/>
<dc element="dc.source" value="Reuters"/>
<dc element="dc.creator.location.country.name" value="USA"/>
<dc element="dc.source" value="Reuters"/>
</metadata>
</newsitem>
