<?xml version="1.0" encoding="ISO-8859-1" standalone="no"?>
<newsitem date="1997-06-20" id="root" itemid="676448" xml:lang="en">
<title>India: Bombay shares reverse rally to finish lower.</title>
<headline>Bombay shares reverse rally to finish lower.</headline>
<dateline>BOMBAY 1997-06-20</dateline>
<text>
<p>**  (1010 GMT)- Bombay stocks end near day's lowest levels</p>
<p>	  after a late bout of profit-taking caps mid-session</p>
<p>	  rally, traders say</p>
<p>**  Bombay share index closes 5.24 pts, or 0.13 pct lower at</p>
<p>	  a provisional 4,083.74, off 4,142.75 -- day's high</p>
<p>**  Reliance shares extend rally, up 19.0 rupees at 360.0,</p>
<p>	  over 10.55 million shares traded as speculators buy into</p>
<p>	  the stock after bonus meet announcement</p>
<p>**  Truck-maker TELCO up 17.0 rupees at 451.0 on market</p>
<p>	  rumours about possible bonus share issue; company</p>
<p>	  officials dismiss rumours</p>
<p>Blue chips at Bombay exchanges closed mixed-to-lower on Friday on a late bout of profit-taking, wiping out strong gains made in a blistering mid-session rally, traders said.</p>
<p>"The market was on a roller-coaster ride," said Ketan Jhaveri, chief dealer at Kotak Securities, the Indian affiliate of Goldman Sachs. "The late correction halted the one-way run."</p>
<p>Huge sell-orders from local operators on the last day of the weekly end-account trade offset sharp gains. Market outlook however remained firm, with participants terming the losses as a "technical correction."  </p>
<p>Market-favourite Reliance Industries continued its climb, with the stock closing at a new 52-week high of 360.0, jumping 19.50 rupees or nearly six percent as foreign funds and local traders bought into the stock after a bonus meet announcement.</p>
<p>The petrochemical major cheered stock markets on Thursday when it said it would consider a bonus equity share issue at its annual general meeting on June 26.</p>
<p>Traders expect a bonus ratio of three shares for every five, the same as it gave 14 years ago.</p>
<p>"The bonus news has boosted sentiment, giving investors something to rejoice about after a long time," a dealer said  </p>
<p>Market rumours of a bonus issue to be announced by truck maker Tata Engineering &amp; Locomotive Company (TELCO) made it a fancied stock on Friday.</p>
<p>TELCO surged 30.75 rupees, or nearly seven percent, to a new 52-week high of 463.0 on bonus rumours, but ended lower at 451 rupees after the company denied the rumour. "There's no truth in bonus issue rumours," one company official told Reuters.</p>
<p>The National 100-share index closed 0.80 points down at a provisional 1,159.0.</p>
<p>The Bombay share ends the week one percent higher after rallying over eight percent in the last fortnight.</p>
<p>-- Anshuman Daga, Bombay equities desk +91-22-265 9000</p>
</text>
<copyright>(c) Reuters Limited 1997</copyright>
<metadata>
<codes class="bip:countries:1.0">
  <code code="INDIA">
    <editdetail action="confirmed" attribution="Reuters BIP Coding Group" date="1997-06-20"/>
  </code>
</codes>
<codes class="bip:topics:1.0">
  <code code="M11">
    <editdetail action="confirmed" attribution="Reuters BIP Coding Group" date="1997-06-20"/>
  </code>
  <code code="MCAT">
    <editdetail action="confirmed" attribution="Reuters BIP Coding Group" date="1997-06-20"/>
  </code>
</codes>
<dc element="dc.date.created" value="1997-06-20"/>
<dc element="dc.publisher" value="Reuters Holdings Plc"/>
<dc element="dc.date.published" value="1997-06-20"/>
<dc element="dc.source" value="Reuters"/>
<dc element="dc.creator.location" value="BOMBAY"/>
<dc element="dc.creator.location.country.name" value="INDIA"/>
<dc element="dc.source" value="Reuters"/>
</metadata>
</newsitem>
