<?xml version="1.0" encoding="ISO-8859-1" standalone="no"?>
<newsitem date="1997-06-20" id="root" itemid="676089" xml:lang="en">
<title>USA: Russia says it will stop pointing nukes at Japan.</title>
<headline>Russia says it will stop pointing nukes at Japan.</headline>
<byline>Steve Holland</byline>
<dateline>DENVER 1997-06-20</dateline>
<text>
<p>Russia pledged  on Friday to stop targeting Japan with nuclear missiles in a major step to repair uneasy relations with Tokyo ahead of a three-day summit of industrialised nations.</p>
<p>The "goodwill gesture" came during a meeting between Russian President Boris Yeltsin and Japanese Prime Minister Ryutaro Hashimoto. Yeltsin also said it was time for Russia to "de-target" missiles aimed at China.</p>
<p>Removal of China and Japan from the list of Russian nuclear missile targets would be simply a gesture since Moscow could quickly retarget the missiles if it wanted.</p>
<p>But it was another sign that the last vestiges of the Cold War were being dismantled. It came as leaders of the Group of Seven nations -- the United States, Japan, Canada, Italy, Germany, France and Britain, plus Russia, were to begin their annual summit with a working dinner on Friday night.</p>
<p>Yeltsin, on a drive for greater respect for Russia's economy, received the good news in Denver that it had officially joined the ranks of creditor nations.</p>
<p>Russia was made a member of the Paris Club, a grouping of government creditors who meet to discuss requests to renegotiate countries' debt.</p>
<p>"I just received some good news, so I'm in a good mood," Yeltsin said.</p>
<p>Russia, which inherited both the debts and the liabilities of the former Soviet Union, has won a series of deals to reschedule its own multi-billion dollar debts. But Moscow also lent large sums of money, mostly to Soviet-era allies in the developing world, and officials now see Paris Club membership as a way to get some of that money back.</p>
<p>"What you see here is a sweeping integration of Russia into the major decision-making networks of the world in a way that is very positive for the rest of us," U.S. President Bill Clinton said.</p>
<p>Yeltsin revelled in his successes. He blew kisses to a small crowd as he headed for his talks with Clinton and briefly stopped to shake hands with a waiting crowd after the talks.</p>
<p>"Denver is good," he said, smiling broadly and giving the "thmbs up" as the crowd chanted "Yeltsin, Yeltsin."</p>
<p>A Japanese spokesman said Yeltsin's pledge to stop targeting Japan with missiles was coupled with an agreement that the two countries should hold regular summit meetings and establish telephone hotlines.</p>
<p>"The president told the premier that there are former Soviet missles still targeted at Japan, and the time has come to take Japan off the targets," the spokesman said.</p>
<p>At the start of his meeting with Hashimoto, Yeltsin told him, "I am disappointed by the level of relations."</p>
<p>The two leaders agreed to a new initiative proposed by Japan to expand Tokyo's investment in Russia.</p>
<p>Japan was insistent in its decades-old demand for Russia to hand over four north Pacific islands seized by the Red Army at the end of the Second World War, a difficult step for Yeltsin because of strong nationalist opposition in Russia.</p>
<p>"Japan wants to normalise relations with Russia fully," a Japanese spokesman said. But he added, "It will take some time to conclude this issue."</p>
<p>Yeltsin was doing his characteristic best to put his stamp on the summit after missing last year's annual gathering in France because of severe heart problems.</p>
<p>He came to Denver voicing hope that Russia would become a fully fledged member of the G7 club, but the goal appeared to be elusive.</p>
<p>Hashimoto said on Thursday he would seek assurances from other G7 leaders that Russia would continue to be excluded from the group's meetings on financial and macro-economic matters.</p>
<p>Yeltsin is excluded from only one hour-long economic meeting on Saturday.</p>
<p>A Japanese spokesman said Russia was not yet ready yet to join the G7, adding: "It will probably take some time for full integration of Russia into the international financial system."</p>
<p>The United States has sidestepped the issue by calling this meeting the "Summit of the Eight" but has made no promises to Yeltsin about ultimate inclusion in the exclusive club.</p>
<p>Yeltsin and Clinton met to discuss European security issues, arms control and Russia's integration into the global economy.</p>
<p>The U.S. president was also holding separate talks with French President Jacques Chirac and Italian Prime Minister Romano Prodi during the day.</p>
</text>
<copyright>(c) Reuters Limited 1997</copyright>
<metadata>
<codes class="bip:countries:1.0">
  <code code="CHINA">
    <editdetail action="confirmed" attribution="Reuters BIP Coding Group" date="1997-06-20"/>
  </code>
  <code code="JAP">
    <editdetail action="confirmed" attribution="Reuters BIP Coding Group" date="1997-06-20"/>
  </code>
  <code code="RUSS">
    <editdetail action="confirmed" attribution="Reuters BIP Coding Group" date="1997-06-20"/>
  </code>
  <code code="USA">
    <editdetail action="confirmed" attribution="Reuters BIP Coding Group" date="1997-06-20"/>
  </code>
</codes>
<codes class="bip:topics:1.0">
  <code code="GCAT">
    <editdetail action="confirmed" attribution="Reuters BIP Coding Group" date="1997-06-20"/>
  </code>
  <code code="GDEF">
    <editdetail action="confirmed" attribution="Reuters BIP Coding Group" date="1997-06-20"/>
  </code>
  <code code="GDIP">
    <editdetail action="confirmed" attribution="Reuters BIP Coding Group" date="1997-06-20"/>
  </code>
</codes>
<dc element="dc.date.created" value="1997-06-20"/>
<dc element="dc.publisher" value="Reuters Holdings Plc"/>
<dc element="dc.date.published" value="1997-06-20"/>
<dc element="dc.source" value="Reuters"/>
<dc element="dc.creator.location" value="DENVER"/>
<dc element="dc.creator.location.country.name" value="USA"/>
<dc element="dc.source" value="Reuters"/>
</metadata>
</newsitem>
