<?xml version="1.0" encoding="ISO-8859-1" standalone="no"?>
<newsitem date="1997-06-20" id="root" itemid="676282" xml:lang="en">
<title>USA: N.J. unemployment rate rises to 5.3 pct in May.</title>
<headline>N.J. unemployment rate rises to 5.3 pct in May.</headline>
<dateline>NEW YORK 1997-06-20</dateline>
<text>
<p>New Jersey's seasonally-adjusted unemployment rate rose to 5.3 percent in May from 5.2 percent in April, the state's Department of Labor said Friday.</p>
<p>The figure is down 0.8 of a percentage point from the May 1996 rate of 6.1 percent.</p>
<p>The number of jobs rose 3,100 in May, bringing non-farm payrolls in the state to nearly 3.7 million.</p>
<p>"New Jersey's economy is performing well," New Jersey Labor Commissioner Mel Gelade said in a statement. "Ongoing job growth has raised employment to its highest level since September 1989 and our unemployment rate is nearly a percentage point lower than where it stood at this time last year."</p>
<p>Job growth was highest in the services division, up 4,700 from April to May.</p>
<p>Following a downturn of 600 jobs in April, construction employment rebounded by 700 in May to a seasonally-adjusted level of 126,400.</p>
<p>Manufacturing employment fell by 2,600 from April to May, with the biggest declines coming in electronic equipment and food processing, which fell by 600 jobs each.</p>
<p>--Steven Dickson, 212-859-1652</p>
</text>
<copyright>(c) Reuters Limited 1997</copyright>
<metadata>
<codes class="bip:countries:1.0">
  <code code="USA">
    <editdetail action="confirmed" attribution="Reuters BIP Coding Group" date="1997-06-20"/>
  </code>
</codes>
<codes class="bip:topics:1.0">
  <code code="E41">
    <editdetail action="confirmed" attribution="Reuters BIP Coding Group" date="1997-06-20"/>
  </code>
  <code code="E411">
    <editdetail action="confirmed" attribution="Reuters BIP Coding Group" date="1997-06-20"/>
  </code>
  <code code="ECAT">
    <editdetail action="confirmed" attribution="Reuters BIP Coding Group" date="1997-06-20"/>
  </code>
  <code code="GCAT">
    <editdetail action="confirmed" attribution="Reuters BIP Coding Group" date="1997-06-20"/>
  </code>
  <code code="GJOB">
    <editdetail action="confirmed" attribution="Reuters BIP Coding Group" date="1997-06-20"/>
  </code>
</codes>
<dc element="dc.date.created" value="1997-06-20"/>
<dc element="dc.publisher" value="Reuters Holdings Plc"/>
<dc element="dc.date.published" value="1997-06-20"/>
<dc element="dc.source" value="Reuters"/>
<dc element="dc.creator.location" value="NEW YORK"/>
<dc element="dc.creator.location.country.name" value="USA"/>
<dc element="dc.source" value="Reuters"/>
</metadata>
</newsitem>
