<?xml version="1.0" encoding="ISO-8859-1" standalone="no"?>
<newsitem date="1997-06-20" id="root" itemid="675960" xml:lang="en">
<title>HONG KONG: HCDL says too early to decide on Furama stake.</title>
<headline>HCDL says too early to decide on Furama stake.</headline>
<dateline>HONG KONG 1997-06-20</dateline>
<text>
<p>Wharf Holdings unit Harbour Centre Development Ltd (HCDL) said on Friday it was too early to say whether it would accept an offer for its holdings in Furama Hotel Enterprises Ltd.</p>
<p>Lai Sun Development Co Ltd said on Friday it had agreed to buy a 45.42 percent stake in Furama Hotel for HK$3.13 billion and would make a general offer for remaining shares in the company at HK$33.50 per share cash.</p>
<p>Harbour Centre owns about 23 percent of Furama. It said it had not participated in talks regarding the takeover bid.</p>
<p>"Therefore, it is premature at the present stage for the HCDL group to consider whether or not it would accept any offer for its interests in Furama," it said in a statement.</p>
<p>Trading in shares of Harbour Centre was suspended on Thursday and was due to resume on Friday.</p>
<p>The stock last traded at HK$12.75.</p>
<p>Wharf Holdings is controlled by Wheelock and Co Ltd.</p>
<p>-- Hong Kong newsroom (852) 2843 6345. http://www.hk97.com</p>
</text>
<copyright>(c) Reuters Limited 1997</copyright>
<metadata>
<codes class="bip:countries:1.0">
  <code code="HKONG">
    <editdetail action="confirmed" attribution="Reuters BIP Coding Group" date="1997-06-20"/>
  </code>
</codes>
<codes class="bip:industries:1.0">
  <code code="I66500">
    <editdetail action="confirmed" attribution="Reuters BIP Coding Group" date="1997-06-20"/>
  </code>
  <code code="I83960">
    <editdetail action="confirmed" attribution="Reuters BIP Coding Group" date="1997-06-20"/>
  </code>
  <code code="I85000">
    <editdetail action="confirmed" attribution="Reuters BIP Coding Group" date="1997-06-20"/>
  </code>
</codes>
<codes class="bip:topics:1.0">
  <code code="C18">
    <editdetail action="confirmed" attribution="Reuters BIP Coding Group" date="1997-06-20"/>
  </code>
  <code code="C181">
    <editdetail action="confirmed" attribution="Reuters BIP Coding Group" date="1997-06-20"/>
  </code>
  <code code="CCAT">
    <editdetail action="confirmed" attribution="Reuters BIP Coding Group" date="1997-06-20"/>
  </code>
</codes>
<dc element="dc.date.created" value="1997-06-20"/>
<dc element="dc.publisher" value="Reuters Holdings Plc"/>
<dc element="dc.date.published" value="1997-06-20"/>
<dc element="dc.source" value="Reuters"/>
<dc element="dc.creator.location" value="HONG KONG"/>
<dc element="dc.creator.location.country.name" value="HONG KONG"/>
<dc element="dc.source" value="Reuters"/>
</metadata>
</newsitem>
