<?xml version="1.0" encoding="ISO-8859-1" standalone="no"?>
<newsitem date="1997-06-20" id="root" itemid="676063" xml:lang="en">
<title>ISRAEL: Israel's Barak far ahead of Netanyahu in poll.</title>
<headline>Israel's Barak far ahead of Netanyahu in poll.</headline>
<dateline>JERUSALEM 1997-06-20</dateline>
<text>
<p>An opinion poll released on Friday showed opposition Labour leader Ehud Barak would crush Israeli Prime Minister Benjamin Netanyahu by a margin of nearly two to one, were elections to be held this week.</p>
<p>Netanyahu's ruling coalition has been shaken by internal disputes, most recently a conflict in which the prime minister forced the resignation of Dan Meridor as finance minister.</p>
<p>The Dahaf Institute poll, conducted on Thursday, showed Barak would defeat Netanyahu by a margin of 51 percent to 26.</p>
<p>Israeli general elections are scheduled for the year 2000, but a vote could come sooner if Netanyahu's slim six-vote majority in the 120-seat parliament should unravel.</p>
<p>Ex-army chief Barak took over the Labour leadership from Shimon Peres early this month, defeating three challengers in an internal party election. Netanyahu beat Peres in an upset victory in May 1996 elections.</p>
<p>Polls have shown Barak gaining steadily on Netanyahu since last month, when the two were neck-and-neck.</p>
</text>
<copyright>(c) Reuters Limited 1997</copyright>
<metadata>
<codes class="bip:countries:1.0">
  <code code="ISRAEL">
    <editdetail action="confirmed" attribution="Reuters BIP Coding Group" date="1997-06-20"/>
  </code>
</codes>
<codes class="bip:topics:1.0">
  <code code="GCAT">
    <editdetail action="confirmed" attribution="Reuters BIP Coding Group" date="1997-06-20"/>
  </code>
  <code code="GPOL">
    <editdetail action="confirmed" attribution="Reuters BIP Coding Group" date="1997-06-20"/>
  </code>
</codes>
<dc element="dc.date.created" value="1997-06-20"/>
<dc element="dc.publisher" value="Reuters Holdings Plc"/>
<dc element="dc.date.published" value="1997-06-20"/>
<dc element="dc.source" value="Reuters"/>
<dc element="dc.creator.location" value="JERUSALEM"/>
<dc element="dc.creator.location.country.name" value="ISRAEL"/>
<dc element="dc.source" value="Reuters"/>
</metadata>
</newsitem>
