<?xml version="1.0" encoding="ISO-8859-1" standalone="no"?>
<newsitem date="1997-06-20" id="root" itemid="675617" xml:lang="en">
<title>BOTSWANA: PRESS DIGEST - Botswana - June 20.</title>
<headline>PRESS DIGEST - Botswana - June 20.</headline>
<dateline>GABORONE 1997-06-20</dateline>
<text>
<p>These are the leading stories in Botswana's newspapers on Friday.</p>
<p>Reuters has not verified these stories and does not vouch for their accuracy.</p>
<p>- - - -</p>
<p>THE GUARDIAN</p>
<p>- An 18-year-old unemployed Motswana woman has given birth to Siamese twins in the mining town of Jawaneng. The mother and her babies have been moved to Gaborone and it has been established they are joined at chest and abdomen and share one liver and heart. Hospital authorites say an operation to separate the twins is planned and would most likely take place in South Africa, but they believe the twins have only a slim chance of recovery.</p>
<p>- Minister of Agriculture Roy Blackbeard has indicated he will step down soon, but that he does not intend to immediately relinquish his parliamentary seat.</p>
<p>MMEGI</p>
<p>- The Botswana Bank Employees Union is to take the government to court to reverse a ruling that banks are essential services. Such categorisation limits the activity of the union because a long and elaborate procedure has to be followed before any industrial action can be initiated. The categorisation came after a spate of strikes in 1989.</p>
<p>- Botswana was among the first African countries to commit itself to democrcatic rule, but it is becoming the last to adopt a truly modern, enlightened and liberal democracy, says MMEGI in its comments on the draft Mass Media Communications Bill.</p>
<p>-- Gaborone newsroom +267 34-7182</p>
</text>
<copyright>(c) Reuters Limited 1997</copyright>
<metadata>
<codes class="bip:countries:1.0">
  <code code="BOTS">
    <editdetail action="confirmed" attribution="Reuters BIP Coding Group" date="1997-06-20"/>
  </code>
</codes>
<codes class="bip:topics:1.0">
  <code code="GCAT">
    <editdetail action="confirmed" attribution="Reuters BIP Coding Group" date="1997-06-20"/>
  </code>
</codes>
<dc element="dc.date.created" value="1997-06-20"/>
<dc element="dc.publisher" value="Reuters Holdings Plc"/>
<dc element="dc.date.published" value="1997-06-20"/>
<dc element="dc.source" value="Reuters"/>
<dc element="dc.creator.location" value="GABORONE"/>
<dc element="dc.creator.location.country.name" value="BOTSWANA"/>
<dc element="dc.source" value="Reuters"/>
</metadata>
</newsitem>
