<?xml version="1.0" encoding="ISO-8859-1" standalone="no"?>
<newsitem date="1997-06-20" id="root" itemid="676510" xml:lang="en">
<title>INDIA: India - Forward dollar rates-(closing)-June 20.</title>
<headline>India - Forward dollar rates-(closing)-June 20.</headline>
<dateline>BOMBAY 1997-06-20</dateline>
<text>
<p>Bombay banks quoted the forward premia on dollar at the following rates (in paise):</p>
<p>	     Cash Spot	Cash Tom	 Tom Spot</p>
<p>----------------------------------------------------------------</p>
<p>  TIME	Bid/Ask	  Bid/Ask	 Bid/Ask</p>
<p>(in IST)</p>
<p>---------------------------------------------------------------</p>
<p>1030	 0025/00375    00125/0025     0000/0025</p>
<p>1100	 0025/0050	0000/0025     0000/0025</p>
<p>1200	 0025/0050     00125/00375    0000/0025</p>
<p>1300	 0000/0050	0000/0025     0000/0025</p>
<p>1400	 0025/0050	0000/0025     0000/0025</p>
<p>1500	 0025/0050	0000/0025     0000/0025</p>
<p>1600	 0025/0050	0000/0025     0000/0025</p>
<p>---------------------------------------------------------------</p>
<p>	   Jun     Jul   Aug   Sept    Oct    Nov    Dec    Jan</p>
<p>---------------------------------------------------------------</p>
<p>1030    00/1    8/9   17/19  31/33  46/48  60/62  75/78  90/92</p>
<p>1100    00/1    8/9   18/19  31/33  46/48  61/63  76/78  90/93</p>
<p>1200    00/1    8/9   18/19  31/33  47/49  61/63  76/78  91/93</p>
<p>1300    00/1    8/9   18/20  32/34  47/49  61/63  76/78  91/93</p>
<p>1400    00/1    8/9   18/19  31/33  47/49  61/63  76/78  91/93</p>
<p>1500    00/1    8/10  18/19  31/33  46/48  60/63  75/77  90/92</p>
<p>1600    00/1    8/10  18/20  31/33  47/49  61/63  76/78  90/92</p>
<p>.</p>
<p>These indicative rates are based on contributions from ABN Amro,</p>
<p>ANZ Grindlays, Andhra Bank, Bank of America, Banque Nationale De Paris,Barclays Bank Ltd,Canara Bank,Citibank,Credit Lyonnais, Deutsche Bank, Dresdner Bank, Global Trust Bank, HDFC Bank, Hongkong Bank, L.C.Raheja, Mashreq Bank,Nucleus Securities, Societe Generale, Standard Chartered Bank, State Bank of India - Calcutta, Syndicate Bank.</p>
<p>For contributions contact Samir Shah on 022-265 9000</p>
</text>
<copyright>(c) Reuters Limited 1997</copyright>
<metadata>
<codes class="bip:countries:1.0">
  <code code="INDIA">
    <editdetail action="confirmed" attribution="Reuters BIP Coding Group" date="1997-06-20"/>
  </code>
</codes>
<codes class="bip:topics:1.0">
  <code code="M13">
    <editdetail action="confirmed" attribution="Reuters BIP Coding Group" date="1997-06-20"/>
  </code>
  <code code="M132">
    <editdetail action="confirmed" attribution="Reuters BIP Coding Group" date="1997-06-20"/>
  </code>
  <code code="MCAT">
    <editdetail action="confirmed" attribution="Reuters BIP Coding Group" date="1997-06-20"/>
  </code>
</codes>
<dc element="dc.date.created" value="1997-06-20"/>
<dc element="dc.publisher" value="Reuters Holdings Plc"/>
<dc element="dc.date.published" value="1997-06-20"/>
<dc element="dc.source" value="Reuters"/>
<dc element="dc.creator.location" value="BOMBAY"/>
<dc element="dc.creator.location.country.name" value="INDIA"/>
<dc element="dc.source" value="Reuters"/>
</metadata>
</newsitem>
