<?xml version="1.0" encoding="ISO-8859-1" standalone="no"?>
<newsitem date="1997-06-20" id="root" itemid="675566" xml:lang="en">
<title>COTE D'IVOIRE: Ivory Coast bourse rises on week in low volume.</title>
<headline>Ivory Coast bourse rises on week in low volume.</headline>
<dateline>ABIDJAN 1997-06-20</dateline>
<text>
<p>The Ivory Coast Stock Exchange continued its upward trend this week with a slight rise, but trading volume was low, the market report showed on Friday.</p>
<p>The All-Share index, the 'BVA', rose 0.91 percent to 486.72, up from 482.32 points the previous week. The blue-chip index, the '12VB', rose by 0.21 percent and closed at 329.57 from 328.87 points.</p>
<p>Since the start of the year the BVA has risen by 36.03 percent and the 12VB by 36.19 percent.</p>
<p>Some 7,979 shares worth 249 million CFA francs were traded compared to 33,762 shares worth 919 million the previous week.</p>
<p>Tarmac manufacturer SMB, closed 2,050 CFA francs higher at 22,050. Rubber manufacturer SOGB rose 1,450 CFA francs to 15,650.</p>
<p>($=584 CFA francs)</p>
<p>--Abidjan newsroom +225 21 90 90</p>
</text>
<copyright>(c) Reuters Limited 1997</copyright>
<metadata>
<codes class="bip:countries:1.0">
  <code code="ICST">
    <editdetail action="confirmed" attribution="Reuters BIP Coding Group" date="1997-06-20"/>
  </code>
</codes>
<codes class="bip:topics:1.0">
  <code code="M11">
    <editdetail action="confirmed" attribution="Reuters BIP Coding Group" date="1997-06-20"/>
  </code>
  <code code="MCAT">
    <editdetail action="confirmed" attribution="Reuters BIP Coding Group" date="1997-06-20"/>
  </code>
</codes>
<dc element="dc.date.created" value="1997-06-20"/>
<dc element="dc.publisher" value="Reuters Holdings Plc"/>
<dc element="dc.date.published" value="1997-06-20"/>
<dc element="dc.source" value="Reuters"/>
<dc element="dc.creator.location" value="ABIDJAN"/>
<dc element="dc.creator.location.country.name" value="COTE D'IVOIRE"/>
<dc element="dc.source" value="Reuters"/>
</metadata>
</newsitem>
