<?xml version="1.0" encoding="ISO-8859-1" standalone="no"?>
<newsitem date="1997-06-20" id="root" itemid="675956" xml:lang="en">
<title>SINGAPORE: Asian light crudes find limited buying interest.</title>
<headline>Asian light crudes find limited buying interest.</headline>
<dateline>SINGAPORE 1997-06-20</dateline>
<text>
<p>Activity on Asian crudes was lacklustre, with light grades under some pressure on ample supplies.</p>
<p>A seller cut its offer price of 300,000 barrels of July Belida to ICP +20/25 cents per barrel, down from its earlier offer at ICP +30.</p>
<p>But most other July Belida supplies allocated to two Indonesian affiliates were already committed to South Korea and to term buyers, traders said.</p>
<p>A western trader sold July Minas on Thursday at just under ICP +20.  </p>
<p>The seller would not comment on the buyer, but denied rumours that it was China.</p>
<p>Middle East crudes were active, with August Masila and Dubai cargoes traded.</p>
<p>A Japanese refiner bought two cargoes of August Masila, from a western trader at OSP +17 with guaranteed dates and possibly from a major at OSP +14.</p>
<p>Two cargoes of August Dubai were also heard sold to Malaysia by two European majors.</p>
<p>One cargo was heard at August whole month quotes -2/3, while the second was at July quotes +2.  </p>
<p>The overhang in the July market was clearing up, as the last July cargoes were starting to find homes.</p>
<p>A European major heard sold two July Lower Zakum cargoes, to a Japanese refiner at an unknown price and to a Korean refiner at Dubai +60, which traders considered a low level.</p>
<p>Previous July Abu Dhabi crudes were done at above Dubai +70.</p>
<p>Trading on West African crudes was winding down as refiners had covered most of their requirements for July loading cargoes. A Korean refiner confirmed buying its first cargo of Gulf of Suez, although cargoes have been taken by other Korean refiners. --A. Ahmad, Singapore (+65 870 3301) --P. Lardner, Tokyo (+813</p>
</text>
<copyright>(c) Reuters Limited 1997</copyright>
<metadata>
<codes class="bip:countries:1.0">
  <code code="SINGP">
    <editdetail action="confirmed" attribution="Reuters BIP Coding Group" date="1997-06-20"/>
  </code>
</codes>
<codes class="bip:topics:1.0">
  <code code="M14">
    <editdetail action="confirmed" attribution="Reuters BIP Coding Group" date="1997-06-20"/>
  </code>
  <code code="M143">
    <editdetail action="confirmed" attribution="Reuters BIP Coding Group" date="1997-06-20"/>
  </code>
  <code code="MCAT">
    <editdetail action="confirmed" attribution="Reuters BIP Coding Group" date="1997-06-20"/>
  </code>
</codes>
<dc element="dc.date.created" value="1997-06-20"/>
<dc element="dc.publisher" value="Reuters Holdings Plc"/>
<dc element="dc.date.published" value="1997-06-20"/>
<dc element="dc.source" value="Reuters"/>
<dc element="dc.creator.location" value="SINGAPORE"/>
<dc element="dc.creator.location.country.name" value="SINGAPORE"/>
<dc element="dc.source" value="Reuters"/>
</metadata>
</newsitem>
