<?xml version="1.0" encoding="ISO-8859-1" standalone="no"?>
<newsitem date="1997-06-20" id="root" itemid="676934" xml:lang="en">
<title>TURKEY: Turkey's Ciller says rival will not get job.</title>
<headline>Turkey's Ciller says rival will not get job.</headline>
<dateline>ANKARA 1997-06-20</dateline>
<text>
<p>Turkish conservative leader Tansu Ciller said on Friday she was confident that arch-rival Mesut Yilaz would not be appointed prime minister-designate in the search for a new coalition government.</p>
<p>"I don't think Mr Yilmaz will get it. There is no chance," Anatolian news agency quoted Foreign Minister Ciller as saying.  </p>
<p>Yilmaz was due at the presidential palace later on Friday amid speculation that President Suleyman Demirel would nominate him to form a government.</p>
<p>Prime Minister Necmettin Erbakan, modern Turkey's first Islamist leader, stepped down on June 18 under pressure from the secularist army.</p>
<p>He asked Demirel to appoint Ciller as the head of a new coalition with the Islamists that would take Turkey to early elections.</p>
<p>Ciller, on paper, has the support of 282 deputies in the 550-member assembly. Yilmaz has only 129 MPs and could struggle to find coalition allies.</p>
</text>
<copyright>(c) Reuters Limited 1997</copyright>
<metadata>
<codes class="bip:countries:1.0">
  <code code="TURK">
    <editdetail action="confirmed" attribution="Reuters BIP Coding Group" date="1997-06-20"/>
  </code>
</codes>
<codes class="bip:topics:1.0">
  <code code="GCAT">
    <editdetail action="confirmed" attribution="Reuters BIP Coding Group" date="1997-06-20"/>
  </code>
  <code code="GPOL">
    <editdetail action="confirmed" attribution="Reuters BIP Coding Group" date="1997-06-20"/>
  </code>
</codes>
<dc element="dc.date.created" value="1997-06-20"/>
<dc element="dc.publisher" value="Reuters Holdings Plc"/>
<dc element="dc.date.published" value="1997-06-20"/>
<dc element="dc.source" value="Reuters"/>
<dc element="dc.creator.location" value="ANKARA"/>
<dc element="dc.creator.location.country.name" value="TURKEY"/>
<dc element="dc.source" value="Reuters"/>
</metadata>
</newsitem>
