<?xml version="1.0" encoding="ISO-8859-1" standalone="no"?>
<newsitem date="1997-06-20" id="root" itemid="676006" xml:lang="en">
<title>TAIWAN: Capitals of Taiwan, Mongolia become sister cities.</title>
<headline>Capitals of Taiwan, Mongolia become sister cities.</headline>
<dateline>TAIPEI 1997-06-20</dateline>
<text>
<p>Taiwan's opposition-ruled capital Taipei on Friday forged sister-city ties with Mongolia's capital Ulan Bator -- in effect renouncing the Nationalist government's claim of sovereignty over Mongolia.</p>
<p>The exiled Republic of China government, which took refuge on Taiwan after its 1949 civil war defeat to the communists, has never abandoned its claim to the Chinese mainland -- and maintains that China still includes Mongolia.</p>
<p>Mongolia proclaimed independence in 1921.</p>
<p>Establishing the sister-city link accords with the Taipei municipal government's view that Taiwan is independent of China and that its claims of sovereignty over Mongolia are invalid.</p>
<p>"We are using our action to rewrite history and create new history," Taipei mayor Chen Shui-bian, a leader of the independence-minded opposition Democratic Progressive Party, said during a ceremony allying the two cities.</p>
<p>Sister city relationships typically are formed between foreign cities, not those in the same country.</p>
<p>Mongolia was allied with China during the 1644-1911 Qing dynasty. It embraced communism in 1921 and allied itself with the Soviet Union, existing as a quasi-independent vassal of Moscow until the Soviet collapse enabled Mongolia to embrace multiparty democracy in the early 1990s.</p>
<p>Controversy over the exiled Chinese republic's claim to Mongolia still vexes Taiwan.</p>
<p>Taiwan President and Nationalist Party chairman Lee Teng-hui in April rejected an opposition proposal that would have scrapped a panel set up in the 1950s to bolster Taiwan's claims of sovereignty over Mongolia and Tibet.</p>
<p>Taiwan school textbooks, standardised by the government's education ministry, all refer to Mongolia as part of China.</p>
</text>
<copyright>(c) Reuters Limited 1997</copyright>
<metadata>
<codes class="bip:countries:1.0">
  <code code="CHINA">
    <editdetail action="confirmed" attribution="Reuters BIP Coding Group" date="1997-06-20"/>
  </code>
  <code code="MONGLA">
    <editdetail action="confirmed" attribution="Reuters BIP Coding Group" date="1997-06-20"/>
  </code>
  <code code="TAIWAN">
    <editdetail action="confirmed" attribution="Reuters BIP Coding Group" date="1997-06-20"/>
  </code>
</codes>
<codes class="bip:topics:1.0">
  <code code="GCAT">
    <editdetail action="confirmed" attribution="Reuters BIP Coding Group" date="1997-06-20"/>
  </code>
  <code code="GDIP">
    <editdetail action="confirmed" attribution="Reuters BIP Coding Group" date="1997-06-20"/>
  </code>
</codes>
<dc element="dc.date.created" value="1997-06-20"/>
<dc element="dc.publisher" value="Reuters Holdings Plc"/>
<dc element="dc.date.published" value="1997-06-20"/>
<dc element="dc.source" value="Reuters"/>
<dc element="dc.creator.location" value="TAIPEI"/>
<dc element="dc.creator.location.country.name" value="TAIWAN"/>
<dc element="dc.source" value="Reuters"/>
</metadata>
</newsitem>
