<?xml version="1.0" encoding="ISO-8859-1" standalone="no"?>
<newsitem date="1997-06-20" id="root" itemid="675794" xml:lang="en">
<title>SLOVENIA: Slovenia truckers end blockade of Hungary border.</title>
<headline>Slovenia truckers end blockade of Hungary border.</headline>
<dateline>LJUBLJANA 1997-06-20</dateline>
<text>
<p>Slovenian truck drivers ended a 24-hour blockade of a key border crossing between Slovenia and Hungary early on Friday after reaching an agreement with the government aimed at speeding up administrative procedures.</p>
<p>"The government's negotiating group agreed to contact the Hungarian government in 14 days to try to speed up custom administration procedures on the Hungarian side," Slavko Horvat, head of the local custom office and a member of the government's negotiating team, told Reuters.</p>
<p>He said about 70 trucks had blocked the Dolga Vas border crossing on Thursday to protest against slow administration on the Hungarian side, which had caused average waiting times of about 15 hours.</p>
<p>The station, about 210 km (130 miles) east of Ljubljana, is the only freight crossing between the two countries and is used by an average of some 950 trucks a day.</p>
<p>Horvat said the government also promised it would try to reach an agreement with Hungary to divert all passenger car traffic to a smaller crossing, Pince, some 10 km south of Dolga Vas.</p>
</text>
<copyright>(c) Reuters Limited 1997</copyright>
<metadata>
<codes class="bip:countries:1.0">
  <code code="HUNG">
    <editdetail action="confirmed" attribution="Reuters BIP Coding Group" date="1997-06-20"/>
  </code>
  <code code="SLVNIA">
    <editdetail action="confirmed" attribution="Reuters BIP Coding Group" date="1997-06-20"/>
  </code>
</codes>
<codes class="bip:industries:1.0">
  <code code="I72300">
    <editdetail action="confirmed" attribution="Reuters BIP Coding Group" date="1997-06-20"/>
  </code>
</codes>
<codes class="bip:topics:1.0">
  <code code="C42">
    <editdetail action="confirmed" attribution="Reuters BIP Coding Group" date="1997-06-20"/>
  </code>
  <code code="CCAT">
    <editdetail action="confirmed" attribution="Reuters BIP Coding Group" date="1997-06-20"/>
  </code>
  <code code="E41">
    <editdetail action="confirmed" attribution="Reuters BIP Coding Group" date="1997-06-20"/>
  </code>
  <code code="ECAT">
    <editdetail action="confirmed" attribution="Reuters BIP Coding Group" date="1997-06-20"/>
  </code>
  <code code="GCAT">
    <editdetail action="confirmed" attribution="Reuters BIP Coding Group" date="1997-06-20"/>
  </code>
  <code code="GDIP">
    <editdetail action="confirmed" attribution="Reuters BIP Coding Group" date="1997-06-20"/>
  </code>
  <code code="GJOB">
    <editdetail action="confirmed" attribution="Reuters BIP Coding Group" date="1997-06-20"/>
  </code>
  <code code="GVIO">
    <editdetail action="confirmed" attribution="Reuters BIP Coding Group" date="1997-06-20"/>
  </code>
</codes>
<dc element="dc.date.created" value="1997-06-20"/>
<dc element="dc.publisher" value="Reuters Holdings Plc"/>
<dc element="dc.date.published" value="1997-06-20"/>
<dc element="dc.source" value="Reuters"/>
<dc element="dc.creator.location" value="LJUBLJANA"/>
<dc element="dc.creator.location.country.name" value="SLOVENIA"/>
<dc element="dc.source" value="Reuters"/>
</metadata>
</newsitem>
