<?xml version="1.0" encoding="ISO-8859-1" standalone="no"?>
<newsitem date="1997-06-20" id="root" itemid="676717" xml:lang="en">
<title>USA: SmarTalk in pact with HFS Inc.</title>
<headline>SmarTalk in pact with HFS Inc.</headline>
<dateline>LOS ANGELES 1997-06-20</dateline>
<text>
<p>SmarTalk Teleservices Inc said Friday it has an agreement with HFS Inc allowing it to market its prepaid, long distance calling card products to more than 7,800 properties in the United States.</p>
<p>The five-year exclusive agreement allows SmarTalk access to the franchisees of the Avis, Days Inn, Ramada, Howard Johnson, Knights Inn, Super 8, Travelodge, Villager Lodge, Wingate Inn systems and the resort owners affiliated with Resort Condominiums International Inc for the sale of prepaid long-distance calling card products.</p>
<p>The agreement also allows SmarTalk to sell through ATM machines located at the properties and to provide cards for incentive marketing programs including those targeting frequent travelers.</p>
<p>Market testing of various brand programs will begin during fourth quarter of 1997, with program roll-out starting in 1998, the company said.</p>
<p>SmarTalk manufactures and distributes prepaid calling cards and other telecommunications products.</p>
<p>((-- New York Newsdesk 212-859-1610))</p>
</text>
<copyright>(c) Reuters Limited 1997</copyright>
<metadata>
<codes class="bip:countries:1.0">
  <code code="USA">
    <editdetail action="confirmed" attribution="Reuters BIP Coding Group" date="1997-06-20"/>
  </code>
</codes>
<codes class="bip:industries:1.0">
  <code code="I34400">
    <editdetail action="confirmed" attribution="Reuters BIP Coding Group" date="1997-06-20"/>
  </code>
  <code code="I66500">
    <editdetail action="confirmed" attribution="Reuters BIP Coding Group" date="1997-06-20"/>
  </code>
</codes>
<codes class="bip:topics:1.0">
  <code code="C33">
    <editdetail action="confirmed" attribution="Reuters BIP Coding Group" date="1997-06-20"/>
  </code>
  <code code="CCAT">
    <editdetail action="confirmed" attribution="Reuters BIP Coding Group" date="1997-06-20"/>
  </code>
</codes>
<dc element="dc.date.created" value="1997-06-20"/>
<dc element="dc.publisher" value="Reuters Holdings Plc"/>
<dc element="dc.date.published" value="1997-06-20"/>
<dc element="dc.source" value="Reuters"/>
<dc element="dc.creator.location" value="LOS ANGELES"/>
<dc element="dc.creator.location.country.name" value="USA"/>
<dc element="dc.source" value="Reuters"/>
</metadata>
</newsitem>
