<?xml version="1.0" encoding="ISO-8859-1" standalone="no"?>
<newsitem date="1997-06-20" id="root" itemid="676672" xml:lang="en">
<title>USA: U.S. stock index futures mixed, Sept S&amp;P higher.</title>
<headline>U.S. stock index futures mixed, Sept S&amp;P higher.</headline>
<dateline>CHICAGO 1997-06-19</dateline>
<text>
<p>U.S. stock index futures were mixed in early trading, with September Standard and Poor's 500 futures up slightly.</p>
<p>September set a fresh record high in Globex electronic after-hours trade at 911.30, just above the old high Thursday of 911.20.</p>
<p>September was firm but off from that record level in early pit session trade. Selling materialized in the last minutes of Globex to dampen the bullish mood, traders said.</p>
<p>Overall, they said bullish momentum and expiration-related buying continued to support the market.  </p>
<p>"I'm still positive the market," one S&amp;P 500 futures trader said early Friday. "September has dropped off a little, but I expect we'll continue the upmove," he said.</p>
<p>One firm pegged September S&amp;P 500 fair value at 9.15 points premium to cash, buy programs at 10.70 points premium to cash or wider and sells at 8.00 points premium to cash or narrower.</p>
<p>Support was at 905.90 and at 899.70, Thursday's day session low. Traders said resistance levels were harder to discern, given the recent resilience of the stock market.</p>
<p>At 0850 CDT/1350 GMT, September was up 1.20 to 908.70.  </p>
<p>Traders said choppy trade could materialize around multiple expirations at the end of this week. June S&amp;P 500 futures ended at the close Thursday and settle this morning. Individual equity options, S&amp;P 500 index options and S&amp;P 100 index options also expire at the end of this week.</p>
<p>Concerning June S&amp;P 500 futures, "it was a relatively quiet expiration from what I can see," the trader said.</p>
<p>He said so far it looked like June would settle just slightly above Thursday's 898.30 close.</p>
<p>A final settlement figure was expected later this morning, he said.  </p>
<p>At 0916 CDT/1416 GMT, September S&amp;P 500s were up 2.20 points at 909.70, Nasdaq 100s were 4.00 higher at 1001.00, Russell 2000s were down 0.85 points to 400.00, KCBT Value Line futures rose 0.60 points to 799.75, Nikkei 225 index futures fell 105.0 to 20,500.0 and Midcap 400s rose 0.70 point to 294.60. ((--Derivatives Desk: 312-408-8750)) email:derivatives@reuters.com</p>
</text>
<copyright>(c) Reuters Limited 1997</copyright>
<metadata>
<codes class="bip:countries:1.0">
  <code code="USA">
    <editdetail action="confirmed" attribution="Reuters BIP Coding Group" date="1997-06-20"/>
  </code>
</codes>
<codes class="bip:topics:1.0">
  <code code="M11">
    <editdetail action="confirmed" attribution="Reuters BIP Coding Group" date="1997-06-20"/>
  </code>
  <code code="MCAT">
    <editdetail action="confirmed" attribution="Reuters BIP Coding Group" date="1997-06-20"/>
  </code>
</codes>
<dc element="dc.date.created" value="1997-06-19"/>
<dc element="dc.publisher" value="Reuters Holdings Plc"/>
<dc element="dc.date.published" value="1997-06-20"/>
<dc element="dc.source" value="Reuters"/>
<dc element="dc.creator.location" value="CHICAGO"/>
<dc element="dc.creator.location.country.name" value="USA"/>
<dc element="dc.source" value="Reuters"/>
</metadata>
</newsitem>
