<?xml version="1.0" encoding="ISO-8859-1" standalone="no"?>
<newsitem date="1997-06-20" id="root" itemid="676487" xml:lang="en">
<title>INDIA: Good demand for all grades at Calcutta tea auction.</title>
<headline>Good demand for all grades at Calcutta tea auction.</headline>
<dateline>CALCUTTA, India 1997-06-20</dateline>
<text>
<p>All grades attracted brisk demand at this week's Calcutta tea sale, traders said on Friday.</p>
<p>A total of 1.12 million kg, including 147,482 kg of Darjeeling, was on offer.</p>
<p>Among CTC varieties, Assam and Doors were dearer.</p>
<p>Major blends were active, while liquoring fanning grades attracted some export interest, brokers said.</p>
<p>Among orthodox teas, whole leaf grades, medium brokens and fannings were dearer.</p>
<p>There was good demand from the Middle East and the Commonwealth of Independent States, they added.</p>
</text>
<copyright>(c) Reuters Limited 1997</copyright>
<metadata>
<codes class="bip:countries:1.0">
  <code code="INDIA">
    <editdetail action="confirmed" attribution="Reuters BIP Coding Group" date="1997-06-20"/>
  </code>
</codes>
<codes class="bip:topics:1.0">
  <code code="M14">
    <editdetail action="confirmed" attribution="Reuters BIP Coding Group" date="1997-06-20"/>
  </code>
  <code code="M141">
    <editdetail action="confirmed" attribution="Reuters BIP Coding Group" date="1997-06-20"/>
  </code>
  <code code="MCAT">
    <editdetail action="confirmed" attribution="Reuters BIP Coding Group" date="1997-06-20"/>
  </code>
</codes>
<dc element="dc.date.created" value="1997-06-20"/>
<dc element="dc.publisher" value="Reuters Holdings Plc"/>
<dc element="dc.date.published" value="1997-06-20"/>
<dc element="dc.source" value="Reuters"/>
<dc element="dc.creator.location" value="CALCUTTA, India"/>
<dc element="dc.creator.location.country.name" value="INDIA"/>
<dc element="dc.source" value="Reuters"/>
</metadata>
</newsitem>
