<?xml version="1.0" encoding="ISO-8859-1" standalone="no"?>
<newsitem date="1997-06-20" id="root" itemid="677427" xml:lang="en">
<title>NEW ZEALAND: Squeeze expected on interest income for NZ banks.</title>
<headline>Squeeze expected on interest income for NZ banks.</headline>
<byline>Catherine McCaw</byline>
<dateline>WELLINGTON 1997-06-20</dateline>
<text>
<p>New Zealand banks contending with an extremely competitive market and thin margins now face a fall in net interest income over the next year, industry analysts said on Friday.</p>
<p>The main culprit is an expected slowdown in the growth of the mortgage market.</p>
<p>A likely rise in the number of bad debts is also seen nibbling away at profitability.  </p>
<p>Andrew Dinsdale, chairman of KPMG Banking and Finance Group, told Reuters that New Zealand banks had learned to cope with net interest margins that were extremely narrow by international standards, by ensuring they received "fair pricing" for other services, and by cutting costs.</p>
<p>However, the New Zealand economy is currently in a trough and many economists have revised down their GDP growth forecasts for 1997/98. Dinsdale expected the low growth environment would constrain banks' asset growth in the year ahead.</p>
<p>"The last 12 months have seen significant growth in the mortgage market, which many banks have done very well from.  </p>
<p>"But I think we'll see that slowing over the next 12 months, so we won't see the growth in assets that has been compensating the reduction in margins," Dinsdale said.</p>
<p>"We'll see a reduction in net interest income."</p>
<p>Greg Tucker, banking analyst with ANZ Securities in Melbourne, agreed net interest income was likely to drop but said many banks were stepping up their fees.</p>
<p>"You should expect some increase in non-interest income, and maybe that will offset the drop in interest income," he said.  </p>
<p>Tucker said insurance companies were entering the New Zealand mortgage market in an aggressive manner. Players such as AMP Group's telephone banking subsidiary Ergo Personal Financial Services, and National Mutual's answer to Ergo, Freedom Financial Services, could afford to lead interest rates lower as they were not burdened with costly branch networks.</p>
<p>"You'd expect those players not to be so much affected by it (the fall in net interest income) because they will get market share. But with the others that haven't followed them down you'd expect some shortfall," Tucker said.  </p>
<p>He said volumes were fast becoming the key to success. The competition presented by companies like Ergo and Freedom meant even if interest rates rose again, margins would stay put.</p>
<p>"The profits will stay narrow...if you don't have volume you're in real trouble. All you can do is take market share from someone else by having better interest rates."</p>
<p>David Tripe, senior lecturer at Massey University's centre for banking studies, disagreed with Tucker's expectation of a rise in income from non-interest income, saying the trend had been falling rather than growing.  </p>
<p>He said while net interest income might be in line for a small fall, it still looked stable relative to assets.</p>
<p>"What is happening though, that will have an impact on bank profitability, is that there is going to be some increase in doubtful debts," Tripe said. He said all figures he had seen for the March quarter pointed to higher levels of impaired assets in New Zealand banks.</p>
<p>"A number of banks have been helping their profitability by writing back doubtful debt provisions made in previous years, and they're not going to be able to keep on doing that.  </p>
<p>"Levels of doubtful debts and impaired assets in New Zealand are historically at quite low levels at the moment, so they're much more likely to increase than decrease."</p>
<p>Tripe stressed that New Zealand banks' profitability was "not that bad", and said while the New Zealand industry had not achieved the cost-to-income ratios seen in Australia, its cost-to-assets ratios were lower than Australian banks'.</p>
<p>--Wellington Newsroom (64 4) 4734746</p>
</text>
<copyright>(c) Reuters Limited 1997</copyright>
<metadata>
<codes class="bip:countries:1.0">
  <code code="NZ">
    <editdetail action="confirmed" attribution="Reuters BIP Coding Group" date="1997-06-20"/>
  </code>
</codes>
<codes class="bip:industries:1.0">
  <code code="I81402">
    <editdetail action="confirmed" attribution="Reuters BIP Coding Group" date="1997-06-20"/>
  </code>
</codes>
<codes class="bip:topics:1.0">
  <code code="C15">
    <editdetail action="confirmed" attribution="Reuters BIP Coding Group" date="1997-06-20"/>
  </code>
  <code code="C152">
    <editdetail action="confirmed" attribution="Reuters BIP Coding Group" date="1997-06-20"/>
  </code>
  <code code="C31">
    <editdetail action="confirmed" attribution="Reuters BIP Coding Group" date="1997-06-20"/>
  </code>
  <code code="CCAT">
    <editdetail action="confirmed" attribution="Reuters BIP Coding Group" date="1997-06-20"/>
  </code>
</codes>
<dc element="dc.date.created" value="1997-06-20"/>
<dc element="dc.publisher" value="Reuters Holdings Plc"/>
<dc element="dc.date.published" value="1997-06-20"/>
<dc element="dc.source" value="Reuters"/>
<dc element="dc.creator.location" value="WELLINGTON"/>
<dc element="dc.creator.location.country.name" value="NEW ZEALAND"/>
<dc element="dc.source" value="Reuters"/>
</metadata>
</newsitem>
