<?xml version="1.0" encoding="ISO-8859-1" standalone="no"?>
<newsitem date="1997-06-20" id="root" itemid="676064" xml:lang="en">
<title>MOROCCO: Morocco's bourse ends week 0.43 pct lower.</title>
<headline>Morocco's bourse ends week 0.43 pct lower.</headline>
<dateline>CASABLANCA 1997-06-20</dateline>
<text>
<p>The stock exchange closed 0.43 percent lower on Friday with privatisation bonds accounting for most of the trade during the week, stockbrokers said.</p>
<p>The bourse all-share index closed at 638.40 points against 641.16 points last Friday.</p>
<p>"A good number of privatisation bond holders who had not converted their bonds for the flotation of Imiter silver mine sold them during the week," a Casablanca-based broker said.</p>
<p>Second tranche bonds, issued in May 1996, fell to 1,146 from 1,240 dirhams last Friday. They give holders preferential options on equity in privatised firms.</p>
<p>Blue-chip banks such as Banque Commerciale du Maroc closed at 850 dirhams from 869 dirhams. Banque Marocaine du Commerce Exterieur closed unchanged at 600 dirhams.</p>
<p>Conglomerate, ONA Group closed at 778 dirhams from 776 dirhams.</p>
<p>Ste Nationale d'Investissement closed at 713 dirhams from 725 dirhams.</p>
<p>In the energy sector, oil refinery Samir closed at 341 dirhams from 350 dirhams.</p>
<p>Steel mill Sonasid remained unchanged at 550 dirhams.</p>
<p>Credit firm Credor rose three dirhams to 755 dirhams Maroc Leasing edged up one dirham to 416 dirhams. Portfolio firm Financiere Diwan was unchanged at 333 dirhams.</p>
<p>Total trade on the official market was 27 million from 40.6 million dirhams.</p>
<p>On the over-the-counter market, the volume was 26.1 million from 48.9 million dirhams.</p>
<p>($1= 9.4 dirhams)</p>
<p>-- Newsroom 212-7 72 65 18</p>
</text>
<copyright>(c) Reuters Limited 1997</copyright>
<metadata>
<codes class="bip:countries:1.0">
  <code code="MOROC">
    <editdetail action="confirmed" attribution="Reuters BIP Coding Group" date="1997-06-20"/>
  </code>
</codes>
<codes class="bip:topics:1.0">
  <code code="M11">
    <editdetail action="confirmed" attribution="Reuters BIP Coding Group" date="1997-06-20"/>
  </code>
  <code code="MCAT">
    <editdetail action="confirmed" attribution="Reuters BIP Coding Group" date="1997-06-20"/>
  </code>
</codes>
<dc element="dc.date.created" value="1997-06-20"/>
<dc element="dc.publisher" value="Reuters Holdings Plc"/>
<dc element="dc.date.published" value="1997-06-20"/>
<dc element="dc.source" value="Reuters"/>
<dc element="dc.creator.location" value="CASABLANCA"/>
<dc element="dc.creator.location.country.name" value="MOROCCO"/>
<dc element="dc.source" value="Reuters"/>
</metadata>
</newsitem>
