<?xml version="1.0" encoding="ISO-8859-1" standalone="no"?>
<newsitem date="1997-06-20" id="root" itemid="676504" xml:lang="en">
<title>INDIA: India call dormant on reporting day, gilts active.</title>
<headline>India call dormant on reporting day, gilts active.</headline>
<dateline>BOMBAY 1997-06-20</dateline>
<text>
<p>Indian call money rates closed easy at 0.10-0.50 percent, down from 0.25-0.75 percent opening, in dull trading on the reporting Friday, dealers said.</p>
<p>Three-day money was traded in the region of 3.0-4.0 percent with some stray deals above 4.0 percent, a dealer said.</p>
<p>"This indicates the opening levels for Saturday at 4.5-5.5 percent," he said. "Call may slide down towards the close on State Bank of India (SBI)'s lending support," he added.</p>
<p>The interbank term money dealt in the region of 7.25-7.75 percent for one-month maturity, a dealer said.</p>
<p>The securities market witnessed some buying interest on lower call levels, a dealer with a foreign bank said.</p>
<p>Short-term paper prices were largely unchanged with the trading interest diverted from medium term to long term paper.</p>
<p>The 12.50 percent government stock 2004 maintained its price rally on Friday, which appreciated by 30 paise to close at 100.65 rupees, dealers said.</p>
<p>The 13.05 percent 2007 stock rose to 102.10 rupees from 101.97 rupees, dealers said.</p>
<p>The newly-auctioned paper 12.59 percent 2004 reported a deal at 100.95 rupees compared to the previous 100.85 rupees.</p>
<p>The state development loans also attracted trading interest with 13.05 percent 2007 stock rising to 101.25 rupees from 100.65 rupees, he added.</p>
<p>Yield on treasury bills maturing in September 1997 fell to 7.00 percent from its previous 7.15 percent, a dealer said.</p>
<p>-- Suresh Gonsalves, Bombay newsroom +91-22 265 9000</p>
</text>
<copyright>(c) Reuters Limited 1997</copyright>
<metadata>
<codes class="bip:countries:1.0">
  <code code="INDIA">
    <editdetail action="confirmed" attribution="Reuters BIP Coding Group" date="1997-06-20"/>
  </code>
</codes>
<codes class="bip:topics:1.0">
  <code code="M12">
    <editdetail action="confirmed" attribution="Reuters BIP Coding Group" date="1997-06-20"/>
  </code>
  <code code="M13">
    <editdetail action="confirmed" attribution="Reuters BIP Coding Group" date="1997-06-20"/>
  </code>
  <code code="M131">
    <editdetail action="confirmed" attribution="Reuters BIP Coding Group" date="1997-06-20"/>
  </code>
  <code code="MCAT">
    <editdetail action="confirmed" attribution="Reuters BIP Coding Group" date="1997-06-20"/>
  </code>
</codes>
<dc element="dc.date.created" value="1997-06-20"/>
<dc element="dc.publisher" value="Reuters Holdings Plc"/>
<dc element="dc.date.published" value="1997-06-20"/>
<dc element="dc.source" value="Reuters"/>
<dc element="dc.creator.location" value="BOMBAY"/>
<dc element="dc.creator.location.country.name" value="INDIA"/>
<dc element="dc.source" value="Reuters"/>
</metadata>
</newsitem>
