<?xml version="1.0" encoding="ISO-8859-1" standalone="no"?>
<newsitem date="1997-06-20" id="root" itemid="677065" xml:lang="en">
<title>USA: Consolidated Advisors buys interest in KD Managers.</title>
<headline>Consolidated Advisors buys interest in KD Managers.</headline>
<dateline>NEW YORK 1997-06-20</dateline>
<text>
<p>Consolidated Advisers Ltd LLC said Friday it has acquired a "significant" minority interest in KD Managers LLC, the general partner of Kellner DiLeo &amp; Co LP.</p>
<p>Terms of the deal were not disclosed.</p>
<p>Kellner, DiLeo is a private investment partnership engaged in merger and convertible bond arbitrage.</p>
<p>As part of the deal, CIBC Wood Gundy is also acquiring a limited partnership interest in Kellner, DiLeo, and the principals of KD Managers are acquiring minority interest in Consolidated.</p>
<p>Consolidated Advisers, a company sponsored and controlled by CIBC Wood Gundy, was organized to acquire interests in managers engaged in the what it said was the non-traditional and alternative sector of the money management business.</p>
</text>
<copyright>(c) Reuters Limited 1997</copyright>
<metadata>
<codes class="bip:countries:1.0">
  <code code="USA">
    <editdetail action="confirmed" attribution="Reuters BIP Coding Group" date="1997-06-20"/>
  </code>
</codes>
<codes class="bip:industries:1.0">
  <code code="I81402">
    <editdetail action="confirmed" attribution="Reuters BIP Coding Group" date="1997-06-20"/>
  </code>
</codes>
<codes class="bip:topics:1.0">
  <code code="C18">
    <editdetail action="confirmed" attribution="Reuters BIP Coding Group" date="1997-06-20"/>
  </code>
  <code code="C181">
    <editdetail action="confirmed" attribution="Reuters BIP Coding Group" date="1997-06-20"/>
  </code>
  <code code="CCAT">
    <editdetail action="confirmed" attribution="Reuters BIP Coding Group" date="1997-06-20"/>
  </code>
</codes>
<dc element="dc.date.created" value="1997-06-20"/>
<dc element="dc.publisher" value="Reuters Holdings Plc"/>
<dc element="dc.date.published" value="1997-06-20"/>
<dc element="dc.source" value="Reuters"/>
<dc element="dc.creator.location" value="NEW YORK"/>
<dc element="dc.creator.location.country.name" value="USA"/>
<dc element="dc.source" value="Reuters"/>
</metadata>
</newsitem>
