<?xml version="1.0" encoding="ISO-8859-1" standalone="no"?>
<newsitem date="1997-06-20" id="root" itemid="675877" xml:lang="en">
<title>MEXICO: Mexico's Ortiz sees Q2 GDP up between 5.5-5.6 pct.</title>
<headline>Mexico's Ortiz sees Q2 GDP up between 5.5-5.6 pct.</headline>
<dateline>CANCUN, Mexico 1997-06-20</dateline>
<text>
<p>Mexico's Finance Minister Guillermo Ortiz on Friday said he expected economic growth in the second quarter of around 5.5 or 5.6 percent.</p>
<p>"We're expecting growth in the second quarter of around 5.5, 5.6 percent," Ortiz said during a speech to a business forum in this Caribbean resort.</p>
<p>First quarter growth was 5.1 percent, and a Reuters survey of economists' forecasts on average a second quarter rise in gross domestic product of 5.19 percent.  </p>
<p>Ortiz attributed the growth to dynamic industrial sector activity, especially in manufacturing. He said industrial activity "is much higher than pre-crisis levels."</p>
<p>The finance ministry said earlier this week that industrial activity grew 15 percent in April compared with the same month in 1996.</p>
<p>((-- Vernica Galn, Mexico City newsroom +525 728 9553))</p>
</text>
<copyright>(c) Reuters Limited 1997</copyright>
<metadata>
<codes class="bip:countries:1.0">
  <code code="MEX">
    <editdetail action="confirmed" attribution="Reuters BIP Coding Group" date="1997-06-20"/>
  </code>
</codes>
<codes class="bip:topics:1.0">
  <code code="E11">
    <editdetail action="confirmed" attribution="Reuters BIP Coding Group" date="1997-06-20"/>
  </code>
  <code code="ECAT">
    <editdetail action="confirmed" attribution="Reuters BIP Coding Group" date="1997-06-20"/>
  </code>
</codes>
<dc element="dc.date.created" value="1997-06-20"/>
<dc element="dc.publisher" value="Reuters Holdings Plc"/>
<dc element="dc.date.published" value="1997-06-20"/>
<dc element="dc.source" value="Reuters"/>
<dc element="dc.creator.location" value="CANCUN, Mexico"/>
<dc element="dc.creator.location.country.name" value="MEXICO"/>
<dc element="dc.source" value="Reuters"/>
</metadata>
</newsitem>
