<?xml version="1.0" encoding="ISO-8859-1" standalone="no"?>
<newsitem date="1997-06-20" id="root" itemid="676012" xml:lang="en">
<title>SINGAPORE: Shell wins Rayong gasoline tender at -70 cts/bbl.</title>
<headline>Shell wins Rayong gasoline tender at -70 cts/bbl.</headline>
<dateline>SINGAPORE 1997-06-20</dateline>
<text>
<p>Thai refiner Rayong Refinery Co Ltd has awarded a tender to sell 180,000-barrels of 92-octane unleaded gasoline to Shell Singapore at 70 cents per barrel below Singapore quotes on a free-on-board basis, industry sources said on Friday.</p>
<p>The tender for the cargo lifting June 23-27 from Map Ta Phut on the eastern seaboard closed Friday and was valid for the same time.</p>
<p>The 145,000 barrel-per-day (bpd) refinery is a joint venture between the Royal Dutch Shell Group and the Petroleum Authority of Thailand (PTT).  </p>
<p>The Rayong refinery just restarted its 30,000 bpd reformer on June 19 Thursday after a 10-day maintenance shutdown, sources close to the company said on Thursday.</p>
<p>--Singapore Newsroom (+65-870-3086)</p>
</text>
<copyright>(c) Reuters Limited 1997</copyright>
<metadata>
<codes class="bip:countries:1.0">
  <code code="SINGP">
    <editdetail action="confirmed" attribution="Reuters BIP Coding Group" date="1997-06-20"/>
  </code>
</codes>
<codes class="bip:topics:1.0">
  <code code="M14">
    <editdetail action="confirmed" attribution="Reuters BIP Coding Group" date="1997-06-20"/>
  </code>
  <code code="M143">
    <editdetail action="confirmed" attribution="Reuters BIP Coding Group" date="1997-06-20"/>
  </code>
  <code code="MCAT">
    <editdetail action="confirmed" attribution="Reuters BIP Coding Group" date="1997-06-20"/>
  </code>
</codes>
<dc element="dc.date.created" value="1997-06-20"/>
<dc element="dc.publisher" value="Reuters Holdings Plc"/>
<dc element="dc.date.published" value="1997-06-20"/>
<dc element="dc.source" value="Reuters"/>
<dc element="dc.creator.location" value="SINGAPORE"/>
<dc element="dc.creator.location.country.name" value="SINGAPORE"/>
<dc element="dc.source" value="Reuters"/>
</metadata>
</newsitem>
