<?xml version="1.0" encoding="ISO-8859-1" standalone="no"?>
<newsitem date="1997-06-20" id="root" itemid="676394" xml:lang="en">
<title>BELGIUM: EU farm reform urgently needed, think tank says.</title>
<headline>EU farm reform urgently needed, think tank says.</headline>
<dateline>BRUSSELS 1997-06-20</dateline>
<text>
<p>European Union agricultural policy needs far-reaching and urgent reform to prepare for the next round of world trade talks and EU expansion eastwards, the Centre for European Policy Studies said in a report on Friday.</p>
<p>"The forthcoming WTO trade negotiations on agriculture will add pressure on the EU to open its markets and reduce import and export tariffs," Aart de Zeeuw, chairman of the report's working party, said in a statement.</p>
<p>"The enlargement of the EU to the East will hasten the need for CAP reform," added De Zeeuw, who chaired the GATT agricultural committee during the Uruguay Round negotiations.</p>
<p>The Brussels-based group's report called for EU farmers to be more market-oriented so that they can become more competitive on domestic and world markets.</p>
<p>It also called for a coherent programme to bring EU farm support prices down to world levels according to an agreed timetable and encourage farmers to export without subsidies.</p>
<p>Supply controls, such as set-aside, should be abolished and aid payments to farmers should be linked to measures to protect the environment, the report recommended.</p>
</text>
<copyright>(c) Reuters Limited 1997</copyright>
<metadata>
<codes class="bip:countries:1.0">
  <code code="EEC">
    <editdetail action="confirmed" attribution="Reuters BIP Coding Group" date="1997-06-20"/>
  </code>
</codes>
<codes class="bip:industries:1.0">
  <code code="I01000">
    <editdetail action="confirmed" attribution="Reuters BIP Coding Group" date="1997-06-20"/>
  </code>
</codes>
<codes class="bip:topics:1.0">
  <code code="C13">
    <editdetail action="confirmed" attribution="Reuters BIP Coding Group" date="1997-06-20"/>
  </code>
  <code code="CCAT">
    <editdetail action="confirmed" attribution="Reuters BIP Coding Group" date="1997-06-20"/>
  </code>
  <code code="E51">
    <editdetail action="confirmed" attribution="Reuters BIP Coding Group" date="1997-06-20"/>
  </code>
  <code code="E512">
    <editdetail action="confirmed" attribution="Reuters BIP Coding Group" date="1997-06-20"/>
  </code>
  <code code="ECAT">
    <editdetail action="confirmed" attribution="Reuters BIP Coding Group" date="1997-06-20"/>
  </code>
  <code code="G15">
    <editdetail action="confirmed" attribution="Reuters BIP Coding Group" date="1997-06-20"/>
  </code>
  <code code="G153">
    <editdetail action="confirmed" attribution="Reuters BIP Coding Group" date="1997-06-20"/>
  </code>
  <code code="G158">
    <editdetail action="confirmed" attribution="Reuters BIP Coding Group" date="1997-06-20"/>
  </code>
  <code code="GCAT">
    <editdetail action="confirmed" attribution="Reuters BIP Coding Group" date="1997-06-20"/>
  </code>
</codes>
<dc element="dc.date.created" value="1997-06-20"/>
<dc element="dc.publisher" value="Reuters Holdings Plc"/>
<dc element="dc.date.published" value="1997-06-20"/>
<dc element="dc.source" value="Reuters"/>
<dc element="dc.creator.location" value="BRUSSELS"/>
<dc element="dc.creator.location.country.name" value="BELGIUM"/>
<dc element="dc.source" value="Reuters"/>
</metadata>
</newsitem>
