<?xml version="1.0" encoding="ISO-8859-1" standalone="no"?>
<newsitem date="1997-06-20" id="root" itemid="675551" xml:lang="en">
<title>DEMOCRATIC REPUBLIC OF CONGO: Investors seen awaiting stability in new Congo.</title>
<headline>Investors seen awaiting stability in new Congo.</headline>
<byline>Melanie Cheary</byline>
<dateline>LUBUMBASHI, Democratic Republic of Congo 1997-06-20</dateline>
<text>
<p>Foreign investors, fearful over alleged refugee massacres by Laurent Kabila's forces, are likely to wait for the new government to prove it can maintain political stability before sinking money into the country, analysts and investors told Reuters on Friday.</p>
<p>"People look for reasons not to invest before they look for reasons to invest," said Bill Coogan, managing director of Rothschild Inc and part of a visiting investment delegation.</p>
<p>"News reports about mass graves and refugee massacres are impacting on the American public. It's hard to put those pictures out of your mind," he added.</p>
<p>But delegation members added that investors were hungrily eyeing the mineral-rich country and that political risk was perceived to have lessened since Kabila overthrew the regime of Mobutu Sese Seko last month.</p>
<p>"What you're seeing in (Zaire) is astonishing potential but unquantifiable risk. Making commitments of large amounts of capital is fairly daunting.</p>
<p>"Nevertheless, the political risk has fallen since the demise of Mobutu," said John Clemmow, investment banker at South Africa's Investec Bank.</p>
<p>The new Congo has vast copper, cobalt and zinc resources, as well as gold, diamonds and tin.</p>
<p>In the mid-1980s the country produced some 500,000 tonnes of copper a year, but last year output was only 40,000 tonnes. Cobalt output has dropped from 15,000 tonnes a year to around 4,000 tonnes, but this still represents a fifth of world production.</p>
<p>When Kabila's rebel alliance seized control of the southern Katanga Province, centred 0n Lubumbashi, in April international companies scrambled over each other to snatch mining projects and exploration permits.</p>
<p>The Governor of Katanga Province, Gaetan Kakudji, hosted a reception earlier this week for the delegation.</p>
<p>Potential foreign investors mingled with local bankers and entrepreneurs who urged them to invest and promised every assistance possible.</p>
<p>"We must tell you that our small companies are very ready to receive you as investors," said one Lubumbashi businessman.</p>
<p>One international company has already made a commitment -- American Mineral Fields Inc, the first company to be awarded a mining project by Kabila's government.</p>
<p>Under a joint venture agreement with the state mining company Gecamines, AMF has the rights to develop the Kipushi zinc and build a 200,000 tonnes a year zinc smelter, as well as process the vast Kolwezi copper/cobalt tailings.</p>
<p>Analysts and investors said it was easier to consider ploughing money into the new Congo now that Mobutu had gone.</p>
<p>"Political risk is still huge but sharply better. Before, any deal in (Zaire) used to be seen as a deal with Mobutu and people wondered what would happen to their money when he was gone. They knew he would go soon," Clemmow said.</p>
<p>Mobutu ruled the country for 32 years, reducing its economy to tatters. Roads in and around Lubumbashi are shot through with potholes, and working telephone land lines are virtually non-existent.</p>
<p>The new Congo has ample, cheap electricity to power any mining projects, but some power cables running from Lubumbashi to the Kipushi mine were stolen by unpaid soldiers, AMF said.</p>
</text>
<copyright>(c) Reuters Limited 1997</copyright>
<metadata>
<codes class="bip:countries:1.0">
  <code code="CONGO">
    <editdetail action="confirmed" attribution="Reuters BIP Coding Group" date="1997-06-20"/>
  </code>
</codes>
<codes class="bip:topics:1.0">
  <code code="E51">
    <editdetail action="confirmed" attribution="Reuters BIP Coding Group" date="1997-06-20"/>
  </code>
  <code code="ECAT">
    <editdetail action="confirmed" attribution="Reuters BIP Coding Group" date="1997-06-20"/>
  </code>
  <code code="GCAT">
    <editdetail action="confirmed" attribution="Reuters BIP Coding Group" date="1997-06-20"/>
  </code>
  <code code="GPOL">
    <editdetail action="confirmed" attribution="Reuters BIP Coding Group" date="1997-06-20"/>
  </code>
  <code code="GVIO">
    <editdetail action="confirmed" attribution="Reuters BIP Coding Group" date="1997-06-20"/>
  </code>
</codes>
<dc element="dc.date.created" value="1997-06-20"/>
<dc element="dc.publisher" value="Reuters Holdings Plc"/>
<dc element="dc.date.published" value="1997-06-20"/>
<dc element="dc.source" value="Reuters"/>
<dc element="dc.creator.location" value="LUBUMBASHI, Democratic Republic of Congo"/>
<dc element="dc.creator.location.country.name" value="DEMOCRATIC REPUBLIC OF CONGO"/>
<dc element="dc.source" value="Reuters"/>
</metadata>
</newsitem>
