<?xml version="1.0" encoding="ISO-8859-1" standalone="no"?>
<newsitem date="1997-06-20" id="root" itemid="676281" xml:lang="en">
<title>USA: Senate panel tax bill eases disaster muni loans.</title>
<headline>Senate panel tax bill eases disaster muni loans.</headline>
<dateline>WASHINGTON 1997-06-20</dateline>
<text>
<p>The Senate Finance Committee late Thursday approved an amendment to tax-cut legislation that would make it easier for disaster victims to get low-interest loans backed by mortgage revenue bonds, a Senate aide said.</p>
<p>The aide to Sen. Kent Conrad, a Democrat from North Dakota who pushed for the amendment, said it would waive a first-time homebuyer requirement and current limits on income and purchase price for loans in presidentially declared disaster areas.  </p>
<p>A tax package approved by the House Ways and Means Committee last week includes a similar proposal.</p>
<p>((--Vicky Stamas, U.S. Municipals Desk, 202-898-8314))</p>
</text>
<copyright>(c) Reuters Limited 1997</copyright>
<metadata>
<codes class="bip:countries:1.0">
  <code code="USA">
    <editdetail action="confirmed" attribution="Reuters BIP Coding Group" date="1997-06-20"/>
  </code>
</codes>
<codes class="bip:topics:1.0">
  <code code="E21">
    <editdetail action="confirmed" attribution="Reuters BIP Coding Group" date="1997-06-20"/>
  </code>
  <code code="E211">
    <editdetail action="confirmed" attribution="Reuters BIP Coding Group" date="1997-06-20"/>
  </code>
  <code code="ECAT">
    <editdetail action="confirmed" attribution="Reuters BIP Coding Group" date="1997-06-20"/>
  </code>
  <code code="GCAT">
    <editdetail action="confirmed" attribution="Reuters BIP Coding Group" date="1997-06-20"/>
  </code>
  <code code="GPOL">
    <editdetail action="confirmed" attribution="Reuters BIP Coding Group" date="1997-06-20"/>
  </code>
</codes>
<dc element="dc.date.created" value="1997-06-20"/>
<dc element="dc.publisher" value="Reuters Holdings Plc"/>
<dc element="dc.date.published" value="1997-06-20"/>
<dc element="dc.source" value="Reuters"/>
<dc element="dc.creator.location" value="WASHINGTON"/>
<dc element="dc.creator.location.country.name" value="USA"/>
<dc element="dc.source" value="Reuters"/>
</metadata>
</newsitem>
