<?xml version="1.0" encoding="ISO-8859-1" standalone="no"?>
<newsitem date="1997-06-20" id="root" itemid="676183" xml:lang="en">
<title>USA: U.S. Plains fed cattle slow at steady $64-feedlots.</title>
<headline>U.S. Plains fed cattle slow at steady $64-feedlots.</headline>
<dateline>CHICAGO 1997-06-20</dateline>
<text>
<p>U.S. Plains feedlot cattle markets on Friday were slow, with light sales early at $64.00 per cwt, steady with the majority of cattle sold this week, feedlot sources said.</p>
<p>About 200 head sold in the Texas Panhandle and western Oklahoma area after a weekly movement of 93,400. No sales were reported Friday in Kansas, the sources said. Weekly sales in Kansas were 98,300 head, according to USDA statistics.</p>
<p>Fed cattle prices this week at $64.00 were up $1.00 from last week, underpinned by a strong beef market, they said.  </p>
<p>Beef prices were powered by tight stocks and demand from retailers for supplies to fill coolers the next two weeks for Independence Day holiday promotions, market sources said.</p>
<p>Fed cattle prices next week were seen off $1.00 at $63.00 amid outlooks for slower beef demand, several sources said.</p>
<p>Prices also could be pressured by light demand from packers who will be buying a smaller number of cattle because there will be one less slaughter day due to the holiday in the following week, the sources said.</p>
<p>Declines were seen limited by sales this week which kept feedlots very current in Kansas and the Panhandle.</p>
<p>Sales in Nebraska this week were so brisk that owners pulled unfinished cattle from next week's showlists to meet demand, which will result in lighter numbers of market-ready cattle next week, they said.</p>
<p>((Bob Janis 312-048-8720))</p>
</text>
<copyright>(c) Reuters Limited 1997</copyright>
<metadata>
<codes class="bip:countries:1.0">
  <code code="USA">
    <editdetail action="confirmed" attribution="Reuters BIP Coding Group" date="1997-06-20"/>
  </code>
</codes>
<codes class="bip:topics:1.0">
  <code code="M14">
    <editdetail action="confirmed" attribution="Reuters BIP Coding Group" date="1997-06-20"/>
  </code>
  <code code="M141">
    <editdetail action="confirmed" attribution="Reuters BIP Coding Group" date="1997-06-20"/>
  </code>
  <code code="MCAT">
    <editdetail action="confirmed" attribution="Reuters BIP Coding Group" date="1997-06-20"/>
  </code>
</codes>
<dc element="dc.date.created" value="1997-06-20"/>
<dc element="dc.publisher" value="Reuters Holdings Plc"/>
<dc element="dc.date.published" value="1997-06-20"/>
<dc element="dc.source" value="Reuters"/>
<dc element="dc.creator.location" value="CHICAGO"/>
<dc element="dc.creator.location.country.name" value="USA"/>
<dc element="dc.source" value="Reuters"/>
</metadata>
</newsitem>
