<?xml version="1.0" encoding="ISO-8859-1" standalone="no"?>
<newsitem date="1997-06-20" id="root" itemid="677426" xml:lang="en">
<title>AUSTRALIA: Drillsearch gets Albanian project approval.</title>
<headline>Drillsearch gets Albanian project approval.</headline>
<dateline>SYDNEY 1997-06-20</dateline>
<text>
<p>Oil explorer Drillsearch Energy NL said on Friday it had recieved approval from the Albanian government for the redevelopment of the Ballsh-Hekal and Cakran-Mollaj Oil Fields in Southern Albania.</p>
<p>Drillsearch said it had received official signed documents from the Albanian Council of Ministers approving the Petroleum Agreement. It said preparations were now being made to take control of the fields in early July, 1997.</p>
<p>It said the Ballsh-Hekal field has estimated proven reserves of up to 400 million barrels of oil and the Cakran-Mollaj has proven oil reserves of about 300 million barrels.  </p>
<p>Drillsearch has a 47.5 percent interest in the Petroleum agreement, Kiwi International Ltd also has 47.5 percent. Kitari Oil Pty Ltd is the operator and has a five percent stake.</p>
<p>-- Sydney newsroom 61-2 9373-1800</p>
</text>
<copyright>(c) Reuters Limited 1997</copyright>
<metadata>
<codes class="bip:countries:1.0">
  <code code="ALB">
    <editdetail action="confirmed" attribution="Reuters BIP Coding Group" date="1997-06-20"/>
  </code>
  <code code="AUSTR">
    <editdetail action="confirmed" attribution="Reuters BIP Coding Group" date="1997-06-20"/>
  </code>
</codes>
<codes class="bip:industries:1.0">
  <code code="I13000">
    <editdetail action="confirmed" attribution="Reuters BIP Coding Group" date="1997-06-20"/>
  </code>
  <code code="I1300002">
    <editdetail action="confirmed" attribution="Reuters BIP Coding Group" date="1997-06-20"/>
  </code>
</codes>
<codes class="bip:topics:1.0">
  <code code="C13">
    <editdetail action="confirmed" attribution="Reuters BIP Coding Group" date="1997-06-20"/>
  </code>
  <code code="C24">
    <editdetail action="confirmed" attribution="Reuters BIP Coding Group" date="1997-06-20"/>
  </code>
  <code code="CCAT">
    <editdetail action="confirmed" attribution="Reuters BIP Coding Group" date="1997-06-20"/>
  </code>
</codes>
<dc element="dc.date.created" value="1997-06-20"/>
<dc element="dc.publisher" value="Reuters Holdings Plc"/>
<dc element="dc.date.published" value="1997-06-20"/>
<dc element="dc.source" value="Reuters"/>
<dc element="dc.creator.location" value="SYDNEY"/>
<dc element="dc.creator.location.country.name" value="AUSTRALIA"/>
<dc element="dc.source" value="Reuters"/>
</metadata>
</newsitem>
