<?xml version="1.0" encoding="ISO-8859-1" standalone="no"?>
<newsitem date="1997-06-20" id="root" itemid="677126" xml:lang="en">
<title>GERMANY: FOCUS - German experts slam plan to revalue reserves.</title>
<headline>FOCUS - German experts slam plan to revalue reserves.</headline>
<byline>Fiona Fleck</byline>
<dateline>BONN 1997-06-20</dateline>
<text>
<p>German economic experts warned the government on Friday that a plan to revalue central bank reserves could jeopardise European monetary union and said it might not solve Bonn's budgetary impasse.</p>
<p>But Economics Minister Guenter Rexrodt defended the plan hammered out in an agreement between Finance Minister Theo Waigel and Bundesbank President Hans Tietmeyer on Thursday as a legitimate way of boosting revenue.</p>
<p>And Chancellor Helmut Kohl's junior coalition partners, the Free Democrats (FDP), argued that the scheme, which could provide Bonn with well over 10 billion marks ($5.8 billion) in additional revenue, was not to fill budget gaps but to erase debt inherited from former communist East Germany.</p>
<p>Heiner Flassbeck, chief economist at the Berlin-based German Institute for Economic Research (DIW), said Bonn was conducting "a currency and economic policy bordering on the limits of respectability".</p>
<p>This could have dire consequences not only for Germany but for the rest of Europe in its drive for economic and monetary union (EMU), Flassbeck told the Neue Osnabruecker Zeitung daily.</p>
<p>"The whole thing is accompanied by a deflation policy, which will drag the whole of Europe into the same pot and undermine the foundations for European monetary union."</p>
<p>Flassbeck said there was no guarantee the European Union would recognise windfall profits from revaluation as a way of reducing the budget deficit when it chooses which countries qualify for EMU since this breached the principle of sustainability enshrined in the Maastricht Treaty.</p>
<p>Rolf Peffekoven, one of the "Five Wise Men" advising the government on economic policy, said that the scheme should not be overrated and that there was little chance it would improve Bonn's financial crisis.</p>
<p>"We need lasting and solid finances and this has not been achieved through this. The main problem in Germany remains the high budget deficit," Peffekoven told ZDF television.</p>
<p>He said that even if profits created by the revaluation reduced debt and improved public deficit figures, these would not be greatly improved.</p>
<p>Ingrid Matthaeus-Maier, finance expert for the opposition SPD, told MDR radio that the plan amounted to printing new banknotes which would not stop budget gaps but only perpetuate Bonn's "budget chaos".</p>
<p>"Profits on paper are to be transferred to the market -- this is just creating money. No problems are solved by it. In 1997 we will be short of 15 billion marks, in 1998 -- 32 billion marks. The (financial) chaos just goes on," she said.</p>
<p>Rexrodt hit back at critics, saying in an interview with German radio that the plan was "inevitable and legitimate". FDP economic expert Paul Friedhoff said it was "not to stop budget gaps but to retire debt".</p>
<p>The deal reflects a compromise allowing Bonn to benefit from the revaluation of foreign exchange reserves but leaves central bank gold reserves untouched until after the scheduled launch of EMU in 1999.</p>
<p>The Bundesbank on Thursday dismissed statements by sources in the Bonn coalition government who said Waigel and Tietmeyer agreed the central bank would revalue dollar reserves at a rate of at least 1.50 marks per dollar.</p>
<p>The dollar currently trades above 1.70 marks on the foreign exchange market.</p>
<p>The Bundesbank's currency reserves of $65.7 billion are thought to consist only of dollars and are currently booked at 1.3620 marks. Bonn coalition sources said this meant the central bank could transfer as much as 13 billion marks to the government next year as part of the deal.</p>
</text>
<copyright>(c) Reuters Limited 1997</copyright>
<metadata>
<codes class="bip:countries:1.0">
  <code code="EEC">
    <editdetail action="confirmed" attribution="Reuters BIP Coding Group" date="1997-06-20"/>
  </code>
  <code code="GFR">
    <editdetail action="confirmed" attribution="Reuters BIP Coding Group" date="1997-06-20"/>
  </code>
</codes>
<codes class="bip:topics:1.0">
  <code code="E51">
    <editdetail action="confirmed" attribution="Reuters BIP Coding Group" date="1997-06-20"/>
  </code>
  <code code="E513">
    <editdetail action="confirmed" attribution="Reuters BIP Coding Group" date="1997-06-20"/>
  </code>
  <code code="ECAT">
    <editdetail action="confirmed" attribution="Reuters BIP Coding Group" date="1997-06-20"/>
  </code>
  <code code="G15">
    <editdetail action="confirmed" attribution="Reuters BIP Coding Group" date="1997-06-20"/>
  </code>
  <code code="G151">
    <editdetail action="confirmed" attribution="Reuters BIP Coding Group" date="1997-06-20"/>
  </code>
  <code code="G154">
    <editdetail action="confirmed" attribution="Reuters BIP Coding Group" date="1997-06-20"/>
  </code>
  <code code="GCAT">
    <editdetail action="confirmed" attribution="Reuters BIP Coding Group" date="1997-06-20"/>
  </code>
</codes>
<dc element="dc.date.created" value="1997-06-20"/>
<dc element="dc.publisher" value="Reuters Holdings Plc"/>
<dc element="dc.date.published" value="1997-06-20"/>
<dc element="dc.source" value="Reuters"/>
<dc element="dc.creator.location" value="BONN"/>
<dc element="dc.creator.location.country.name" value="GERMANY"/>
<dc element="dc.source" value="Reuters"/>
</metadata>
</newsitem>
