<?xml version="1.0" encoding="ISO-8859-1" standalone="no"?>
<newsitem date="1997-06-20" id="root" itemid="676133" xml:lang="en">
<title>USA: UK's Blair seeks Clinton's backing on N. Ireland.</title>
<headline>UK's Blair seeks Clinton's backing on N. Ireland.</headline>
<byline>Alan Wheatley</byline>
<dateline>NEW YORK 1997-06-20</dateline>
<text>
<p>British Prime Minister Tony Blair will seek renewed support from U.S. President Bill Clinton for ways of advancing the Northern Ireland peace process ahead of a key statement to parliament next week, officials said on Friday.</p>
<p>They said Blair would discuss Northern Ireland with Clinton on Saturday on the fringes of the Group of Seven major industrialised nations annual summit in Denver, Colorado.</p>
<p>Britain broke off contacts with Sinn Fein, the political wing of the Irish Republican Army (IRA), this week after the outlawed guerrilla group killed two policemen in an ambush in the rural town of Lurgan, south-west of Belfast.</p>
<p>Blair recognises that the murder was a serious setback but is determined to redouble his efforts to put the peace process begun by his predecessor, former prime minister John Major, back on track, a senior official said.</p>
<p>"The prime minister's got ideas...He's determined that a way has to be found of going forward," the official said.</p>
<p>Recognising that U.S. opinion has an important bearing on the peace process, he will urge Clinton to use his influence to impress upon the IRA and Sinn Fein that its strategy of using violence and politics interchangeably is unacceptable.</p>
<p>Clinton has given strong backing in the past to the peace process and officials are confident he will do the same again.</p>
<p>"We are very pleased with the messages that have come through both publicly and privately from President Clinton," one official said.</p>
<p>The date for next week's parliamentary statement by the prime minister has not yet been fixed. Blair will brief the leaders of Britain's other political parties in advance.</p>
<p>Blair is looking for early indications from William Hague, who has replaced Major as leader of the main Conservative opposition party, that he will maintain the bipartisan approach to Northern Ireland that has prevailed in recent years.</p>
<p>Aides stopped short of portraying Blair's statement as an ultimatum to Sinn Fein and the IRA.</p>
<p>But they said he would warn them that the "peace settlement train" would leave without them unless the IRA restored unequivocally the truce it broke in February 1996 with a string of bomb attacks on the British mainland.</p>
<p>Blair will tell parliament that he regards the Lurgan murders as an act of sabotage bordering on betrayal in light of the political risk he took in authorising officials to hold explanatory talks with Sinn Fein.</p>
<p>To illustrate why he feels so strongly, Blair intends to spell out in some detail what one official called the "private context" of the decision to hold preliminary talks with Sinn Finn.</p>
</text>
<copyright>(c) Reuters Limited 1997</copyright>
<metadata>
<codes class="bip:countries:1.0">
  <code code="IRE">
    <editdetail action="confirmed" attribution="Reuters BIP Coding Group" date="1997-06-20"/>
  </code>
  <code code="UK">
    <editdetail action="confirmed" attribution="Reuters BIP Coding Group" date="1997-06-20"/>
  </code>
  <code code="USA">
    <editdetail action="confirmed" attribution="Reuters BIP Coding Group" date="1997-06-20"/>
  </code>
</codes>
<codes class="bip:topics:1.0">
  <code code="GCAT">
    <editdetail action="confirmed" attribution="Reuters BIP Coding Group" date="1997-06-20"/>
  </code>
  <code code="GDIP">
    <editdetail action="confirmed" attribution="Reuters BIP Coding Group" date="1997-06-20"/>
  </code>
  <code code="GPOL">
    <editdetail action="confirmed" attribution="Reuters BIP Coding Group" date="1997-06-20"/>
  </code>
  <code code="GVIO">
    <editdetail action="confirmed" attribution="Reuters BIP Coding Group" date="1997-06-20"/>
  </code>
</codes>
<dc element="dc.date.created" value="1997-06-20"/>
<dc element="dc.publisher" value="Reuters Holdings Plc"/>
<dc element="dc.date.published" value="1997-06-20"/>
<dc element="dc.source" value="Reuters"/>
<dc element="dc.creator.location" value="NEW YORK"/>
<dc element="dc.creator.location.country.name" value="USA"/>
<dc element="dc.source" value="Reuters"/>
</metadata>
</newsitem>
