<?xml version="1.0" encoding="ISO-8859-1" standalone="no"?>
<newsitem date="1997-06-20" id="root" itemid="676534" xml:lang="en">
<title>INDIA: India TELCO denies bonus rumour.</title>
<headline>India TELCO denies bonus rumour.</headline>
<dateline>BOMBAY 1997-06-20</dateline>
<text>
<p>India's largest truck maker Tata Engineering and Locomotive Company Ltd (TELCO) on Friday discounted rumours it was planning a bonus equity issue.</p>
<p>"There's no truth in bonus issue rumours," one company official told Reuters.  </p>
<p>TELCO shares jumped seven percent to 463 rupees at noon on rumours the company would shortly consider a bonus issue, traders said.</p>
<p>At 12.30 p.m. (0700 GMT) the share was trading at 454, up 20 rupees from Thursday's close.</p>
<p>--Bombay equities desk +91-22-265-9000</p>
</text>
<copyright>(c) Reuters Limited 1997</copyright>
<metadata>
<codes class="bip:countries:1.0">
  <code code="INDIA">
    <editdetail action="confirmed" attribution="Reuters BIP Coding Group" date="1997-06-20"/>
  </code>
</codes>
<codes class="bip:industries:1.0">
  <code code="I36200">
    <editdetail action="confirmed" attribution="Reuters BIP Coding Group" date="1997-06-20"/>
  </code>
</codes>
<codes class="bip:topics:1.0">
  <code code="C17">
    <editdetail action="confirmed" attribution="Reuters BIP Coding Group" date="1997-06-20"/>
  </code>
  <code code="C171">
    <editdetail action="confirmed" attribution="Reuters BIP Coding Group" date="1997-06-20"/>
  </code>
  <code code="CCAT">
    <editdetail action="confirmed" attribution="Reuters BIP Coding Group" date="1997-06-20"/>
  </code>
</codes>
<dc element="dc.date.created" value="1997-06-20"/>
<dc element="dc.publisher" value="Reuters Holdings Plc"/>
<dc element="dc.date.published" value="1997-06-20"/>
<dc element="dc.source" value="Reuters"/>
<dc element="dc.creator.location" value="BOMBAY"/>
<dc element="dc.creator.location.country.name" value="INDIA"/>
<dc element="dc.source" value="Reuters"/>
</metadata>
</newsitem>
