<?xml version="1.0" encoding="ISO-8859-1" standalone="no"?>
<newsitem date="1997-06-20" id="root" itemid="677021" xml:lang="en">
<title>USA: Eastern direct hogs mixed - USDA.</title>
<headline>Eastern direct hogs mixed - USDA.</headline>
<dateline>COLUMBIA, S.C. 1997-06-20</dateline>
<text>
<p>Values for US 1-2 and US 1-3, 220-260 lb barrows and gilts, in dollars per cwt. - USDA</p>
<p>Area	  Price Trend     Country	Plants	Est Rcpts</p>
<p>Georgia     steady-up 0.50  55.00-56.00  unq	    1,200</p>
<p>Tennessee   closed	    unq	    unq		  0</p>
<p>S Carolina  steady	    54.50	  unq		600</p>
<p>Kentucky    off 0.25-0.50   55.25-56.50  58.00-58.50  1,000</p>
<p>Today's estimate:     2,800	Last week actual:   3,700</p>
<p>Previous day actual:  4,100	Year ago actual:    2,200</p>
<p>((Chicago newsdesk 312 408 8720))</p>
</text>
<copyright>(c) Reuters Limited 1997</copyright>
<metadata>
<codes class="bip:countries:1.0">
  <code code="USA">
    <editdetail action="confirmed" attribution="Reuters BIP Coding Group" date="1997-06-20"/>
  </code>
</codes>
<codes class="bip:topics:1.0">
  <code code="M14">
    <editdetail action="confirmed" attribution="Reuters BIP Coding Group" date="1997-06-20"/>
  </code>
  <code code="M141">
    <editdetail action="confirmed" attribution="Reuters BIP Coding Group" date="1997-06-20"/>
  </code>
  <code code="MCAT">
    <editdetail action="confirmed" attribution="Reuters BIP Coding Group" date="1997-06-20"/>
  </code>
</codes>
<dc element="dc.date.created" value="1997-06-20"/>
<dc element="dc.publisher" value="Reuters Holdings Plc"/>
<dc element="dc.date.published" value="1997-06-20"/>
<dc element="dc.source" value="Reuters"/>
<dc element="dc.creator.location" value="COLUMBIA, S.C."/>
<dc element="dc.creator.location.country.name" value="USA"/>
<dc element="dc.source" value="Reuters"/>
</metadata>
</newsitem>
