<?xml version="1.0" encoding="ISO-8859-1" standalone="no"?>
<newsitem date="1997-06-20" id="root" itemid="676315" xml:lang="en">
<title>USA: US Plains fed cattle trade slow, steady - feedlots.</title>
<headline>US Plains fed cattle trade slow, steady - feedlots.</headline>
<dateline>CHICAGO 1997-06-20</dateline>
<text>
<p>U.S. Plains feedlot cattle sales near midday Friday were very slow at a top of $64.00 per cwt, unchanged from the bulk of this week's trade, feedlot sources said. There were a few sales this week at $64.25.</p>
<p>About 200 head of slaughter steers and heifers likely to grade select and choice sold in the Texas Panhandle and western Oklahoma area Friday following weekly sales near 93,400 there, sources said.</p>
<p>The Panhandle showlist was estimated near 81,500 head earlier in the week. There were no reported sales in Kansas Friday morning following weekly sales near 90,800 head. The showlist in Kansas had been pegged near 92,500.  </p>
<p>The $64.00 price this week was up $1.00 from last week, with gains attributed to a steep advance in wholesale beef prices. Beef values soared on tight packer stocks and demand from retailers booking orders for Independence Day holiday advertising features, market sources said.</p>
<p>By Thursday, choice beef weighing 700/850 lbs was quoted at $103.79 per cwt, up $5.67 since last Friday, USDA said.</p>
<p>However, beef prices at midday Friday were quoted down $0.10 to $0.37. Heavyweight choice was quoted at $103.42, down $0.37 from Thursday, USDA statistics showed.</p>
<p>((Bob Janis 312-048-8720))</p>
</text>
<copyright>(c) Reuters Limited 1997</copyright>
<metadata>
<codes class="bip:countries:1.0">
  <code code="USA">
    <editdetail action="confirmed" attribution="Reuters BIP Coding Group" date="1997-06-20"/>
  </code>
</codes>
<codes class="bip:topics:1.0">
  <code code="M14">
    <editdetail action="confirmed" attribution="Reuters BIP Coding Group" date="1997-06-20"/>
  </code>
  <code code="M141">
    <editdetail action="confirmed" attribution="Reuters BIP Coding Group" date="1997-06-20"/>
  </code>
  <code code="MCAT">
    <editdetail action="confirmed" attribution="Reuters BIP Coding Group" date="1997-06-20"/>
  </code>
</codes>
<dc element="dc.date.created" value="1997-06-20"/>
<dc element="dc.publisher" value="Reuters Holdings Plc"/>
<dc element="dc.date.published" value="1997-06-20"/>
<dc element="dc.source" value="Reuters"/>
<dc element="dc.creator.location" value="CHICAGO"/>
<dc element="dc.creator.location.country.name" value="USA"/>
<dc element="dc.source" value="Reuters"/>
</metadata>
</newsitem>
