<?xml version="1.0" encoding="ISO-8859-1" standalone="no"?>
<newsitem date="1997-06-20" id="root" itemid="677410" xml:lang="en">
<title>AUSTRALIA: Australian wool prices rise four percent in week.</title>
<headline>Australian wool prices rise four percent in week.</headline>
<dateline>SYDNEY 1997-06-20</dateline>
<text>
<p>Australin wool prices rose on average by a further four percent this week at sales in Sydney, Adeliade and Fremantle, the Australian Council of Wool Exporters said on Friday.</p>
<p>The two day selling schedule in each centre saw the market easing marginally on the second day after overheating on the first day where it appeared that a degree of panic buying occurred, it said in its weekly market review.</p>
<p>The eastern market indicator jumped 27 cents to end at 753 cents a kg clean, after touching a two-year high of 755 cents, while the western indicator rose 26 cents to 692 cents a kg.  </p>
<p>A total of 71,796 bales were offered with a pass in rate of six percent.</p>
<p>"Widespread competition from local processors and overseas markets for limited supplies was the continuing feature of auction sales," the council said.</p>
<p>It said the continuing depreciation of the Australian dollar helped cushion the effect of higher prices for overseas buyers.</p>
<p>The dollar has depreciated by 15 percent against the yen and by 4.5 percent against the US dollar since early May 1997, when the eastern market indicator was at 678 cents a kg clean, it said.  </p>
<p>Wool International said it sold 32,814 bales of stockpile wool in the the week, 94 percent of which was for September quarter delivery, and cut its stockpile to 1,573,860 bales.</p>
<p>In the futures market, a total of 414 contracts were traded in the 21 micron contract in the week ended June 19 and open interest increased by 12 contracts to close at 1,237.</p>
<p>The near August contract closed 39 cents up at 926 cents a kg clean.</p>
<p>Sales continue next week in Sydney and Melbourne with 72,000 bales rostered.</p>
<p>-- Sydney Newsroom 61-2 9373-1800</p>
</text>
<copyright>(c) Reuters Limited 1997</copyright>
<metadata>
<codes class="bip:countries:1.0">
  <code code="AUSTR">
    <editdetail action="confirmed" attribution="Reuters BIP Coding Group" date="1997-06-20"/>
  </code>
</codes>
<codes class="bip:topics:1.0">
  <code code="M14">
    <editdetail action="confirmed" attribution="Reuters BIP Coding Group" date="1997-06-20"/>
  </code>
  <code code="M141">
    <editdetail action="confirmed" attribution="Reuters BIP Coding Group" date="1997-06-20"/>
  </code>
  <code code="MCAT">
    <editdetail action="confirmed" attribution="Reuters BIP Coding Group" date="1997-06-20"/>
  </code>
</codes>
<dc element="dc.date.created" value="1997-06-20"/>
<dc element="dc.publisher" value="Reuters Holdings Plc"/>
<dc element="dc.date.published" value="1997-06-20"/>
<dc element="dc.source" value="Reuters"/>
<dc element="dc.creator.location" value="SYDNEY"/>
<dc element="dc.creator.location.country.name" value="AUSTRALIA"/>
<dc element="dc.source" value="Reuters"/>
</metadata>
</newsitem>
