<?xml version="1.0" encoding="ISO-8859-1" standalone="no"?>
<newsitem date="1997-06-20" id="root" itemid="675603" xml:lang="en">
<title>KENYA: Kenya scraps insurance cos' capital gains tax.</title>
<headline>Kenya scraps insurance cos' capital gains tax.</headline>
<dateline>NAIROBI 1997-06-20</dateline>
<text>
<p>Kenyan Finance Minister Musalia Mudavadi has scrapped a capital gains tax imposed on insurance companies' holdings of Nairobi Stock Exchange (NSE)-listed shares, a move industry officials saw as very progressive.</p>
<p>In his budget presentation to parliament on Thursday, Mudavadi said he removed the 35-percent tax to help capital markets grow and boost Kenya's status as an emerging market.</p>
<p>He also reduced stamp duty on primary issues by 60 percent on the NSE, but did not say what the new rate was.</p>
<p>Insurance companies and NSE executives said Mudavadi's measures were tailored to improve liquidity in the market and help create a more vibrant bourse.</p>
<p>"It's a very welcome development, which should be able to stir up insurance companies to trade actively in our market," said NSE chief executive Job Kihumba.</p>
<p>NSE capitalisation stands at $2.28 billion. About 20 to 25 percent is illiquid stock held by insurance companies who for a long time have adopted a buy-and-hold policy, officials said.</p>
<p>Ashok Shah, managing diretor at Apollo Insurance, said "we can now start trading (on the bourse). For a long time, the insurance industry was the only industry taxed for the profits made on investment."</p>
<p>The capital gains tax imposed on exchange-listed stocks was seen as punitive since individuals were not taxed on investment gains made at the NSE.</p>
<p>"There is a lot of interest in Kenya as an emerging market from foreigners, but a major problem we have had is the unavailability of stocks," a senior broker said.</p>
<p>But NSE chairman Jimnah Mbaru said reduction of stamp duty would cut the cost of raising capital on the bourse.</p>
<p>--Nairobi Newsroom ++254-2 330-261.</p>
</text>
<copyright>(c) Reuters Limited 1997</copyright>
<metadata>
<codes class="bip:countries:1.0">
  <code code="KENYA">
    <editdetail action="confirmed" attribution="Reuters BIP Coding Group" date="1997-06-20"/>
  </code>
</codes>
<codes class="bip:industries:1.0">
  <code code="I82000">
    <editdetail action="confirmed" attribution="Reuters BIP Coding Group" date="1997-06-20"/>
  </code>
  <code code="I83100">
    <editdetail action="confirmed" attribution="Reuters BIP Coding Group" date="1997-06-20"/>
  </code>
</codes>
<codes class="bip:topics:1.0">
  <code code="C13">
    <editdetail action="confirmed" attribution="Reuters BIP Coding Group" date="1997-06-20"/>
  </code>
  <code code="CCAT">
    <editdetail action="confirmed" attribution="Reuters BIP Coding Group" date="1997-06-20"/>
  </code>
  <code code="E12">
    <editdetail action="confirmed" attribution="Reuters BIP Coding Group" date="1997-06-20"/>
  </code>
  <code code="E21">
    <editdetail action="confirmed" attribution="Reuters BIP Coding Group" date="1997-06-20"/>
  </code>
  <code code="E211">
    <editdetail action="confirmed" attribution="Reuters BIP Coding Group" date="1997-06-20"/>
  </code>
  <code code="ECAT">
    <editdetail action="confirmed" attribution="Reuters BIP Coding Group" date="1997-06-20"/>
  </code>
  <code code="M11">
    <editdetail action="confirmed" attribution="Reuters BIP Coding Group" date="1997-06-20"/>
  </code>
  <code code="MCAT">
    <editdetail action="confirmed" attribution="Reuters BIP Coding Group" date="1997-06-20"/>
  </code>
</codes>
<dc element="dc.date.created" value="1997-06-20"/>
<dc element="dc.publisher" value="Reuters Holdings Plc"/>
<dc element="dc.date.published" value="1997-06-20"/>
<dc element="dc.source" value="Reuters"/>
<dc element="dc.creator.location" value="NAIROBI"/>
<dc element="dc.creator.location.country.name" value="KENYA"/>
<dc element="dc.source" value="Reuters"/>
</metadata>
</newsitem>
