<?xml version="1.0" encoding="ISO-8859-1" standalone="no"?>
<newsitem date="1997-06-20" id="root" itemid="675595" xml:lang="en">
<title>SOUTH AFRICA: Plessey wins six mln rand Zimbabwe order.</title>
<headline>Plessey wins six mln rand Zimbabwe order.</headline>
<dateline>CAPE TOWN 1997-06-20</dateline>
<text>
<p>The metering division of South Africa's Plessey Corp Ltd has received its first order from Zimbabwe for equipment worth more than six million rand.</p>
<p>Plessey said in a statement on Friday that the division had been awarded contracts to supply the Zimbabwe Electricity Supply Authority (ZESA) with Itron Inc hand-held meter reading equipment as well as 40,000 single-phase electricity meters.</p>
<p>This follows similar orders for electricity meter reading equipment from the Johannesburg Southern Metropolitan Council and the municipality of Regidiso in Zaire.</p>
<p>The hand-held meter reading equipment is supplied by Itron of the U.S. and France, for whom Plessey is the African agent.</p>
<p>Plessey metering general manager Mark Chewins said the system was designed to improve the accuracy of billing and to speed up billing time, thereby improving cashflow.</p>
<p>-- Cape Town newsroom +27 21 25-2238</p>
</text>
<copyright>(c) Reuters Limited 1997</copyright>
<metadata>
<codes class="bip:countries:1.0">
  <code code="SAFR">
    <editdetail action="confirmed" attribution="Reuters BIP Coding Group" date="1997-06-20"/>
  </code>
  <code code="ZIMBAB">
    <editdetail action="confirmed" attribution="Reuters BIP Coding Group" date="1997-06-20"/>
  </code>
</codes>
<codes class="bip:industries:1.0">
  <code code="I34420">
    <editdetail action="confirmed" attribution="Reuters BIP Coding Group" date="1997-06-20"/>
  </code>
</codes>
<codes class="bip:topics:1.0">
  <code code="C33">
    <editdetail action="confirmed" attribution="Reuters BIP Coding Group" date="1997-06-20"/>
  </code>
  <code code="CCAT">
    <editdetail action="confirmed" attribution="Reuters BIP Coding Group" date="1997-06-20"/>
  </code>
</codes>
<dc element="dc.date.created" value="1997-06-20"/>
<dc element="dc.publisher" value="Reuters Holdings Plc"/>
<dc element="dc.date.published" value="1997-06-20"/>
<dc element="dc.source" value="Reuters"/>
<dc element="dc.creator.location" value="CAPE TOWN"/>
<dc element="dc.creator.location.country.name" value="SOUTH AFRICA"/>
<dc element="dc.source" value="Reuters"/>
</metadata>
</newsitem>
