<?xml version="1.0" encoding="ISO-8859-1" standalone="no"?>
<newsitem date="1997-06-20" id="root" itemid="675839" xml:lang="en">
<title>MEXICO: Mexico stocks seen higher on carryover, peso soft.</title>
<headline>Mexico stocks seen higher on carryover, peso soft.</headline>
<dateline>MEXICO CITY 1997-06-20</dateline>
<text>
<p>Traders saw stocks opening with upside potential on Friday due to what they said was momentum from strong gains during the prior session and a positive international backdrop.</p>
<p>"It's still a bull market, we closed up with heavy volume yesterday, so more gains are likely," one desk trader said.</p>
<p>Technical analysts situated resistance for the IPC index at 4,370 points, compared to Thursday's close of 4,353.67.  </p>
<p>Traders said they expected the peso to open soft on month-end demand for dollars. They added they were also on the look-out for preliminary May trade data which may be released during the session.</p>
<p>Dealers forecast a trading range of 7.9450/7.9650 per dollar for the 48-hour peso. Pre-open bids stood at 7.9550/7.9575 per dollar, compared to Thursday's close of 7.9430/7.9460.</p>
<p>Overnight rates on Cetes were seen opening up from the prior close of 19.00 percent on liquidity pressures due to demand for cash for the weekend and corporate tax payments.</p>
<p>((--Martin Roberts, Mexico City newsroom +525 728-7907))</p>
</text>
<copyright>(c) Reuters Limited 1997</copyright>
<metadata>
<codes class="bip:countries:1.0">
  <code code="MEX">
    <editdetail action="confirmed" attribution="Reuters BIP Coding Group" date="1997-06-20"/>
  </code>
</codes>
<codes class="bip:topics:1.0">
  <code code="M11">
    <editdetail action="confirmed" attribution="Reuters BIP Coding Group" date="1997-06-20"/>
  </code>
  <code code="M13">
    <editdetail action="confirmed" attribution="Reuters BIP Coding Group" date="1997-06-20"/>
  </code>
  <code code="M131">
    <editdetail action="confirmed" attribution="Reuters BIP Coding Group" date="1997-06-20"/>
  </code>
  <code code="M132">
    <editdetail action="confirmed" attribution="Reuters BIP Coding Group" date="1997-06-20"/>
  </code>
  <code code="MCAT">
    <editdetail action="confirmed" attribution="Reuters BIP Coding Group" date="1997-06-20"/>
  </code>
</codes>
<dc element="dc.date.created" value="1997-06-20"/>
<dc element="dc.publisher" value="Reuters Holdings Plc"/>
<dc element="dc.date.published" value="1997-06-20"/>
<dc element="dc.source" value="Reuters"/>
<dc element="dc.creator.location" value="MEXICO CITY"/>
<dc element="dc.creator.location.country.name" value="MEXICO"/>
<dc element="dc.source" value="Reuters"/>
</metadata>
</newsitem>
