<?xml version="1.0" encoding="ISO-8859-1" standalone="no"?>
<newsitem date="1997-06-20" id="root" itemid="676365" xml:lang="en">
<title>FRANCE: New MATIF sugar contract has trades 232 on day one.</title>
<headline>New MATIF sugar contract has trades 232 on day one.</headline>
<dateline>PARIS 1997-06-20</dateline>
<text>
<p>French futures exchange MATIF notched up more than 200 trades on the first day of its new 100-ICUMSA sugar contract, the exchange reported Friday.</p>
<p>The new contract, announced May 23, is designed to offer hedging facilities for a lesser-quality type of sugar that better matches world trade flows than the existing contract, which is being upgraded to a 45 ICUMSA contract from October.</p>
<p>Icumsa (International Commission for Uniform Method of Sugar Analysis) ratings measure the colouring of sugar and are an indication of quality.</p>
<p>MATIF said the first month quoted, October, opened at $296/tonne on Friday before settling at $294.50 on contract volume of 130 lots.</p>
<p>The total market volume -- seen as active for a European commodity futures launch -- was 232 lots, compared with 590 lots on the old-style white sugar contract.</p>
<p>Sugars with ratings close to 100 are mainly produced in South America, Central America and Asia and currently account for over a third of world trade.</p>
<p>But they were only partially covered by contracts in New York, London, or Paris, MATIF said before the launch.</p>
<p>French officials said last week that Brazil and central America would be pivotal for the success of the new contract.</p>
<p>Bruno Guiot, commodities product manager at holding company Matif SA, said there was clearly demand for a 100-ICUMSA contract from the trade and major sugar producers.</p>
<p>"The world sugar market experienced a large move over 10 years and in the futures market nothing was done to reflect this," Guiot told a London news conference.</p>
<p>"The demand for this contract appeared two years ago when Brazil started to export these sugars in a massive way. Brazil and central America will play a key role," he said.</p>
<p>Brazil, Thailand and Guatemala have all roughly doubled their white sugar production since 1989/90.</p>
<p>Brazil's exports have surged by even more.</p>
<p>The French exchange is banking on succeeding with the new lesser-quality white sugar contract where New York's CSCE exchange failed.</p>
<p>Guiot said the huge activity in raw sugar futures in New York had prevented brokers there from putting resources into the development of any new contract.</p>
<p>The exchange acknowledges, however, that white sugar does present more technical problems than raw sugar.</p>
<p>Trading began in New York's white sugar futures contract, also with a maximum of 100-ICUMSA, on the CSCE last June.</p>
<p>But volume and open interest have been patchy.</p>
<p>MATIF has not given a volume target for the new contract.</p>
<p>But it estimates the total amount of white sugar which can theoretically be hedged against its new pit-based contract at five million tonnes a year.</p>
<p>That is equivalent to 100,000 lots or about 400 lots per trading day.</p>
<p>-- Paris newsroom +331 4221 5146</p>
</text>
<copyright>(c) Reuters Limited 1997</copyright>
<metadata>
<codes class="bip:countries:1.0">
  <code code="FRA">
    <editdetail action="confirmed" attribution="Reuters BIP Coding Group" date="1997-06-20"/>
  </code>
</codes>
<codes class="bip:topics:1.0">
  <code code="M14">
    <editdetail action="confirmed" attribution="Reuters BIP Coding Group" date="1997-06-20"/>
  </code>
  <code code="M141">
    <editdetail action="confirmed" attribution="Reuters BIP Coding Group" date="1997-06-20"/>
  </code>
  <code code="MCAT">
    <editdetail action="confirmed" attribution="Reuters BIP Coding Group" date="1997-06-20"/>
  </code>
</codes>
<dc element="dc.date.created" value="1997-06-20"/>
<dc element="dc.publisher" value="Reuters Holdings Plc"/>
<dc element="dc.date.published" value="1997-06-20"/>
<dc element="dc.source" value="Reuters"/>
<dc element="dc.creator.location" value="PARIS"/>
<dc element="dc.creator.location.country.name" value="FRANCE"/>
<dc element="dc.source" value="Reuters"/>
</metadata>
</newsitem>
