<?xml version="1.0" encoding="ISO-8859-1" standalone="no"?>
<newsitem date="1997-06-20" id="root" itemid="675583" xml:lang="en">
<title>SOUTH AFRICA: S.African textile industry says sell-off overdone.</title>
<headline>S.African textile industry says sell-off overdone.</headline>
<byline>Charles Phahlane</byline>
<dateline>JOHANNESBURG 1997-06-20</dateline>
<text>
<p>South Africa's textile industry said on Friday the beating it has taken on the Johannesburg Stock Exchange since the beginning of last year due to a rise in illegal imports and a sharp cut in tariff protection was overdone.</p>
<p>Since February 12, 1996 the clothing, footwear and textiles index has nearly halved from a record high 1,517.7 points to 883.7 points. In the same period, it underperformed the all-share index by 55 percent.</p>
<p>Textile Federation president Mervyn King told a media briefing that despite the tough times, companies still had confidence in the future.</p>
<p>Frame Group Holdings, of which he is chairman, had invested 300 million rand ($66.6 million) to upgrade and modernise its factory.</p>
<p>"It is important to understand that we have confidence in the industry. We have put our money where our mouth is because we believe there is massive growth potential in the future," King said. "Our mills are full, and we have started manufacturing 24 hours a day."</p>
<p>Government started a seven-year programme in 1996 to reduce industry tariffs to about 22 percent from 39 percent on fabrics, 15 percent from 28 percent on yarns and 30 percent from 49 percent on household textiles.</p>
<p>The World Trade Organisation had recommended a 12-year phasing down period.</p>
<p>The industry, which has an annual output of nine billion rand, was using the phasing-down period to upgrade its technology and investing about three billion rand in new equipment, King said.</p>
<p>Capital expenditure in 1995 was 800 million rand, grew to 1.1 billion rand in 1996 and was forecast at 700 million rand this year. About 400 million rand would be spent on upgrading worker skills and management methods.</p>
<p>"We have moved from a labour intensive to a technologically-driven industry," he said.</p>
<p>King said the capex and training efforts would improve efficiencies, reduce unit costs and lead to quicker response times and improved stockturns.</p>
<p>King said the market rating given to textile companies on the Johannesburg Stock Exchange was too low. Romatex Ltd was trading at a 73-percent discount to net asset value while Frame was trading at a 64-pcent discount.</p>
<p>"We believe the market rating is quite unwarranted," he said.</p>
<p>The industry is the country's sixth largest employer with 75,000 jobs though rationalisation has resulted in the loss of 3,000 jobs over the past 12 months.</p>
<p>"There is going to be rationalisation. The world is getting smaller and competition greater. While the number of (industry) players might shrink, we will become significant players in the world market," he said.</p>
<p>But he acknowledged that illegal imports resulting from a collapse of customs controls were pressuring margins.</p>
<p>"If the flow of illegal imports is not stemmed and customs controls not dramatically improved, the restructuring efforts of South Africa's manufacturing base will be undermined and manufacturers are likely to be irreversibly damaged, resulting in severe job losses," he said.</p>
<p>-- Johannesburg newsroom, +27 11 482 1003 ($ = 4.506 South African Rand)</p>
</text>
<copyright>(c) Reuters Limited 1997</copyright>
<metadata>
<codes class="bip:countries:1.0">
  <code code="SAFR">
    <editdetail action="confirmed" attribution="Reuters BIP Coding Group" date="1997-06-20"/>
  </code>
</codes>
<codes class="bip:industries:1.0">
  <code code="I43000">
    <editdetail action="confirmed" attribution="Reuters BIP Coding Group" date="1997-06-20"/>
  </code>
</codes>
<codes class="bip:topics:1.0">
  <code code="C15">
    <editdetail action="confirmed" attribution="Reuters BIP Coding Group" date="1997-06-20"/>
  </code>
  <code code="C152">
    <editdetail action="confirmed" attribution="Reuters BIP Coding Group" date="1997-06-20"/>
  </code>
  <code code="CCAT">
    <editdetail action="confirmed" attribution="Reuters BIP Coding Group" date="1997-06-20"/>
  </code>
</codes>
<dc element="dc.date.created" value="1997-06-20"/>
<dc element="dc.publisher" value="Reuters Holdings Plc"/>
<dc element="dc.date.published" value="1997-06-20"/>
<dc element="dc.source" value="Reuters"/>
<dc element="dc.creator.location" value="JOHANNESBURG"/>
<dc element="dc.creator.location.country.name" value="SOUTH AFRICA"/>
<dc element="dc.source" value="Reuters"/>
</metadata>
</newsitem>
