<?xml version="1.0" encoding="ISO-8859-1" standalone="no"?>
<newsitem date="1997-06-20" id="root" itemid="676199" xml:lang="en">
<title>USA: Central U.S. carlot pork at 1500 CDT - USDA.</title>
<headline>Central U.S. carlot pork at 1500 CDT - USDA.</headline>
<dateline>DES MOINES 1997-06-20</dateline>
<text>
<p>Fresh loins and butts steady to$1.00 higher; skinned hams steady to 1.00 higher; seedless bellies 12-14 lbs 2.00 higher, other sizes mostly steady; and lean trimmings steady. Trading slow to moderate, with light demand and offerings. - USDA</p>
<p>---</p>
<p>NOTE: 0.5 LD OF BUTTS TRADED AT $102.00.</p>
<p>-------------------------------------------------------</p>
<p>Loads PORK CUTS	     :     58.0</p>
<p>Loads TRIM/PROCESS PORK   :	5.5</p>
<p>	    Weight/lb  Lds   Price Range	  Wghtd avg</p>
<p>HAM, SKINNED, SELECTED</p>
<p>Fresh	17-20#    1.5		72.00	  72.00</p>
<p>Fresh	20-26#   24.5   64.00 -  70.00	  65.98</p>
<p>HAM, SKINNED, COMMODITY</p>
<p>Fresh	17-20#			 69.00	  69.00 B</p>
<p>Fresh	20-26#			 67.00	  67.00 B</p>
<p>BELLY, SDLS, SKIN-ON, FRESH</p>
<p>Fresh	10-12#			 73.00	  73.00 A</p>
<p>Fresh	12-14#    1.0		81.00	  81.00</p>
<p>Fresh	14-16#    9.0		81.00	  81.00</p>
<p>Fresh	16-18#    4.0		77.00	  77.00</p>
<p>Fresh	18-20#    3.0		73.00	  73.00</p>
<p>Fresh	20-25#			 68.00	  68.00 A</p>
<p>		  Weight/lb  Lds   Price Range	  Wghtd avg</p>
<p>PORK TRIMMINGS/BONELESS PROCESSING PORK (CHEMICAL LEAN):</p>
<p>Combo 42%  Fresh     1.0		43.00	  43.00</p>
<p>Combo 72%  Fresh     3.5   62.00 -  64.00	  62.86</p>
<p>PICNIC CUSHION MEAT</p>
<p>Combo 92%  Fresh			 103.00	 103.00 B</p>
<p>Boxed 92%  Frozen			110.00	 110.00 C</p>
<p>BONELESS PICNIC MEAT</p>
<p>Combo 72%  Fresh     1.0		69.00	  69.00</p>
<p>SKINNED JOWLS</p>
<p>Combo	Fresh			  34.00	  34.00 A</p>
<p>	    Weight/lb   Lds    Price Range	  Wghtd avg</p>
<p>LOINS, REGULAR, FRESH</p>
<p>14-18# *		  9.5  110.00 - 119.00	 114.53</p>
<p>1/4" Trim     14-18#  2.0  132.00 - 139.00	 135.75</p>
<p>1/8" Trim     14-18#  7.5  135.00 - 145.00	 138.73</p>
<p>18-22# *		  1.0	     108.00	 108.00</p>
<p>1/4" Trim   18-22#    1.0	     126.00	 126.00</p>
<p>combos 22/Up#				88.00	  88.00 B</p>
<p>LOIN, BNLS CNTR CUT</p>
<p>5-9#  Strap-on	  1.0  205.00 - 210.00	 207.50</p>
<p>5-9# Strap-off		 232.00 - 235.00	 234.50 B</p>
<p>BNLS SIRLOIN .75-1#	  166.00 - 181.00	 169.44 B</p>
<p>TENDERLOIN 1.25/DN#		     336.00	 336.00 B</p>
<p>PICNIC, FRESH</p>
<p>Smkr Trm, RS, combo   0.5		59.00	  59.00</p>
<p>Smkr Trm, SS, boxed			67.50	  67.50 C</p>
<p>Commodity    4-8 #			 44.00	  44.00 A</p>
<p>BOSTON BUTT   4-8 #   2.0		99.00	  99.00</p>
<p>1/4" Trim    4-8 #    2.0	     118.00	 118.00</p>
<p>SPARERIB, FRESH</p>
<p>1.5-3.5#		  1.0	     150.00	 150.00</p>
<p>3.5-5.5#				    129.00	 129.00 B</p>
<p>SPARERIB, FROZEN</p>
<p>1.5-3.5#				    143.00	 143.00 E</p>
<p>LOIN BACKRIB (BOXED)</p>
<p>FRSH/FRZN    1.5/DN#</p>
<p>1.75-2.00#				  293.00	 293.00 B</p>
<p>LOIN BACKRIB (COMBOS)</p>
<p>1.75/DN#				    304.00	 304.00 B</p>
<p>Note! (*) Reflects 1/4" or 1/8" trimmed product brought back to a regular commodity basis.</p>
<p>ABCDE after quotes represents days since last actual market test. Quotes are dropped after 5 days of no test or before if they no longer reflect current market conditions.</p>
<p>((Chicago newsdesk 312-408-8720))</p>
</text>
<copyright>(c) Reuters Limited 1997</copyright>
<metadata>
<codes class="bip:countries:1.0">
  <code code="USA">
    <editdetail action="confirmed" attribution="Reuters BIP Coding Group" date="1997-06-20"/>
  </code>
</codes>
<codes class="bip:topics:1.0">
  <code code="M14">
    <editdetail action="confirmed" attribution="Reuters BIP Coding Group" date="1997-06-20"/>
  </code>
  <code code="M141">
    <editdetail action="confirmed" attribution="Reuters BIP Coding Group" date="1997-06-20"/>
  </code>
  <code code="MCAT">
    <editdetail action="confirmed" attribution="Reuters BIP Coding Group" date="1997-06-20"/>
  </code>
</codes>
<dc element="dc.date.created" value="1997-06-20"/>
<dc element="dc.publisher" value="Reuters Holdings Plc"/>
<dc element="dc.date.published" value="1997-06-20"/>
<dc element="dc.source" value="Reuters"/>
<dc element="dc.creator.location" value="DES MOINES"/>
<dc element="dc.creator.location.country.name" value="USA"/>
<dc element="dc.source" value="Reuters"/>
</metadata>
</newsitem>
