<?xml version="1.0" encoding="ISO-8859-1" standalone="no"?>
<newsitem date="1997-06-20" id="root" itemid="677561" xml:lang="en">
<title>TAIWAN: President invests further $69 mln in China.</title>
<headline>President invests further $69 mln in China.</headline>
<dateline>TAIPEI 1997-06-20</dateline>
<text>
<p>Taiwan's food giant President Enterprises Corp, the island's top investor in China, said its shareholders' meeting on Friday approved plans to invest US$69.2 million more in mainland China.</p>
<p>The meeting also authorised the company's board to expand President's investment scale in China in gradual steps, as long as annual investment did not to exceed US$100 million, the firm said in a statement.</p>
<p>Shareholders agreed to issue a 1996 stock dividend of T$2 per share or a bonus issue of 200 shares for every 1,000 shares held, President said.  </p>
<p>The meeting approved four investment projects in China worth a total US$69.2 million, including a US$30 million plan to set up an investment holding company that would serve as President's headquarters in the mainland.</p>
<p>The firm would also invest US$22.2 million in a US$74 million joint venture to make beer.</p>
<p>President also planned to invest US$12 million in a hypermarket project, accounting for 45 percent of the joint venture, in Chongqing in the southwestern Sichuan province.</p>
<p>President also would pour US$5 million more into its existing food plant in the northeastern Shenyang city, the statement said.</p>
<p>President currently has some US$900 million invested in various projects in China.</p>
<p>Although Taipei requires all China investments to be routed indirectly through a third place to comply with a ban on direct ties, it remains concerned that its economy may become too dependent on China -- and hence politically vulnerable.  </p>
<p>Taipei has banned direct official contact with China since the end of a civil war in 1949 that left the mainland in communist control and Taiwan in the hands of the defeated Nationalists.</p>
<p>Despite Taiwan's ban on direct investment, indirect commerce across the Taiwan strait has flourished since a political thaw began in the late 1980s.</p>
<p>Some 30,000 Taiwan businesses have invested more than US$30 billion in China.  </p>
<p>Taipei said in late May it would ban investment in mainland infrastructure -- specifically water works, railways, harbours, airports and power plants.</p>
<p>-- Taipei newsroom (5080815)</p>
</text>
<copyright>(c) Reuters Limited 1997</copyright>
<metadata>
<codes class="bip:countries:1.0">
  <code code="CHINA">
    <editdetail action="confirmed" attribution="Reuters BIP Coding Group" date="1997-06-20"/>
  </code>
  <code code="TAIWAN">
    <editdetail action="confirmed" attribution="Reuters BIP Coding Group" date="1997-06-20"/>
  </code>
</codes>
<codes class="bip:industries:1.0">
  <code code="I41000">
    <editdetail action="confirmed" attribution="Reuters BIP Coding Group" date="1997-06-20"/>
  </code>
</codes>
<codes class="bip:topics:1.0">
  <code code="C11">
    <editdetail action="confirmed" attribution="Reuters BIP Coding Group" date="1997-06-20"/>
  </code>
  <code code="CCAT">
    <editdetail action="confirmed" attribution="Reuters BIP Coding Group" date="1997-06-20"/>
  </code>
</codes>
<dc element="dc.date.created" value="1997-06-20"/>
<dc element="dc.publisher" value="Reuters Holdings Plc"/>
<dc element="dc.date.published" value="1997-06-20"/>
<dc element="dc.source" value="Reuters"/>
<dc element="dc.creator.location" value="TAIPEI"/>
<dc element="dc.creator.location.country.name" value="TAIWAN"/>
<dc element="dc.source" value="Reuters"/>
</metadata>
</newsitem>
