<?xml version="1.0" encoding="ISO-8859-1" standalone="no"?>
<newsitem date="1997-06-20" id="root" itemid="675663" xml:lang="en">
<title>YUGOSLAVIA: Yugo Sartid to privatise in autumn - official.</title>
<headline>Yugo Sartid to privatise in autumn - official.</headline>
<dateline>BELGRADE 1997-06-20</dateline>
<text>
<p>Yugoslavia's iron and steel mill Sartid of Smederevo will begin a lengthy and complex ownership transformation process in autumn this year, a ruling Serbian Socialist Party (SPS) official said on Friday.</p>
<p>"The privatisation process in Sartid will start next October," Dusan Matkovic, president of the SPS Council for Economic Reforms, told a news conference.</p>
<p>Matkovic said the company's privatisation programme was made more than year and a half ago with a help of Deloitte &amp; Touche consulting firm.</p>
<p>"We have assessed the value of the capital too. But, I assume it would be some $1.5 billion now," said Matkovic, till recently Sartid's chief executive.</p>
<p>Serbia on Thursday presented a final version of its first draft privatisation law expected to be passed by the end of the month. It is to become effective from October 31.</p>
<p>Under the law, strategically important state-controlled companies like Sartid will be transformed under a special programme and need government approval.</p>
<p>Matkovic said there were few foreign partners interested to obtain company's shares through capitalisation.</p>
<p>"There is one partner from Germany and one from Italy who are ready to invest $100 million each," Matkovic said but declined to give any more details.</p>
<p>He said the privatisation of Sartid steel works would last for a long time. "Privatisation of steel works is a very complex issue".</p>
<p>After a virtual standstill of nearly four years due to the international war-related sanctions imposed on Yugoslavia in May 1992, production in Smederevo complex restarted in March last year.</p>
<p>The company produced 750,000 tonnes of steel and steel plates and sheets by the end of March this year thanks to foreign credits approved by banks from Switzerland and Lebanon.</p>
<p>The bulk of Sartid's 1996 production worth $85 million was exported.</p>
<p>The plant's export income in January stood at $20 million and in February $15 million.</p>
<p>The company plans to produce one million tonnes of steel and steel products in 1997. -- Gordana Kukic, Belgrade Newsroom +381 11 222 4254</p>
</text>
<copyright>(c) Reuters Limited 1997</copyright>
<metadata>
<codes class="bip:countries:1.0">
  <code code="YUG">
    <editdetail action="confirmed" attribution="Reuters BIP Coding Group" date="1997-06-20"/>
  </code>
</codes>
<codes class="bip:industries:1.0">
  <code code="I22100">
    <editdetail action="confirmed" attribution="Reuters BIP Coding Group" date="1997-06-20"/>
  </code>
</codes>
<codes class="bip:topics:1.0">
  <code code="C18">
    <editdetail action="confirmed" attribution="Reuters BIP Coding Group" date="1997-06-20"/>
  </code>
  <code code="C183">
    <editdetail action="confirmed" attribution="Reuters BIP Coding Group" date="1997-06-20"/>
  </code>
  <code code="CCAT">
    <editdetail action="confirmed" attribution="Reuters BIP Coding Group" date="1997-06-20"/>
  </code>
</codes>
<dc element="dc.date.created" value="1997-06-20"/>
<dc element="dc.publisher" value="Reuters Holdings Plc"/>
<dc element="dc.date.published" value="1997-06-20"/>
<dc element="dc.source" value="Reuters"/>
<dc element="dc.creator.location" value="BELGRADE"/>
<dc element="dc.creator.location.country.name" value="YUGOSLAVIA"/>
<dc element="dc.source" value="Reuters"/>
</metadata>
</newsitem>
