<?xml version="1.0" encoding="ISO-8859-1" standalone="no"?>
<newsitem date="1997-06-20" id="root" itemid="677461" xml:lang="en">
<title>INDONESIA: Indonesia shipping - Tanjung Priok - June 20.</title>
<headline>Indonesia shipping - Tanjung Priok - June 20.</headline>
<text>
<p>Vessels at Tanjung Priok Port,</p>
<p>Jakarta Summary:</p>
<p>Vessels unloading : 24   Vessels loading : 9</p>
<p>---------------------------------------------------------------</p>
<p>Name	    Arrival     Scheduled    P/Origin    Unloading Grt</p>
<p>		  Date/Time   departure    P/Dest	Loading</p>
<p>---------------------------------------------------------------</p>
<p>Sinfa	   20-06-97    21-06-97     Tanjung-    heavy-</p>
<p>8,937	   0700	  0800	   Mani	  equipment</p>
<p>Lian Lestari				   S'pore	987 tns</p>
<p>									 -</p>
<p>---------------------------------------------------------------</p>
<p>TK.SLH-2309+  19-06-97    20-06-97     S'pore	wire rod</p>
<p>TB.DA80-12    1300	  1500	   S'pore	2,221 tns</p>
<p>1,425								  -</p>
<p>Mutiara Nusa Bahari</p>
<p>---------------------------------------------------------------</p>
<p>Levantgracht  20-06-97    21-06-97     Albania     soyabean</p>
<p>6,037	   1400	  1500	   S'pore	20,600 tns</p>
<p>Gosan Niaga Jaya						   -</p>
<p>---------------------------------------------------------------</p>
<p>Adtya Gopal   19-06-97    29-06-97     Brazillia   clinker</p>
<p>26,824	  2100	  2300	   Brazilia    24,000 tns</p>
<p>Gesury Lloyd							 -</p>
<p>---------------------------------------------------------------</p>
<p>Myoh Yang-2   19-06-97    25-06-97     Bangkok     g.cargo</p>
<p>12,298	  2000	  1500	   Bangkok     4,200 tns</p>
<p>Pan Asia Express Line					    -</p>
<p>---------------------------------------------------------------</p>
<p>Kemerovo	20-06-97    21-06-97     Belawan     crude oil</p>
<p>18,627	  1200	  1200	   S'pore	25,402 tns</p>
<p>Karana Line							  -</p>
<p>---------------------------------------------------------------</p>
<p>Tambang-VII   20-06-97    20-06-97     S'pore	container</p>
<p>2,340	   0900	  1700	   S'pore	42 teus</p>
<p>Sutera Biru Line					     container</p>
<p>								   70 teus</p>
<p>---------------------------------------------------------------</p>
<p>CJN-III 28    20-06-97    21-06-97     S'pore	container</p>
<p>3,256	   0900	  0900	   Panjang     22 teus</p>
<p>Bahari Haluan Samudera				     container</p>
<p>								   150 teus</p>
<p>---------------------------------------------------------------</p>
<p>Hanjin Seoul  20-06-97    21-06-97     HongKong    container</p>
<p>17,676	  0100	  0700	   T.Perak     500 teus</p>
<p>Bumi Laut Shipping					   container</p>
<p>								   472 teus</p>
<p>---------------------------------------------------------------</p>
<p>Derajat	 20-06-97    20-06-97     S'pore	container</p>
<p>4,988	   0900	  2100	   Panjang     118 teus</p>
<p>Samudera Indonesia					   container</p>
<p>								   170 teus</p>
<p>---------------------------------------------------------------</p>
<p>Eagle Quest   20-06-97    20-06-97     Inchoen     cars timor</p>
<p>28,078	  0900	  2300	   S'pore	1,200 units</p>
<p>Karana Line							  -</p>
<p>---------------------------------------------------------------</p>
<p>---------------------------------------------------------------</p>
<p>Pasific-	19-06-97    01-07-97     Fremantle   scrapt metal</p>
<p>Splendor	1500	  1500	   S'pore	22,493 tns</p>
<p>24,791								 -</p>
<p>Bahtera Adhiguna</p>
<p>---------------------------------------------------------------</p>
<p>Kota Mewah    19-06-97    20-06-97     S'pore	container</p>
<p>15,689	  0400	  2300	   S'pore	678 teus</p>
<p>Djakarta Lloyd						 container</p>
<p>								   780 teus</p>
<p>---------------------------------------------------------------</p>
<p>Uni Obtain    19-06-97    20-06-97     Manila	container</p>
<p>19,698	  0300	  0800	   S'pore	349 teus</p>
<p>Jaya Kusuma Perdana Line				   container</p>
<p>								   500 teus</p>
<p>---------------------------------------------------------------</p>
<p>ST Irene	19-06-97    20-06-97     HongKong    container</p>
<p>9,601	   0700	  0800	   T.Perak     268 teus</p>
<p>Amas Nusa Persada					    container</p>
<p>								   375 teus</p>
<p>---------------------------------------------------------------</p>
<p>Cape Sable    19-06-97    20-06-97     HongKong    container</p>
<p>10,917	  1400	  0700	   HongKong    181 teus</p>
<p>Trisna Muda Sejati					   container</p>
<p>								   225 teus</p>
<p>---------------------------------------------------------------</p>
<p>Liu Bou	 18-06-97    21-06-97     Qing Dao    soda ash in</p>
<p>3,995	   0800	  0800	   T.Perak     bags</p>
<p>Admiral Line						   4,013 tns</p>
<p>									 -</p>
<p>---------------------------------------------------------------</p>
<p>Bogasari-     18-06-97    21-06-97     Kuwait	cereal</p>
<p>Empat	   1500	  2000	   Kuwait	22,334 tns</p>
<p>21,021								 -</p>
<p>Bogasari</p>
<p>---------------------------------------------------------------</p>
<p>Dragon-	 18-06-97    20-06-97     S'pore	container</p>
<p>Sumbawa	 0700	  0100	   S'pore	765 teus</p>
<p>21,213							   container</p>
<p>Pulau Laut						     650 teus</p>
<p>---------------------------------------------------------------</p>
<p>Sea Resource  15-06-97    23-06-97     Bangkok     pig iron</p>
<p>16,703	  0100	  0100	   S'pore	11,000 tns</p>
<p>Samudera Indonesia						 -</p>
<p>---------------------------------------------------------------</p>
<p>Asean Glory   13-06-97    22-06-97     Bangkok     clinker</p>
<p>12,916	  0800	  1500	   Bangkok     2,100 tns</p>
<p>Andhika Line							 -</p>
<p>---------------------------------------------------------------</p>
<p>Saqqara	 12-06-97    20-06-97     Mexico	klinker</p>
<p>24,541	  1000	  0800	   Mexico	36,750 tns</p>
<p>Pan Asia Express Line					    -</p>
<p>---------------------------------------------------------------</p>
<p>--Jakarta Newsroom +6221 384-6364</p>
</text>
<copyright>(c) Reuters Limited 1997</copyright>
<metadata>
<codes class="bip:countries:1.0">
  <code code="INDON">
    <editdetail action="confirmed" attribution="Reuters BIP Coding Group" date="1997-06-20"/>
  </code>
</codes>
<codes class="bip:topics:1.0">
  <code code="M14">
    <editdetail action="confirmed" attribution="Reuters BIP Coding Group" date="1997-06-20"/>
  </code>
  <code code="MCAT">
    <editdetail action="confirmed" attribution="Reuters BIP Coding Group" date="1997-06-20"/>
  </code>
</codes>
<dc element="dc.publisher" value="Reuters Holdings Plc"/>
<dc element="dc.date.published" value="1997-06-20"/>
<dc element="dc.source" value="Reuters"/>
<dc element="dc.creator.location.country.name" value="INDONESIA"/>
<dc element="dc.source" value="Reuters"/>
</metadata>
</newsitem>
