<?xml version="1.0" encoding="ISO-8859-1" standalone="no"?>
<newsitem date="1997-06-20" id="root" itemid="676187" xml:lang="en">
<title>USA: Third wave of tobacco suits led to settlement.</title>
<headline>Third wave of tobacco suits led to settlement.</headline>
<dateline>WASHINGTON 1997-06-20</dateline>
<text>
<p>By Gail Appleson, Law Correspondent</p>
<p>The unprecented number of attacks on the tobacco industry that led to Friday's historic settlement comprises the third wave of litigation aimed at proving cigarette companies hid the health risks of smoking.</p>
<p>This latest wave, which began in 1994, differs from the first two in that most cases focus on the addictive nature of nicotine and allegations that the tobacco industry manipulates the level of nicotine to keep smokers hooked.</p>
<p>The first two waves were from 1954 to 1973 and 1983 to 1992, according to lawyers who have tracked cases against the tobacco industry. The earlier personal injury cases against the industry failed as jurors repeatedly viewed smoking as a matter of choice and blamed individuals for their decision to start smoking and inability to stop.</p>
<p>Jury consultants believe that this attitude is changing due to internal tobacco documents, which have been surfacing since 1994, that critics say appear to indicate that the industry viewed cigarettes as nicotine delivery devices and purposely marketed the products to children.</p>
<p>There have only been two times in which a jury has awarded damages to a plaintiff.</p>
<p>The first was the landmark Cipollone case, which was the first tobacco case reviewed by the U.S. Supreme Court. In that case, a federal jury in Newark, N.J., in 1988 awarded $400,000 to the husband of Rose Cipollone, who died of lung cancer. She had smoked for 42 years and was 58 when she died in 1984, a year after the lawsuit was filed.</p>
<p>The second award was given by a Jacksonville, Fla., jury on Aug. 9, 1996. It awarded $750,000 to a man who smoked for 44 years before developing lung cancer. The jury said the Lucky Strikes he smoked were a defective product and that manufacturer Brown &amp; Williamson Tobacco Corp. was negligent by failing to inform the public about health risks of smoking.</p>
<p>The earlier Cipollone case was argued twice before the Supreme Court and resulted in a June 24, 1992, landmark ruling that the federally mandated warning on cigarette packages did not protect tobacco companies from personal injury suits.</p>
<p>In its ruling, the nation's highest court overturned a finding by the 3rd U.S. Circuit Court of Appeals in Philadelphia that smokers could not sue cigarette companies for injuries that stemmed from their smoking after Jan. 1, 1966, when the warning law took effect.</p>
<p>The Supreme Court sent the Cipollone case back for retrial in New Jersey, but the lawsuit was dropped in 1992 when the law firm that had been representing the plaintiffs could no longer afford to fight the tobacco industry.</p>
<p>The same firm filed another significant tobacco lawsuit in 1984 on behalf of Susan Haines, who sued the industry over her father's death from lung cancer. The firm also withdrew from the Haines case but it is now being handled by the Charleston, S.C., firm of Ness, Motley, Loadholt, Richardson &amp; Poole, which is active in other tobacco cases.</p>
<p>The Haines case, which is pending in a federal court in Newark, N.J., is important because certain internal tobacco documents obtained in its discovery stage resulted in a controversial public rebuke of the tobacco industry by the then-trial judge and led to at least one of the ongoing federal criminal probes.</p>
<p>In 1992, H. Lee Sarokin, who was a federal district judge then, reviewed the sealed documents and said "the tobacco industry may be the king of concealment and disinformation" and that the documents contained evidence of fraud.</p>
<p>Some of those documents also were among sensitive papers turned over by the Liggett Group as part of its March 1997 settlement with state attorneys general suing to recoup Medicaid costs of smokers.</p>
<p>Although the Supreme Court's ruling in Cipollone and Sarokin's revelations about the documents in Haines were expected to open the door to a flood of litigation against cigarette companies, the industry remained successful in fighting off lawsuits with its seemingly bottomless war chest.</p>
<p>The picture changed drastically in early 1994 with the wide publicity of internal tobacco documents concerning the industry's knowledge about nicotine and addiction.</p>
<p>Since that time, attacks on the industry have mounted rapidly with hundreds of individual and class-action lawsuits being filed across the country. One lawyer in Florida, for example, boasts of more than 1,000 clients.</p>
<p>The industry suffered a harsh blow in April 1997 when a federal judge upheld the U.S. Food and Drug Administration's authority to regulate cigarettes as a drug delivery device.</p>
<p>Another devastating attack came from the state Medicaid lawsuits. Mississippi Attorney General Mike Moore, the first of the attorneys general to file in 1994, encouraged a majority of his colleagues to join the battle. Moore has been a key negotiator in the historic settlement with the industry.</p>
<p>Even with the settlement of civil lawsuits, the industry still faces the threat of criminal action. The Justice Department continues its investigation into whether the tobacco companies and its executives have lied to Congress and federal agencies about the health risks of smoking.</p>
</text>
<copyright>(c) Reuters Limited 1997</copyright>
<metadata>
<codes class="bip:countries:1.0">
  <code code="USA">
    <editdetail action="confirmed" attribution="Reuters BIP Coding Group" date="1997-06-20"/>
  </code>
</codes>
<codes class="bip:industries:1.0">
  <code code="I42900">
    <editdetail action="confirmed" attribution="Reuters BIP Coding Group" date="1997-06-20"/>
  </code>
  <code code="I83960">
    <editdetail action="confirmed" attribution="Reuters BIP Coding Group" date="1997-06-20"/>
  </code>
</codes>
<codes class="bip:topics:1.0">
  <code code="C12">
    <editdetail action="confirmed" attribution="Reuters BIP Coding Group" date="1997-06-20"/>
  </code>
  <code code="CCAT">
    <editdetail action="confirmed" attribution="Reuters BIP Coding Group" date="1997-06-20"/>
  </code>
  <code code="GCAT">
    <editdetail action="confirmed" attribution="Reuters BIP Coding Group" date="1997-06-20"/>
  </code>
  <code code="GCRIM">
    <editdetail action="confirmed" attribution="Reuters BIP Coding Group" date="1997-06-20"/>
  </code>
  <code code="GHEA">
    <editdetail action="confirmed" attribution="Reuters BIP Coding Group" date="1997-06-20"/>
  </code>
</codes>
<dc element="dc.date.created" value="1997-06-20"/>
<dc element="dc.publisher" value="Reuters Holdings Plc"/>
<dc element="dc.date.published" value="1997-06-20"/>
<dc element="dc.source" value="Reuters"/>
<dc element="dc.creator.location" value="WASHINGTON"/>
<dc element="dc.creator.location.country.name" value="USA"/>
<dc element="dc.source" value="Reuters"/>
</metadata>
</newsitem>
