<?xml version="1.0" encoding="ISO-8859-1" standalone="no"?>
<newsitem date="1997-06-20" id="root" itemid="677085" xml:lang="en">
<title>USA: U.S. wins order revoking citizenship of Nazi.</title>
<headline>U.S. wins order revoking citizenship of Nazi.</headline>
<dateline>WASHINGTON 1997-06-19</dateline>
<text>
<p>A federal judge has revoked the citizenship of a 79-year-old Crown Point, Indiana, man after finding that he was a member of a Nazi death squad during the Second World War, the U.S. Justice Department said on Thursday.</p>
<p>U.S. District Court Judge James Moody found on Wednesday that Kazys "Casey" Ciurinskas, 79, persecuted civilians while serving as a member of the infamous 2nd Lithuanian "Schutzmannschaft" Battalion, which murdered thousands of Jews and others in German-occupied Belarus and Lithuania.</p>
<p>The court also found that Ciurinskas procured his U.S. visa and U.S. citizenship by fraud that he lacked the good moral character necessary to become a U.S. citizen.</p>
<p>Ciurinskas emigrated to the United States from Germany in 1949 and was naturalised as a U.S. citizen in 1955.</p>
<p>Eli Rosenbaum, director of the Office of Special Investigations at the Justice Department's Criminal Division, said the decision "provides further proof that Hitler's henchmen can still be brought to the bar of justice despite the many years that have passed since the Third Reich's infamous crimes were perpetrated."</p>
<p>To date, 60 participants in Nazi-sponsored persecution have been stripped of U.S. citizenship and 42 have been deported. Rosenbaum said some 300 people remain under investigation.</p>
<p>A deportation proceeding against another member of the 2nd Battalion, Juozos Naujalis, was scheduled to start in Chicago in August.</p>
</text>
<copyright>(c) Reuters Limited 1997</copyright>
<metadata>
<codes class="bip:countries:1.0">
  <code code="BYELRS">
    <editdetail action="confirmed" attribution="Reuters BIP Coding Group" date="1997-06-20"/>
  </code>
  <code code="GFR">
    <editdetail action="confirmed" attribution="Reuters BIP Coding Group" date="1997-06-20"/>
  </code>
  <code code="LITH">
    <editdetail action="confirmed" attribution="Reuters BIP Coding Group" date="1997-06-20"/>
  </code>
  <code code="USA">
    <editdetail action="confirmed" attribution="Reuters BIP Coding Group" date="1997-06-20"/>
  </code>
</codes>
<codes class="bip:topics:1.0">
  <code code="GCAT">
    <editdetail action="confirmed" attribution="Reuters BIP Coding Group" date="1997-06-20"/>
  </code>
  <code code="GCRIM">
    <editdetail action="confirmed" attribution="Reuters BIP Coding Group" date="1997-06-20"/>
  </code>
</codes>
<dc element="dc.date.created" value="1997-06-19"/>
<dc element="dc.publisher" value="Reuters Holdings Plc"/>
<dc element="dc.date.published" value="1997-06-20"/>
<dc element="dc.source" value="Reuters"/>
<dc element="dc.creator.location" value="WASHINGTON"/>
<dc element="dc.creator.location.country.name" value="USA"/>
<dc element="dc.source" value="Reuters"/>
</metadata>
</newsitem>
