<?xml version="1.0" encoding="ISO-8859-1" standalone="no"?>
<newsitem date="1997-06-20" id="root" itemid="676692" xml:lang="en">
<title>USA: Samsonite has new $250 mln credit line.</title>
<headline>Samsonite has new $250 mln credit line.</headline>
<dateline>DENVER 1997-06-20</dateline>
<text>
<p>Samsonite Corp said Friday it has a new bank credit agreement with a group of U.S. and European lending institutions for a five-year revolving credit facility of up to $250 million.</p>
<p>The company said the new agreement provides for terms more favorable than the previous agreement, and with more operating flexibility and the ability to borrow in dollars or in several other currencies as its future requirements dictate.</p>
<p>The new credit facility was arranged by BankBoston Securities Inc, and the group of lenders is led by BankBoston NA, as administrative agent.</p>
<p>Generale Bank NV will serve as documentation agent and Credit Lyonnais New York Branch as syndication agent. Bank of America Illinois, Banque Nationale de Paris, and Kredietbank NV shall serve as co-agents under this bank facility.</p>
<p>Samsonite makes and sells luggage.</p>
</text>
<copyright>(c) Reuters Limited 1997</copyright>
<metadata>
<codes class="bip:countries:1.0">
  <code code="USA">
    <editdetail action="confirmed" attribution="Reuters BIP Coding Group" date="1997-06-20"/>
  </code>
</codes>
<codes class="bip:topics:1.0">
  <code code="C17">
    <editdetail action="confirmed" attribution="Reuters BIP Coding Group" date="1997-06-20"/>
  </code>
  <code code="C173">
    <editdetail action="confirmed" attribution="Reuters BIP Coding Group" date="1997-06-20"/>
  </code>
  <code code="CCAT">
    <editdetail action="confirmed" attribution="Reuters BIP Coding Group" date="1997-06-20"/>
  </code>
</codes>
<dc element="dc.date.created" value="1997-06-20"/>
<dc element="dc.publisher" value="Reuters Holdings Plc"/>
<dc element="dc.date.published" value="1997-06-20"/>
<dc element="dc.source" value="Reuters"/>
<dc element="dc.creator.location" value="DENVER"/>
<dc element="dc.creator.location.country.name" value="USA"/>
<dc element="dc.source" value="Reuters"/>
</metadata>
</newsitem>
