<?xml version="1.0" encoding="ISO-8859-1" standalone="no"?>
<newsitem date="1997-06-20" id="root" itemid="676770" xml:lang="en">
<title>GREECE: ALPHA CREDIT BANK SETS RATES ON FOREX LOANS.</title>
<headline>ALPHA CREDIT BANK SETS RATES ON FOREX LOANS.</headline>
<dateline>ATHENS 1997-06-20</dateline>
<text>
<p>Alpha Credit Bank said</p>
<p>its prime rate for foreign currency loans (Alpha 605 accounts)</p>
<p>effective Monday June 23, will have as follows:</p>
<p>Alpha Credit Bank reviews its lending rates weekly.</p>
<p>    Yen	    :  2.55 percent</p>
<p>    US Dollars   :  7.70 percent</p>
<p>Swiss franc  :  3.30 percent</p>
<p>    Mark	   :  5.10 percent</p>
<p>    Ecu	    :  6.15 percent</p>
<p>Alpha Credit Bank said the maximum add-on remained unchanged</p>
<p>at 4.5 percent.</p>
<p>--George Georgiopoulos, Athens Newsroom +301 3311812-4</p>
</text>
<copyright>(c) Reuters Limited 1997</copyright>
<metadata>
<codes class="bip:countries:1.0">
  <code code="GREECE">
    <editdetail action="confirmed" attribution="Reuters BIP Coding Group" date="1997-06-20"/>
  </code>
</codes>
<codes class="bip:industries:1.0">
  <code code="I81402">
    <editdetail action="confirmed" attribution="Reuters BIP Coding Group" date="1997-06-20"/>
  </code>
</codes>
<codes class="bip:topics:1.0">
  <code code="C31">
    <editdetail action="confirmed" attribution="Reuters BIP Coding Group" date="1997-06-20"/>
  </code>
  <code code="CCAT">
    <editdetail action="confirmed" attribution="Reuters BIP Coding Group" date="1997-06-20"/>
  </code>
</codes>
<dc element="dc.date.created" value="1997-06-20"/>
<dc element="dc.publisher" value="Reuters Holdings Plc"/>
<dc element="dc.date.published" value="1997-06-20"/>
<dc element="dc.source" value="Reuters"/>
<dc element="dc.creator.location" value="ATHENS"/>
<dc element="dc.creator.location.country.name" value="GREECE"/>
<dc element="dc.source" value="Reuters"/>
</metadata>
</newsitem>
