<?xml version="1.0" encoding="ISO-8859-1" standalone="no"?>
<newsitem date="1997-06-20" id="root" itemid="676674" xml:lang="en">
<title>USA: Fed expected to refrain from open market operation.</title>
<headline>Fed expected to refrain from open market operation.</headline>
<dateline>NEW YORK 1997-06-20</dateline>
<text>
<p>The Federal Reserve is likely to refrain from open market operations on Friday, analysts said.</p>
<p>Analysts said the banking systems need for reserves had been met by the Fed's temporary addition of reserves on Thursday through seven-day fixed system repurchase agreements.</p>
<p>"I'm looking for no Fed today," said Patricia Thrapp, vice president at Aubrey G. Lanston &amp; Co. Inc. "I think the seven-day system (that the Fed conducted on Thursday) will satisfy the add need."  </p>
<p>Thrapp said the Treasury's deposits at the Fed would climb after the weekend, draining reserves from the banking system and creating a need for more additions of reserves next week.</p>
<p>"And there continues to be a possibility of outright purchases by the Fed," she said.</p>
<p>Fed funds were trading at 5-7/16 percent, below the Fed's 5-1/2 percent target for the rate, at mid-morning.</p>
<p>(( -- N.A. Treasury Desk, 212-859-1679 ))</p>
</text>
<copyright>(c) Reuters Limited 1997</copyright>
<metadata>
<codes class="bip:countries:1.0">
  <code code="USA">
    <editdetail action="confirmed" attribution="Reuters BIP Coding Group" date="1997-06-20"/>
  </code>
</codes>
<codes class="bip:topics:1.0">
  <code code="M13">
    <editdetail action="confirmed" attribution="Reuters BIP Coding Group" date="1997-06-20"/>
  </code>
  <code code="M131">
    <editdetail action="confirmed" attribution="Reuters BIP Coding Group" date="1997-06-20"/>
  </code>
  <code code="MCAT">
    <editdetail action="confirmed" attribution="Reuters BIP Coding Group" date="1997-06-20"/>
  </code>
</codes>
<dc element="dc.date.created" value="1997-06-20"/>
<dc element="dc.publisher" value="Reuters Holdings Plc"/>
<dc element="dc.date.published" value="1997-06-20"/>
<dc element="dc.source" value="Reuters"/>
<dc element="dc.creator.location" value="NEW YORK"/>
<dc element="dc.creator.location.country.name" value="USA"/>
<dc element="dc.source" value="Reuters"/>
</metadata>
</newsitem>
