<?xml version="1.0" encoding="ISO-8859-1" standalone="no"?>
<newsitem date="1997-06-20" id="root" itemid="677514" xml:lang="en">
<title>MALAYSIA: Petronas to sign gas deal with Exxon unit.</title>
<headline>Petronas to sign gas deal with Exxon unit.</headline>
<dateline>KUALA LUMPUR 1997-06-20</dateline>
<text>
<p>Malaysian national oil firm Petronas on Friday said that it will sign an agreement on a new gas production-sharing contract with a unit of Exxon Corp on Monday.</p>
<p>"Petronas is pleased to inform that it has reached an agreement with Esso Production Malaysia and Petronas Carigali Sdn Bhd on the main terms of a new gas production-sharing contract," a statement by Petroliam Nasional (Petronas) said.</p>
<p>The agreement will be signed by Petronas president and chief executive Hassan Marican; Philip Dingle, Esso Production chairman and chief executive of Esso Companies in Malaysia; and Petronas Carigali's managing director and chief executive Mohamad Idris Mansor.</p>
<p>Exxon's chairman and chief executive, Lee Raymond will also be present, said the statement.</p>
<p>A Petronas spokesman declined to provide details of the agreement. Esso could not be immediately contacted.</p>
</text>
<copyright>(c) Reuters Limited 1997</copyright>
<metadata>
<codes class="bip:countries:1.0">
  <code code="MALAY">
    <editdetail action="confirmed" attribution="Reuters BIP Coding Group" date="1997-06-20"/>
  </code>
  <code code="USA">
    <editdetail action="confirmed" attribution="Reuters BIP Coding Group" date="1997-06-20"/>
  </code>
</codes>
<codes class="bip:industries:1.0">
  <code code="I13000">
    <editdetail action="confirmed" attribution="Reuters BIP Coding Group" date="1997-06-20"/>
  </code>
  <code code="I1300003">
    <editdetail action="confirmed" attribution="Reuters BIP Coding Group" date="1997-06-20"/>
  </code>
  <code code="I14000">
    <editdetail action="confirmed" attribution="Reuters BIP Coding Group" date="1997-06-20"/>
  </code>
</codes>
<codes class="bip:topics:1.0">
  <code code="C33">
    <editdetail action="confirmed" attribution="Reuters BIP Coding Group" date="1997-06-20"/>
  </code>
  <code code="CCAT">
    <editdetail action="confirmed" attribution="Reuters BIP Coding Group" date="1997-06-20"/>
  </code>
</codes>
<dc element="dc.date.created" value="1997-06-20"/>
<dc element="dc.publisher" value="Reuters Holdings Plc"/>
<dc element="dc.date.published" value="1997-06-20"/>
<dc element="dc.source" value="Reuters"/>
<dc element="dc.creator.location" value="KUALA LUMPUR"/>
<dc element="dc.creator.location.country.name" value="MALAYSIA"/>
<dc element="dc.source" value="Reuters"/>
</metadata>
</newsitem>
