<?xml version="1.0" encoding="ISO-8859-1" standalone="no"?>
<newsitem date="1997-06-20" id="root" itemid="677339" xml:lang="en">
<title>UK: HSBC firm as Hang Seng hits new record.</title>
<headline>HSBC firm as Hang Seng hits new record.</headline>
<dateline>LONDON 1997-06-20</dateline>
<text>
<p>Shares in HSBC Holdings Plc jumped Friday morning, tracking the strong performance of the banking sector in Hong Kong.</p>
<p>By 0750 GMT the stock was up 38p to 18.87-1/2 stg.</p>
<p>In Hong Kong the Hang Seng soared 4.26 percent to 15,124.51 points, touching a new all-time high of 15,139.04 points as pre-handover euphoria swept through the market.</p>
<p>HSBC Holdings in Hong Kong rose HK$6 to HK$ 232.</p>
<p>Hank Seng Bank led the strong surge of the banking sector on rumours that after the handover a mainland company could buy a stake in the bank. The stock was up HK$12.75 to HK$109.50.</p>
<p>HSBC dismissed the talk, saying it had no plans to change its shareholding in the subsidiary.</p>
<p>Elsewhere, Standard &amp; Chartered Plc rose 11p to 910-1/2p.</p>
<p>-- London Newsroom, +44 171 542 7717</p>
</text>
<copyright>(c) Reuters Limited 1997</copyright>
<metadata>
<codes class="bip:countries:1.0">
  <code code="HKONG">
    <editdetail action="confirmed" attribution="Reuters BIP Coding Group" date="1997-06-20"/>
  </code>
  <code code="UK">
    <editdetail action="confirmed" attribution="Reuters BIP Coding Group" date="1997-06-20"/>
  </code>
</codes>
<codes class="bip:industries:1.0">
  <code code="I81402">
    <editdetail action="confirmed" attribution="Reuters BIP Coding Group" date="1997-06-20"/>
  </code>
</codes>
<codes class="bip:topics:1.0">
  <code code="C15">
    <editdetail action="confirmed" attribution="Reuters BIP Coding Group" date="1997-06-20"/>
  </code>
  <code code="C152">
    <editdetail action="confirmed" attribution="Reuters BIP Coding Group" date="1997-06-20"/>
  </code>
  <code code="CCAT">
    <editdetail action="confirmed" attribution="Reuters BIP Coding Group" date="1997-06-20"/>
  </code>
</codes>
<dc element="dc.date.created" value="1997-06-20"/>
<dc element="dc.publisher" value="Reuters Holdings Plc"/>
<dc element="dc.date.published" value="1997-06-20"/>
<dc element="dc.source" value="Reuters"/>
<dc element="dc.creator.location" value="LONDON"/>
<dc element="dc.creator.location.country.name" value="UK"/>
<dc element="dc.source" value="Reuters"/>
</metadata>
</newsitem>
