<?xml version="1.0" encoding="ISO-8859-1" standalone="no"?>
<newsitem date="1997-06-20" id="root" itemid="676843" xml:lang="en">
<title>UK: FORECAST - ASDA sales momentum continues.</title>
<headline>FORECAST - ASDA sales momentum continues.</headline>
<dateline>LONDON 1997-06-20</dateline>
<text>
<p>British supermarket retailer ASDA Group Plc is likely to check in a rise in year profits and dividend when it reports results on June 26 and should show its momentum continuing, analysts said.</p>
<p>"They could be a very good set of results. ASDA's had a pretty good last few months and start to the year, we are looking for a fairly confident statement on prospects," said one analyst who asked not to be identified.</p>
<p>ASDA's annual pretax profits are seen between 344-355 million stg, up from 304.6 million a year ago and it should pay out a dividend of 2.83-3.1 pence per share compared with 2.65 pence.</p>
<p>ASDA, turned round from heavy debts under the leadership of the charismatic Archie Norman, currently chairman, has cornered a niche in the market for quality at low prices.</p>
<p>Analysts said that although the company's surging sales rises of its recovery period are likely to have slowed, ASDA should still be pushing turnover.</p>
<p>"New store openings, a recovery in petrol sales, increased sales of own-label and non-food items have all helped to boost sales," the analyst said.</p>
<p>ASDA does not usually provide a current trading statement with results.</p>
<p>Analysts said Allan Leighton, the new chief executive who has been Norman's deputy for several years, is seen as a safe pair of hands and likely to retain reforms.</p>
<p>"ASDA's likely to reiterate its stance of simple food selling, without diversification into financial services like some of its competitors," the analyst said.</p>
<p>ASDA is the only one of the big four UK supermarkets which does not have a nationwide loyalty card.</p>
<p>-- Jo Winterbottom, London Newsroom +44 171 542 7717</p>
</text>
<copyright>(c) Reuters Limited 1997</copyright>
<metadata>
<codes class="bip:countries:1.0">
  <code code="UK">
    <editdetail action="confirmed" attribution="Reuters BIP Coding Group" date="1997-06-20"/>
  </code>
</codes>
<codes class="bip:industries:1.0">
  <code code="I64100">
    <editdetail action="confirmed" attribution="Reuters BIP Coding Group" date="1997-06-20"/>
  </code>
</codes>
<codes class="bip:topics:1.0">
  <code code="C15">
    <editdetail action="confirmed" attribution="Reuters BIP Coding Group" date="1997-06-20"/>
  </code>
  <code code="C152">
    <editdetail action="confirmed" attribution="Reuters BIP Coding Group" date="1997-06-20"/>
  </code>
  <code code="CCAT">
    <editdetail action="confirmed" attribution="Reuters BIP Coding Group" date="1997-06-20"/>
  </code>
</codes>
<dc element="dc.date.created" value="1997-06-20"/>
<dc element="dc.publisher" value="Reuters Holdings Plc"/>
<dc element="dc.date.published" value="1997-06-20"/>
<dc element="dc.source" value="Reuters"/>
<dc element="dc.creator.location" value="LONDON"/>
<dc element="dc.creator.location.country.name" value="UK"/>
<dc element="dc.source" value="Reuters"/>
</metadata>
</newsitem>
