<?xml version="1.0" encoding="ISO-8859-1" standalone="no"?>
<newsitem date="1997-06-20" id="root" itemid="675697" xml:lang="en">
<title>SLOVAKIA: Slovak bourse's downtrend shows no signs of ending.</title>
<headline>Slovak bourse's downtrend shows no signs of ending.</headline>
<dateline>BRATISLAVA 1997-06-20</dateline>
<text>
<p>The Bratislava Stock Exchange's (BSE) downtrend continued on Friday, with a slide in major shares pushing the SAX index down 0.15 points to a year-low of 170.70.</p>
<p>Only 236 shares were traded on the BSE listed floor, with steel maker VSZ, usually the most liquid issue, matching only 17 shares as it closed down four crowns at 621.</p>
<p>Other blue chips such as bank VUB and oil refinery Slovnaft, either did not trade, or eased on insignificant volumes.</p>
<p>Brokers said they saw little evidence that the current lack of liquidity would change in the near future due to a lack of investor interest and the usual summer slowdown.</p>
<p>Overall, volume increased to 696,634 shares, from 277,632 shares traded on Thursday, while turnover jumped to 440.57 million crowns, from 73.77 million.</p>
<p>Both volume and turnover were boosted by some heavy direct deals and portfolio transactions, dealers said.</p>
</text>
<copyright>(c) Reuters Limited 1997</copyright>
<metadata>
<codes class="bip:countries:1.0">
  <code code="SLVAK">
    <editdetail action="confirmed" attribution="Reuters BIP Coding Group" date="1997-06-20"/>
  </code>
</codes>
<codes class="bip:topics:1.0">
  <code code="M11">
    <editdetail action="confirmed" attribution="Reuters BIP Coding Group" date="1997-06-20"/>
  </code>
  <code code="MCAT">
    <editdetail action="confirmed" attribution="Reuters BIP Coding Group" date="1997-06-20"/>
  </code>
</codes>
<dc element="dc.date.created" value="1997-06-20"/>
<dc element="dc.publisher" value="Reuters Holdings Plc"/>
<dc element="dc.date.published" value="1997-06-20"/>
<dc element="dc.source" value="Reuters"/>
<dc element="dc.creator.location" value="BRATISLAVA"/>
<dc element="dc.creator.location.country.name" value="SLOVAKIA"/>
<dc element="dc.source" value="Reuters"/>
</metadata>
</newsitem>
