<?xml version="1.0" encoding="ISO-8859-1" standalone="no"?>
<newsitem date="1997-06-20" id="root" itemid="676325" xml:lang="en">
<title>USA: CBOT soymeal, soyoil lower on new crop prospects.</title>
<headline>CBOT soymeal, soyoil lower on new crop prospects.</headline>
<dateline>CHICAGO 1997-06-20</dateline>
<text>
<p>CBOT soymeal and soyoil futures edged lower at midsession Friday, under pressure from good prospects for next year's soybean crop, traders said.</p>
<p>The soy products followed soybeans lower, as that market was pressured by weather.</p>
<p>Weather for the weekend is expected to be favorable for devlopment of the new crop. Forecasters see high temperatures in the 80s and 90s Fahrenheit and widespread rains.</p>
<p>Traders were also waiting for July options to expire at 1201 CDT. After expiry, the markets typically move to the most active strike prices.</p>
<p>Rumors that China bought 125,000 tonnes of U.S. soymeal for July/August delivery were greeted with skepticism by soymeal dealers and exporters offered no confirmation of the business.</p>
<p>In early soymeal trade, Griffin Trading sold 200 lots December, Cargill bought 100 July and LIT bought 100 December, pit traders said. In soyoil, ADM bought 100 August and Merrill Lynch and Prudential Securities each sold 100 December.</p>
<p>At 1120 CDT, July soymeal was down $3.50 at $270.40 and other months were down $1.00 to $2.30. July soyoil dipped 0.10 cent a lb to 22.94 cents and other months fell 0.10 to 0.20.</p>
<p>((Anna Driver 312-408-8720))</p>
</text>
<copyright>(c) Reuters Limited 1997</copyright>
<metadata>
<codes class="bip:countries:1.0">
  <code code="USA">
    <editdetail action="confirmed" attribution="Reuters BIP Coding Group" date="1997-06-20"/>
  </code>
</codes>
<codes class="bip:topics:1.0">
  <code code="M14">
    <editdetail action="confirmed" attribution="Reuters BIP Coding Group" date="1997-06-20"/>
  </code>
  <code code="M141">
    <editdetail action="confirmed" attribution="Reuters BIP Coding Group" date="1997-06-20"/>
  </code>
  <code code="MCAT">
    <editdetail action="confirmed" attribution="Reuters BIP Coding Group" date="1997-06-20"/>
  </code>
</codes>
<dc element="dc.date.created" value="1997-06-20"/>
<dc element="dc.publisher" value="Reuters Holdings Plc"/>
<dc element="dc.date.published" value="1997-06-20"/>
<dc element="dc.source" value="Reuters"/>
<dc element="dc.creator.location" value="CHICAGO"/>
<dc element="dc.creator.location.country.name" value="USA"/>
<dc element="dc.source" value="Reuters"/>
</metadata>
</newsitem>
