<?xml version="1.0" encoding="ISO-8859-1" standalone="no"?>
<newsitem date="1997-06-20" id="root" itemid="676520" xml:lang="en">
<title>INDIA: Indian castor prices fall on rising arrivals.</title>
<headline>Indian castor prices fall on rising arrivals.</headline>
<dateline>BOMBAY 1997-06-20</dateline>
<text>
<p>Indian castorseed September delivery prices on Friday lost earlier gains, falling to 1,141/1,142 rupees per quintal from 1,149/1,150 rupees, dealers said.</p>
<p>Absence of fresh overseas buying and sustained pressure on arrivals at producing centres prompted fresh bull liquidation.</p>
<p>"Foreign buyers particularly from Europe are seeking Indian castoroil at 675 dollars per tonne for the long delivery but demand for near delivery is virtually absent," said Dilip Thakkar, a leading operator.</p>
<p>Groundnut oil was steady at 356/357 rupees per 10 kg amid limited arrivals of 40/50 tonnes while physical buying was at a low ebb.</p>
<p>In Rajkot spot groundnut oil moved down by five rupees at 550/555 rupees per 15 kg. In Bombay imported palm oil rose by 2/3 rupees at 268/269 rupees per 10 kg amid limited offerings by local importers following reports of a rally in the world market.</p>
<p>-- Bombay Commodities +91-22-265 9000</p>
</text>
<copyright>(c) Reuters Limited 1997</copyright>
<metadata>
<codes class="bip:countries:1.0">
  <code code="INDIA">
    <editdetail action="confirmed" attribution="Reuters BIP Coding Group" date="1997-06-20"/>
  </code>
</codes>
<codes class="bip:topics:1.0">
  <code code="M14">
    <editdetail action="confirmed" attribution="Reuters BIP Coding Group" date="1997-06-20"/>
  </code>
  <code code="M141">
    <editdetail action="confirmed" attribution="Reuters BIP Coding Group" date="1997-06-20"/>
  </code>
  <code code="MCAT">
    <editdetail action="confirmed" attribution="Reuters BIP Coding Group" date="1997-06-20"/>
  </code>
</codes>
<dc element="dc.date.created" value="1997-06-20"/>
<dc element="dc.publisher" value="Reuters Holdings Plc"/>
<dc element="dc.date.published" value="1997-06-20"/>
<dc element="dc.source" value="Reuters"/>
<dc element="dc.creator.location" value="BOMBAY"/>
<dc element="dc.creator.location.country.name" value="INDIA"/>
<dc element="dc.source" value="Reuters"/>
</metadata>
</newsitem>
