<?xml version="1.0" encoding="ISO-8859-1" standalone="no"?>
<newsitem date="1997-06-20" id="root" itemid="676656" xml:lang="en">
<title>USA: Spiegel CEO, president Shea to retire.</title>
<headline>Spiegel CEO, president Shea to retire.</headline>
<dateline>DOWNERS GROVE, Ill. 1997-06-20</dateline>
<text>
<p>Spiegel Inc, which posted a loss in the first quarter and has launched an overhaul of its flagship catalog, said Friday president and chief executive John Shea would take early retirement.</p>
<p>Shea, whose retirement was to be effective July 3, had planned to leave the company next March on his 60th birthday, the company said.  </p>
<p>But Shea decided now was an appropriate time to leave because the expansion of Spiegel's Eddie Bauer division has been successful and a reorganization of its flagship Spiegel catalog already was underway, Spiegel said in a statement.</p>
<p>Spiegel said it formed an office of the president including three existing Spiegel executives.</p>
<p>Harold Dahlstrand, a board member and senior vice president of human resources, was to serve as chairman of the office of president, Spiegel said. Michael Moran, general counsel, and James Sievers, chief financial officer, also were named to the office.</p>
<p>Last year, Spiegel lost $13.4 million, or $0.12 a share. During the first quarter, the company's loss more than doubled to $31 million, or $0.28 a share.</p>
<p>In April, the company said it would overhaul the merchandise offerings and the layout of its Spiegel catalog.</p>
<p>John Irvin will remain president and chief executive of Spiegel catalog, the company said. Likewise, Richard Fersch and George Ittner will remain president and chief executive of the company's Eddie Bauer and Newport News units respectively, Spiegel said.</p>
<p>		 -- Reuter Chicago Newsdesk 312-408-8787</p>
</text>
<copyright>(c) Reuters Limited 1997</copyright>
<metadata>
<codes class="bip:countries:1.0">
  <code code="USA">
    <editdetail action="confirmed" attribution="Reuters BIP Coding Group" date="1997-06-20"/>
  </code>
</codes>
<codes class="bip:industries:1.0">
  <code code="I65400">
    <editdetail action="confirmed" attribution="Reuters BIP Coding Group" date="1997-06-20"/>
  </code>
</codes>
<codes class="bip:topics:1.0">
  <code code="C41">
    <editdetail action="confirmed" attribution="Reuters BIP Coding Group" date="1997-06-20"/>
  </code>
  <code code="C411">
    <editdetail action="confirmed" attribution="Reuters BIP Coding Group" date="1997-06-20"/>
  </code>
  <code code="CCAT">
    <editdetail action="confirmed" attribution="Reuters BIP Coding Group" date="1997-06-20"/>
  </code>
</codes>
<dc element="dc.date.created" value="1997-06-20"/>
<dc element="dc.publisher" value="Reuters Holdings Plc"/>
<dc element="dc.date.published" value="1997-06-20"/>
<dc element="dc.source" value="Reuters"/>
<dc element="dc.creator.location" value="DOWNERS GROVE, Ill."/>
<dc element="dc.creator.location.country.name" value="USA"/>
<dc element="dc.source" value="Reuters"/>
</metadata>
</newsitem>
