<?xml version="1.0" encoding="ISO-8859-1" standalone="no"?>
<newsitem date="1997-06-20" id="root" itemid="677245" xml:lang="en">
<title>BELGIUM: U.S. wants to boost humanitarian demining drive.</title>
<headline>U.S. wants to boost humanitarian demining drive.</headline>
<byline>Geert De Clercq</byline>
<dateline>BRUSSELS 1997-06-20</dateline>
<text>
<p>The United States wants to give more help to third-world countries trying to remove anti-personnel landmines, and is encouraging them to set up action centres to coordinate the aid.</p>
<p>"Our policy is to work with the international community to assist countries with a land mine problem, helping them to develop the capability to rid themselves of mines," James Dale Sampson, head of the U.S. Defence Department's Humanitarian Demining Program for Europe and Africa, told Reuters on Friday.</p>
<p>Sampson was the keynote speaker at a seminar on Thursday and Friday entitled "U.S. technology and humanitarian demining" organised by U.S. magazines Defense Week and White House Weekly.</p>
<p>The demining seminar came ahead of a diplomatic conference in Brussels next week which will try to prepare a treaty for a global ban on mines.</p>
<p>The U.S. Defence Department will spend $20 million on demining operations this year, not including the salaries of its troops, and has asked for the budget to be increased to $25 million next year.</p>
<p>U.S. troops themselves do not carry out demining operations but train people in host countries to clear land mines. It has helped set up demining operations in Cambodia, Laos, Ethiopia, Eritrea, Rwanda, Namibia, Mozambique, Honduras, Costa Rica and Nicaragua, while assessment mission are under way in Yemen and Angola.</p>
<p>"It makes no difference whether the U.S. has had an adverserial relationship with the country, it is purely a humanitarian action," Sampson said.</p>
<p>Military or commercial demining is not covered by the programme.</p>
<p>As assistance with humanitarian demining is offered by several national governments, the United Nations, non- governmental organisations (NGOs) and private firms, the U.S. encourages countries to set up structures to coordinate the aid.</p>
<p>"Every country with a mine problem should set up a mine action centre," said Dennis Barlow, director of the James Madison University (JMU) Humanitarian Demining Centre in Harrisonburg, Virginia, told Reuters. The centre is sponsored by the Defence Department.</p>
<p>Barlow said that mine action centres could coordinate the use of equipment and different demining approaches.</p>
<p>The U.S., for instance, insists that all mines are blown up at the place where they are discovered, in order to prevent them being used elsewhere. Many NGO's gather mines in one place and then blow them up collectively.</p>
<p>Mines are among the cheapest weapons to make, but once they are laid, finding and destroying them is a labour-intensive, expensive and dangerous exercise.</p>
<p>There are some 110 million mines in the ground in 68 countries, killing about 26,000 people per year, the seminar organisers said. Experts have estimated the average cost of removing each mine is about $1,000.</p>
<p>Metal detectors and probes are no longer the only tools for clearing mines. Experts at the seminar presented a range of high-tech devices, from autonomous robots and supersonic air blasts to chemical sensing and ground-penetrating radar.</p>
<p>Meanwhile, new mines are being laid at a rate of 20 for every one cleared, the seminar organisers said.</p>
<p>Diplomatic efforts to get a ban on land mines have so far have been unsuccesful.</p>
<p>Next week's Brussels Conference on a Global Ban on Antipersonnel Mines, part of a series of talks started in Ottawa, Canada last year, hopes to get at least 45 states to sign a treaty for a total ban on mines by the end of this year.</p>
<p>The U.S. is not expected to sign that treaty, although it will send observers to the conference. China and Russia, the main producers and users of mines, are ignoring it altogether.</p>
<p>Separately, a U.N.-sponsored Conference on Disarmament in Geneva is also trying to start talks about a global ban on arms, but progress there is even slower because of political bickering between the participating nations.</p>
</text>
<copyright>(c) Reuters Limited 1997</copyright>
<metadata>
<codes class="bip:countries:1.0">
  <code code="USA">
    <editdetail action="confirmed" attribution="Reuters BIP Coding Group" date="1997-06-20"/>
  </code>
</codes>
<codes class="bip:topics:1.0">
  <code code="GCAT">
    <editdetail action="confirmed" attribution="Reuters BIP Coding Group" date="1997-06-20"/>
  </code>
  <code code="GDEF">
    <editdetail action="confirmed" attribution="Reuters BIP Coding Group" date="1997-06-20"/>
  </code>
  <code code="GDIP">
    <editdetail action="confirmed" attribution="Reuters BIP Coding Group" date="1997-06-20"/>
  </code>
</codes>
<dc element="dc.date.created" value="1997-06-20"/>
<dc element="dc.publisher" value="Reuters Holdings Plc"/>
<dc element="dc.date.published" value="1997-06-20"/>
<dc element="dc.source" value="Reuters"/>
<dc element="dc.creator.location" value="BRUSSELS"/>
<dc element="dc.creator.location.country.name" value="BELGIUM"/>
<dc element="dc.source" value="Reuters"/>
</metadata>
</newsitem>
