<?xml version="1.0" encoding="ISO-8859-1" standalone="no"?>
<newsitem date="1997-06-20" id="root" itemid="676989" xml:lang="en">
<title>USA: Fed Funds effective/range-Federal Reserve Bank-NY.</title>
<headline>Fed Funds effective/range-Federal Reserve Bank-NY.</headline>
<text>
<p>date   effec   trading range  !  date   effec   trading range</p>
<p>06/19   5.50   5.375 - 6.000  !  06/05   5.51   5.4375- 5.750</p>
<p>06/18   5.43   5.000 - 5.750  !  06/04   5.40   3.000 - 6.000</p>
<p>06/17   5.46   3.500 - 5.750  !  06/03   5.42   5.000 - 6.000</p>
<p>06/16   6.22   5.250 - 9.000  !  06/02   5.63   5.000 - 6.000</p>
<p>06/13   5.56   5.375 - 6.000  !  05/30   5.58   4.000 - 5.750</p>
<p>06/12   5.58   4.250 - 5.750  !  05/29   5.56   5.375 - 5.750</p>
<p>06/11   5.50   4.875 - 5.750  !  05/28   5.52   5.000 - 5.750</p>
<p>06/10   5.59   5.375 - 10.00  !  05/27   5.59   5.375 - 6.000</p>
<p>06/09   5.51   5.4375- 5.750  !  05/23   5.36   5.125 - 5.625</p>
<p>06/06   5.42   5.000 - 5.750  !  05/22   5.48   5.250 - 5.5625</p>
</text>
<copyright>(c) Reuters Limited 1997</copyright>
<metadata>
<codes class="bip:countries:1.0">
  <code code="USA">
    <editdetail action="confirmed" attribution="Reuters BIP Coding Group" date="1997-06-20"/>
  </code>
</codes>
<codes class="bip:topics:1.0">
  <code code="M13">
    <editdetail action="confirmed" attribution="Reuters BIP Coding Group" date="1997-06-20"/>
  </code>
  <code code="M131">
    <editdetail action="confirmed" attribution="Reuters BIP Coding Group" date="1997-06-20"/>
  </code>
  <code code="MCAT">
    <editdetail action="confirmed" attribution="Reuters BIP Coding Group" date="1997-06-20"/>
  </code>
</codes>
<dc element="dc.publisher" value="Reuters Holdings Plc"/>
<dc element="dc.date.published" value="1997-06-20"/>
<dc element="dc.source" value="Reuters"/>
<dc element="dc.creator.location.country.name" value="USA"/>
<dc element="dc.source" value="Reuters"/>
</metadata>
</newsitem>
