<?xml version="1.0" encoding="ISO-8859-1" standalone="no"?>
<newsitem date="1997-06-20" id="root" itemid="676841" xml:lang="en">
<title>UK: RESEARCH ALERT - NatWest upgrades Lloyds.</title>
<headline>RESEARCH ALERT - NatWest upgrades Lloyds.</headline>
<dateline>LONDON 1997-06-20</dateline>
<text>
<p>NatWest Securities upgraded its earnings forecasts for Lloyds TSB Bank on Friday, following a string of other broker upgrades.</p>
<p>NatWest boosted its 1997 and 1998 earnings estimates seven percent to 3.32 billion and by four percent to 3.83 billion, respectively.</p>
<p>It raised its 1999 estimates by five percent to 4.441 billion.</p>
<p>On Thursday, ABN AMRO Hoare Govett, SBC Warburg and Merrill Lynch upgraded the stock.</p>
<p>On June 11, HSBC Capel upgraded its rating.</p>
<p>--London Newsroom +44 171 542 5106</p>
</text>
<copyright>(c) Reuters Limited 1997</copyright>
<metadata>
<codes class="bip:countries:1.0">
  <code code="UK">
    <editdetail action="confirmed" attribution="Reuters BIP Coding Group" date="1997-06-20"/>
  </code>
</codes>
<codes class="bip:industries:1.0">
  <code code="I81402">
    <editdetail action="confirmed" attribution="Reuters BIP Coding Group" date="1997-06-20"/>
  </code>
</codes>
<codes class="bip:topics:1.0">
  <code code="C15">
    <editdetail action="confirmed" attribution="Reuters BIP Coding Group" date="1997-06-20"/>
  </code>
  <code code="C152">
    <editdetail action="confirmed" attribution="Reuters BIP Coding Group" date="1997-06-20"/>
  </code>
  <code code="CCAT">
    <editdetail action="confirmed" attribution="Reuters BIP Coding Group" date="1997-06-20"/>
  </code>
</codes>
<dc element="dc.date.created" value="1997-06-20"/>
<dc element="dc.publisher" value="Reuters Holdings Plc"/>
<dc element="dc.date.published" value="1997-06-20"/>
<dc element="dc.source" value="Reuters"/>
<dc element="dc.creator.location" value="LONDON"/>
<dc element="dc.creator.location.country.name" value="UK"/>
<dc element="dc.source" value="Reuters"/>
</metadata>
</newsitem>
