<?xml version="1.0" encoding="ISO-8859-1" standalone="no"?>
<newsitem date="1997-06-20" id="root" itemid="676397" xml:lang="en">
<title>BELGIUM: Industry wants voluntary deal to stop chill cans.</title>
<headline>Industry wants voluntary deal to stop chill cans.</headline>
<byline>Gillian Handyside</byline>
<dateline>BRUSSELS 1997-06-20</dateline>
<text>
<p>Leading European chemical companies said on Friday they would seek support from the European Union for a voluntary agreement to rule out the use in self-cooling drinks cans of a refrigerant gas said to cause global warming.</p>
<p>The European Fluorocarbon Technical Committee (EFCTC) -- the trade body representing manufacturers of hydrofluorocarbons (HFCs) -- said it wanted a voluntary deal with refrigerants distributors and canned drink manufacturers not to use the HFC gas R134a in self-chill cans.</p>
<p>The hydrocarbon-based gas, planned for use in an innovatory drink can which has yet to hit the European market, is said to have a far more powerful effect on climate change than carbon dioxide (CO2).</p>
<p>Pressing a button at the base of the can releases the refrigerant gas into the atmosphere from a cannister inside it, chilling the contents by 30 degrees Fahrenheit (15 degrees Celsius) in about 90 seconds.</p>
<p>The European Commission said on Thursday it might consider banning the can, which was developed by the California-based Joseph Company, after EU environment ministers urged a probe into the possible effects of R134a on the ozone layer.</p>
<p>Senior EFCTC official Tim Vinks told Reuters the chemicals industry thought a voluntary agreement would be more effective than regulation because it would have the support of all sides.</p>
<p>Sales of R134a bring in billions of dollars to European chemicals firms like ICI, DuPont and Solvay for use in closed refrigeration and air conditioning systems, where it is not released into the environment.</p>
<p>"We wouldn't want this gas to have a bad name. There is a future for it in a contained situation," Vinks said, adding that the industry wanted to be seen to be acting responsibly.</p>
<p>He said it would be impossible to stop the use in self-chill cans of the gas, which is also produced by Japan, without the cooperation of distributors or can manufacturers.</p>
<p>He said few alternative chilling gases were suitable for this particular application and it would be better simply not to develop it.</p>
<p>The chief executive of Joseph Company, Mitchell Joseph, told Reuters on Thursday his invention would ultimately benefit, not harm, the environment by creating a whole new industry in self-cooling technology.</p>
</text>
<copyright>(c) Reuters Limited 1997</copyright>
<metadata>
<codes class="bip:countries:1.0">
  <code code="EEC">
    <editdetail action="confirmed" attribution="Reuters BIP Coding Group" date="1997-06-20"/>
  </code>
</codes>
<codes class="bip:industries:1.0">
  <code code="I25000">
    <editdetail action="confirmed" attribution="Reuters BIP Coding Group" date="1997-06-20"/>
  </code>
  <code code="I31000">
    <editdetail action="confirmed" attribution="Reuters BIP Coding Group" date="1997-06-20"/>
  </code>
</codes>
<codes class="bip:topics:1.0">
  <code code="G15">
    <editdetail action="confirmed" attribution="Reuters BIP Coding Group" date="1997-06-20"/>
  </code>
  <code code="G152">
    <editdetail action="confirmed" attribution="Reuters BIP Coding Group" date="1997-06-20"/>
  </code>
  <code code="G156">
    <editdetail action="confirmed" attribution="Reuters BIP Coding Group" date="1997-06-20"/>
  </code>
  <code code="GCAT">
    <editdetail action="confirmed" attribution="Reuters BIP Coding Group" date="1997-06-20"/>
  </code>
  <code code="GENV">
    <editdetail action="confirmed" attribution="Reuters BIP Coding Group" date="1997-06-20"/>
  </code>
</codes>
<dc element="dc.date.created" value="1997-06-20"/>
<dc element="dc.publisher" value="Reuters Holdings Plc"/>
<dc element="dc.date.published" value="1997-06-20"/>
<dc element="dc.source" value="Reuters"/>
<dc element="dc.creator.location" value="BRUSSELS"/>
<dc element="dc.creator.location.country.name" value="BELGIUM"/>
<dc element="dc.source" value="Reuters"/>
</metadata>
</newsitem>
