<?xml version="1.0" encoding="ISO-8859-1" standalone="no"?>
<newsitem date="1997-06-20" id="root" itemid="675600" xml:lang="en">
<title>ZIMBABWE: World seen shifting to common environment approach.</title>
<headline>World seen shifting to common environment approach.</headline>
<byline>Cris Chinaka</byline>
<dateline>HARARE 1997-06-20</dateline>
<text>
<p>A world convention on endangered species which ends in Zimbabwe on Friday will be remembered for acrimonious debates that put into sharp focus global differences in policies on environmental issues.</p>
<p>But some environmental and political analysts say the end result showed that many countries were moving, though slowly, towards a common approach on environmental and wildlife management.</p>
<p>There was a shift across the globe, from the United States to little Lesotho, toward the concept of sustainable utilisation of resources, they said.</p>
<p>"The debate is over the interpretation, over whether use is good for all or for one, or injurious," said David Western, head of the Kenyan delegation to the CITES meeting.</p>
<p>Differences over interpretation were put into focus by a controversial proposal by three southern African states to be exempted from a seven-year-old ban in ivory trade on grounds that they have too many elephants.</p>
<p>The debate was bitter and long, but the 10-day Convention on International Trade in Endangered Species (CITES) eventually agreed on a watered-down amendment allowing Botswana, Namibia and Zimbabwe to sell some ivory to Japan on an "experimental" basis in 1999 if their control measures satisfied CITES.</p>
<p>Initially, few delegates thought it would pass, pointing at the strong anti-trade lobby.</p>
<p>"It passed because all the differences are slowly being resolved. It passed because the world wants to test the management system," said Taparandava Maveneka, chief executive of Zimbabwe's rural community environment and wildlife programme, CAMPFIRE.</p>
<p>"Of course the world remains divided now over what is sustainable utilisation of resources but positions are shifting," he told Reuters.</p>
<p>European Union states abstained from voting on easing the ivory trade ban because they had failed to reach a consensus.</p>
<p>Switzerland broke ranks with most of the West to support the southern African proposal, making scathing attacks on the rich North for allegedly failing to listen to reason.</p>
<p>Botswana, Namibia and Zimbabwe argued throughout that CITES should link environmental conservation to sustainable utilisation, a concept Japan and China said they strongly backed.</p>
<p>Liberia on the other hand accused Zimbabwe of hypocrisy and of trying to bully fellow African states to its side.</p>
<p>The United States -- which successfully co-sponsored a proposal to list big leaf mahogany as an endangered species -- Australia and Israel spoke stoutly against reopening ivory trade, but all said they were for sustainable utilisation.</p>
<p>"We just don't think it's the time now," a U.S. delegate said, adding after the conditional acceptance to ease the trade ban that Washington would work hard to ensure the elephant survived trade.</p>
<p>"For the sake of the elephant we cannot afford to fail."</p>
<p>In another move also seen by some delegates as a sign of U.S. support for sustainable use of resources, Washington and Bonn co-sponsored a proposal that placed the sturgeon fish on a list of species that should be traded under control.</p>
<p>"I think in the past, the U.S. would have asked CITES to impose a trade ban straight away," one delegate said.</p>
<p>South African Environment Deputy Minister Peter Mokaba said CITES' future would be secured by narrowing differences in interpretation, and improved management of flora and fauna.</p>
<p>"Differences themselves are not bad as long as we are prepared to address them," he said.</p>
<p>Mokaba and South African ambassador to Zimbabwe Kingsley Mamabolo are credited by many EU delegates for working hard to help produce the compromise that won the conditional easing of the ivory trade ban.</p>
<p>"This shows that Africa badly needs to develop the diplomatic skills to present its cases," said Lupi Mushayakarara, a leading Zimbabwean political commentator.</p>
</text>
<copyright>(c) Reuters Limited 1997</copyright>
<metadata>
<codes class="bip:countries:1.0">
  <code code="ZIMBAB">
    <editdetail action="confirmed" attribution="Reuters BIP Coding Group" date="1997-06-20"/>
  </code>
</codes>
<codes class="bip:topics:1.0">
  <code code="GCAT">
    <editdetail action="confirmed" attribution="Reuters BIP Coding Group" date="1997-06-20"/>
  </code>
  <code code="GDIP">
    <editdetail action="confirmed" attribution="Reuters BIP Coding Group" date="1997-06-20"/>
  </code>
  <code code="GENV">
    <editdetail action="confirmed" attribution="Reuters BIP Coding Group" date="1997-06-20"/>
  </code>
</codes>
<dc element="dc.date.created" value="1997-06-20"/>
<dc element="dc.publisher" value="Reuters Holdings Plc"/>
<dc element="dc.date.published" value="1997-06-20"/>
<dc element="dc.source" value="Reuters"/>
<dc element="dc.creator.location" value="HARARE"/>
<dc element="dc.creator.location.country.name" value="ZIMBABWE"/>
<dc element="dc.source" value="Reuters"/>
</metadata>
</newsitem>
