<?xml version="1.0" encoding="ISO-8859-1" standalone="no"?>
<newsitem date="1997-06-20" id="root" itemid="677195" xml:lang="en">
<title>SPAIN: Agroman-orders pending at end-May up 33 pct yr/yr.</title>
<headline>Agroman-orders pending at end-May up 33 pct yr/yr.</headline>
<dateline>MADRID 1997-06-20</dateline>
<text>
<p>Spanish contractor Agroman had orders pending execution totalling 183.0 billion pesetas at the end of May, up 33 percent year-on-year, the firm said on Friday.</p>
<p>In his address to the annual shareholders' meeting, chairman Santiago Bergarche said results this year would be "significant...and from 1998, they will be in line with (the firm's) main competitors."</p>
<p>Results this year are expected to be around one percent of turnover, the chairman added.</p>
<p>-- Madrid newsroom +341 585 2160</p>
</text>
<copyright>(c) Reuters Limited 1997</copyright>
<metadata>
<codes class="bip:countries:1.0">
  <code code="SPAIN">
    <editdetail action="confirmed" attribution="Reuters BIP Coding Group" date="1997-06-20"/>
  </code>
</codes>
<codes class="bip:industries:1.0">
  <code code="I50100">
    <editdetail action="confirmed" attribution="Reuters BIP Coding Group" date="1997-06-20"/>
  </code>
</codes>
<codes class="bip:topics:1.0">
  <code code="C31">
    <editdetail action="confirmed" attribution="Reuters BIP Coding Group" date="1997-06-20"/>
  </code>
  <code code="CCAT">
    <editdetail action="confirmed" attribution="Reuters BIP Coding Group" date="1997-06-20"/>
  </code>
</codes>
<dc element="dc.date.created" value="1997-06-20"/>
<dc element="dc.publisher" value="Reuters Holdings Plc"/>
<dc element="dc.date.published" value="1997-06-20"/>
<dc element="dc.source" value="Reuters"/>
<dc element="dc.creator.location" value="MADRID"/>
<dc element="dc.creator.location.country.name" value="SPAIN"/>
<dc element="dc.source" value="Reuters"/>
</metadata>
</newsitem>
