<?xml version="1.0" encoding="ISO-8859-1" standalone="no"?>
<newsitem date="1997-06-20" id="root" itemid="676491" xml:lang="en">
<title>INDIA: Delhi shares retreat sharply at close, Reliance up.</title>
<headline>Delhi shares retreat sharply at close, Reliance up.</headline>
<dateline>NEW DELHI 1997-06-20</dateline>
<text>
<p>Delhi shares shed their sizeable early gains in a late afternoon selloff on Friday linked to the end of settlement, but Reliance Industries resisted downward pressure to finish strongly.</p>
<p>The Delhi Stock Exchange's Sensitive Index ended the day down 0.75 point to 860.36.</p>
</text>
<copyright>(c) Reuters Limited 1997</copyright>
<metadata>
<codes class="bip:countries:1.0">
  <code code="INDIA">
    <editdetail action="confirmed" attribution="Reuters BIP Coding Group" date="1997-06-20"/>
  </code>
</codes>
<codes class="bip:topics:1.0">
  <code code="M11">
    <editdetail action="confirmed" attribution="Reuters BIP Coding Group" date="1997-06-20"/>
  </code>
  <code code="MCAT">
    <editdetail action="confirmed" attribution="Reuters BIP Coding Group" date="1997-06-20"/>
  </code>
</codes>
<dc element="dc.date.created" value="1997-06-20"/>
<dc element="dc.publisher" value="Reuters Holdings Plc"/>
<dc element="dc.date.published" value="1997-06-20"/>
<dc element="dc.source" value="Reuters"/>
<dc element="dc.creator.location" value="NEW DELHI"/>
<dc element="dc.creator.location.country.name" value="INDIA"/>
<dc element="dc.source" value="Reuters"/>
</metadata>
</newsitem>
