<?xml version="1.0" encoding="ISO-8859-1" standalone="no"?>
<newsitem date="1997-06-20" id="root" itemid="677010" xml:lang="en">
<title>USA: Washington weekly muni bond indices - Piper Jaffray.</title>
<headline>Washington weekly muni bond indices - Piper Jaffray.</headline>
<dateline>NEW YORK 1997-06-19</dateline>
<text>
<p>The following Washington municipal bond indices were compiled by Piper Jaffray Inc for the week ending June 20.</p>
<p>							     Previous</p>
<p>						 6/20	  Week	 Change</p>
<p>					  ----------------------------------</p>
<p>5 Year A1-rated Gen'l Oblig.	  4.40%	  4.45%	- 0.05</p>
<p>5 Year A1-rated Utilities Rev.	4.45%	  4.50%	- 0.05</p>
<p>10 Year A1-rated Gen'l Oblig.	 4.80%	  4.80%	------</p>
<p>10 Year A1-rated Utilities Rev.     4.85%	  5.85%	- 1.00</p>
<p>20 Year A1-rated Gen'l Oblig.	 5.40%	  5.45%	- 0.05</p>
<p>20 Year A1-rated Utilities Rev.     5.45%	  5.50%	- 0.05</p>
<p>--U.S. Municipal Desk, 212-859-1650</p>
</text>
<copyright>(c) Reuters Limited 1997</copyright>
<metadata>
<codes class="bip:countries:1.0">
  <code code="USA">
    <editdetail action="confirmed" attribution="Reuters BIP Coding Group" date="1997-06-20"/>
  </code>
</codes>
<codes class="bip:topics:1.0">
  <code code="M12">
    <editdetail action="confirmed" attribution="Reuters BIP Coding Group" date="1997-06-20"/>
  </code>
  <code code="MCAT">
    <editdetail action="confirmed" attribution="Reuters BIP Coding Group" date="1997-06-20"/>
  </code>
</codes>
<dc element="dc.date.created" value="1997-06-19"/>
<dc element="dc.publisher" value="Reuters Holdings Plc"/>
<dc element="dc.date.published" value="1997-06-20"/>
<dc element="dc.source" value="Reuters"/>
<dc element="dc.creator.location" value="NEW YORK"/>
<dc element="dc.creator.location.country.name" value="USA"/>
<dc element="dc.source" value="Reuters"/>
</metadata>
</newsitem>
