<?xml version="1.0" encoding="ISO-8859-1" standalone="no"?>
<newsitem date="1997-06-20" id="root" itemid="675568" xml:lang="en">
<title>GHANA: Ghana bourse index closes lower as bank falls.</title>
<headline>Ghana bourse index closes lower as bank falls.</headline>
<dateline>ACCRA 1997-06-20</dateline>
<text>
<p>The Ghana stock exchange index ended a touch lower on Friday after a drop of over five percent in Ghana Commercial Bank shares, trading volume was high.</p>
<p>The GSE all-share index closed at 382.64, from 385.14 on Wednesday, the last day of trading.</p>
<p>Ghana Commercial Bank shares closed at 550 cedis, down 30 cedis. Ashanti Goldfields climbed 280 cedis to 22,000 cedis.</p>
<p>Home Finance closed five cedis higher at 155 cedis, and a deal for over one million of the company's shares pushed the day's trading volume to a well-above average 1,087,550.</p>
<p>-- Abidjan newsroom +225 21 90 90</p>
</text>
<copyright>(c) Reuters Limited 1997</copyright>
<metadata>
<codes class="bip:countries:1.0">
  <code code="GHANA">
    <editdetail action="confirmed" attribution="Reuters BIP Coding Group" date="1997-06-20"/>
  </code>
</codes>
<codes class="bip:topics:1.0">
  <code code="M11">
    <editdetail action="confirmed" attribution="Reuters BIP Coding Group" date="1997-06-20"/>
  </code>
  <code code="MCAT">
    <editdetail action="confirmed" attribution="Reuters BIP Coding Group" date="1997-06-20"/>
  </code>
</codes>
<dc element="dc.date.created" value="1997-06-20"/>
<dc element="dc.publisher" value="Reuters Holdings Plc"/>
<dc element="dc.date.published" value="1997-06-20"/>
<dc element="dc.source" value="Reuters"/>
<dc element="dc.creator.location" value="ACCRA"/>
<dc element="dc.creator.location.country.name" value="GHANA"/>
<dc element="dc.source" value="Reuters"/>
</metadata>
</newsitem>
