<?xml version="1.0" encoding="ISO-8859-1" standalone="no"?>
<newsitem date="1997-06-20" id="root" itemid="676543" xml:lang="en">
<title>INDIA: Reliance drives up Delhi stocks.</title>
<headline>Reliance drives up Delhi stocks.</headline>
<dateline>NEW DELHI 1997-06-20</dateline>
<text>
<p>Delhi stocks climbed in early trade on Friday on news that Reliance Industries will consider a bonus issue on June 26 and better than expected results of State Bank of India, brokers said.</p>
<p>After 30 minutes of trading, the Delhi Stock Exchange Benchmark Index was up 3.93 points at 865.04.  </p>
<p>"A fresh spell of buying was fuelled by expectations that Reliance would recommend an attractive ratio for bonus shares," said Shree Bhagwan Garg of stock brokerage Mean Leasing Pvt Ltd.</p>
<p>Traders said that foreign institutional investors and domestic investors made sizeable purchases in multinationals and and firms with strong fundamentals.</p>
<p>Reliance climbed eight rupees to 349.50.</p>
<p>State Bank of India, which announced a 60 percent increase in net profit on Thursday, gained 4.40 rupees to 328. The bank's net profit rose to 13.29 billion rupees in 1996/97 (April-March) from 8.31 billion in 1996/96.</p>
<p>TISCO climbed two rupees to 198.</p>
<p>ACC rose 13.50 rupees to 1,215.</p>
<p>ITC gained two rupees 507.</p>
<p>Nestle India rose nine rupees to 298.</p>
<p>Hindustan Lever climbed three rupees to 1,368.</p>
<p>-- New Delhi newsroom +91-11 301 2024</p>
</text>
<copyright>(c) Reuters Limited 1997</copyright>
<metadata>
<codes class="bip:countries:1.0">
  <code code="INDIA">
    <editdetail action="confirmed" attribution="Reuters BIP Coding Group" date="1997-06-20"/>
  </code>
</codes>
<codes class="bip:topics:1.0">
  <code code="M11">
    <editdetail action="confirmed" attribution="Reuters BIP Coding Group" date="1997-06-20"/>
  </code>
  <code code="MCAT">
    <editdetail action="confirmed" attribution="Reuters BIP Coding Group" date="1997-06-20"/>
  </code>
</codes>
<dc element="dc.date.created" value="1997-06-20"/>
<dc element="dc.publisher" value="Reuters Holdings Plc"/>
<dc element="dc.date.published" value="1997-06-20"/>
<dc element="dc.source" value="Reuters"/>
<dc element="dc.creator.location" value="NEW DELHI"/>
<dc element="dc.creator.location.country.name" value="INDIA"/>
<dc element="dc.source" value="Reuters"/>
</metadata>
</newsitem>
