<?xml version="1.0" encoding="ISO-8859-1" standalone="no"?>
<newsitem date="1997-06-20" id="root" itemid="676741" xml:lang="en">
<title>USA: IPO PRICING - Metrika prices at $15.50/shr.</title>
<headline>IPO PRICING - Metrika prices at $15.50/shr.</headline>
<dateline>NEW YORK 1997-06-19</dateline>
<text>
<p>Company Name	     Metrika Systems Corp</p>
<p>    Priced At				    $15.50</p>
<p>    Estimated Pricing Range	   15.50-18.50</p>
<p>    Number of Shares			2,000,000</p>
<p>    Lead Underwriter	     Salomon Brothers</p>
<p>Note: Metrika develops, manufactures and markets online industrial process optimization systems.</p>
<p>--New York Newsdesk 212-859-1610.))</p>
</text>
<copyright>(c) Reuters Limited 1997</copyright>
<metadata>
<codes class="bip:countries:1.0">
  <code code="USA">
    <editdetail action="confirmed" attribution="Reuters BIP Coding Group" date="1997-06-20"/>
  </code>
</codes>
<codes class="bip:topics:1.0">
  <code code="C17">
    <editdetail action="confirmed" attribution="Reuters BIP Coding Group" date="1997-06-20"/>
  </code>
  <code code="C171">
    <editdetail action="confirmed" attribution="Reuters BIP Coding Group" date="1997-06-20"/>
  </code>
  <code code="CCAT">
    <editdetail action="confirmed" attribution="Reuters BIP Coding Group" date="1997-06-20"/>
  </code>
</codes>
<dc element="dc.date.created" value="1997-06-19"/>
<dc element="dc.publisher" value="Reuters Holdings Plc"/>
<dc element="dc.date.published" value="1997-06-20"/>
<dc element="dc.source" value="Reuters"/>
<dc element="dc.creator.location" value="NEW YORK"/>
<dc element="dc.creator.location.country.name" value="USA"/>
<dc element="dc.source" value="Reuters"/>
</metadata>
</newsitem>
