<?xml version="1.0" encoding="ISO-8859-1" standalone="no"?>
<newsitem date="1997-06-20" id="root" itemid="676902" xml:lang="en">
<title>UK: Traders see hamstrung OPEC unable to halt oil slide.</title>
<headline>Traders see hamstrung OPEC unable to halt oil slide.</headline>
<byline>Mark Thompson</byline>
<dateline>LONDON 1997-06-20</dateline>
<text>
<p>A sharp slide in oil prices this year should concentrate OPEC minds when ministers gather in Vienna next week for production talks but traders expect few surprises and see further market weakness whatever the outcome.</p>
<p>Global inventories of crude and products like gasoline and heating fuel are rising rapidly and rival producers outside the Organisation of the Petroleum Exporting Countries (OPEC) are leaving little room for the cartel's surplus barrels.</p>
<p>Widespread quota-busting has lifted OPEC output two million barrels per day (bpd) above its self-imposed ceiling of 25.03 million bpd but traders are betting on an extension of current allocations for another six months and little progress on discipline.</p>
<p>"The market assumes they (OPEC) are going to rollover," said Scott Carter, senior oil trader at Tosco Petroleum in London.</p>
<p>More important for short-term price direction would  be any news from the Iraqi delegation, led by oil minister Amir Muhammad Rasheed, about when crude exports are likely to resume under the United Nations oil-for-food deal.</p>
<p>The U.N. officially renewed the deal allowing Iraq to sell $2 billion of oil for another six months from June 8.</p>
<p>Iraqi exports averaged 660,000 bpd in the first six months of the deal -- more than the output of OPEC minnow Qatar -- but Baghdad has refused to restart exports until the proceeds of the first tranche are spent on food and other humanitarian supplies.</p>
<p>This has left oil refineries scrabbling around for alternatives, lending temporary support to world prices.</p>
<p>"The Iraq news is essentially much more critical," said Russell Hill, senior crude trader for Austrian oil company OMV in London.</p>
<p>Price hawks led by OPEC's second biggest exporter Iran may want to make an issue out of quota compliance but traders warn that a public showdown could scare markets into further losses.</p>
<p>"The likelihood of a rollover is widely accepted," said Hill.</p>
<p>"Stocks are heading fast towards 1995 levels, there's a lot of potential for an overhang of oil so there is an argument for OPEC to consider a more aggressive stance but they probably won't."</p>
<p>Benchmark Brent blend crude oil on London's International Petroleum Exchange (IPE) has lost nearly 30 percent of its value this year, shedding over $7 a barrel to trade around $17.70 a barrel on Thursday.</p>
<p>OPEC states are feeling the loss of revenue but traders say prices would have to fall much further before the cartel would risk igniting a row between core members like Saudi Arabia who stick to quotas and seasoned overproducers like Venezuela.</p>
<p>"From the market's point of view I don't see why OPEC should change the status quo at the moment," said a London-based executive of a national oil company.</p>
<p>The cartel, founded in Baghdad in 1960 to improve the lot of Third World oil producers, has lost much of its influence in recent years as most members decided to pump at full capacity.</p>
<p>"The key issue is the policy of those countries overproducing in making efforts to curb overproduction rather than the formal quotas themselves," said Peter Davies, chief economist for British Petroleum.</p>
<p>Oil prices have returned to roughly where they were 12 months ago but instead of a repeat of last autumn's rally which took Brent to a six-year high of over $25 a barrel, more losses are in store, traders said.</p>
<p>OPEC's own Vienna-based secretariat projects demand for OPEC crude at little more than 25 million bpd in the second half of the year, some two million less than recent actual OPEC supplies.</p>
<p>"OPEC is still trying to hold onto power but it is becoming less and less important to the market," said Tosco's Carter.</p>
<p>"The market is more interested in other factors like Asian demand and new North Sea production."</p>
</text>
<copyright>(c) Reuters Limited 1997</copyright>
<metadata>
<codes class="bip:countries:1.0">
  <code code="AUST">
    <editdetail action="confirmed" attribution="Reuters BIP Coding Group" date="1997-06-20"/>
  </code>
  <code code="OPEC">
    <editdetail action="confirmed" attribution="Reuters BIP Coding Group" date="1997-06-20"/>
  </code>
  <code code="UK">
    <editdetail action="confirmed" attribution="Reuters BIP Coding Group" date="1997-06-20"/>
  </code>
</codes>
<codes class="bip:industries:1.0">
  <code code="I13000">
    <editdetail action="confirmed" attribution="Reuters BIP Coding Group" date="1997-06-20"/>
  </code>
</codes>
<codes class="bip:topics:1.0">
  <code code="C13">
    <editdetail action="confirmed" attribution="Reuters BIP Coding Group" date="1997-06-20"/>
  </code>
  <code code="C21">
    <editdetail action="confirmed" attribution="Reuters BIP Coding Group" date="1997-06-20"/>
  </code>
  <code code="C31">
    <editdetail action="confirmed" attribution="Reuters BIP Coding Group" date="1997-06-20"/>
  </code>
  <code code="CCAT">
    <editdetail action="confirmed" attribution="Reuters BIP Coding Group" date="1997-06-20"/>
  </code>
  <code code="M14">
    <editdetail action="confirmed" attribution="Reuters BIP Coding Group" date="1997-06-20"/>
  </code>
  <code code="M143">
    <editdetail action="confirmed" attribution="Reuters BIP Coding Group" date="1997-06-20"/>
  </code>
  <code code="MCAT">
    <editdetail action="confirmed" attribution="Reuters BIP Coding Group" date="1997-06-20"/>
  </code>
</codes>
<dc element="dc.date.created" value="1997-06-20"/>
<dc element="dc.publisher" value="Reuters Holdings Plc"/>
<dc element="dc.date.published" value="1997-06-20"/>
<dc element="dc.source" value="Reuters"/>
<dc element="dc.creator.location" value="LONDON"/>
<dc element="dc.creator.location.country.name" value="UK"/>
<dc element="dc.source" value="Reuters"/>
</metadata>
</newsitem>
