<?xml version="1.0" encoding="ISO-8859-1" standalone="no"?>
<newsitem date="1997-06-20" id="root" itemid="677168" xml:lang="en">
<title>SWITZERLAND: Basle June inflation steady at 0.5 pct yr/yr.</title>
<headline>Basle June inflation steady at 0.5 pct yr/yr.</headline>
<dateline>BASLE, Switzerland 1997-06-20</dateline>
<text>
<p>Consumer prices in Basle, Switzerland's second largest city, rose 0.1 percent in June from the previous month for a year-on-year inflation rate of 0.5 percent, the city's statistics office said.</p>
<p>				   June 1997	May 97	 June 1996</p>
<p> Monthly CPI index change  +0.1 pct	-0.3 pct	+0.1 pct</p>
<p> Yr/yr inflation	     +0.5 pct	+0.5 pct	+0.9 pct</p>
<p> Index (May 1993 = 100)	 104.2	   104.1	   103.7</p>
<p>-- Zurich Editorial +41 1 631 7340</p>
</text>
<copyright>(c) Reuters Limited 1997</copyright>
<metadata>
<codes class="bip:countries:1.0">
  <code code="SWITZ">
    <editdetail action="confirmed" attribution="Reuters BIP Coding Group" date="1997-06-20"/>
  </code>
</codes>
<codes class="bip:topics:1.0">
  <code code="E13">
    <editdetail action="confirmed" attribution="Reuters BIP Coding Group" date="1997-06-20"/>
  </code>
  <code code="E131">
    <editdetail action="confirmed" attribution="Reuters BIP Coding Group" date="1997-06-20"/>
  </code>
  <code code="ECAT">
    <editdetail action="confirmed" attribution="Reuters BIP Coding Group" date="1997-06-20"/>
  </code>
</codes>
<dc element="dc.date.created" value="1997-06-20"/>
<dc element="dc.publisher" value="Reuters Holdings Plc"/>
<dc element="dc.date.published" value="1997-06-20"/>
<dc element="dc.source" value="Reuters"/>
<dc element="dc.creator.location" value="BASLE, Switzerland"/>
<dc element="dc.creator.location.country.name" value="SWITZERLAND"/>
<dc element="dc.source" value="Reuters"/>
</metadata>
</newsitem>
