<?xml version="1.0" encoding="ISO-8859-1" standalone="no"?>
<newsitem date="1997-06-20" id="root" itemid="675604" xml:lang="en">
<title>NIGERIA: PRESS DIGEST - Nigeria - June 20.</title>
<headline>PRESS DIGEST - Nigeria - June 20.</headline>
<dateline>LAGOS 1997-06-20</dateline>
<text>
<p>These are significant stories in the Nigerian press on Friday. Reuters has not verified these stories and does not vouch for their accuracy.</p>
<p>DAILY TIMES</p>
<p>- Distressed banks owe central bank 15 billion naira, says the apex bank's deputy governor Victor Odozi.</p>
<p>- Nigerians resident in the United States back "Vision 2010" programme and have suggested 20 areas in which the committee charged with drawing up the plan to make Nigeria a great nation should focus on.</p>
<p>- Weekly demand for forex falls to $31.98 million this week from $44 million last week.</p>
<p>THE GUARDIAN</p>
<p>- Lagos state military administrator Colonel Mohammed Marwa blames gruelling fuel crisis on state oil company Nigerian National Petroleum Corporation as succour appears far-fetched for the harried citizen.</p>
<p>- Oil minister Dan Etete denies claims by his finance ministry counterpart that funds voted for repair of oil refineries were misused.</p>
<p>- Self-proclaimed prophetess Deborah Olaosebikan sentenced to 46 years in jail for burning the hands of two sisters in a bid to excise what she called withcraft from them.</p>
<p>- Some 32,000 tonnes of cement is due to arrive this weekend at Lagos port on board a vessel, MV Guld Wind.</p>
<p>THISDAY</p>
<p>- Justice minister Michael Agbamuche, who visited Kaduna prison in the north on Thursday, avoided talking with journalist Chris Anyanwu, one of many people jailed over an alleged 1995 plot to topple the government.</p>
<p>- Guinea and Gambia rebuff emmisaries of soldiers who seized power in Sierra Leone last month and whom Nigeria wants to remove in order to restore the ousted elected president.</p>
<p>($1=85)</p>
<p>-- Lagos newsroom +234 1 2630317</p>
</text>
<copyright>(c) Reuters Limited 1997</copyright>
<metadata>
<codes class="bip:countries:1.0">
  <code code="NIGEA">
    <editdetail action="confirmed" attribution="Reuters BIP Coding Group" date="1997-06-20"/>
  </code>
</codes>
<codes class="bip:topics:1.0">
  <code code="GCAT">
    <editdetail action="confirmed" attribution="Reuters BIP Coding Group" date="1997-06-20"/>
  </code>
</codes>
<dc element="dc.date.created" value="1997-06-20"/>
<dc element="dc.publisher" value="Reuters Holdings Plc"/>
<dc element="dc.date.published" value="1997-06-20"/>
<dc element="dc.source" value="Reuters"/>
<dc element="dc.creator.location" value="LAGOS"/>
<dc element="dc.creator.location.country.name" value="NIGERIA"/>
<dc element="dc.source" value="Reuters"/>
</metadata>
</newsitem>
