<?xml version="1.0" encoding="ISO-8859-1" standalone="no"?>
<newsitem date="1997-06-20" id="root" itemid="676131" xml:lang="en">
<title>USA: PRESALE - Stuttgart SD 22, Ark..</title>
<headline>PRESALE - Stuttgart SD 22, Ark..</headline>
<text>
<p>AMT: 1,030,000	DATE: 06/24/97	NYC Time: 1100	CUSIP: 864184</p>
<p>ISSUER: Stuttgart School District 22				ST: AR</p>
<p>ISSUE: Refunding							  TAX STAT: Exempt-LT</p>
<p>M/SP/F: NA/NA/NA							  BOOK ENTRY: N</p>
<p>ENHANCEMENTS: None							BANK QUAL: Y</p>
<p>DTD: 07/01/97							     SURE BID: N</p>
<p>DUE: 2/1/98-10						SR MGR:</p>
<p>1ST CPN: 02/01/98</p>
<p>CALL: 8/1/01 @ par					  NIC</p>
<p>DELIVERY: 7/22/97 approx				  ORDERS:</p>
<p>PAYING AGENT: To be named by the purchaser</p>
<p>L.O.: Friday, Eldredge &amp; Clark, Little Rock</p>
<p>F.A.: Stephens, Inc., Little Rock</p>
<p>LAST SALE: None</p>
<p>Year		     Amount    Coupon     Yield     Price  Conc.</p>
<p>1999		     65,000</p>
<p>2000		     50,000</p>
<p>2001		     60,000</p>
<p>2002		     65,000</p>
<p>2003		     70,000</p>
<p>2004		     75,000</p>
<p>2005		     80,000</p>
<p>2006		     80,000</p>
<p>2007		     90,000</p>
<p>2008		     95,000</p>
<p>2009		     95,000</p>
<p>2010		    100,000</p>
<p>2011		    105,000</p>
<p>COMPETITIVE PRE-SALE CONTRIBUTED BY J.J. KENNY K-SHEETS:</p>
</text>
<copyright>(c) Reuters Limited 1997</copyright>
<metadata>
<codes class="bip:countries:1.0">
  <code code="USA">
    <editdetail action="confirmed" attribution="Reuters BIP Coding Group" date="1997-06-20"/>
  </code>
</codes>
<codes class="bip:topics:1.0">
  <code code="E21">
    <editdetail action="confirmed" attribution="Reuters BIP Coding Group" date="1997-06-20"/>
  </code>
  <code code="E212">
    <editdetail action="confirmed" attribution="Reuters BIP Coding Group" date="1997-06-20"/>
  </code>
  <code code="ECAT">
    <editdetail action="confirmed" attribution="Reuters BIP Coding Group" date="1997-06-20"/>
  </code>
</codes>
<dc element="dc.publisher" value="Reuters Holdings Plc"/>
<dc element="dc.date.published" value="1997-06-20"/>
<dc element="dc.source" value="Reuters"/>
<dc element="dc.creator.location.country.name" value="USA"/>
<dc element="dc.source" value="Reuters"/>
</metadata>
</newsitem>
