<?xml version="1.0" encoding="ISO-8859-1" standalone="no"?>
<newsitem date="1997-06-20" id="root" itemid="676176" xml:lang="en">
<title>USA: Brent crude inches up in light U.S. paper trading.</title>
<headline>Brent crude inches up in light U.S. paper trading.</headline>
<dateline>NEW YORK 1997-06-20</dateline>
<text>
<p>North Sea Brent crude oil inched up in light U.S. paper trading late on Friday, traders said.</p>
<p>Four partial August cargoes changed hands a total of 300 times between $17.64 and $17.68 a barrel</p>
<p>August Brent on the IPE settled at $17.63 a barrel.</p>
<p>July/August Brent traded once at minus 19.5 cents, going out at minus 20/19 cents.</p>
<p>August/September was pegged at the same level.</p>
<p>--Patricia Garip-Bertuol NY Energy Desk ((+1 212 859 1620))</p>
</text>
<copyright>(c) Reuters Limited 1997</copyright>
<metadata>
<codes class="bip:countries:1.0">
  <code code="USA">
    <editdetail action="confirmed" attribution="Reuters BIP Coding Group" date="1997-06-20"/>
  </code>
</codes>
<codes class="bip:topics:1.0">
  <code code="M14">
    <editdetail action="confirmed" attribution="Reuters BIP Coding Group" date="1997-06-20"/>
  </code>
  <code code="M143">
    <editdetail action="confirmed" attribution="Reuters BIP Coding Group" date="1997-06-20"/>
  </code>
  <code code="MCAT">
    <editdetail action="confirmed" attribution="Reuters BIP Coding Group" date="1997-06-20"/>
  </code>
</codes>
<dc element="dc.date.created" value="1997-06-20"/>
<dc element="dc.publisher" value="Reuters Holdings Plc"/>
<dc element="dc.date.published" value="1997-06-20"/>
<dc element="dc.source" value="Reuters"/>
<dc element="dc.creator.location" value="NEW YORK"/>
<dc element="dc.creator.location.country.name" value="USA"/>
<dc element="dc.source" value="Reuters"/>
</metadata>
</newsitem>
