<?xml version="1.0" encoding="ISO-8859-1" standalone="no"?>
<newsitem date="1997-06-20" id="root" itemid="676172" xml:lang="en">
<title>USA: Yeltsin revels in spotlight at G7 summit.</title>
<headline>Yeltsin revels in spotlight at G7 summit.</headline>
<dateline>DENVER 1997-06-20</dateline>
<text>
<p>Russian President Boris Yeltsin, revelling in his early successes at a Group of Seven summit, blew kisses and plunged unexpectedly into an adoring crowd on Friday to meet the people of Denver.</p>
<p>"Denver is good," Yeltsin said, grinning broadly and giving the thumbs-up sign as he shook hands with members of a crowd of about 200 people after leaving talks with U.S. President Bill Clinton.</p>
<p>The crowd chanted "Yeltsin, Yeltsin," when he suddenly turned and headed in their direction instead of getting into his limousine.</p>
<p>The 66-year-old president, who also blew kisses to a small crowd on the way into his talks with Clinton, looked fit and energetic four months after returning to the Kremlin following heart problems and then pneumonia.</p>
<p>Yeltsin had plenty to celebrate. He and Clinton announced agreement for Russia to join the Paris Club of creditor nations, who meet to discuss requests to renegotiate nations'debts.</p>
<p>"I just received some good news, so I'm in a good mood," Yeltsin told reporters.</p>
<p>Earlier at talks with Japanese Prime Minister Ryutaro Hashimoto, he pledged to stop targeting Japan with nuclear missiles and said it was time for Russia to "de-target" China, according to Japanese officials.</p>
<p>Russia is enjoying its biggest ever role at summits of the Group of Seven industrialised nations and Yeltsin is pushing to be admitted as a full member of the exclusive club.</p>
</text>
<copyright>(c) Reuters Limited 1997</copyright>
<metadata>
<codes class="bip:countries:1.0">
  <code code="GSEVEN">
    <editdetail action="confirmed" attribution="Reuters BIP Coding Group" date="1997-06-20"/>
  </code>
  <code code="RUSS">
    <editdetail action="confirmed" attribution="Reuters BIP Coding Group" date="1997-06-20"/>
  </code>
  <code code="USA">
    <editdetail action="confirmed" attribution="Reuters BIP Coding Group" date="1997-06-20"/>
  </code>
</codes>
<codes class="bip:topics:1.0">
  <code code="GCAT">
    <editdetail action="confirmed" attribution="Reuters BIP Coding Group" date="1997-06-20"/>
  </code>
  <code code="GDIP">
    <editdetail action="confirmed" attribution="Reuters BIP Coding Group" date="1997-06-20"/>
  </code>
  <code code="GPOL">
    <editdetail action="confirmed" attribution="Reuters BIP Coding Group" date="1997-06-20"/>
  </code>
</codes>
<dc element="dc.date.created" value="1997-06-20"/>
<dc element="dc.publisher" value="Reuters Holdings Plc"/>
<dc element="dc.date.published" value="1997-06-20"/>
<dc element="dc.source" value="Reuters"/>
<dc element="dc.creator.location" value="DENVER"/>
<dc element="dc.creator.location.country.name" value="USA"/>
<dc element="dc.source" value="Reuters"/>
</metadata>
</newsitem>
