<?xml version="1.0" encoding="ISO-8859-1" standalone="no"?>
<newsitem date="1997-06-20" id="root" itemid="677540" xml:lang="en">
<title>JAPAN: JR East share offering to follow Tokai's offering.</title>
<headline>JR East share offering to follow Tokai's offering.</headline>
<dateline>TOKYO 1997-06-20</dateline>
<text>
<p>JNR Settlement Corp said on Friday that it would decide on the timing of a further offering of shares in East Japan Railway Co (JR East) after offering shares in Central Japan Railway Co (JR Tokai).</p>
<p>JNR Settlement Corp also said that it will start selecting a lead manager for JR East's share offering.</p>
<p>The state-owned agent in charge of settling the debt and assets left by the Japanese National Railways (JNR) still holds 1.5 million JR East shares after having listed 2.5 million shares in 1993.</p>
<p>When the heavily indebted JNR was split into seven Japan Railway (JR) group companies in April 1987, the government inherited two thirds of JNR's debt, or 25.5 trillion yen.</p>
<p>The government had hoped to slash the debt by selling land left by JNR and listing state-owned shares of JR firms, but this has been delayed while interest payments have grown.</p>
<p>JR East and West Japan Railway Co (JR West), the two biggest spinoff firms, are the only members of the seven-strong JR group which are listed.</p>
<p>Tokai's listing is expected before the end of this year. JNR officials said the timetable has not yet been decided upon.</p>
</text>
<copyright>(c) Reuters Limited 1997</copyright>
<metadata>
<codes class="bip:countries:1.0">
  <code code="JAP">
    <editdetail action="confirmed" attribution="Reuters BIP Coding Group" date="1997-06-20"/>
  </code>
</codes>
<codes class="bip:industries:1.0">
  <code code="I71000">
    <editdetail action="confirmed" attribution="Reuters BIP Coding Group" date="1997-06-20"/>
  </code>
</codes>
<codes class="bip:topics:1.0">
  <code code="C17">
    <editdetail action="confirmed" attribution="Reuters BIP Coding Group" date="1997-06-20"/>
  </code>
  <code code="C171">
    <editdetail action="confirmed" attribution="Reuters BIP Coding Group" date="1997-06-20"/>
  </code>
  <code code="CCAT">
    <editdetail action="confirmed" attribution="Reuters BIP Coding Group" date="1997-06-20"/>
  </code>
</codes>
<dc element="dc.date.created" value="1997-06-20"/>
<dc element="dc.publisher" value="Reuters Holdings Plc"/>
<dc element="dc.date.published" value="1997-06-20"/>
<dc element="dc.source" value="Reuters"/>
<dc element="dc.creator.location" value="TOKYO"/>
<dc element="dc.creator.location.country.name" value="JAPAN"/>
<dc element="dc.source" value="Reuters"/>
</metadata>
</newsitem>
