<?xml version="1.0" encoding="ISO-8859-1" standalone="no"?>
<newsitem date="1997-06-20" id="root" itemid="675725" xml:lang="en">
<title>BELARUS: Belarus police arrest opposition party leader.</title>
<headline>Belarus police arrest opposition party leader.</headline>
<dateline>MINSK 1997-06-20</dateline>
<text>
<p>Police arrested the acting leader of the opposition Belarussian Popular Front on the eve of its convention, a party spokesman said on Friday.</p>
<p>"Lyavon Borshevsky was taken just before midnight on Thursday and a court ruled in his absence that he be arrested for five days for organising unsanctioned acts of protest," Boris Gyunter told Reuters.</p>
<p>Gyunter said the arrest of Borshevsky, acting in place of Zenon Poznyak since the latter was granted political asylum in the United States last August, was intended to disrupt his party's conference, which takes place once every two years.</p>
<p>The BPF is one of the chief political parties opposing President Alexander Lukashenko, whose authoritarian rule and poor human rights record has made Minsk a virtual pariah in the West.</p>
<p>"The powers that be will not be effective in stopping the convention. First of all the BPF is an organisation with many members and strong structures capable of undertaking any activity in the absence of two or three leaders," Gyunter said.</p>
<p>Despite Lukashenko's poor image in Western Europe and the United States he remains popular among many ordinary Belarussians, who share his nostalgia for the Soviet Union and support his push for closer ties with Russia.</p>
</text>
<copyright>(c) Reuters Limited 1997</copyright>
<metadata>
<codes class="bip:countries:1.0">
  <code code="BYELRS">
    <editdetail action="confirmed" attribution="Reuters BIP Coding Group" date="1997-06-20"/>
  </code>
</codes>
<codes class="bip:topics:1.0">
  <code code="GCAT">
    <editdetail action="confirmed" attribution="Reuters BIP Coding Group" date="1997-06-20"/>
  </code>
  <code code="GPOL">
    <editdetail action="confirmed" attribution="Reuters BIP Coding Group" date="1997-06-20"/>
  </code>
  <code code="GVIO">
    <editdetail action="confirmed" attribution="Reuters BIP Coding Group" date="1997-06-20"/>
  </code>
</codes>
<dc element="dc.date.created" value="1997-06-20"/>
<dc element="dc.publisher" value="Reuters Holdings Plc"/>
<dc element="dc.date.published" value="1997-06-20"/>
<dc element="dc.source" value="Reuters"/>
<dc element="dc.creator.location" value="MINSK"/>
<dc element="dc.creator.location.country.name" value="BELARUS"/>
<dc element="dc.source" value="Reuters"/>
</metadata>
</newsitem>
