<?xml version="1.0" encoding="ISO-8859-1" standalone="no"?>
<newsitem date="1997-06-20" id="root" itemid="676144" xml:lang="en">
<title>USA: FINAL PRICING -- Md. Health &amp; Higher Educational.</title>
<headline>FINAL PRICING -- Md. Health &amp; Higher Educational.</headline>
<text>
<p>MARYLAND HEALTH AND HIGHER EDUCATIONAL FACILITIES</p>
<p>RE: $13,780,000*</p>
<p>AUTHORITY  NURSING FACILITY MORTGAGE REVENUE BONDS</p>
<p>BRADFORD OAKS NURSING &amp; REHABILITATION CENTER</p>
<p>ISSUE   SERIES 1997</p>
<p>WRITTEN AWARD</p>
<p>THE TRADE DATE IS TODAY, JUNE 20, 1997.</p>
<p>    MOODY'S: NR		    S&amp;P: NR</p>
<p>    DATED: 07/10/1997	    FIRST COUPON: 01/01/1998</p>
<p>DUE: 01/01</p>
<p> MATURITY		AMOUNT*    COUPON	   PRICE</p>
<p>01/01/1999		  190M    4.875 %	100.00</p>
<p>01/01/2000		  200M    5.125 %	100.00</p>
<p>01/01/2001		  210M    5.375 %	100.00</p>
<p>01/01/2002		  220M    5.50  %	100.00</p>
<p>01/01/2003		  235M    5.60  %	100.00</p>
<p>01/01/2004		  245M    5.70  %	100.00</p>
<p>01/01/2005		  260M    5.75  %	100.00</p>
<p>01/01/2006		  275M    5.80  %	100.00</p>
<p>01/01/2007		  290M    5.90  %	100.00</p>
<p>01/01/2008		  305M    6.00  %	  NRO</p>
<p>01/01/2009		  325M    6.05  %	  NRO</p>
<p>01/01/2010		  345M    6.15  %	100.00</p>
<p>01/01/2011		  365M    6.20  %	100.00</p>
<p>01/01/2012		  390M    6.25  %	100.00</p>
<p>01/01/2016		1,520M    6.375 %	100.00</p>
<p>01/01/2019		2,000M    6.375 %	  6.45</p>
<p>						 (Approx. $ Price 99.132)</p>
<p>01/01/2027		6,405M    6.375 %	  6.50</p>
<p>						  (Approx. $ Price 98.366)</p>
<p>CALL FEATURES: 01/01/2007    102.00</p>
<p>		   DTP 01/01/2009</p>
<p>* - APPROXIMATE SUBJECT TO CHANGE</p>
<p>The compliance addendum MSRB Rule G-11 will apply.</p>
<p>Delivery is firm for July 10, 1997.</p>
<p>This issue is book entry through DTC.</p>
<p>     Award:		  06/19/1997</p>
<p>     Delivery:	     07/10/1997 (Firm)</p>
<p>     Initial trade:	06/20/1997</p>
<p>	     MATURITY			     CUSIP</p>
<p>	     --------			     -----</p>
<p>	    01/01/1999			  574214AA0</p>
<p>	    01/01/2000			  574214AB8</p>
<p>	    01/01/2001			  574214AC6</p>
<p>	    01/01/2002			  574214AD4</p>
<p>	    01/01/2003			  574214AE2</p>
<p>	    01/01/2004			  574214AF8</p>
<p>	    01/01/2005			  574214AG7</p>
<p>	    01/01/2006			  574214AH5</p>
<p>	    01/01/2007			  574214AJ1</p>
<p>	    01/01/2008			  574214AK8</p>
<p>	    01/01/2009			  574214AL6</p>
<p>	    01/01/2010			  574214AM4</p>
<p>	    01/01/2011			  574214AN2</p>
<p>	    01/01/2012			  574214AR3</p>
<p>	    01/01/2016			  574214AP7</p>
<p>	    01/01/2019			  574214AS1</p>
<p>	    01/01/2027			  574214AQ6</p>
<p>Ferris, Baker Watts Inc. --U.S. Municipal Desk, 212-859-1650</p>
</text>
<copyright>(c) Reuters Limited 1997</copyright>
<metadata>
<codes class="bip:countries:1.0">
  <code code="USA">
    <editdetail action="confirmed" attribution="Reuters BIP Coding Group" date="1997-06-20"/>
  </code>
</codes>
<codes class="bip:topics:1.0">
  <code code="E21">
    <editdetail action="confirmed" attribution="Reuters BIP Coding Group" date="1997-06-20"/>
  </code>
  <code code="E212">
    <editdetail action="confirmed" attribution="Reuters BIP Coding Group" date="1997-06-20"/>
  </code>
  <code code="ECAT">
    <editdetail action="confirmed" attribution="Reuters BIP Coding Group" date="1997-06-20"/>
  </code>
</codes>
<dc element="dc.publisher" value="Reuters Holdings Plc"/>
<dc element="dc.date.published" value="1997-06-20"/>
<dc element="dc.source" value="Reuters"/>
<dc element="dc.creator.location.country.name" value="USA"/>
<dc element="dc.source" value="Reuters"/>
</metadata>
</newsitem>
