<?xml version="1.0" encoding="ISO-8859-1" standalone="no"?>
<newsitem date="1997-06-20" id="root" itemid="676238" xml:lang="en">
<title>USA: Canadian spot natgas boosted late by B.C. outage.</title>
<headline>Canadian spot natgas boosted late by B.C. outage.</headline>
<dateline>NEW YORK 1997-06-20</dateline>
<text>
<p>Western Canadian natgas prices turned softer early Friday, but an unexpected cut in supplies renewed the market's strength in the afternoon, industry sources said.</p>
<p>"Prices were softer, but then Westcoast declared a force majeure at Fort Nelson, and prices starting going back up," a Calgary-based trader said.</p>
<p>Spot gas at the AECO storage hub was quoted early at C$1.57 per gigajoule, but as news of the force majeure surfaced, prices rose into the mid-C$1.60s.</p>
<p>Westcoast was not immediately available to comment on the status of the 750 million cubic feet per day (mmcfd) gas plant.</p>
</text>
<copyright>(c) Reuters Limited 1997</copyright>
<metadata>
<codes class="bip:countries:1.0">
  <code code="CANA">
    <editdetail action="confirmed" attribution="Reuters BIP Coding Group" date="1997-06-20"/>
  </code>
  <code code="USA">
    <editdetail action="confirmed" attribution="Reuters BIP Coding Group" date="1997-06-20"/>
  </code>
</codes>
<codes class="bip:topics:1.0">
  <code code="M14">
    <editdetail action="confirmed" attribution="Reuters BIP Coding Group" date="1997-06-20"/>
  </code>
  <code code="M143">
    <editdetail action="confirmed" attribution="Reuters BIP Coding Group" date="1997-06-20"/>
  </code>
  <code code="MCAT">
    <editdetail action="confirmed" attribution="Reuters BIP Coding Group" date="1997-06-20"/>
  </code>
</codes>
<dc element="dc.date.created" value="1997-06-20"/>
<dc element="dc.publisher" value="Reuters Holdings Plc"/>
<dc element="dc.date.published" value="1997-06-20"/>
<dc element="dc.source" value="Reuters"/>
<dc element="dc.creator.location" value="NEW YORK"/>
<dc element="dc.creator.location.country.name" value="USA"/>
<dc element="dc.source" value="Reuters"/>
</metadata>
</newsitem>
