<?xml version="1.0" encoding="ISO-8859-1" standalone="no"?>
<newsitem date="1997-06-20" id="root" itemid="675649" xml:lang="en">
<title>POLAND: PRESS DIGEST - Poland - June 20.</title>
<headline>PRESS DIGEST - Poland - June 20.</headline>
<text>
<p>Here are highlights from Polish newspapers this morning.</p>
<p>Reuters has not verified these stories and does not vouch for their accuracy.</p>
<p>FRONT PAGE POLITICAL NEWS</p>
<p>RZECZPOSPOLITA</p>
<p>- Polish-Lithuanian relations are now excellent and can serve as a model to others, the countries' Presidents Aleksander Kwasniewski and Algirdas Brazauskas said at a meeting in Warsaw on Thursday.</p>
<p>Poland and Lithuania signed a strategic partnership treaty then.</p>
<p>- Poland is very likely to be accepted to Nato membership but the final decision has yet to be made and issues such as the country's stable democracy, political moderation and religious tolerance are now being closely monitored, Zbigniew Brzezinski said.</p>
<p>ECONOMIC AND MARKET STORIES</p>
<p>RZECZPOSPOLITA</p>
<p>- Zygmunt Solorz, co-owner of private Polsat television, has not yet provided the bankrupt Gdansk shipyard with funds needed for construction of the first vessel contracted by Germany's Schoeller Holdings.</p>
<p>The yard expects to receive the money by the end of this week, yard board member Bogdan Oleszek said.</p>
<p>- British Petroleum plans to invest $500 million in petrol distribution development in Poland by 2000, BP Poland general director Krzysztof Zielicki said.</p>
<p>- Daewoo FSO ZTS upholstery maker in Grojec, central Poland, has formed a joint venture with South Korea's Tongheung Electric.</p>
<p>The join venture will carry out upholstery production for Daewoo FSO Polonez Caro and ATU Plus cars and start making upholstery for the Lanos model in the first quarter of 1997.</p>
<p>- The privately-owned Netia telecoms operator will cut the price of a single impulse by 0.01 zloty to 0.17 zloty on July 1, Netia's sales and marketing director Jacek Szostak said.</p>
<p>- The KGHM copper combine, now undergoing privatisation, will invest $800 million in new technologies, modernisation and increasing production in the next five years.</p>
<p>- Poland's on-line cash dispenser operators have signed an agreement allowing their customers to use over 500 cash tellers controlled by various banks.</p>
<p>- The state-owned Bank Gospodarki Zywnosciowej (BGZ) farming bank will issue the town of Ciechanow's five-year munibonds totalling 5.0 million zlotys.</p>
<p>- Bank Pekao SA will operate the consolidated bank account of Telekomunikacja Polska SA (TPSA), the state-owned telecoms monopolist, the bank said.</p>
<p>- Allianz BGZ insurance company has appointed Pawel Dangel president of its life and non-life insurance branches.</p>
<p>DZIENNIK PRAWA I GOSPODARKI</p>
<p>- The technical result of Poland's non-life insurance sector in the first quarter of 1997 was positive for the first time in years, the companies' results showed.</p>
<p>- The Warsaw Commodity Exchange (WGT) will shortly launch futures transactions, WGT president Wlodzimierz Rembisz said.</p>
<p>GAZETA WYBORCZA</p>
<p>- In the next 30 days Czech Union Banka (UB) will have to buy the 7.5 million shares of Bank Przemyslowy SA of Lodz it had agreed to buy.</p>
<p>If not, UB will have to pay a fine of $500,000.</p>
<p>PARKIET</p>
<p>- The listed Vistula garment maker and trader will invest 2.5 million zlotys in retail distribution in 1997, Vistula said.</p>
<p>- The Fameg furniture maker, controlled by National Investment Fund (NFI) Progress, is planning a share listing on the Warsaw bourse's main market in 1998.</p>
<p>-- Warsaw Newsroom +48 22 653 9700</p>
</text>
<copyright>(c) Reuters Limited 1997</copyright>
<metadata>
<codes class="bip:countries:1.0">
  <code code="POL">
    <editdetail action="confirmed" attribution="Reuters BIP Coding Group" date="1997-06-20"/>
  </code>
</codes>
<codes class="bip:topics:1.0">
  <code code="GCAT">
    <editdetail action="confirmed" attribution="Reuters BIP Coding Group" date="1997-06-20"/>
  </code>
</codes>
<dc element="dc.publisher" value="Reuters Holdings Plc"/>
<dc element="dc.date.published" value="1997-06-20"/>
<dc element="dc.source" value="Reuters"/>
<dc element="dc.creator.location.country.name" value="POLAND"/>
<dc element="dc.source" value="Reuters"/>
</metadata>
</newsitem>
