<?xml version="1.0" encoding="ISO-8859-1" standalone="no"?>
<newsitem date="1997-06-20" id="root" itemid="675677" xml:lang="en">
<title>POLAND: Polish bourse seen flat next week before KGHM IPO.</title>
<headline>Polish bourse seen flat next week before KGHM IPO.</headline>
<byline>Steven Silber</byline>
<dateline>WARSAW 1997-06-20</dateline>
<text>
<p>The Polish bourse is seen flat or easing next week as investors save up for copper giant KGHM Polska Miedz SA's public offering, which begins on June 30, analysts said.</p>
<p>The main market's all-share WIG index fell 2.6 percent this week to 16,048.1 points</p>
<p>Analysts said Wednesday's news the institutional tranche of Bank Handlowy's privatisation offer was 17.5 times subscribed boded well for KGHM as well as Handlowy, both among Poland's largest firms.</p>
<p>"After the big success of the Bank Handlowy offer, demand for KGHM could be at least as big and...perhaps, investors will refrain from buying on the bourse, leading to a flat trend," said Pawel Tarnowski of Raiffeisen Capital and Investment.</p>
<p>Foreign demand exceeded $3.5 billion for Handlowy, which will start bourse trade on either June 26 or June 30.</p>
<p>Analysts said the state treasury must have sensed the potential demand for KGHM because it raised on Friday KGHM's price range for the offering to 18-23 zlotys from 15-23 zlotys.</p>
<p>Mediocre May earnings results this week also kept investors from buying listed stocks this month, analysts said, noting that the market seemed fairly valued.</p>
<p>"It seems either some prices have to fall or earnings go up more significantly for there to be many stocks to buy," said Piotr Leszczuk, an analyst at Bank Slaski brokerage.</p>
<p>But analysts said Poland's solid macroeconomic environment, underlined by news on Friday first-quarter gross domestic product gained 7.3 percent, would prevent a steep fall in stocks.</p>
<p>Poland's cut of 1997's year-on-year inflation target to 12 percent from 13 was also seen as encouraging.</p>
<p>Analysts also said stocks could be buouyed if money from the Handlowy oversubscription flowed to listed stocks as well as to KGHM.</p>
<p>On Friday, the bourse also said National Investment Funds (NFIs) in Poland's mass privatisation programme start continuous trade on July 1.</p>
<p>Analysts said parliament's statement on Friday that it would vote on a capital gains tax exemption for the funds had largely been discounted.</p>
<p>-- Warsaw Newsroom +48 22 653 9700</p>
</text>
<copyright>(c) Reuters Limited 1997</copyright>
<metadata>
<codes class="bip:countries:1.0">
  <code code="POL">
    <editdetail action="confirmed" attribution="Reuters BIP Coding Group" date="1997-06-20"/>
  </code>
</codes>
<codes class="bip:topics:1.0">
  <code code="M11">
    <editdetail action="confirmed" attribution="Reuters BIP Coding Group" date="1997-06-20"/>
  </code>
  <code code="MCAT">
    <editdetail action="confirmed" attribution="Reuters BIP Coding Group" date="1997-06-20"/>
  </code>
</codes>
<dc element="dc.date.created" value="1997-06-20"/>
<dc element="dc.publisher" value="Reuters Holdings Plc"/>
<dc element="dc.date.published" value="1997-06-20"/>
<dc element="dc.source" value="Reuters"/>
<dc element="dc.creator.location" value="WARSAW"/>
<dc element="dc.creator.location.country.name" value="POLAND"/>
<dc element="dc.source" value="Reuters"/>
</metadata>
</newsitem>
