<?xml version="1.0" encoding="ISO-8859-1" standalone="no"?>
<newsitem date="1997-06-20" id="root" itemid="676461" xml:lang="en">
<title>INDONESIA: Indonesia shipping - Belawan Port - June 20.</title>
<headline>Indonesia shipping - Belawan Port - June 20.</headline>
<text>
<p>Vessels at Belawan Port, North Sumatra</p>
<p>Summary:</p>
<p>Vessels unloading : 26  Vessels loading : 15</p>
<p>---------------------------------------------------------------</p>
<p>Name	    Arrival	 Scheduled    P/Origin   Unloading</p>
<p>Grt	     Date/Time     departure    P/Dest     Loading</p>
<p>Agent</p>
<p>---------------------------------------------------------------</p>
<p>MV Dragon-    19-06-97	20-06-97     P.Klang    container</p>
<p>Jaya	    1700	    0300	   Penang     46 teus</p>
<p>5,203							     container</p>
<p>PT Pulau Laut Internasional Line			  51 teus</p>
<p>---------------------------------------------------------------</p>
<p>MV-	     19-06-97	21-06-97     S'pore     container</p>
<p>Thana Bhum    1900	    0800	   S'pore     125 teus</p>
<p>4,593							     container</p>
<p>PT Bintika Bangunusa					  205 teus</p>
<p>---------------------------------------------------------------</p>
<p>MT Istana-VI  12-06-97	21-06-97     T.Perak	 -</p>
<p>3,437	   1600	    0800	   T.Priok    palm olein</p>
<p>PT Taruna Cipta Kencana				     4,500 tns</p>
<p>---------------------------------------------------------------</p>
<p>KM Cipta-     20-06-97	22-06-97     Penang     g.cargo</p>
<p>Niaga	   1100	    1700	   Penang     50 tns</p>
<p>195								 vegetables</p>
<p>PT Cakrawala Kirana Rintis Nusantara		    150 tns</p>
<p>---------------------------------------------------------------</p>
<p>MT Pungut/P   17-06-97	22-06-97     Dumai	diesel fuel</p>
<p>-1022	   2100	    0800	   Dumai	15,000 tns</p>
<p>11,864								 -</p>
<p>Pertamina</p>
<p>---------------------------------------------------------------</p>
<p>KM Segar-     20-06-97	23-06-97     Surabaya   g.cargo</p>
<p>Pacific	 2000	    1800	   Pekanbaru  1,000 tns</p>
<p>1,185								  -</p>
<p>PT Dewi Indah Raya</p>
<p>---------------------------------------------------------------</p>
<p>Niaga-56	20-06-97	23-06-97     T.Priok    g.cargo</p>
<p>2,437	   0600	    2400	   T.Priok    2,900 tns</p>
<p>PT Tanjung							g.cargo</p>
<p>								    1,100 tns</p>
<p>---------------------------------------------------------------</p>
<p>MT Nurshirah  20-06-97	22-06-97     P.Sambu    marine fuel</p>
<p>2,064	   1400	    0600	   P.Sambu    oil</p>
<p>PT Aseantic Sejati Shipping				 3,300 tns</p>
<p>									 -</p>
<p>---------------------------------------------------------------</p>
<p>MV Winco-     19-05-97	24-06-97     Xinggang   g.cargo</p>
<p>Mariner	 1900	    0800	   S'pore     4,700 tns</p>
<p>9,707								  -</p>
<p>PT Arpeni Pratama Ocean Line</p>
<p>---------------------------------------------------------------</p>
<p>MV Everest    19-06-97	21-06-97     S'pore     g.cargo</p>
<p>1,599	   0800	    2300	   S'pore     687 tns</p>
<p>PT Deli Madju						   g.cargo</p>
<p>								    1,200 tns</p>
<p>---------------------------------------------------------------</p>
<p>MV Chopin     19-06-97	21-06-97     Leemca-	 -</p>
<p>13,643	  0100	    0800	   bang	 plywood</p>
<p>PT Arpeni Pratama Ocean Line		 Rotterdam  3,000 tns</p>
<p>---------------------------------------------------------------</p>
<p>MV Sinar-     19-06-97	20-06-97     S'pore     container</p>
<p>Niaga	   0800	    1100	   Penang     75 teus</p>
<p>5,283							     container</p>
<p>PT Samudera Indonesia					 120 teus</p>
<p>---------------------------------------------------------------</p>
<p>MV Golden-    19-06-97	20-06-97     Bangkok	 -</p>
<p>Seaway	  0300	    1800	   Pekanbaru  plywood</p>
<p>6,155							     500 tns</p>
<p>PT Karana Line</p>
<p>---------------------------------------------------------------</p>
<p>KM Usaha Baru 18-06-97	20-06-97     P.Klang	 -</p>
<p>383	     1500	    1800	   Pekanbaru  fertiliser</p>
<p>PT Sumatra Indah Raya Line				  500 tns</p>
<p>---------------------------------------------------------------</p>
<p>KM Pertiwi    19-06-97	20-06-97     Kuala-     coconut oil</p>
<p>561	     1800	    1600	   Enok	 1,000 tns</p>
<p>PT Sumatera Indah Raya Line		  Kuala-	  -</p>
<p>						     Enok</p>
<p>---------------------------------------------------------------</p>
<p>MV Rimba Tiga 19-06-97	23-06-97     T.Bayur    cement</p>
<p>3,024	   1700	    2400	   T.Bayur    5,800 tns</p>
<p>PT Rimba Segara Line					     -</p>
<p>---------------------------------------------------------------</p>
<p>KM Subur-     19-06-97	25-06-97     Palembang  palm kernal</p>
<p>Jaya	    1800	    1800	   Palembang  expeller</p>
<p>454								 600 tns</p>
<p>PT Dewi Indah Raya					    fertiliser</p>
<p>								    700 tns</p>
<p>---------------------------------------------------------------</p>
<p>KM Pulau-     19-06-97	21-06-97     T.Priok    g.cargo</p>
<p>Kalimantan    1000	    2400	   S'pore     1,500 tns</p>
<p>2,226								  -</p>
<p>PT United Shipping Organization</p>
<p>---------------------------------------------------------------</p>
<p>TB.CB.940/TK  18-06-97	24-06-97     Jambi	logs</p>
<p>1,273	   1000	    1800	   Meulaboh   2,100 tns</p>
<p>PT Citra Antar Buana					     -</p>
<p>---------------------------------------------------------------</p>
<p>TB.Tectona/TK 18-06-97	20-06-97     Tapak Tuan logs</p>
<p>1,290	   0200	    1800	   Singkil    3,300 tns</p>
<p>PT Citra Antar Buana					     -</p>
<p>---------------------------------------------------------------</p>
<p>KM Muchtar-   18-06-97	20-06-97     Palembang  fertiliser</p>
<p>Prabu M	 0300	    2400	   Lhokseu-   8,000 tns</p>
<p>7,497						mawe	    -</p>
<p>PT Pusri</p>
<p>---------------------------------------------------------------</p>
<p>MT Sembawang  13-06-97	20-06-97     T.Uban     avtur</p>
<p>2,884	   0900	    0600	   T.Uban     3,400 tns</p>
<p>Pertamina							    -</p>
<p>---------------------------------------------------------------</p>
<p>Caraka Jaya-  18-06-97	20-06-97     T.Priok    container</p>
<p>N.III-33	0700	    1800	   T.Priok    95 teus</p>
<p>3,257							     g.cargo</p>
<p>PT Bahari Haluan Samudera				   579 tns</p>
<p>								    container</p>
<p>								    60 teus</p>
<p>								    g.cargo</p>
<p>								    700 tns</p>
<p>---------------------------------------------------------------</p>
<p>KM Gani-	17-06-97	22-06-97     T.Priok    g.cargo</p>
<p>Safari	  2300	    2300	   T.Priok    2,600 tns</p>
<p>2.050							     g.cargo</p>
<p>PT Nagah Berlian						2,100 tns</p>
<p>---------------------------------------------------------------</p>
<p>KM Ika-	16-06-97	 28-06-97     Palembang     -</p>
<p>Murni	  1000	     1800	   Batam	powder</p>
<p>541								 500 tns</p>
<p>PT Bintika Bangunusa</p>
<p>---------------------------------------------------------------</p>
<p>Khatulis-    16-06-97	 21-06-97     T.Priok    g.cargo</p>
<p>tiwa	   1100	     1800	   T.Priok    3,400 tns</p>
<p>2,716							     g.cargo</p>
<p>PT Tanjung							1,500 tns</p>
<p>---------------------------------------------------------------</p>
<p>MV Sea-	17-06-97	 29-06-97     Port Sait  iron scrapt</p>
<p>Challenger   0700	     2400	   S'pore     34,100 tns</p>
<p>24,943								 -</p>
<p>PT Trikora LLoyd</p>
<p>---------------------------------------------------------------</p>
<p>KM Tanto-    17-06-97	 22-06-97     Surabaya   g.cargo</p>
<p>Deli	   1100	     2400	   Prawang    5,835 tns</p>
<p>3,778								  -</p>
<p>PT Tanto Inti Line</p>
<p>---------------------------------------------------------------</p>
<p>MV Unipac-1  16-06-97	 21-06-97     T.Bayur    cement</p>
<p>3,453	  2400	     2400	   T.Bayur    5,700 tns</p>
<p>PT Rimba Segara Line					     -</p>
<p>---------------------------------------------------------------</p>
<p>KM Parma-    16-06-97	 20-06-97     T.Bayur    cement</p>
<p>Raya-28	1300	     2100	   T.Bayur    7,079 tns</p>
<p>4,999								  -</p>
<p>PT Pamaraya Nusantara</p>
<p>---------------------------------------------------------------</p>
<p>KM Tanto-    14-06-97	 20-06-97     Surabaya   g.cargo</p>
<p>Raya-II	1600	     1600	   Prawang    4,831 tns</p>
<p>3,823								  -</p>
<p>PT Tanto Intim Line</p>
<p>---------------------------------------------------------------</p>
<p>--Jakarta Newsroom +6221 384-6364</p>
</text>
<copyright>(c) Reuters Limited 1997</copyright>
<metadata>
<codes class="bip:countries:1.0">
  <code code="INDON">
    <editdetail action="confirmed" attribution="Reuters BIP Coding Group" date="1997-06-20"/>
  </code>
</codes>
<codes class="bip:industries:1.0">
  <code code="I74000">
    <editdetail action="confirmed" attribution="Reuters BIP Coding Group" date="1997-06-20"/>
  </code>
  <code code="I76300">
    <editdetail action="confirmed" attribution="Reuters BIP Coding Group" date="1997-06-20"/>
  </code>
  <code code="I77002">
    <editdetail action="confirmed" attribution="Reuters BIP Coding Group" date="1997-06-20"/>
  </code>
</codes>
<codes class="bip:topics:1.0">
  <code code="CCAT">
    <editdetail action="confirmed" attribution="Reuters BIP Coding Group" date="1997-06-20"/>
  </code>
</codes>
<dc element="dc.publisher" value="Reuters Holdings Plc"/>
<dc element="dc.date.published" value="1997-06-20"/>
<dc element="dc.source" value="Reuters"/>
<dc element="dc.creator.location.country.name" value="INDONESIA"/>
<dc element="dc.source" value="Reuters"/>
</metadata>
</newsitem>
