<?xml version="1.0" encoding="ISO-8859-1" standalone="no"?>
<newsitem date="1997-06-20" id="root" itemid="677212" xml:lang="en">
<title>ITALY: Thousands watch re-run of Foucault's pendulum test.</title>
<headline>Thousands watch re-run of Foucault's pendulum test.</headline>
<dateline>FLORENCE, Italy 1997-06-20</dateline>
<text>
<p>Around 8,000 people packed Florence cathedral for a re-run of French scientist Jean Foucault's famous pendulum experiment in 1851 that proved the earth rotates on its own axis.</p>
<p>Italian author Umberto Eco, whose second novel was entitled "Foucault's Pendulum", attended the event on Thursday night as part of the cathedral's 700th anniversary celebrations.</p>
<p>"The pendulum is magical and it's a magical evening because of the place chosen for the experiment," Eco said.</p>
<p>Foucault proved that the earth rotated by suspending a 28-kg (62-lb) lead ball from a wire 67 metres (222 feet) long at the Pantheon in Paris.</p>
<p>The experiment proves the earth turns on its own axis because the pendulum slowly oscillates as it swings.</p>
<p>The Florence event recreated Foucault's experiment with an 89-kg (196-lb) weight suspended from an 88-metre (294 feet) wire attached to Brunelleschi's famous frescoed dome.</p>
</text>
<copyright>(c) Reuters Limited 1997</copyright>
<metadata>
<codes class="bip:countries:1.0">
  <code code="FRA">
    <editdetail action="confirmed" attribution="Reuters BIP Coding Group" date="1997-06-20"/>
  </code>
  <code code="ITALY">
    <editdetail action="confirmed" attribution="Reuters BIP Coding Group" date="1997-06-20"/>
  </code>
</codes>
<codes class="bip:topics:1.0">
  <code code="GCAT">
    <editdetail action="confirmed" attribution="Reuters BIP Coding Group" date="1997-06-20"/>
  </code>
  <code code="GENT">
    <editdetail action="confirmed" attribution="Reuters BIP Coding Group" date="1997-06-20"/>
  </code>
  <code code="GSCI">
    <editdetail action="confirmed" attribution="Reuters BIP Coding Group" date="1997-06-20"/>
  </code>
</codes>
<dc element="dc.date.created" value="1997-06-20"/>
<dc element="dc.publisher" value="Reuters Holdings Plc"/>
<dc element="dc.date.published" value="1997-06-20"/>
<dc element="dc.source" value="Reuters"/>
<dc element="dc.creator.location" value="FLORENCE, Italy"/>
<dc element="dc.creator.location.country.name" value="ITALY"/>
<dc element="dc.source" value="Reuters"/>
</metadata>
</newsitem>
