<?xml version="1.0" encoding="ISO-8859-1" standalone="no"?>
<newsitem date="1997-06-20" id="root" itemid="676188" xml:lang="en">
<title>USA: CBOT rice ends mixed, July down in correction.</title>
<headline>CBOT rice ends mixed, July down in correction.</headline>
<dateline>CHICAGO 1997-06-20</dateline>
<text>
<p>Following sharp advances this week, CBOT rice futures ended mixed Friday, with nearby falling in corrective action, traders said.</p>
<p>"You had a big week this week," said one pit trader. "This is just a setback."</p>
<p>January and March made contract highs for the third straight session.</p>
<p>Despite Friday's lower close, most rice traders said the market's technical and fundamental factors are still bullish, so prices should continue to march higher in the near term.</p>
<p>"We've seen rising prices, rising volume, and rising open interest," said one trader. "That's a bullish market."</p>
<p>Hedge selling in new-crop contracts was noted again today. All week long, farmer selling has limited gains in the market, traders said.</p>
<p>Concerns about the possibility of El Nion reducing rice production in Asia continued to support prices, floor traders said.</p>
<p>Volume was estimated at 1,100 contracts, which is a good bit lower than Thursday's actual volume of 2,009 contracts.</p>
<p>Rice closed eight cents lower to four cents higher, with July down eight at $11.67 per cwt.</p>
<p>((Anna Driver 312-408-8720))</p>
</text>
<copyright>(c) Reuters Limited 1997</copyright>
<metadata>
<codes class="bip:countries:1.0">
  <code code="USA">
    <editdetail action="confirmed" attribution="Reuters BIP Coding Group" date="1997-06-20"/>
  </code>
</codes>
<codes class="bip:topics:1.0">
  <code code="M14">
    <editdetail action="confirmed" attribution="Reuters BIP Coding Group" date="1997-06-20"/>
  </code>
  <code code="M141">
    <editdetail action="confirmed" attribution="Reuters BIP Coding Group" date="1997-06-20"/>
  </code>
  <code code="MCAT">
    <editdetail action="confirmed" attribution="Reuters BIP Coding Group" date="1997-06-20"/>
  </code>
</codes>
<dc element="dc.date.created" value="1997-06-20"/>
<dc element="dc.publisher" value="Reuters Holdings Plc"/>
<dc element="dc.date.published" value="1997-06-20"/>
<dc element="dc.source" value="Reuters"/>
<dc element="dc.creator.location" value="CHICAGO"/>
<dc element="dc.creator.location.country.name" value="USA"/>
<dc element="dc.source" value="Reuters"/>
</metadata>
</newsitem>
