<?xml version="1.0" encoding="ISO-8859-1" standalone="no"?>
<newsitem date="1997-06-20" id="root" itemid="675747" xml:lang="en">
<title>HUNGARY: Hungary's Horizon sees falling H1 earnings.</title>
<headline>Hungary's Horizon sees falling H1 earnings.</headline>
<dateline>BUDAPEST 1997-06-20</dateline>
<text>
<p>Hungarian research and development company Horizon-Multiplan said on Friday that a slump in sales and other factors would substantially depress the firm's results.</p>
<p>Horizon-Multiplan said in the Budapest Stock Exchange's (BSE) official gazette that in the first five months of the year the company's economic indicators were unfavourable.</p>
<p>It added that an internal investigation about the company's activities was underway and it had already unveiled problems.</p>
<p>"A set of problems -- a substantial fall in domestic and exports sales, the deficiencies of financial and sales control and a bill unpaid by Hoffman Schneider Capital S.A. -- influence the result's of Horizon-Multiplan's operations fundamentally," the company said.</p>
<p>The directors will discuss the report of the company's adviser about the investigation on June 27 and by June 30 they will publish their plans, which will detail the measures to be taken and also name the persons who are responsible for the problems, Horizon-Multiplan said.</p>
<p>The statement did not disclose if the company suspected any criminal offence.</p>
<p>It added that Horizon-Multiplan expected its Humet anti-cancer product to create new markets for the company.</p>
<p>Horizon-Multiplan closed at 190 forints on the BSE on Thursday, and was untraded on Friday.</p>
<p>-- Budapest newsroom (36 1) 327 4040</p>
</text>
<copyright>(c) Reuters Limited 1997</copyright>
<metadata>
<codes class="bip:countries:1.0">
  <code code="HUNG">
    <editdetail action="confirmed" attribution="Reuters BIP Coding Group" date="1997-06-20"/>
  </code>
</codes>
<codes class="bip:industries:1.0">
  <code code="I25700">
    <editdetail action="confirmed" attribution="Reuters BIP Coding Group" date="1997-06-20"/>
  </code>
</codes>
<codes class="bip:topics:1.0">
  <code code="C15">
    <editdetail action="confirmed" attribution="Reuters BIP Coding Group" date="1997-06-20"/>
  </code>
  <code code="C152">
    <editdetail action="confirmed" attribution="Reuters BIP Coding Group" date="1997-06-20"/>
  </code>
  <code code="CCAT">
    <editdetail action="confirmed" attribution="Reuters BIP Coding Group" date="1997-06-20"/>
  </code>
</codes>
<dc element="dc.date.created" value="1997-06-20"/>
<dc element="dc.publisher" value="Reuters Holdings Plc"/>
<dc element="dc.date.published" value="1997-06-20"/>
<dc element="dc.source" value="Reuters"/>
<dc element="dc.creator.location" value="BUDAPEST"/>
<dc element="dc.creator.location.country.name" value="HUNGARY"/>
<dc element="dc.source" value="Reuters"/>
</metadata>
</newsitem>
