<?xml version="1.0" encoding="ISO-8859-1" standalone="no"?>
<newsitem date="1997-06-20" id="root" itemid="677225" xml:lang="en">
<title>GERMANY: Fragments of rare Gutenberg bible found in Germany.</title>
<headline>Fragments of rare Gutenberg bible found in Germany.</headline>
<dateline>BONN 1997-06-20</dateline>
<text>
<p>Fragments of a rare Gutenberg bible have been found in church archives in the north German town of Rendsburg, a report in a local newspaper said on Friday.</p>
<p>The Schleswig-Holsteinische Landeszeitung said the bible was discovered a year ago, but only recently certified by experts to be one of the 180 bibles put together by Johannes Gutenberg, the inventor of printing by movable type, in the town of Mainz between 1453 and 1455.</p>
<p>"According to experts, the bible is a priceless work and the oldest printed book in Schleswig-Holstein," the newspaper said.</p>
<p>There are 48 other known Gutenberg bibles still in existence.</p>
</text>
<copyright>(c) Reuters Limited 1997</copyright>
<metadata>
<codes class="bip:countries:1.0">
  <code code="GFR">
    <editdetail action="confirmed" attribution="Reuters BIP Coding Group" date="1997-06-20"/>
  </code>
</codes>
<codes class="bip:topics:1.0">
  <code code="GCAT">
    <editdetail action="confirmed" attribution="Reuters BIP Coding Group" date="1997-06-20"/>
  </code>
  <code code="GENT">
    <editdetail action="confirmed" attribution="Reuters BIP Coding Group" date="1997-06-20"/>
  </code>
</codes>
<dc element="dc.date.created" value="1997-06-20"/>
<dc element="dc.publisher" value="Reuters Holdings Plc"/>
<dc element="dc.date.published" value="1997-06-20"/>
<dc element="dc.source" value="Reuters"/>
<dc element="dc.creator.location" value="BONN"/>
<dc element="dc.creator.location.country.name" value="GERMANY"/>
<dc element="dc.source" value="Reuters"/>
</metadata>
</newsitem>
