<?xml version="1.0" encoding="ISO-8859-1" standalone="no"?>
<newsitem date="1997-06-20" id="root" itemid="675750" xml:lang="en">
<title>HUNGARY: Hungary to announce energy price on Monday - ministry.</title>
<headline>Hungary to announce energy price on Monday - ministry.</headline>
<dateline>BUDAPEST 1997-06-20</dateline>
<text>
<p>Hungary's Industry and Trade Ministry said on Friday it would decide on the quarterly energy price increase on Monday.</p>
<p>"The decision will be made on Monday and we will publish the information probably via a statement," Tamas Lindenberger of the ministry's press department told Reuters.</p>
<p>The Hungarian market was expecting a decision on Friday as the new gas price would significantly influence the earnings of oil and gas company MOL Rt, which said it expected the government to fulfill its promise of an eight percent profit margin for energy companies.</p>
<p>Since January, Hungarian energy prices have been revised quarterly based on a formula of the energy bill. Revisions are based on recommendations of the Energy Office and the Industry and Trade Ministry has the final authority.</p>
<p>-- Denes Albert, Budapest newsroom +36 1 327 4040</p>
</text>
<copyright>(c) Reuters Limited 1997</copyright>
<metadata>
<codes class="bip:countries:1.0">
  <code code="HUNG">
    <editdetail action="confirmed" attribution="Reuters BIP Coding Group" date="1997-06-20"/>
  </code>
</codes>
<codes class="bip:industries:1.0">
  <code code="I13000">
    <editdetail action="confirmed" attribution="Reuters BIP Coding Group" date="1997-06-20"/>
  </code>
</codes>
<codes class="bip:topics:1.0">
  <code code="C13">
    <editdetail action="confirmed" attribution="Reuters BIP Coding Group" date="1997-06-20"/>
  </code>
  <code code="C31">
    <editdetail action="confirmed" attribution="Reuters BIP Coding Group" date="1997-06-20"/>
  </code>
  <code code="CCAT">
    <editdetail action="confirmed" attribution="Reuters BIP Coding Group" date="1997-06-20"/>
  </code>
</codes>
<dc element="dc.date.created" value="1997-06-20"/>
<dc element="dc.publisher" value="Reuters Holdings Plc"/>
<dc element="dc.date.published" value="1997-06-20"/>
<dc element="dc.source" value="Reuters"/>
<dc element="dc.creator.location" value="BUDAPEST"/>
<dc element="dc.creator.location.country.name" value="HUNGARY"/>
<dc element="dc.source" value="Reuters"/>
</metadata>
</newsitem>
