<?xml version="1.0" encoding="ISO-8859-1" standalone="no"?>
<newsitem date="1997-06-20" id="root" itemid="675947" xml:lang="en">
<title>AUSTRALIA: RTRS-QNI says Gencor merger to dilute EPS.</title>
<headline>RTRS-QNI says Gencor merger to dilute EPS.</headline>
<dateline>SYDNEY 1997-06-20</dateline>
<text>
<p>QNI Ltd said on Friday the proposed merger with Gencor Ltd's nickel unit would dilute earnings per share (EPS) by 20 percent in the first year, would be earnings dilutive in the second year, and would be earnings positive in the third and fourth year.</p>
<p>QNI said that Gencor had indicated it would not make a full cash takeover bid for QNI if their merger proposal was rejected by shareholders.</p>
<p>It said the Cerro Matoso nickel mine in Columbia had been valued at between A$1.3 billion and A$1.8 billion.  </p>
<p>"They've (Gencor) indicated they are not interested in bidding for the company (if the merger is rejected)," QNI managing director Wyn Davies told an openly hostile briefing for analysts and investors.</p>
<p>"I think it would be a tragedy if we didn't grab this opportunity," Davies said. QNI were sold down sharply on Friday morning as an investor revolt over the merger gathered momentum.</p>
<p>Analysts and brokers have said there is a strong possibility the deal would be rejected at the shareholders meeting needed to approve the deal, because Gencor was seen to have paid too little for its controlling interest in QNI.  </p>
<p>Gencor is contributing its nickel division, including its Cerro Matoso nickel operations in Colombia, in exchange for a 56-percent stake in an enlarged QNI vehicle.</p>
<p>Davies told the briefing, under repeated questioning about the mine's valuation, that Cerro Matoso was valued at A$1.3 billion to A$1.8 billion recently by Gencor when the South African miner was considering selling the mine independently.</p>
<p>He said however QNI could not give the valuation it used for Cerro Matoso in its merger considerations, but that one would be provided when the merger was assessed by independent valuers Grant Samuels and Associates.  </p>
<p>Also under repeated questioning, a QNI official said the merger would be earnings per share dilutive in the first two years, because of depreciation and amortisation costs, but in the third and fourth years, the merger would be very earnings per share positive.</p>
<p>"It would be about 20 percent in the first year," the official told the briefing when asked how earnings dilutive it would be.</p>
<p>At 12.45 p.m. (0245 GMT), QNI shares were 10 cents lower at A$2.55 with almost five million shares traded.</p>
<p>-- Sydney newsroom 61-2 9373-1800</p>
</text>
<copyright>(c) Reuters Limited 1997</copyright>
<metadata>
<codes class="bip:countries:1.0">
  <code code="AUSTR">
    <editdetail action="confirmed" attribution="Reuters BIP Coding Group" date="1997-06-20"/>
  </code>
</codes>
<codes class="bip:industries:1.0">
  <code code="I22471">
    <editdetail action="confirmed" attribution="Reuters BIP Coding Group" date="1997-06-20"/>
  </code>
  <code code="I83960">
    <editdetail action="confirmed" attribution="Reuters BIP Coding Group" date="1997-06-20"/>
  </code>
</codes>
<codes class="bip:topics:1.0">
  <code code="C18">
    <editdetail action="confirmed" attribution="Reuters BIP Coding Group" date="1997-06-20"/>
  </code>
  <code code="C181">
    <editdetail action="confirmed" attribution="Reuters BIP Coding Group" date="1997-06-20"/>
  </code>
  <code code="CCAT">
    <editdetail action="confirmed" attribution="Reuters BIP Coding Group" date="1997-06-20"/>
  </code>
</codes>
<dc element="dc.date.created" value="1997-06-20"/>
<dc element="dc.publisher" value="Reuters Holdings Plc"/>
<dc element="dc.date.published" value="1997-06-20"/>
<dc element="dc.source" value="Reuters"/>
<dc element="dc.creator.location" value="SYDNEY"/>
<dc element="dc.creator.location.country.name" value="AUSTRALIA"/>
<dc element="dc.source" value="Reuters"/>
</metadata>
</newsitem>
