<?xml version="1.0" encoding="ISO-8859-1" standalone="no"?>
<newsitem date="1997-06-20" id="root" itemid="675921" xml:lang="en">
<title>CHILE: Chile stocks seen stable, retail sector buoyant.</title>
<headline>Chile stocks seen stable, retail sector buoyant.</headline>
<dateline>SANTIAGO 1997-06-20</dateline>
<text>
<p>Chilean stocks opened slightly higher and are expected to remain steady, although retail shares are seen rallying on rising consumer demand, said traders.</p>
<p>Despite spiking higher Thursday after a four-day losing run, the underlying trend is still downward, they said.</p>
<p>"The local market has still not been activated to take long-term positions. Most trading is short-term dealing," said one broker.</p>
<p>The 40-share  .IPSA index opened up 0.13 percent at 133.26 points.  </p>
<p>The retail sector has space to rise after the Central Bank's recent interest rate cut, they said.</p>
<p>"People are feeling richer, and the sector that benefits most is the retail business," said one dealer.</p>
<p>Stocks seen rallying include department store Almacenes Paris and Zofri, which operates the duty-free zone at the port of Iquique, he said.</p>
<p>Early winners included pulp producer Copec, up 1.26 percent at 2,020 pesos, and power giant Endesa, which rose 0.65 percent to 312 pesos.</p>
<p>((-- Margaret Orgill, Santiago newsroom, 562-699-5595x212))</p>
</text>
<copyright>(c) Reuters Limited 1997</copyright>
<metadata>
<codes class="bip:countries:1.0">
  <code code="CHIL">
    <editdetail action="confirmed" attribution="Reuters BIP Coding Group" date="1997-06-20"/>
  </code>
</codes>
<codes class="bip:topics:1.0">
  <code code="M11">
    <editdetail action="confirmed" attribution="Reuters BIP Coding Group" date="1997-06-20"/>
  </code>
  <code code="MCAT">
    <editdetail action="confirmed" attribution="Reuters BIP Coding Group" date="1997-06-20"/>
  </code>
</codes>
<dc element="dc.date.created" value="1997-06-20"/>
<dc element="dc.publisher" value="Reuters Holdings Plc"/>
<dc element="dc.date.published" value="1997-06-20"/>
<dc element="dc.source" value="Reuters"/>
<dc element="dc.creator.location" value="SANTIAGO"/>
<dc element="dc.creator.location.country.name" value="CHILE"/>
<dc element="dc.source" value="Reuters"/>
</metadata>
</newsitem>
