<?xml version="1.0" encoding="ISO-8859-1" standalone="no"?>
<newsitem date="1997-06-20" id="root" itemid="677303" xml:lang="en">
<title>GREECE: PRESS DIGEST - GREEK GENERAL NEWS- JUNE 20.</title>
<headline>PRESS DIGEST - GREEK GENERAL NEWS- JUNE 20.</headline>
<dateline>ATHENS 1997-06-20</dateline>
<text>
<p>Leading stories in the Greek general press:</p>
<p>		   KATHIMERINI</p>
<p>--A US Pentagon map issued at the end of last year shows the Aegean islet of Imia as clearly belonging to Greece, US defence department spokesman Kenneth Bacon said yesterday. Previous maps had shown Imia to be of "unknown sovereignty" but the change came about, Bacon said, after directions from the State Department. The State Department spokesman Nicholas Burns said he was unaware of any such directives.</p>
<p>--Labour and Social Security Minister Miltiades Papaioannou yesterday received assurances from the finance and economy ministries that 27.17 billion drachmas owed to the Social Security Foundation in contributions would be recovered from debtors. </p>
<p>--A new tourism bill presented yesterday provides for 10,000 businesses such as restaurants to receive national and EU subsidies to upgrade hygiene on their premises. The cost is estimated at 3.5 billion drachmas.</p>
<p>		   ELEFTHEROTYPIA</p>
<p>--The problem of employment can only be resolved through "liberal" policies, National Economy and Finance  Minister Yannos Papandoniou is reported to have said yesterday.</p>
<p>--Various social groups have called for an investigation into television "reality shows" following the suicide of a 47-year-old man unwillingly subjected to the camera's glare.</p>
<p>		    TA NEA</p>
<p>--The Spraou report commissioned by the government on how the economy can achieve convergence has recommended contained wage increases for the next two years.</p>
<p>	     ELEFTHEROS TYPOS</p>
<p>--Insurance companies are considering increasing premiums for hospitalisation and slowly reforming policies on health care due to overwhelming costs.</p>
<p>		  ETHNOS</p>
<p>--The interior ministry has announced new criteria for the selection of would-be civil servants. Changes to the public sector include evaluation of the performance of civil servants and employees' evaluation of managers.</p>
<p>--The Wild One Marlon Brando is in Greece at the invitation of the Latsis shipping family to speak on environmental issues. --Maria Petrakis, Athens Newsroom +301 3311812-4</p>
</text>
<copyright>(c) Reuters Limited 1997</copyright>
<metadata>
<codes class="bip:countries:1.0">
  <code code="GREECE">
    <editdetail action="confirmed" attribution="Reuters BIP Coding Group" date="1997-06-20"/>
  </code>
</codes>
<codes class="bip:topics:1.0">
  <code code="GCAT">
    <editdetail action="confirmed" attribution="Reuters BIP Coding Group" date="1997-06-20"/>
  </code>
</codes>
<dc element="dc.date.created" value="1997-06-20"/>
<dc element="dc.publisher" value="Reuters Holdings Plc"/>
<dc element="dc.date.published" value="1997-06-20"/>
<dc element="dc.source" value="Reuters"/>
<dc element="dc.creator.location" value="ATHENS"/>
<dc element="dc.creator.location.country.name" value="GREECE"/>
<dc element="dc.source" value="Reuters"/>
</metadata>
</newsitem>
