<?xml version="1.0" encoding="ISO-8859-1" standalone="no"?>
<newsitem date="1997-06-20" id="root" itemid="675789" xml:lang="en">
<title>RUSSIA: Russia to raise 1998 military spending for reform.</title>
<headline>Russia to raise 1998 military spending for reform.</headline>
<dateline>MOSCOW 1997-06-20</dateline>
<text>
<p>Russia will boost defence spending next year to 94 trillion roubles ($16.3 billion) from 83 trillion in 1997 to carry out long-delayed military reforms, Interfax news agency quoted a senior minister as saying.</p>
<p>Deputy Prime Minister and Economy Minister Yakov Urinson told Interfax late on Thursday defence spending was one of the key issues of next year's budget, and that expenditure would be increased annually.</p>
<p>In 1996, Russia spent 64 trillion on national defence.</p>
<p>"The 94 trillion budgeted for 1998 is a considerable increase which will allow us to find the means to carry out military reform," Urinson said. Interfax published his comments on Friday.</p>
<p>The structure of military spending would be changed, focusing on purchases of modern military equipment, research and combat training -- in line with recent statements from new Defence Minister Igor Sergeyev.</p>
<p>The same priorities would apply in financing law enforcement and state security bodies, Urinson added. Russia plans to spend 47 trillion roubles on these next year.</p>
<p>Sergeyev declared war on waste in the army earlier this week by committing himself to a long campaign that will trim and modernise Moscow's vast but obsolescent armed forces, junking outdated hardware to invest in state-of-the-art equipment.</p>
<p>But the concept of increasing military expenditure, which Urinson said was approved by reformist First Deputy Prime Minister Anatoly Chubais, is hardly in line with President Boris Yeltsin's pledge to cut defence spending to 3.5 percent of gross domestic product by 2000 from five percent now.</p>
<p>Yeltsin sacked his predecessor last month for failing to make progress on the president's goal of a professional, non-conscript force by the turn of the century and for "whining" too often about the army's need for more money.</p>
<p>Chubais heads a committee in charge of financing the modernisation of the demoralised Cold War-era army.</p>
<p>The head of the air force said on Wednesday its personnel would be cut by more than a third by 2001, in line with similar reductions across the board.</p>
<p>Russia's armed forces are estimated to be about 1.8 million men strong but even generals concede they are not sure of the exact figure, making it hard to assess progress on previous plans to cut 200,000 men this year. ($1=5,761 roubles)</p>
</text>
<copyright>(c) Reuters Limited 1997</copyright>
<metadata>
<codes class="bip:countries:1.0">
  <code code="RUSS">
    <editdetail action="confirmed" attribution="Reuters BIP Coding Group" date="1997-06-20"/>
  </code>
</codes>
<codes class="bip:topics:1.0">
  <code code="E21">
    <editdetail action="confirmed" attribution="Reuters BIP Coding Group" date="1997-06-20"/>
  </code>
  <code code="E211">
    <editdetail action="confirmed" attribution="Reuters BIP Coding Group" date="1997-06-20"/>
  </code>
  <code code="ECAT">
    <editdetail action="confirmed" attribution="Reuters BIP Coding Group" date="1997-06-20"/>
  </code>
  <code code="GCAT">
    <editdetail action="confirmed" attribution="Reuters BIP Coding Group" date="1997-06-20"/>
  </code>
  <code code="GDEF">
    <editdetail action="confirmed" attribution="Reuters BIP Coding Group" date="1997-06-20"/>
  </code>
</codes>
<dc element="dc.date.created" value="1997-06-20"/>
<dc element="dc.publisher" value="Reuters Holdings Plc"/>
<dc element="dc.date.published" value="1997-06-20"/>
<dc element="dc.source" value="Reuters"/>
<dc element="dc.creator.location" value="MOSCOW"/>
<dc element="dc.creator.location.country.name" value="RUSSIA"/>
<dc element="dc.source" value="Reuters"/>
</metadata>
</newsitem>
