<?xml version="1.0" encoding="ISO-8859-1" standalone="no"?>
<newsitem date="1997-06-20" id="root" itemid="675563" xml:lang="en">
<title>DEMOCRATIC REPUBLIC OF CONGO: Kabila denies massacres, obstructing U.N. probe.</title>
<headline>Kabila denies massacres, obstructing U.N. probe.</headline>
<byline>William Wallis</byline>
<dateline>KINSHASA 1997-06-20</dateline>
<text>
<p>New President Laurent Kabila of the Democratic Republic of Congo on Friday denied his troops had massacred Rwandan Hutu refugees or that he ordered officials to obstruct a U.N. investigation.</p>
<p>"These are lies. First of all there are no more Rwandan refugees, they have gone home. There were never any massacres," he said in a brief interview on state television broadcast on Friday night.</p>
<p>"To exonerate themselves they (the international community) are seeking a scapegoat -- massacres which never took place, refugees which we can find nowhere and all this is to incriminate us for having given a lesson to the big countries that we can liberate ourselves without saying sorry."</p>
<p>His statement followed the arrival in Kinshasa on Friday of an advance team of United Nations investigators who intend to lay out terms for the investigation into the alleged massacre of thousands of Rwandan Hutus by Kabila's forces or their regional allies.</p>
<p>The mission follows persistent reports of alleged massacres deep in the jungles in the east of what was then Zaire by Kabila's rebels, who ousted President Mobutu Sese Seko a month ago, or by Ugandan and Rwandan forces who assisted them.</p>
<p>In May a team of U.N. investigators failed to gain access to eastern Congo on a planned reconnaissance trip.</p>
<p>The latest team hope to talk to Kabila and his officials as soon as possible and to visit the areas where the investigations will take place before the full mission arrives on July 7.</p>
<p>The arrival of the investigators was clouded by a Washington Post report that Kabila had told some local officials to do as little as possible to aid them.</p>
<p>Citing unnamed Western and Congolese sources, it said Kabila had told officials in the east near the border with Rwanda, Uganda and Burundi, "not to direct human rights investigators to any mass grave sites or potential witnesses".</p>
<p>The sources said Kabila was under intense pressure from Rwandan and Ugandan officials to stymie the probe.</p>
<p>The U.N. High Commissioner for Refugees said more than 200,000 Hutu refugees who had been living in Zaire for more than two years were still unaccounted for. Some 800,000 went home to Rwanda after their camps were overrun by Kabila's men or were repatriated subsequently by the UNHCR.</p>
<p>Security units from the two countries played an important part in Kabila's armed uprising that began in October.</p>
<p>In exchange for help in toppling Mobutu, Kabila was forced to give those units a free hand in gunning down thousands of ethnic Hutu refugees, the Washington Post's sources were quoted as saying.</p>
<p>Kabila's own army included many ethnic Tutsis, traditional rivals of the Hutus who fled Rwanda in 1994 after Tutsi exiles won control of Rwanda following the genocide by Hutu hardliners of up to a million people from the Tutsi minority.</p>
</text>
<copyright>(c) Reuters Limited 1997</copyright>
<metadata>
<codes class="bip:countries:1.0">
  <code code="RWANDA">
    <editdetail action="confirmed" attribution="Reuters BIP Coding Group" date="1997-06-20"/>
  </code>
  <code code="UN">
    <editdetail action="confirmed" attribution="Reuters BIP Coding Group" date="1997-06-20"/>
  </code>
  <code code="ZAIRE">
    <editdetail action="confirmed" attribution="Reuters BIP Coding Group" date="1997-06-20"/>
  </code>
</codes>
<codes class="bip:topics:1.0">
  <code code="GCAT">
    <editdetail action="confirmed" attribution="Reuters BIP Coding Group" date="1997-06-20"/>
  </code>
  <code code="GDIP">
    <editdetail action="confirmed" attribution="Reuters BIP Coding Group" date="1997-06-20"/>
  </code>
  <code code="GVIO">
    <editdetail action="confirmed" attribution="Reuters BIP Coding Group" date="1997-06-20"/>
  </code>
</codes>
<dc element="dc.date.created" value="1997-06-20"/>
<dc element="dc.publisher" value="Reuters Holdings Plc"/>
<dc element="dc.date.published" value="1997-06-20"/>
<dc element="dc.source" value="Reuters"/>
<dc element="dc.creator.location" value="KINSHASA"/>
<dc element="dc.creator.location.country.name" value="DEMOCRATIC REPUBLIC OF CONGO"/>
<dc element="dc.source" value="Reuters"/>
</metadata>
</newsitem>
