<?xml version="1.0" encoding="ISO-8859-1" standalone="no"?>
<newsitem date="1997-06-20" id="root" itemid="675818" xml:lang="en">
<title>ROMANIA: Romania revises wheat crop down to 7.07 mln tonnes.</title>
<headline>Romania revises wheat crop down to 7.07 mln tonnes.</headline>
<dateline>BUCHAREST 1997-06-20</dateline>
<text>
<p>Romania forecasts a wheat harvest of 7.07 million tonnes this year, down from a previous eight million tonnes estimate but more than double last year's 3.1 million tonne crop, a farm ministry official said on Friday.</p>
<p>The figure for the country's wheat exports, previously seen at 2.4 million tonnes from the 1997 crop was not revised.  </p>
<p>"Our previous estimate of eight million tonnes was made before a complete analysis of the situation in the field. Now we have finished our evaluation and we expect a 7.07 million wheat crop," ministry spokeswoman Aurelia Sadagorschi.</p>
<p>She said the revised wheat crop estimate exceeded by far Romania's domestic consumption needs. The ministry would go ahead with plans to export 2.4 million tonnes of this year's bumper crop.</p>
<p>Last year Romania had a poor wheat crop of some 3.1 million tonnes, due to bad weather and a late winter. In 1995, the country, once a grain basket of Europe, harvested a bumper crop of 7.8 million tonnes and sold about 1.3 million tonnes.</p>
<p>Ministry forecasts put at 1.74 million tonnes the wheat crop to be harvested from state farms, with private farmers to harvest the remaining 5.34 million tonnes (figures rounded upwards).</p>
<p>-- Diana Voicu, Bucharest Newsroom 40-1 3120264</p>
</text>
<copyright>(c) Reuters Limited 1997</copyright>
<metadata>
<codes class="bip:countries:1.0">
  <code code="ROM">
    <editdetail action="confirmed" attribution="Reuters BIP Coding Group" date="1997-06-20"/>
  </code>
</codes>
<codes class="bip:industries:1.0">
  <code code="I01001">
    <editdetail action="confirmed" attribution="Reuters BIP Coding Group" date="1997-06-20"/>
  </code>
  <code code="I0100132">
    <editdetail action="confirmed" attribution="Reuters BIP Coding Group" date="1997-06-20"/>
  </code>
</codes>
<codes class="bip:topics:1.0">
  <code code="C21">
    <editdetail action="confirmed" attribution="Reuters BIP Coding Group" date="1997-06-20"/>
  </code>
  <code code="CCAT">
    <editdetail action="confirmed" attribution="Reuters BIP Coding Group" date="1997-06-20"/>
  </code>
  <code code="M14">
    <editdetail action="confirmed" attribution="Reuters BIP Coding Group" date="1997-06-20"/>
  </code>
  <code code="M141">
    <editdetail action="confirmed" attribution="Reuters BIP Coding Group" date="1997-06-20"/>
  </code>
  <code code="MCAT">
    <editdetail action="confirmed" attribution="Reuters BIP Coding Group" date="1997-06-20"/>
  </code>
</codes>
<dc element="dc.date.created" value="1997-06-20"/>
<dc element="dc.publisher" value="Reuters Holdings Plc"/>
<dc element="dc.date.published" value="1997-06-20"/>
<dc element="dc.source" value="Reuters"/>
<dc element="dc.creator.location" value="BUCHAREST"/>
<dc element="dc.creator.location.country.name" value="ROMANIA"/>
<dc element="dc.source" value="Reuters"/>
</metadata>
</newsitem>
