<?xml version="1.0" encoding="ISO-8859-1" standalone="no"?>
<newsitem date="1997-06-20" id="root" itemid="675591" xml:lang="en">
<title>CENTRAL AFRICAN REPUBLIC: Peace force in Central African Republic clash.</title>
<headline>Peace force in Central African Republic clash.</headline>
<dateline>BANGUI 1997-06-20</dateline>
<text>
<p>Units of an African peacekeeping force in the Central African Republic capital Bangui clashed with unreconciled army mutineers on Friday and pushed them back to one of their strongholds, witnesses said.</p>
<p>The reason for the clash was not immediately clear. It was the first such incident since a failed attempt to reintegrate mutineers from the paramilitary gendarmerie into their units under a January 25 peace plan to end the country's third army mutiny in under a year.</p>
<p>Officials say talks have begun to find ways of reintegrating the gendarmes in their units as has been the case with other members of the armed forces.</p>
<p>A standoff between members of President Ange-Felix Patasse's presidential guard and gendarmes who joined the mutiny prevented an earlier attempt to reintegrate the gendarmes into the unit on June 13.</p>
<p>An African force, which includes soldiers from Burkina Faso, Chad, Gabon, Mali, Senegal and Togo, deployed in Bangui under a peace accord brokered by Mali's widely respected former military leader Amadou Toumani Toure in January.</p>
<p>It is a likely model for efforts to broker peace in Brazzaville, capital of the neighbouring Congo Republic where similar political and ethnic clashes broke out on June 5.</p>
<p>The first mutinies, in April and May 1996, began as protests over pay but became a movement to topple Patasse, a northern civilian elected in 1993.</p>
<p>The third mutiny began in November and degenerated into ethnic bloodshed. French troops, in the country under a defence pact, restored order and handed over to the African force.</p>
<p>The mutineers are principally from the southern Yakoma tribe of former military leader Andre Kolongba.</p>
</text>
<copyright>(c) Reuters Limited 1997</copyright>
<metadata>
<codes class="bip:countries:1.0">
  <code code="CAFR">
    <editdetail action="confirmed" attribution="Reuters BIP Coding Group" date="1997-06-20"/>
  </code>
</codes>
<codes class="bip:topics:1.0">
  <code code="GCAT">
    <editdetail action="confirmed" attribution="Reuters BIP Coding Group" date="1997-06-20"/>
  </code>
  <code code="GVIO">
    <editdetail action="confirmed" attribution="Reuters BIP Coding Group" date="1997-06-20"/>
  </code>
</codes>
<dc element="dc.date.created" value="1997-06-20"/>
<dc element="dc.publisher" value="Reuters Holdings Plc"/>
<dc element="dc.date.published" value="1997-06-20"/>
<dc element="dc.source" value="Reuters"/>
<dc element="dc.creator.location" value="BANGUI"/>
<dc element="dc.creator.location.country.name" value="CENTRAL AFRICAN REPUBLIC"/>
<dc element="dc.source" value="Reuters"/>
</metadata>
</newsitem>
