<?xml version="1.0" encoding="ISO-8859-1" standalone="no"?>
<newsitem date="1997-06-20" id="root" itemid="676100" xml:lang="en">
<title>USA: Blue-chip stocks romp to new highs.</title>
<headline>Blue-chip stocks romp to new highs.</headline>
<dateline>NEW YORK</dateline>
<text>
<p>Blue-chip stocks ended in record territory Friday as the continued decline of long-term interest rates kept Wall Street in a bullish mode.</p>
<p>Based on early and unofficial data, the Dow Jones industrial average ended up 19.45 points at 7,796.51, surpassing last Friday's record finish of 7,782.04. The Standard &amp; Poor's 500 index also set a new high.</p>
<p>The "triple witching" expiration of options and futures made for a very volatile session, and in the broader market, declining issues led advances on active volume of 656 million shares on the New York Stock Exchange.</p>
</text>
<copyright>(c) Reuters Limited 1997</copyright>
<metadata>
<codes class="bip:countries:1.0">
  <code code="USA">
    <editdetail action="confirmed" attribution="Reuters BIP Coding Group" date="1997-06-20"/>
  </code>
</codes>
<codes class="bip:topics:1.0">
  <code code="M11">
    <editdetail action="confirmed" attribution="Reuters BIP Coding Group" date="1997-06-20"/>
  </code>
  <code code="MCAT">
    <editdetail action="confirmed" attribution="Reuters BIP Coding Group" date="1997-06-20"/>
  </code>
</codes>
<dc element="dc.publisher" value="Reuters Holdings Plc"/>
<dc element="dc.date.published" value="1997-06-20"/>
<dc element="dc.source" value="Reuters"/>
<dc element="dc.creator.location" value="NEW YORK"/>
<dc element="dc.creator.location.country.name" value="USA"/>
<dc element="dc.source" value="Reuters"/>
</metadata>
</newsitem>
