<?xml version="1.0" encoding="ISO-8859-1" standalone="no"?>
<newsitem date="1997-06-20" id="root" itemid="676542" xml:lang="en">
<title>SRI LANKA: Sri Lanka arrests another opposition politician.</title>
<headline>Sri Lanka arrests another opposition politician.</headline>
<dateline>COLOMBO 1997-06-20</dateline>
<text>
<p>Sri Lankan police took another opposition politician into custody just days after arresting an influential minister in the former United National Party (UNP) government on unspecified charges, police said on Friday.</p>
<p>Police arrested U.L. Seneviratne, a provincial council member of the opposition UNP, late on Thursday, an official with the Criminal Investigation Department (CID) said.</p>
<p>Seneviratne, a close confidant of assassinated president Ranasinghe Premadasa, was taken into custody three days after Sirisena Cooray was arrested on an order given by the Defence Ministry.</p>
<p>Cooray, a political heavyweight in Premadasa's cabinet, was arrested on Monday and alleged to be posing a threat to national security and public peace.</p>
<p>"Both men are being detained under emergency regulations and being questioned. We cannot give details till investigations are completed," the CID official told Reuters.</p>
<p>Both men can be held for up to three months under emergency laws, which are usually used against those seen as a threat to national security.</p>
<p>The independent Island newspaper said both men were arrested by the same team of CID officers and on orders issued by the Defence Ministry.</p>
<p>On Thursday, a hearing by the Supreme Court on Cooray's arrest was postponed to Monday because the attorney general was absent, his lawyer Hemantha Warnakulasuriya said.</p>
<p>"It was postponed because the attorney general, though notice (to appear in court) was hand-delivered to him, was not present in court," Warnakulasuriya told Reuters.</p>
<p>"It is quite clear the government wants to delay the hearing to keep Mr.Cooray under arrest," he added.</p>
<p>Cooray, who returned to the island in April after a long stay abroad, has been ordered to appear before two presidential commissions probing poll malpractices and the killing of a senior UNP politician in 1993.</p>
<p>The UNP's 17 year reign ended in 1994 when the ruling People's Alliance, headed by President Chandrika Kumaratunga, won presidential and general elections.</p>
<p>UNP general secretary Gamini Athukorala criticised the arrest of Cooray as a misuse of emergency regulations, which he said were passed by parliament for the purpose of dealing with separatist Tamil guerrillas.</p>
<p>The guerrillas are fighting for an independent homeland for minority Tamils in Sri Lanka's north and east.</p>
</text>
<copyright>(c) Reuters Limited 1997</copyright>
<metadata>
<codes class="bip:countries:1.0">
  <code code="SRILAN">
    <editdetail action="confirmed" attribution="Reuters BIP Coding Group" date="1997-06-20"/>
  </code>
</codes>
<codes class="bip:topics:1.0">
  <code code="GCAT">
    <editdetail action="confirmed" attribution="Reuters BIP Coding Group" date="1997-06-20"/>
  </code>
  <code code="GCRIM">
    <editdetail action="confirmed" attribution="Reuters BIP Coding Group" date="1997-06-20"/>
  </code>
  <code code="GPOL">
    <editdetail action="confirmed" attribution="Reuters BIP Coding Group" date="1997-06-20"/>
  </code>
</codes>
<dc element="dc.date.created" value="1997-06-20"/>
<dc element="dc.publisher" value="Reuters Holdings Plc"/>
<dc element="dc.date.published" value="1997-06-20"/>
<dc element="dc.source" value="Reuters"/>
<dc element="dc.creator.location" value="COLOMBO"/>
<dc element="dc.creator.location.country.name" value="SRI LANKA"/>
<dc element="dc.source" value="Reuters"/>
</metadata>
</newsitem>
