<?xml version="1.0" encoding="ISO-8859-1" standalone="no"?>
<newsitem date="1997-06-20" id="root" itemid="677082" xml:lang="en">
<title>USA: Yeltsin pushes for G8 but Japan wary.</title>
<headline>Yeltsin pushes for G8 but Japan wary.</headline>
<byline>Timothy Heritage</byline>
<dateline>DENVER 1997-06-19</dateline>
<text>
<p>President Boris Yeltsin, giving a confident "thumbs up" as he stepped off his plane, arrived at the summit of the Group of Seven leading nations on Thursday seeking full membership of the elite club for Russia.</p>
<p>But the 66-year-old Kremlin leader faced opposition before the three-day summit even began. Japanese Prime Minister Ryutaro Hashimoto said firmly that he did not want Russia to participate in all discussions.</p>
<p>"We are interested in seeing a consensus among G7 leaders that Russia will continue to be excluded from G7 talks on financial and macro-economic issues," Hashimoto told reporters as he flew to Denver.</p>
<p>Kremlin spokesman Sergei Yastrzhembsky played down the disagreement and said Yeltsin, attending his fifth G7 summit, would be excluded from only one brief session on financial matters.</p>
<p>"In 11 hours of talks, there is only one hour during which the G8 will work without the participation of the Russian president, which for technical reasons are not yet of interest to Russia," he said.</p>
<p>"I do not think the Japanese position has changed in the time we were in the air."</p>
<p>Russia is not a formal member of G7 and Japan's reluctance to give Moscow a higher profile stems from a territorial dispute which has blocked the signing of a formal peace treaty after the Second World War. Tokyo wants the return of four islands seized by Soviet troops at the end of the war.</p>
<p>But Japanese officials in Denver played up recent signs of warmer relations and said Hashimoto was expected to accept an offer by Yeltsin to hold annual summits between the leaders of the two countries when the two men meet on Friday.</p>
<p>German Chancellor Helmut Kohl, Yeltsin's friend and his closest ally in Europe, said the G7 would become a "Group of Eight" and that Russia would continue to participate in the annual summits.</p>
<p>Russia regards membership of the G7 -- the United States, Italy, Japan, Germany, Britain, France and Canada -- as a way to underline its democratic and economic progress since the Soviet Union collapsed in 1991.</p>
<p>Yeltsin, who is accompanied by reform chief Anatoly Chubais and Foreign Minister Yevgeny Primakov, smiled broadly and waved as he arrived in Denver.</p>
<p>He lost weight during almost eight months out of the Kremlin with heart problems and his return after heart surgery on November 5 was set back by a bout of pneumonia.</p>
<p>Yeltsin is now seeking Russian membership of the Paris Club of creditor nations. Russian officials say this could help indebted Moscow win back funds lent to the Soviet Union's former allies in the developing countries and the communist world.</p>
<p>"This is one of the basic aims of the Russian delegation," Yastrzhembsky told reporters.</p>
<p>Russia also wants to join the World Trade Organisation and the Organisation for Economic Cooperation and Development, but acknowledges that negotiations will take time.</p>
</text>
<copyright>(c) Reuters Limited 1997</copyright>
<metadata>
<codes class="bip:countries:1.0">
  <code code="GSEVEN">
    <editdetail action="confirmed" attribution="Reuters BIP Coding Group" date="1997-06-20"/>
  </code>
  <code code="JAP">
    <editdetail action="confirmed" attribution="Reuters BIP Coding Group" date="1997-06-20"/>
  </code>
  <code code="RUSS">
    <editdetail action="confirmed" attribution="Reuters BIP Coding Group" date="1997-06-20"/>
  </code>
  <code code="USA">
    <editdetail action="confirmed" attribution="Reuters BIP Coding Group" date="1997-06-20"/>
  </code>
</codes>
<codes class="bip:topics:1.0">
  <code code="GCAT">
    <editdetail action="confirmed" attribution="Reuters BIP Coding Group" date="1997-06-20"/>
  </code>
  <code code="GDIP">
    <editdetail action="confirmed" attribution="Reuters BIP Coding Group" date="1997-06-20"/>
  </code>
</codes>
<dc element="dc.date.created" value="1997-06-19"/>
<dc element="dc.publisher" value="Reuters Holdings Plc"/>
<dc element="dc.date.published" value="1997-06-20"/>
<dc element="dc.source" value="Reuters"/>
<dc element="dc.creator.location" value="DENVER"/>
<dc element="dc.creator.location.country.name" value="USA"/>
<dc element="dc.source" value="Reuters"/>
</metadata>
</newsitem>
