<?xml version="1.0" encoding="ISO-8859-1" standalone="no"?>
<newsitem date="1997-06-20" id="root" itemid="677423" xml:lang="en">
<title>AUSTRALIA: Ansett, SIA no comment on equity link.</title>
<headline>Ansett, SIA no comment on equity link.</headline>
<dateline>MELBOURNE 1997-06-20</dateline>
<text>
<p>Ansett Airlines and Singapore Airlines refused to speculate about the possibility of Singapore Airlines taking a stake in Ansett after the two, along with Air New Zealand, announced an operations alliance on Friday.</p>
<p>"There has been a lot of speculation about a possible equity relationship between ourselves (and Singapore Airlines) at sometime in the future. This is not an appropriate time to talk about that," Ansett's managing director Rod Eddington told a news conference held jointly by the three airlines.</p>
<p>"We are here today to talk about commercial cooperation," he said.  </p>
<p>Eddington said the memorandum of understanding the three airlines had signed today was not the final contract but that it committed the three to negotiating the alliance.</p>
<p>"Such an alliance will need approval from the appropriate regulators but we are confident that we can demonstrate to these regulators that our proposed joint activity will provide tangible benefits to the travelling public," he said.</p>
<p>Eddington said Ansett would not cut staff as a result of the alliance but rather the long term effects of the alliance was a growth opportunity for the three carriers.  </p>
<p>"It will enable us to be more competitive by combining our activities in a few key areas. It will allow us to be more efficient," he said.</p>
<p>One clear area where the three airlines would benefit from the alliance was in using their combined purchasing power to get better deals from aircraft manufacturers, Eddington said.</p>
<p>-- Michael Stapleton, Melbourne Bureau 61-3 9286-1435</p>
</text>
<copyright>(c) Reuters Limited 1997</copyright>
<metadata>
<codes class="bip:countries:1.0">
  <code code="AUSTR">
    <editdetail action="confirmed" attribution="Reuters BIP Coding Group" date="1997-06-20"/>
  </code>
  <code code="NZ">
    <editdetail action="confirmed" attribution="Reuters BIP Coding Group" date="1997-06-20"/>
  </code>
  <code code="SINGP">
    <editdetail action="confirmed" attribution="Reuters BIP Coding Group" date="1997-06-20"/>
  </code>
</codes>
<codes class="bip:industries:1.0">
  <code code="I75000">
    <editdetail action="confirmed" attribution="Reuters BIP Coding Group" date="1997-06-20"/>
  </code>
</codes>
<codes class="bip:topics:1.0">
  <code code="C11">
    <editdetail action="confirmed" attribution="Reuters BIP Coding Group" date="1997-06-20"/>
  </code>
  <code code="C18">
    <editdetail action="confirmed" attribution="Reuters BIP Coding Group" date="1997-06-20"/>
  </code>
  <code code="C181">
    <editdetail action="confirmed" attribution="Reuters BIP Coding Group" date="1997-06-20"/>
  </code>
  <code code="CCAT">
    <editdetail action="confirmed" attribution="Reuters BIP Coding Group" date="1997-06-20"/>
  </code>
</codes>
<dc element="dc.date.created" value="1997-06-20"/>
<dc element="dc.publisher" value="Reuters Holdings Plc"/>
<dc element="dc.date.published" value="1997-06-20"/>
<dc element="dc.source" value="Reuters"/>
<dc element="dc.creator.location" value="MELBOURNE"/>
<dc element="dc.creator.location.country.name" value="AUSTRALIA"/>
<dc element="dc.source" value="Reuters"/>
</metadata>
</newsitem>
