<?xml version="1.0" encoding="ISO-8859-1" standalone="no"?>
<newsitem date="1997-06-20" id="root" itemid="676222" xml:lang="en">
<title>USA: Texaco creates $200 million pipeline system.</title>
<headline>Texaco creates $200 million pipeline system.</headline>
<dateline>DENVER 1997-06-20</dateline>
<text>
<p>Texaco Inc. said Friday a subsidiary is creating a 1,300-mile pipeline system worth more than $200 million to transport gasoline, diesel and jet fuels from Texas' Gulf Coast to terminals in northern and western Texas, Oklahoma and Kansas.</p>
<p>When complete, the system will have a combined capacity of more than 200,000 barrels per day, providing economical transportation from the Gulf Coast's refining and import centres to various inland markets, the company said.</p>
<p>The 1,300-mile common carrier pipeline that is the backbone of the new system is scheduled to begin operations in January.</p>
<p>The subsidiary, Texaco Trading &amp; Transportation Inc., declined to discuss terms of the various deals planned to create the new system. But it would have a total value of "over $200 million," said Dan Nerbonne, vice president for business development.</p>
<p>Texaco said it has begun exclusive negotiations with Koch Pipeline Co. LP and Koch Refining Co. LP to form a joint venture that will own the new refined products system.</p>
<p>This is expected to involve a combination of assets and cash, Nerbonne said, declining to discuss specifics.</p>
<p>Texaco Trading spokeswoman Linda Padon said the two companies already own the Chase Pipeline, which will link the new system to Denver, which it links with El Dorado, Kansas.</p>
<p>Texaco said it has purchased an existing 16-inch pipeline from Corsicana, to Midland, Texas, which the planed joint venture with Koch expects to extend 275 miles to El Paso.</p>
<p>It said 360 miles of crude oil pipelines linking Houston to Wichita Falls, Texas, via Corsicanna will be converted to product pipelines.</p>
<p>The company said it expects to link these lines to Duncan, Okla., with a new pipeline which connects to existing piplines to Oklahoma City; Cushing, Okla.; Tulsa and El Dorado.</p>
<p>Connections to other pipelines on both the northern and western legs are anticipated, Texaco's statement said.</p>
<p>Texaco said a long-term product supply agreement with Pride Cos. LP calls for products to be delivered to Pride at its existing terminals at Albilene and Aledo, Texas.</p>
<p>Texaco Refining &amp; Marketing Inc., another Texaco Inc. subsidiary, has committed to take 25,000 to 30,000 barrels per day of product requirements from the system.</p>
<p>Texaco Trading's existing East Houston Station will be the origin point for products from Houston-area refineries and bulk terminals and, through pipeline connections, from the Port Arthur-Beaumont and Corpus Christi, Texas refining centres.</p>
<p>Texaco's stock edged up $1.375 to $112.25 on the New York Stock Exchange.</p>
</text>
<copyright>(c) Reuters Limited 1997</copyright>
<metadata>
<codes class="bip:countries:1.0">
  <code code="USA">
    <editdetail action="confirmed" attribution="Reuters BIP Coding Group" date="1997-06-20"/>
  </code>
</codes>
<codes class="bip:industries:1.0">
  <code code="I13000">
    <editdetail action="confirmed" attribution="Reuters BIP Coding Group" date="1997-06-20"/>
  </code>
  <code code="I1300003">
    <editdetail action="confirmed" attribution="Reuters BIP Coding Group" date="1997-06-20"/>
  </code>
</codes>
<codes class="bip:topics:1.0">
  <code code="C24">
    <editdetail action="confirmed" attribution="Reuters BIP Coding Group" date="1997-06-20"/>
  </code>
  <code code="CCAT">
    <editdetail action="confirmed" attribution="Reuters BIP Coding Group" date="1997-06-20"/>
  </code>
</codes>
<dc element="dc.date.created" value="1997-06-20"/>
<dc element="dc.publisher" value="Reuters Holdings Plc"/>
<dc element="dc.date.published" value="1997-06-20"/>
<dc element="dc.source" value="Reuters"/>
<dc element="dc.creator.location" value="DENVER"/>
<dc element="dc.creator.location.country.name" value="USA"/>
<dc element="dc.source" value="Reuters"/>
</metadata>
</newsitem>
