<?xml version="1.0" encoding="ISO-8859-1" standalone="no"?>
<newsitem date="1997-06-20" id="root" itemid="675548" xml:lang="en">
<title>CONGO: Congo rivals extend truce as French troops quit.</title>
<headline>Congo rivals extend truce as French troops quit.</headline>
<byline>Helen Vesperini</byline>
<dateline>BRAZZAVILLE 1997-06-20</dateline>
<text>
<p>Congo's warring factions agreed on Friday to extend their truce for a further week, just hours after France pulled the last of its soldiers out of the capital Brazzaville.</p>
<p>"The chiefs of staff (of both sides) have agreed to prolong the ceasefire for a period of seven days starting tonight (Friday) at midnight (2300 GMT)," they said in a joint statement.</p>
<p>It was read to Reuters by a spokesman for Bernard Kolelas, the city's mayor who has been mediating between President Pascal Lissouba and his rival and predecessor, Denis Sassou Nguesso.</p>
<p>Fighting between the two men's forces flared in the capital on June 5, killing hundreds of people and prompting France to mount a major military operation to evacuate foreigners.</p>
<p>Ignoring calls for them to stay from a U.N. special envoy, the 1,250 French troops completed their pullout on Friday, leaving the warring sides to their own devices.</p>
<p>"The last soldiers left today," ambassador Raymond Cesaire, the one remaining Western envoy, told Reuters by telephone. "That leaves 30 gendarmes who are staying to protect the diplomats, that is myself and 12 colleagues."</p>
<p>The atmosphere earlier on Friday at Brazzaville airport, which was the French base and a key target for the fighters, was not one of confidence in the chances of a lasting peace, but rather of people abandoning a sinking ship.</p>
<p>Scores of Malians trapped there for days were picked up by a charter flight, while many Mauritanians waited for someone to take them away. Airlines stripped their hangars and offices of all they could, and flew their planes away.</p>
<p>Earlier, an international Red Cross team took 60 children from an orphanage in the no man's land around the airport to safety in Bacongo, a southern suburb held by Kolelas' neutral militia to which thousands of residents have fled.</p>
<p>The ceasefire, which began on Wednesday, held firm on Friday, giving people courage to venture gingerly out into the streets, amid rotting bodies and shops looted clean.</p>
<p>The extension of the truce -- accompanied by a pledge by both sides to crack down on "wrongdoers, looters and killers" was a positive sign amid widespread fears that fighting could resume after the French departure.</p>
<p>U.N. envoy Mohamed Sahnoun, who with African mediators has called on the Security Council to send an African intervention force to "Brazza", repeatedly urged Paris to keep at least some troops in position until such a force arrived.</p>
<p>Despite the withdrawal, Paris has not ruled out playing a future role in peace efforts in its old colony. Foreign Minister Hubert Vedrine will discuss this on Monday with U.N. Secretary- General Kofi Annan, a ministry spokesman said.</p>
<p>After losing face in Africa by backing Zaire's hated president Mobutu Sese Seko, ousted last month by rebel leader Laurent Kabila, France has taken a less confident line in its dealings with its former colonies, analysts say.</p>
<p>There are some 8,000 French troops based in former African colonies where they have intervened at least 15 times in internal conflicts. One French soldier was killed in the Brazzaville operation, which was purely an evacuation.</p>
<p>Congo's trouble began when Lissouba, a friend of Mobutu's, tried to disarm the militia of Marxist-turned-capitalist Sassou Nguesso, whom he had succeeded as president in 1992 elections.</p>
<p>The foes were, along with Kolelas, front-runners in presidential elections due in late July and now postponed.</p>
<p>The European Union appealed for both sides to put the democratic process back on track, French radio reported.</p>
</text>
<copyright>(c) Reuters Limited 1997</copyright>
<metadata>
<codes class="bip:countries:1.0">
  <code code="CONGO">
    <editdetail action="confirmed" attribution="Reuters BIP Coding Group" date="1997-06-20"/>
  </code>
  <code code="FRA">
    <editdetail action="confirmed" attribution="Reuters BIP Coding Group" date="1997-06-20"/>
  </code>
</codes>
<codes class="bip:topics:1.0">
  <code code="GCAT">
    <editdetail action="confirmed" attribution="Reuters BIP Coding Group" date="1997-06-20"/>
  </code>
  <code code="GDIP">
    <editdetail action="confirmed" attribution="Reuters BIP Coding Group" date="1997-06-20"/>
  </code>
  <code code="GVIO">
    <editdetail action="confirmed" attribution="Reuters BIP Coding Group" date="1997-06-20"/>
  </code>
</codes>
<dc element="dc.date.created" value="1997-06-20"/>
<dc element="dc.publisher" value="Reuters Holdings Plc"/>
<dc element="dc.date.published" value="1997-06-20"/>
<dc element="dc.source" value="Reuters"/>
<dc element="dc.creator.location" value="BRAZZAVILLE"/>
<dc element="dc.creator.location.country.name" value="CONGO"/>
<dc element="dc.source" value="Reuters"/>
</metadata>
</newsitem>
