<?xml version="1.0" encoding="ISO-8859-1" standalone="no"?>
<newsitem date="1997-06-20" id="root" itemid="676118" xml:lang="en">
<title>USA: FREE TO TRADE -- Loyola University of Chicago.</title>
<headline>FREE TO TRADE -- Loyola University of Chicago.</headline>
<text>
<p>ILLINOIS EDUCATIONAL FACILITIES AUTHORITY</p>
<p>RE: $84,570,000</p>
<p>LOYOLA UNIVERSITY OF CHICAGO</p>
<p>SERIES A, TAXABLE CONVERTIBLE</p>
<p>SERIES B, TAX-EXEMPT</p>
<p>SERIES C, TAXABLE</p>
<p>Effective immediately all syndicate terms and price</p>
<p>restrictions are removed</p>
<p>and the bonds are free to trade.</p>
<p>Morgan Stanley Dean Witter</p>
<p>Smith Barney Inc.</p>
<p>First Chicago Capital Markets, Inc. --U.S. Municipal Desk, 212-859-1650</p>
</text>
<copyright>(c) Reuters Limited 1997</copyright>
<metadata>
<codes class="bip:countries:1.0">
  <code code="USA">
    <editdetail action="confirmed" attribution="Reuters BIP Coding Group" date="1997-06-20"/>
  </code>
</codes>
<codes class="bip:topics:1.0">
  <code code="E21">
    <editdetail action="confirmed" attribution="Reuters BIP Coding Group" date="1997-06-20"/>
  </code>
  <code code="E212">
    <editdetail action="confirmed" attribution="Reuters BIP Coding Group" date="1997-06-20"/>
  </code>
  <code code="ECAT">
    <editdetail action="confirmed" attribution="Reuters BIP Coding Group" date="1997-06-20"/>
  </code>
</codes>
<dc element="dc.publisher" value="Reuters Holdings Plc"/>
<dc element="dc.date.published" value="1997-06-20"/>
<dc element="dc.source" value="Reuters"/>
<dc element="dc.creator.location.country.name" value="USA"/>
<dc element="dc.source" value="Reuters"/>
</metadata>
</newsitem>
