<?xml version="1.0" encoding="ISO-8859-1" standalone="no"?>
<newsitem date="1997-06-20" id="root" itemid="675521" xml:lang="en">
<title>UK: London gold fixes at four-month low in afternoon.</title>
<headline>London gold fixes at four-month low in afternoon.</headline>
<dateline>LONDON 1997-06-20</dateline>
<text>
<p>Gold was fixed at $338.20 an ounce on Friday, the lowest fixing since February 12.</p>
<p>In the morning gold was fixed at $339.55, down from Thursday's afternoon level of $340.20, and then lost more ground after the New York market opened.  </p>
<p>Bullion had been hovering around the $337-$338 support levels in the afternoon and was bid as low as $337.50 an ounce.</p>
<p>Light selling led by New York amid increasingly bearish sentiment helped push prices lower, dealers said.</p>
<p>At the previous low fixing on February 12, gold was set at $336.90, which was the lowest level since April 1993.</p>
<p>The other precious metals -- silver, platinum and palladium -- were little changed from Thursday's closing levels.</p>
<p>--Lida Poletz, London newsroom +44 171 542 2936</p>
</text>
<copyright>(c) Reuters Limited 1997</copyright>
<metadata>
<codes class="bip:countries:1.0">
  <code code="UK">
    <editdetail action="confirmed" attribution="Reuters BIP Coding Group" date="1997-06-20"/>
  </code>
</codes>
<codes class="bip:topics:1.0">
  <code code="M14">
    <editdetail action="confirmed" attribution="Reuters BIP Coding Group" date="1997-06-20"/>
  </code>
  <code code="M142">
    <editdetail action="confirmed" attribution="Reuters BIP Coding Group" date="1997-06-20"/>
  </code>
  <code code="MCAT">
    <editdetail action="confirmed" attribution="Reuters BIP Coding Group" date="1997-06-20"/>
  </code>
</codes>
<dc element="dc.date.created" value="1997-06-20"/>
<dc element="dc.publisher" value="Reuters Holdings Plc"/>
<dc element="dc.date.published" value="1997-06-20"/>
<dc element="dc.source" value="Reuters"/>
<dc element="dc.creator.location" value="LONDON"/>
<dc element="dc.creator.location.country.name" value="UK"/>
<dc element="dc.source" value="Reuters"/>
</metadata>
</newsitem>
