<?xml version="1.0" encoding="ISO-8859-1" standalone="no"?>
<newsitem date="1997-06-20" id="root" itemid="676233" xml:lang="en">
<title>USA: FCOJ futures end down, brisk speculative selling.</title>
<headline>FCOJ futures end down, brisk speculative selling.</headline>
<dateline>NEW YORK 1997-06-20</dateline>
<text>
<p>FCOJ futures settled sharply weaker in technically-driven speculative selling, market sources said.</p>
<p>July closed 1.55 cents lower at 74.55 cents per lb, traded 76.10 to 74.25 cents. September ended down 1.65 at 76.90 cents, while the outer months settled 1.40 to 0.55 lower.</p>
<p>Early selling triggered stops and sent second-position September to a life-of-contract low of 76.55 cents.</p>
<p>November also hit a contract low of 79.75 cents.</p>
<p>July managed to hold above its downside target of 74.00 cents ahead of today's options expiry, as open interest in July 75.00-cent calls and puts, remains high.</p>
<p>Open interest in the July futures contract also remains high at 14,671 lots, ahead of the first notice day on July 1.</p>
<p>Some of the smaller speculators thought to be holdiing the majority of contracts. The last NYCE spec/hedge report released on Tuesday showed the speculators to be holding a 65.4 percent long position, and a 21.3 percent short position.</p>
<p>"If (the speculators) choose to exit the market rather than carry their trades forward, the market could be vulnerable to a drop through recent support levels," Merrill Lynch analyst Judith Ganes, said in a weekly citrus comment.</p>
<p>Nearby support in July was seen at 74.00 cents, followed by 72.30 cents and then 70.35 cents.</p>
<p>An estimated 4,000 lots changed hands on the day, compared with Thursday's official 3,501 lots.</p>
<p>There has been no change in the bearish fundamental situation during the past week. With the 1996/97 harvest nearly complete, Florida is expected to produce a record 224.2 million 90-lb boxes, the U.S. Department of Agriculture, said.</p>
<p>The media continues to put forth stories about Medfly infestation to the Florida crop, but agriculture officials expect damage to be light.</p>
<p>((Suzanne Rostler, New York Commodity Desk 212-859-1646))</p>
</text>
<copyright>(c) Reuters Limited 1997</copyright>
<metadata>
<codes class="bip:countries:1.0">
  <code code="USA">
    <editdetail action="confirmed" attribution="Reuters BIP Coding Group" date="1997-06-20"/>
  </code>
</codes>
<codes class="bip:topics:1.0">
  <code code="M14">
    <editdetail action="confirmed" attribution="Reuters BIP Coding Group" date="1997-06-20"/>
  </code>
  <code code="M141">
    <editdetail action="confirmed" attribution="Reuters BIP Coding Group" date="1997-06-20"/>
  </code>
  <code code="MCAT">
    <editdetail action="confirmed" attribution="Reuters BIP Coding Group" date="1997-06-20"/>
  </code>
</codes>
<dc element="dc.date.created" value="1997-06-20"/>
<dc element="dc.publisher" value="Reuters Holdings Plc"/>
<dc element="dc.date.published" value="1997-06-20"/>
<dc element="dc.source" value="Reuters"/>
<dc element="dc.creator.location" value="NEW YORK"/>
<dc element="dc.creator.location.country.name" value="USA"/>
<dc element="dc.source" value="Reuters"/>
</metadata>
</newsitem>
