<?xml version="1.0" encoding="ISO-8859-1" standalone="no"?>
<newsitem date="1997-06-20" id="root" itemid="677177" xml:lang="en">
<title>GERMANY: FOCUS-Bonn wants to tap utilities in tax reform.</title>
<headline>FOCUS-Bonn wants to tap utilities in tax reform.</headline>
<byline>Douglas Busvine</byline>
<dateline>BONN 1997-06-20</dateline>
<text>
<p>The German parliament's finance committee agreed changes to tax reforms on Friday, singling out power utilities as cash cows to help Bonn to meet borrowing targets next year for joining European economic monetary union (EMU).</p>
<p>Changes pushed through by Christian Democrats (CDU/CSU) and Free Democrats (FDP) on the committee will scrap tax breaks on reserves built up by energy companies to pay for closing down nuclear power plants, raising four billion marks ($2.3 billion) next year.</p>
<p>New limits on the tax write-offs which companies can take for losses would raise an extra 1.6 billion marks, finance committee chairman Carl-Ludwig Thiele told a news conference.</p>
<p>"With this tax reform tax cuts will start to take effect in 1998," said Thiele, a member of the FDP which is the junior partner of the CDU/CSU in the coalition government.</p>
<p>Taxpayers would still end up a net 1.2 billion marks better off next year, he added.</p>
<p>Passage through the committee stage marks the latest step on a tortuous path for Finance Minister Theo Waigel's bumper tax reform. It is planned to take effect in two stages, with major income tax cuts starting in 1999.</p>
<p>The FDP recorded a victory in its tax-cutting drive by ensuring that the solidarity income tax surcharge -- raised to finance the rebuilding of east Germany -- is cut by two points to 5.5 percent next year.</p>
<p>But the price of that victory was the new revenue-boosting changes -- leaving Waigel still struggling to find over 30 billion marks to close gaps in the 1998 budget.</p>
<p>Waigel has to cut the budget deficit to three percent of gross domestic product, a target for countries wanting to join the single European currency.</p>
<p>The Bundestag, the lower house of parliament, will hold the second and third readings on the tax reforms on June 26. After passing they will go to the Bundesrat, the upper house, where the opposition Social Democrats (SPD) have a blocking majority.</p>
<p>Thiele said the changes agreed in committee would be positive for SPD-led states, adding that he could not imagine their leaders blocking the reforms in the Bundesrat.</p>
<p>The tax reforms would leave a financing shortage of 44.9 billion marks for the combined federal, state and local budgets in 1999, according to Finance Ministry projections.</p>
<p>That would be partly offset by a likely increase in indirect taxes, said Gerda Hasselfeldt, finance spokeswoman for the CDU/CSU parliamentary group.</p>
<p>Opposition parties poured scorn on the latest changes to the tax reforms, saying the coalition was being irresponsible and evasive on how direct tax cuts would be counter-financed.</p>
<p>"The coalition still refuses to give any information on how it will plug that gap," said Christine Scheel, finance spokeswoman of the Greens party said in a statement. "We can expect an increase in value-added tax by 1999 at the latest."</p>
<p>SPD finance spokesman Joachim Poss said: "A tax reform which drives the state into a crisis is not a real reform, and burdens workers, families and businesses."</p>
<p>The committee's plan also drew fire from energy providers who threatened legal action against taxing the billions of marks set aside for closing atomic power plants in the future.</p>
<p>"We will never accept that," said a spokesman for Essen-based RWE AG, which had 15.5 billion marks in fiscal 1995/96 reserved for such purposes.</p>
<p>Bayernwerk, part of the VIAG group, also said it was considering a legal protest. The company has set aside 8.4 billion marks to dispose of nuclear fuel rods and demolish its nuclear installations.</p>
<p>Coalition finance experts said the key elements of the reform -- cuts in income and corporate taxes combined with scrapping myriad tax exemptions -- had remained intact.</p>
<p>But the coalition put off plans to slap a three percent tax on life insurance policies and to halve the tax-free allowance on savings interest to 1999.</p>
<p>-- Bonn Newsroom, +49-228 26097150 ($ = 1.725 German Marks)</p>
</text>
<copyright>(c) Reuters Limited 1997</copyright>
<metadata>
<codes class="bip:countries:1.0">
  <code code="EEC">
    <editdetail action="confirmed" attribution="Reuters BIP Coding Group" date="1997-06-20"/>
  </code>
  <code code="GFR">
    <editdetail action="confirmed" attribution="Reuters BIP Coding Group" date="1997-06-20"/>
  </code>
</codes>
<codes class="bip:industries:1.0">
  <code code="I16100">
    <editdetail action="confirmed" attribution="Reuters BIP Coding Group" date="1997-06-20"/>
  </code>
  <code code="I83960">
    <editdetail action="confirmed" attribution="Reuters BIP Coding Group" date="1997-06-20"/>
  </code>
</codes>
<codes class="bip:topics:1.0">
  <code code="C13">
    <editdetail action="confirmed" attribution="Reuters BIP Coding Group" date="1997-06-20"/>
  </code>
  <code code="CCAT">
    <editdetail action="confirmed" attribution="Reuters BIP Coding Group" date="1997-06-20"/>
  </code>
  <code code="E12">
    <editdetail action="confirmed" attribution="Reuters BIP Coding Group" date="1997-06-20"/>
  </code>
  <code code="E21">
    <editdetail action="confirmed" attribution="Reuters BIP Coding Group" date="1997-06-20"/>
  </code>
  <code code="E211">
    <editdetail action="confirmed" attribution="Reuters BIP Coding Group" date="1997-06-20"/>
  </code>
  <code code="E212">
    <editdetail action="confirmed" attribution="Reuters BIP Coding Group" date="1997-06-20"/>
  </code>
  <code code="ECAT">
    <editdetail action="confirmed" attribution="Reuters BIP Coding Group" date="1997-06-20"/>
  </code>
  <code code="G15">
    <editdetail action="confirmed" attribution="Reuters BIP Coding Group" date="1997-06-20"/>
  </code>
  <code code="G154">
    <editdetail action="confirmed" attribution="Reuters BIP Coding Group" date="1997-06-20"/>
  </code>
  <code code="GCAT">
    <editdetail action="confirmed" attribution="Reuters BIP Coding Group" date="1997-06-20"/>
  </code>
  <code code="GPOL">
    <editdetail action="confirmed" attribution="Reuters BIP Coding Group" date="1997-06-20"/>
  </code>
</codes>
<dc element="dc.date.created" value="1997-06-20"/>
<dc element="dc.publisher" value="Reuters Holdings Plc"/>
<dc element="dc.date.published" value="1997-06-20"/>
<dc element="dc.source" value="Reuters"/>
<dc element="dc.creator.location" value="BONN"/>
<dc element="dc.creator.location.country.name" value="GERMANY"/>
<dc element="dc.source" value="Reuters"/>
</metadata>
</newsitem>
