<?xml version="1.0" encoding="ISO-8859-1" standalone="no"?>
<newsitem date="1997-06-20" id="root" itemid="676526" xml:lang="en">
<title>PAKISTAN: Pakistan stocks close up on blue chip buying.</title>
<headline>Pakistan stocks close up on blue chip buying.</headline>
<dateline>KARACHI, Pakistan 1997-06-20</dateline>
<text>
<p>Pakistani stocks closed higher on Friday mainly on buying of blue chip Hub Power and telecom utility PTCL shares, but dealers said overall sentiment remained mixed ahead of the Saturday-Sunday weekend.</p>
<p>"There appears to be genuine buying in Hub Power shares, while PTCL gained on speculative activity," dealer Usma Shoaib said. "But there was not much activity in other stocks.</p>
<p>The index rose 7.28 points, or 0.46 percent, to end at 1,594.38. Gainers led losers 108 to 98. Hub Power rose 0.30 rupees to 41.55 and PTCL 0.55 to 31.50.</p>
<p>-- Amir Zia 9221-5685192</p>
</text>
<copyright>(c) Reuters Limited 1997</copyright>
<metadata>
<codes class="bip:countries:1.0">
  <code code="PAKIS">
    <editdetail action="confirmed" attribution="Reuters BIP Coding Group" date="1997-06-20"/>
  </code>
</codes>
<codes class="bip:topics:1.0">
  <code code="M11">
    <editdetail action="confirmed" attribution="Reuters BIP Coding Group" date="1997-06-20"/>
  </code>
  <code code="MCAT">
    <editdetail action="confirmed" attribution="Reuters BIP Coding Group" date="1997-06-20"/>
  </code>
</codes>
<dc element="dc.date.created" value="1997-06-20"/>
<dc element="dc.publisher" value="Reuters Holdings Plc"/>
<dc element="dc.date.published" value="1997-06-20"/>
<dc element="dc.source" value="Reuters"/>
<dc element="dc.creator.location" value="KARACHI, Pakistan"/>
<dc element="dc.creator.location.country.name" value="PAKISTAN"/>
<dc element="dc.source" value="Reuters"/>
</metadata>
</newsitem>
