<?xml version="1.0" encoding="ISO-8859-1" standalone="no"?>
<newsitem date="1997-06-20" id="root" itemid="676585" xml:lang="en">
<title>USA: Industry to admit tobacco addictive in deal.</title>
<headline>Industry to admit tobacco addictive in deal.</headline>
<dateline>WASHINGTON 1997-06-20</dateline>
<text>
<p>Major tobacco companies agreed to admit for the first time that cigarettes are addictive and cause cancer under a landmark agreement to settle huge lawsuits against the industry, Arizona Attorney General Grant Woods announced on Friday.</p>
<p>"The tobacco companies are now going to put on the front of their packages in 25 percent size the following statements: ... They no longer contest the validity of these statements: 'Cigarettes are addictive. Cigarettes cause fatal lung cancer. Cigarettes cause cancer. Smoking can kill you. Tobacco smoke can harm your children...'"</p>
</text>
<copyright>(c) Reuters Limited 1997</copyright>
<metadata>
<codes class="bip:countries:1.0">
  <code code="USA">
    <editdetail action="confirmed" attribution="Reuters BIP Coding Group" date="1997-06-20"/>
  </code>
</codes>
<codes class="bip:topics:1.0">
  <code code="C12">
    <editdetail action="confirmed" attribution="Reuters BIP Coding Group" date="1997-06-20"/>
  </code>
</codes>
<dc element="dc.date.created" value="1997-06-20"/>
<dc element="dc.publisher" value="Reuters Holdings Plc"/>
<dc element="dc.date.published" value="1997-06-20"/>
<dc element="dc.source" value="Reuters"/>
<dc element="dc.creator.location" value="WASHINGTON"/>
<dc element="dc.creator.location.country.name" value="USA"/>
<dc element="dc.source" value="Reuters"/>
</metadata>
</newsitem>
