<?xml version="1.0" encoding="ISO-8859-1" standalone="no"?>
<newsitem date="1997-06-20" id="root" itemid="677346" xml:lang="en">
<title>UK: Allied up on fresh talk of Seagram bid.</title>
<headline>Allied up on fresh talk of Seagram bid.</headline>
<dateline>LONDON 1997-06-20</dateline>
<text>
<p>Shares in Allied Domecq Plc rose in pre-market trading on Friday as a report in the Times newspaper revived talk of a bid for the drinks group from Seagram of Canada, dealers said.</p>
<p>Allied shares were up 7-1/2p at 435-1/2 by 0712 GMT in volume of 20,000 shares.  </p>
<p>The Times said Grand Metropolitan Plc's planned merger with Guinness Plc, given extra spice by Thursday's late stakebuilding in Grand Met by LVMH, had stoked talk of other bids in the sector.</p>
<p>"Allied is in the frame because it's the only other big spirits player (apart from Guinness and Grand Met)," said one analyst, who asked not to be named.</p>
<p>"Also Allied's trading performance over the last few years has been poor and so it looks vulnerable."</p>
<p>Grand Met lost an early rise to be down 1-1/2p at 602 while Guinness dipped 1p to 604.</p>
<p>-- David Holmes, London Newsroom +44 171 542 4367</p>
</text>
<copyright>(c) Reuters Limited 1997</copyright>
<metadata>
<codes class="bip:countries:1.0">
  <code code="UK">
    <editdetail action="confirmed" attribution="Reuters BIP Coding Group" date="1997-06-20"/>
  </code>
</codes>
<codes class="bip:industries:1.0">
  <code code="I42400">
    <editdetail action="confirmed" attribution="Reuters BIP Coding Group" date="1997-06-20"/>
  </code>
  <code code="I42600">
    <editdetail action="confirmed" attribution="Reuters BIP Coding Group" date="1997-06-20"/>
  </code>
  <code code="I42700">
    <editdetail action="confirmed" attribution="Reuters BIP Coding Group" date="1997-06-20"/>
  </code>
</codes>
<codes class="bip:topics:1.0">
  <code code="C15">
    <editdetail action="confirmed" attribution="Reuters BIP Coding Group" date="1997-06-20"/>
  </code>
  <code code="C152">
    <editdetail action="confirmed" attribution="Reuters BIP Coding Group" date="1997-06-20"/>
  </code>
  <code code="C18">
    <editdetail action="confirmed" attribution="Reuters BIP Coding Group" date="1997-06-20"/>
  </code>
  <code code="C181">
    <editdetail action="confirmed" attribution="Reuters BIP Coding Group" date="1997-06-20"/>
  </code>
  <code code="CCAT">
    <editdetail action="confirmed" attribution="Reuters BIP Coding Group" date="1997-06-20"/>
  </code>
</codes>
<dc element="dc.date.created" value="1997-06-20"/>
<dc element="dc.publisher" value="Reuters Holdings Plc"/>
<dc element="dc.date.published" value="1997-06-20"/>
<dc element="dc.source" value="Reuters"/>
<dc element="dc.creator.location" value="LONDON"/>
<dc element="dc.creator.location.country.name" value="UK"/>
<dc element="dc.source" value="Reuters"/>
</metadata>
</newsitem>
