<?xml version="1.0" encoding="ISO-8859-1" standalone="no"?>
<newsitem date="1997-06-20" id="root" itemid="676848" xml:lang="en">
<title>UK: Banking giants muscle into British blue-chip index.</title>
<headline>Banking giants muscle into British blue-chip index.</headline>
<byline>Andrew Marshall</byline>
<dateline>LONDON 1997-06-20</dateline>
<text>
<p>Two more banking giants will muscle their way into Britain's FTSE 100 on Monday, elbowing aside two non-financial shares and beefing up the bank sector's already hefty presence in the blue-chip share index.</p>
<p>Halifax Plc and Alliance &amp; Leicester Plc, former building societies which converted to banks and floated on London's stock exchange over the last two months, join the index next week in its quarterly shake-up.</p>
<p>Their shares surged on Friday as institutions loaded up with stock ahead of their FTSE debut. There is more than just pride at stake in entering the index -- institutions running funds which track the FTSE must buy up shares in new entrants to the index, and sell those that are shoved out.</p>
<p>Halifax saw particularly strong demand, climbing 25p to 770 on volume of 16 million shares by 1125 GMT.</p>
<p>"We're seeing a lot of institutional demand," one market-maker said. "Weightings are still low."</p>
<p>Dealers said Halifax was marketing its shares aggressively and planning a series of meetings with brokers, which was fuelling interest in the stock.</p>
<p>Alliance &amp; Leicester shares also pushed higher, up 26-1/2p at 625-1/2 in volume of 5.5 million.</p>
<p>Halifax, with a market capitalisation of around 19 billion pounds ($31 billion), will be the eighth largest company in the FTSE, while Alliance &amp; Leicester will come in at number 67 with a capitalisation of about 12.5 billion.</p>
<p>Their inclusion will increase the retail banking sector's representation in the FTSE 100's capitalisation from around 18.5 percent to more than 21 percent. Financial stocks as a whole currently have a weighting of 24.09 percent.</p>
<p>This is smaller than the weighting of financial stocks in Germany's DAX index, which stands at 28.58 percent, but greater than their 18.34 percent weighting in France's CAC 40.</p>
<p>The presence of the financial sector in the FTSE is set to increase even further -- insurer Norwich Union Plc, which floated this week, is expected to join the index at its next reshuffle, while Woolwich, another building society converting to a bank, may also squeeze in before the end of the year.</p>
<p>The increasing weight of banking stocks in the FTSE could have important implications for its performance -- the sector has played a crucial role in driving the FTSE's record breaking rally over the past year.</p>
<p>The banking sector has outperformed the FTSE by around 35 percent in the last 12 months, a key factor in hauling the blue-chip index 24 percent higher over the period. Without banks and pharmaceuticals, another strong sector over the past year, the FTSE's gains would have been paltry at best, analysts say.</p>
<p>Halifax and Alliance &amp; Leicester will replace clothing retailer Burton Group Plc and healthcare and household products group Smith &amp; Nephew Plc in the index.</p>
<p>--London Newsroom +44 171 542 7717 ($ = 0.607 British Pounds)</p>
</text>
<copyright>(c) Reuters Limited 1997</copyright>
<metadata>
<codes class="bip:countries:1.0">
  <code code="UK">
    <editdetail action="confirmed" attribution="Reuters BIP Coding Group" date="1997-06-20"/>
  </code>
</codes>
<codes class="bip:industries:1.0">
  <code code="I37200">
    <editdetail action="confirmed" attribution="Reuters BIP Coding Group" date="1997-06-20"/>
  </code>
  <code code="I64500">
    <editdetail action="confirmed" attribution="Reuters BIP Coding Group" date="1997-06-20"/>
  </code>
  <code code="I81402">
    <editdetail action="confirmed" attribution="Reuters BIP Coding Group" date="1997-06-20"/>
  </code>
  <code code="I81501">
    <editdetail action="confirmed" attribution="Reuters BIP Coding Group" date="1997-06-20"/>
  </code>
  <code code="I8150103">
    <editdetail action="confirmed" attribution="Reuters BIP Coding Group" date="1997-06-20"/>
  </code>
  <code code="I82002">
    <editdetail action="confirmed" attribution="Reuters BIP Coding Group" date="1997-06-20"/>
  </code>
</codes>
<codes class="bip:topics:1.0">
  <code code="C15">
    <editdetail action="confirmed" attribution="Reuters BIP Coding Group" date="1997-06-20"/>
  </code>
  <code code="C152">
    <editdetail action="confirmed" attribution="Reuters BIP Coding Group" date="1997-06-20"/>
  </code>
  <code code="CCAT">
    <editdetail action="confirmed" attribution="Reuters BIP Coding Group" date="1997-06-20"/>
  </code>
  <code code="M11">
    <editdetail action="confirmed" attribution="Reuters BIP Coding Group" date="1997-06-20"/>
  </code>
  <code code="MCAT">
    <editdetail action="confirmed" attribution="Reuters BIP Coding Group" date="1997-06-20"/>
  </code>
</codes>
<dc element="dc.date.created" value="1997-06-20"/>
<dc element="dc.publisher" value="Reuters Holdings Plc"/>
<dc element="dc.date.published" value="1997-06-20"/>
<dc element="dc.source" value="Reuters"/>
<dc element="dc.creator.location" value="LONDON"/>
<dc element="dc.creator.location.country.name" value="UK"/>
<dc element="dc.source" value="Reuters"/>
</metadata>
</newsitem>
