<?xml version="1.0" encoding="ISO-8859-1" standalone="no"?>
<newsitem date="1997-04-10" id="root" itemid="500898" xml:lang="en">
<title>TURKEY: Turkish shares fall 1.05 pct on liquidity squeeze.</title>
<headline>Turkish shares fall 1.05 pct on liquidity squeeze.</headline>
<dateline>ISTANBUL 1997-04-10</dateline>
<text>
<p>Istanbul shares posted losses on Thursday in thin trade caused by a continuing lack of liquidity due to ongoing political uneasiness and an approaching holiday, brokers said.</p>
<p>The IMKB National-100  closed at 1,514, down 16 points, or 1.05 percent from Wednesday, but up slightly from a late low of 1,500. Volume dropped to 17.49 trillion lira from Wednesday's 21.12 trillion.</p>
<p>"The market turned downward because of liquidity shortage. Political uncertainties hinder cash influx to the market," said Mursel Yildiz from Vakifbank securities.</p>
<p>Several brokers expect support at around the index's 1,500 level to hold.</p>
<p>Reluctance to buy ahead of an upcoming long holiday and recent share offers by new firms have also caused a cash drain from the market, brokers said. A bank and a commercial vehicle venture floated part of their capital last week and a private hospital is offering part of its capital to the public this week.</p>
<p>A religious holiday between April 17-21 will be followed by an official holiday on April 23. The government has declared April 22 a holiday for state offices, but it is not yet known if the markets will be closed.</p>
<p>Of the 243 shares traded, falls outdid rises by 151 to 45 and 47 were stable. The IMKB Industrial  lost 0.98 percent to 1,515, the IMKB Services  dived 2.47 percent to 1,420 and the IMKB Financial eased 0.8 percent to 1,615.</p>
<p>Actives were led by largely state owned flat steel maker Eregli, down 750 lira at 15,500 and ground handling firm Celebi Hava Servisi, steady at 75,000 lira. They made up 11 percent of the total turnover.</p>
<p>-- Aydan Eksin, Istanbul newsroom +90-212-2750875</p>
</text>
<copyright>(c) Reuters Limited 1997</copyright>
<metadata>
<codes class="bip:countries:1.0">
  <code code="TURK">
    <editdetail action="confirmed" attribution="Reuters BIP Coding Group" date="1997-04-10"/>
  </code>
</codes>
<codes class="bip:topics:1.0">
  <code code="M11">
    <editdetail action="confirmed" attribution="Reuters BIP Coding Group" date="1997-04-10"/>
  </code>
  <code code="MCAT">
    <editdetail action="confirmed" attribution="Reuters BIP Coding Group" date="1997-04-10"/>
  </code>
</codes>
<dc element="dc.date.created" value="1997-04-10"/>
<dc element="dc.publisher" value="Reuters Holdings Plc"/>
<dc element="dc.date.published" value="1997-04-10"/>
<dc element="dc.source" value="Reuters"/>
<dc element="dc.creator.location" value="ISTANBUL"/>
<dc element="dc.creator.location.country.name" value="TURKEY"/>
<dc element="dc.source" value="Reuters"/>
</metadata>
</newsitem>
