<?xml version="1.0" encoding="ISO-8859-1" standalone="no"?>
<newsitem date="1997-04-10" id="root" itemid="500371" xml:lang="en">
<title>INDIA: Bombay shares end lower, political worries remain.</title>
<headline>Bombay shares end lower, political worries remain.</headline>
<dateline>BOMBAY 1997-04-10</dateline>
<text>
<p>**  Bombay shares finish 1.45 percent lower</p>
<p>	  in a day of nervous, choppy trade</p>
<p>**  Benchmark stocks index down 52.98 points, or 1.45</p>
<p>	  percent, to provisional close of 3,597.90</p>
<p>**  Congress party orders its lawmakers in parliament to</p>
<p>	  vote against Prime Minister H.D. Deve Gowda in a</p>
<p>	  confidence motion due on Friday</p>
<p>**  United Front coalition says Congress has given it until</p>
<p>	  3 p.m. (0930 GMT) to respond to its demand that Prime</p>
<p>	  Minister H.D. Deve Gowda step down, but offers no</p>
<p>	  comments after deadline</p>
<p>--  </p>
<p>Bombay blue chips ended lower in nervous trade on Thursday with market players awaiting political developments, dealers said.</p>
<p>The ruling United Front coalition, which is in a minority in parliament, faces a vote of confidence on Friday.</p>
<p>Stocks dipped on news the Congress party had instructed its deputies to vote against the ruling coalition in the vote but the political situation remained unclear, dealers said.</p>
<p>"Yes, there is confusion, but everybody is hopeful that there will be some way out," Brij Gopal Daga, chief general manager (market operations) at Unit Trust of India told Reuters.  </p>
<p>The Congress decision to vote against the government, after two rounds of talks was bad news for the market, but traders said they were still hopeful of a patch-up.</p>
<p>"The market came off, but is off its lows. Perhaps, most people are still not convinced about the news," Prashant Purker, head of institutional sales at Peregrine Securities said.</p>
<p>"The market thinks there is still hope for conciliation."</p>
<p>The Congress on March 30 withdrew crucial support for Prime Minister H.D. Deve Gowda's 15-party centre-left coalition sparking off the current political crisis and raising the prospect of mid-term elections.  </p>
<p>Senior United Front leader Laloo Prasad Yadav on Thursday said India will have to hold fresh general elections as talks with the Congress party had failed.</p>
<p>"Read my lips. There will be elections. Let the people decide," Laloo told reporters in New Delhi after the Congress deadline had expired.</p>
<p>The Bombay Stock Exchange (BSE) is open for trading on Saturday between 10:00 a.m. and 1:30 p.m. (0430-0800 GMT) because of political developments, the BSE said on Thursday.</p>
<p>-- Anshuman Daga, Bombay equities desk +91-22-265 9000</p>
</text>
<copyright>(c) Reuters Limited 1997</copyright>
<metadata>
<codes class="bip:countries:1.0">
  <code code="INDIA">
    <editdetail action="confirmed" attribution="Reuters BIP Coding Group" date="1997-04-10"/>
  </code>
</codes>
<codes class="bip:topics:1.0">
  <code code="M11">
    <editdetail action="confirmed" attribution="Reuters BIP Coding Group" date="1997-04-10"/>
  </code>
  <code code="MCAT">
    <editdetail action="confirmed" attribution="Reuters BIP Coding Group" date="1997-04-10"/>
  </code>
</codes>
<dc element="dc.date.created" value="1997-04-10"/>
<dc element="dc.publisher" value="Reuters Holdings Plc"/>
<dc element="dc.date.published" value="1997-04-10"/>
<dc element="dc.source" value="Reuters"/>
<dc element="dc.creator.location" value="BOMBAY"/>
<dc element="dc.creator.location.country.name" value="INDIA"/>
<dc element="dc.source" value="Reuters"/>
</metadata>
</newsitem>
