<?xml version="1.0" encoding="ISO-8859-1" standalone="no"?>
<newsitem date="1997-04-10" id="root" itemid="501514" xml:lang="en">
<title>TAIWAN: Taiwan three-month NCDs average yield at 6.585 pct.</title>
<headline>Taiwan three-month NCDs average yield at 6.585 pct.</headline>
<dateline>TAIPEI 1997-04-10</dateline>
<text>
<p>Taiwan's central bank issued T$3 billion in three-month negotiable certificates of deposit on Thursday at an average yield of 6.585 percent, a central bank official said.</p>
<p>The range of the bids was between 6.400 and 6.750 percent.</p>
<p>Demand totalled T$4.5 billion.</p>
<p>The central bank has said its recent series of NCD issues aimed to absorb banking system's extra money, but not to dampen stock market turnover as many analysts have asserted.</p>
<p>-- Taipei Newsroom (2-5080815)</p>
</text>
<copyright>(c) Reuters Limited 1997</copyright>
<metadata>
<codes class="bip:countries:1.0">
  <code code="TAIWAN">
    <editdetail action="confirmed" attribution="Reuters BIP Coding Group" date="1997-04-10"/>
  </code>
</codes>
<codes class="bip:topics:1.0">
  <code code="M13">
    <editdetail action="confirmed" attribution="Reuters BIP Coding Group" date="1997-04-10"/>
  </code>
  <code code="M131">
    <editdetail action="confirmed" attribution="Reuters BIP Coding Group" date="1997-04-10"/>
  </code>
  <code code="MCAT">
    <editdetail action="confirmed" attribution="Reuters BIP Coding Group" date="1997-04-10"/>
  </code>
</codes>
<dc element="dc.date.created" value="1997-04-10"/>
<dc element="dc.publisher" value="Reuters Holdings Plc"/>
<dc element="dc.date.published" value="1997-04-10"/>
<dc element="dc.source" value="Reuters"/>
<dc element="dc.creator.location" value="TAIPEI"/>
<dc element="dc.creator.location.country.name" value="TAIWAN"/>
<dc element="dc.source" value="Reuters"/>
</metadata>
</newsitem>
