<?xml version="1.0" encoding="ISO-8859-1" standalone="no"?>
<newsitem date="1997-04-10" id="root" itemid="501609" xml:lang="en">
<title>THAILAND: Thai feedmill chief says corn quota not enough.</title>
<headline>Thai feedmill chief says corn quota not enough.</headline>
<dateline>BANGKOK 1997-04-10</dateline>
<text>
<p>The Thai feedmill industry's demand for corn in the near term will exceed the 200,000-tonne zero-tariff import quota allowed by the government, Prasit Damrongchietanon, president of the Thai Feed Mill Association, told Reuters.</p>
<p>He said the minimum demand for imports would be around 300,000 tonnes.  </p>
<p>But so far, most operators had not ordered any corn yet as they were waiting for the final word by the commerce ministry.</p>
<p>The ministry earlier allowed the imports on condition that the average prices of domestic supplies reached 4.50 baht a kg at Bangkok silos.</p>
<p>"The prices have reached that level. We expect to hear good news from the government after Songkran holidays," he said on Thursday. Songkran is the Thai New Year festival and the holidays start this weekend and end on April 15.</p>
<p>Prasit said he hoped that the government would raise the quota amount.</p>
<p>"But it depends on local corn price movements during the imports. If the prices steady or firm despite the imports, we hope the government will consider increasing quota," he said.</p>
<p>The industry is likely to import the corn from South America, especially Argentina as the price is most attractive.</p>
<p>"I don't think we are going to import from China. The C&amp;F price of South American origin is cheaper than that from China by $10-15 per tonne," Prasit said.</p>
<p>-- Bangkok newsroom (662) 652-0642</p>
</text>
<copyright>(c) Reuters Limited 1997</copyright>
<metadata>
<codes class="bip:countries:1.0">
  <code code="THAIL">
    <editdetail action="confirmed" attribution="Reuters BIP Coding Group" date="1997-04-10"/>
  </code>
</codes>
<codes class="bip:industries:1.0">
  <code code="I01001">
    <editdetail action="confirmed" attribution="Reuters BIP Coding Group" date="1997-04-10"/>
  </code>
  <code code="I0100132">
    <editdetail action="confirmed" attribution="Reuters BIP Coding Group" date="1997-04-10"/>
  </code>
</codes>
<codes class="bip:topics:1.0">
  <code code="C13">
    <editdetail action="confirmed" attribution="Reuters BIP Coding Group" date="1997-04-10"/>
  </code>
  <code code="C31">
    <editdetail action="confirmed" attribution="Reuters BIP Coding Group" date="1997-04-10"/>
  </code>
  <code code="C311">
    <editdetail action="confirmed" attribution="Reuters BIP Coding Group" date="1997-04-10"/>
  </code>
  <code code="CCAT">
    <editdetail action="confirmed" attribution="Reuters BIP Coding Group" date="1997-04-10"/>
  </code>
  <code code="M14">
    <editdetail action="confirmed" attribution="Reuters BIP Coding Group" date="1997-04-10"/>
  </code>
  <code code="M141">
    <editdetail action="confirmed" attribution="Reuters BIP Coding Group" date="1997-04-10"/>
  </code>
  <code code="MCAT">
    <editdetail action="confirmed" attribution="Reuters BIP Coding Group" date="1997-04-10"/>
  </code>
</codes>
<dc element="dc.date.created" value="1997-04-10"/>
<dc element="dc.publisher" value="Reuters Holdings Plc"/>
<dc element="dc.date.published" value="1997-04-10"/>
<dc element="dc.source" value="Reuters"/>
<dc element="dc.creator.location" value="BANGKOK"/>
<dc element="dc.creator.location.country.name" value="THAILAND"/>
<dc element="dc.source" value="Reuters"/>
</metadata>
</newsitem>
