<?xml version="1.0" encoding="ISO-8859-1" standalone="no"?>
<newsitem date="1997-04-10" id="root" itemid="500293" xml:lang="en">
<title>LUXEMBOURG: Austria urges backing for its gene-maize ban.</title>
<headline>Austria urges backing for its gene-maize ban.</headline>
<dateline>LUXEMBOURG 1997-04-10</dateline>
<text>
<p>Austria urged its European Union partners on Thursday to support its national ban on gene- modified maize when it comes up for vetting before key EU committees.</p>
<p>In a statement to the EU's consumer affairs ministers, Vienna said its own reservations about the maize and those of Italy and Luxembourg should not be brushed aside by the European Commission, which cleared EU sales late last year.</p>
<p>"It would be very regrettable if the serious and well-founded reservations of three EU members should be swept under the carpet, without any consideration for the sensitivity of the question and of the scepticism of a large slice of public opinion," the statement said.</p>
<p>A European Commission spokesman said on Wednesday Austria's evidence in support of its ban appeared to throw no new light on the issue, meaning Vienna's ban was unlikely to stand up.</p>
<p>Consumer affairs commissioner Emma Bonino told a news conference after the ministerial meeting on Thursday the Commission would have to follow the EU scientific committees' advice "whether people like it or not".</p>
<p>Under EU rules member states can impose unilateral bans on public health grounds but must notify, and get clearance from the Commission, which decides on bans after taking advice from specialised committees.</p>
<p>Earlier this week the European Parliament called for an EU sales ban on the maize pending further safety tests. But the Commission said on Wednesday it had no legal powers to do so.</p>
<p>The maize was developed by Ciba Geigy, now owned by Novartis, the newly created Swiss pharmaceuticals giant.</p>
<p>Bonino recently took over responsibility for food health at the Commission after a the executive was reorganised following the public health scare over mad cow disease.</p>
<p>Italy has banned cultivation of the maize on its soil, as has France, while Luxembourg has banned its general use.</p>
</text>
<copyright>(c) Reuters Limited 1997</copyright>
<metadata>
<codes class="bip:countries:1.0">
  <code code="AUST">
    <editdetail action="confirmed" attribution="Reuters BIP Coding Group" date="1997-04-10"/>
  </code>
  <code code="EEC">
    <editdetail action="confirmed" attribution="Reuters BIP Coding Group" date="1997-04-10"/>
  </code>
  <code code="ITALY">
    <editdetail action="confirmed" attribution="Reuters BIP Coding Group" date="1997-04-10"/>
  </code>
  <code code="LUX">
    <editdetail action="confirmed" attribution="Reuters BIP Coding Group" date="1997-04-10"/>
  </code>
</codes>
<codes class="bip:industries:1.0">
  <code code="I01001">
    <editdetail action="confirmed" attribution="Reuters BIP Coding Group" date="1997-04-10"/>
  </code>
  <code code="I0100132">
    <editdetail action="confirmed" attribution="Reuters BIP Coding Group" date="1997-04-10"/>
  </code>
  <code code="I25700">
    <editdetail action="confirmed" attribution="Reuters BIP Coding Group" date="1997-04-10"/>
  </code>
</codes>
<codes class="bip:topics:1.0">
  <code code="C13">
    <editdetail action="confirmed" attribution="Reuters BIP Coding Group" date="1997-04-10"/>
  </code>
  <code code="C21">
    <editdetail action="confirmed" attribution="Reuters BIP Coding Group" date="1997-04-10"/>
  </code>
  <code code="CCAT">
    <editdetail action="confirmed" attribution="Reuters BIP Coding Group" date="1997-04-10"/>
  </code>
  <code code="G15">
    <editdetail action="confirmed" attribution="Reuters BIP Coding Group" date="1997-04-10"/>
  </code>
  <code code="G152">
    <editdetail action="confirmed" attribution="Reuters BIP Coding Group" date="1997-04-10"/>
  </code>
  <code code="GCAT">
    <editdetail action="confirmed" attribution="Reuters BIP Coding Group" date="1997-04-10"/>
  </code>
  <code code="GENV">
    <editdetail action="confirmed" attribution="Reuters BIP Coding Group" date="1997-04-10"/>
  </code>
  <code code="GHEA">
    <editdetail action="confirmed" attribution="Reuters BIP Coding Group" date="1997-04-10"/>
  </code>
</codes>
<dc element="dc.date.created" value="1997-04-10"/>
<dc element="dc.publisher" value="Reuters Holdings Plc"/>
<dc element="dc.date.published" value="1997-04-10"/>
<dc element="dc.source" value="Reuters"/>
<dc element="dc.creator.location" value="LUXEMBOURG"/>
<dc element="dc.creator.location.country.name" value="LUXEMBOURG"/>
<dc element="dc.source" value="Reuters"/>
</metadata>
</newsitem>
