<?xml version="1.0" encoding="ISO-8859-1" standalone="no"?>
<newsitem date="1997-04-10" id="root" itemid="501845" xml:lang="en">
<title>BELGIUM: BELGIAN RENAULT WORKERS VOTE TO RESUME WORK -RADIO.</title>
<headline>BELGIAN RENAULT WORKERS VOTE TO RESUME WORK -RADIO.</headline>
<dateline>BRUSSELS 1997-04-10</dateline>
<text>
<p>A majority of workers at the Belgian Vilvoorde assembly plant of French car maker Renault SA on Thursday voted to resume work, Belgian radio said.    </p>
<p>BRTN radio said 2,721 of the Vilvoorde plant's 3,100 employees voted in Thursday's referendum on a possible continuation of a five-week stoppage started after Renault headquarters decided to close the profitable plant by the end of July.</p>
<p>It said 68.7 percent of the workers voted for a resumption of work. Production would now resume on Monday, it added.</p>
<p>-- Brussels Newsroom +32 2 287 6810, Fax +32 2 230 7710</p>
</text>
<copyright>(c) Reuters Limited 1997</copyright>
<metadata>
<codes class="bip:countries:1.0">
  <code code="BELG">
    <editdetail action="confirmed" attribution="Reuters BIP Coding Group" date="1997-04-10"/>
  </code>
  <code code="FRA">
    <editdetail action="confirmed" attribution="Reuters BIP Coding Group" date="1997-04-10"/>
  </code>
</codes>
<codes class="bip:industries:1.0">
  <code code="I35101">
    <editdetail action="confirmed" attribution="Reuters BIP Coding Group" date="1997-04-10"/>
  </code>
</codes>
<codes class="bip:topics:1.0">
  <code code="GPOL">
    <editdetail action="confirmed" attribution="Reuters BIP Coding Group" date="1997-04-10"/>
  </code>
  <code code="GVOTE">
    <editdetail action="confirmed" attribution="Reuters BIP Coding Group" date="1997-04-10"/>
  </code>
</codes>
<dc element="dc.date.created" value="1997-04-10"/>
<dc element="dc.publisher" value="Reuters Holdings Plc"/>
<dc element="dc.date.published" value="1997-04-10"/>
<dc element="dc.source" value="Reuters"/>
<dc element="dc.creator.location" value="BRUSSELS"/>
<dc element="dc.creator.location.country.name" value="BELGIUM"/>
<dc element="dc.source" value="Reuters"/>
</metadata>
</newsitem>
