<?xml version="1.0" encoding="ISO-8859-1" standalone="no"?>
<newsitem date="1997-04-10" id="root" itemid="501694" xml:lang="en">
<title>JAPAN: NCB 3.6% bond due March 2000 traded at 8.04%.</title>
<headline>NCB 3.6% bond due March 2000 traded at 8.04%.</headline>
<dateline>TOKYO 1997-04-10</dateline>
<text>
<p>Nippon Credit Bank's 3.6 percent five-year bank debentures due March 2000 were traded at 8.04 percent on Thursday, traders said.  </p>
<p>The traded amount was 200 million yen.</p>
<p>Traders also said NCB's five-year debenture with a coupon rate of 3.05 percent due in May 2001 was traded at 7.5 percent.</p>
<p>The market seems to be taking a positive view of NCB's announcement on Thursday that it and Bankers Trust New York Corp had agreed on a business alliance and that NCB would also consider a capital tie-up with the U.S. bank, a trader for a city bank's securities unit said.</p>
<p>Trades in NCB debentures with more than two years left until maturity had been pretty rare until this morning, a trader for a brokerage house said.  </p>
<p>The trader said, however, that the basic trend of the market remained unchanged so far.</p>
<p>NCB debentures with a year or less to go until maturity have yields of around six percent, while those with two years or more until maturity are still stuck with yields of seven percent and above, he said.</p>
<p>Traders said NCB's one-year debentures with a coupon rate of 0.8 percent due to mature in October 1997 were traded at six percent this morning.</p>
<p>-- Tokyo Treasury Desk +81-3-5473-3748</p>
</text>
<copyright>(c) Reuters Limited 1997</copyright>
<metadata>
<codes class="bip:countries:1.0">
  <code code="JAP">
    <editdetail action="confirmed" attribution="Reuters BIP Coding Group" date="1997-04-10"/>
  </code>
</codes>
<codes class="bip:industries:1.0">
  <code code="I81402">
    <editdetail action="confirmed" attribution="Reuters BIP Coding Group" date="1997-04-10"/>
  </code>
</codes>
<codes class="bip:topics:1.0">
  <code code="C17">
    <editdetail action="confirmed" attribution="Reuters BIP Coding Group" date="1997-04-10"/>
  </code>
  <code code="C172">
    <editdetail action="confirmed" attribution="Reuters BIP Coding Group" date="1997-04-10"/>
  </code>
  <code code="CCAT">
    <editdetail action="confirmed" attribution="Reuters BIP Coding Group" date="1997-04-10"/>
  </code>
</codes>
<dc element="dc.date.created" value="1997-04-10"/>
<dc element="dc.publisher" value="Reuters Holdings Plc"/>
<dc element="dc.date.published" value="1997-04-10"/>
<dc element="dc.source" value="Reuters"/>
<dc element="dc.creator.location" value="TOKYO"/>
<dc element="dc.creator.location.country.name" value="JAPAN"/>
<dc element="dc.source" value="Reuters"/>
</metadata>
</newsitem>
