<?xml version="1.0" encoding="ISO-8859-1" standalone="no"?>
<newsitem date="1997-04-10" id="root" itemid="500511" xml:lang="en">
<title>UK: LONDON CURRENCY AND GOLD BULLION RATES.</title>
<headline>LONDON CURRENCY AND GOLD BULLION RATES.</headline>
<text>
<p>LONDON, Reuter - Following are the buying and selling rates for leading world currencies and gold against the dollar on the London foreign exchange and bullion markets today. US$1.00 COSTS    1.3934/39 Canadian Dollars</p>
<p>		     1.7190/94 German Marks</p>
<p>		     1.9320/30 Dutch Guilders</p>
<p>		     1.4680/90 Swiss Francs</p>
<p>		     35.43/43  Belgian Francs</p>
<p>		     5.7790/20   French Francs</p>
<p>		     1696.0/8.0  Italian Lire</p>
<p>		     125.80/90   Japanese Yen</p>
<p>		     7.6925/00   Swedish Crowns</p>
<p>		     6.9632/52   Norwegian Crowns</p>
<p>		     6.5445/65   Danish Crowns</p>
<p>One Sterling     US$1.6225/35</p>
<p>Gold (ounce)     US$348.40/90</p>
</text>
<copyright>(c) Reuters Limited 1997</copyright>
<metadata>
<codes class="bip:countries:1.0">
  <code code="FRA">
    <editdetail action="confirmed" attribution="Reuters BIP Coding Group" date="1997-04-10"/>
  </code>
  <code code="GFR">
    <editdetail action="confirmed" attribution="Reuters BIP Coding Group" date="1997-04-10"/>
  </code>
  <code code="JAP">
    <editdetail action="confirmed" attribution="Reuters BIP Coding Group" date="1997-04-10"/>
  </code>
  <code code="UK">
    <editdetail action="confirmed" attribution="Reuters BIP Coding Group" date="1997-04-10"/>
  </code>
</codes>
<dc element="dc.publisher" value="Reuters Holdings Plc"/>
<dc element="dc.date.published" value="1997-04-10"/>
<dc element="dc.source" value="Reuters"/>
<dc element="dc.creator.location.country.name" value="UK"/>
<dc element="dc.source" value="Reuters"/>
</metadata>
</newsitem>
