<?xml version="1.0" encoding="ISO-8859-1" standalone="no"?>
<newsitem date="1997-04-10" id="root" itemid="500367" xml:lang="en">
<title>INDIA: Indian Shipping -- Madras cargoes - April 10.</title>
<headline>Indian Shipping -- Madras cargoes - April 10.</headline>
<dateline>BOMBAY 1997-04-10</dateline>
<text>
<p>Following is the berthing schedule of major vessels loading and unloading at India's Madras port on April 10:</p>
<p> Commodity		Tons		  Ship	    Berthing</p>
<p>		  (LDD/ULD)  (Balance)</p>
<p>----------------------------------------------------------------</p>
<p>Muriate of</p>
<p>  Potash	  28,050 (ULD)    150     Anuradha	   25/03</p>
<p> Scrap	     4,175 (ULD)  7,911     Evmar		09/04</p>
<p> General	     613 (LDD)    587     Shakthi	    05/04</p>
<p> General	   1,273 (ULD)     33     Vikram	     05/04</p>
<p> General	     364 (LDD)  1,536     Vikram	     05/04</p>
<p>Muriate of</p>
<p>  Potash	  24,600 (ULD)  1,900     Sun - II	   02/04</p>
<p> Thermal Coal   29,140 (ULD)  2,500     Ch.Valarachi     09/04</p>
<p> Wheat	    17,936 (ULD) 13,399     Jag Ratna	  28/03</p>
<p> S.Coal	   20,264 (ULD) 18,300     Pacific Endeaveur07/04</p>
<p> S.Coal	   26,677 (ULD) 11,800     Artic Mariner    04/04</p>
<p>---------------------------------------------------------------</p>
<p>	    Note:</p>
<p>	    LDD - Loading</p>
<p>	    ULD - Unloading</p>
<p>(Source: J.M.Baxi &amp; Co, Madras)</p>
<p>-- Bombay newsroom +91-22-265 9000</p>
</text>
<copyright>(c) Reuters Limited 1997</copyright>
<metadata>
<codes class="bip:countries:1.0">
  <code code="INDIA">
    <editdetail action="confirmed" attribution="Reuters BIP Coding Group" date="1997-04-10"/>
  </code>
</codes>
<codes class="bip:topics:1.0">
  <code code="M14">
    <editdetail action="confirmed" attribution="Reuters BIP Coding Group" date="1997-04-10"/>
  </code>
  <code code="MCAT">
    <editdetail action="confirmed" attribution="Reuters BIP Coding Group" date="1997-04-10"/>
  </code>
</codes>
<dc element="dc.date.created" value="1997-04-10"/>
<dc element="dc.publisher" value="Reuters Holdings Plc"/>
<dc element="dc.date.published" value="1997-04-10"/>
<dc element="dc.source" value="Reuters"/>
<dc element="dc.creator.location" value="BOMBAY"/>
<dc element="dc.creator.location.country.name" value="INDIA"/>
<dc element="dc.source" value="Reuters"/>
</metadata>
</newsitem>
