<?xml version="1.0" encoding="ISO-8859-1" standalone="no"?>
<newsitem date="1997-04-10" id="root" itemid="501052" xml:lang="en">
<title>USA: 'Grunge' rock music pioneers Soundgarden break up.</title>
<headline>'Grunge' rock music pioneers Soundgarden break up.</headline>
<dateline>LOS ANGELES 1997-04-09</dateline>
<text>
<p>Veteran "grunge" rock band Soundgarden, whose hard-edged sound paved the way for the so-called "grunge" revolution and bands such as Nirvana and Pearl Jam, said on Wednesday it was splitting up.</p>
<p>"After 12 years, the members of Soundgarden have amicably and mutually decided to disband to pursue other interests," a statement issued by the group's A&amp;M Records label said.</p>
<p>"There is no word at this time on any of the members' future plans."</p>
<p>A spokeswoman for Soundgarden's management company said "there was no drama attached" to the break-up, but she declined to elaborate on why the Seattle-based group was splitting up at the peak of its career.</p>
<p>While the four members of the band had very strong personalities, they never gave any hint to outsiders that a split was in the works. Indeed, aside from the music, the band kept a low public profile and rarely gave much away in interviews.</p>
<p>The band consisted of Chris Cornell on vocals/guitar, Kim Thayil on guitar, Ben Shepherd on bass and Matt Cameron on drums. Cornell wrote most of the songs and his wife, Susan Silver, managed the band. Its last concert was on Feb. 9 in Honolulu after it had played dates in New Zealand and Australia, the management spokeswoman said.</p>
<p>Its final record "Down on the Upside" was released last May and sold about 1.3 million copies in the U.S. Their previous album, 1994's "Superunknown" won two Grammy Awards and pushed the band into the mainstream thanks to hit singles such as "Black Hole Sun," "Spoonman" and "Fell On Black Days."</p>
<p>After issuing several extended-play records, Soundgarden released their first album in 1988, the Grammy-nominated "Ultramega OK."</p>
</text>
<copyright>(c) Reuters Limited 1997</copyright>
<metadata>
<codes class="bip:countries:1.0">
  <code code="USA">
    <editdetail action="confirmed" attribution="Reuters BIP Coding Group" date="1997-04-10"/>
  </code>
</codes>
<codes class="bip:topics:1.0">
  <code code="GCAT">
    <editdetail action="confirmed" attribution="Reuters BIP Coding Group" date="1997-04-10"/>
  </code>
  <code code="GENT">
    <editdetail action="confirmed" attribution="Reuters BIP Coding Group" date="1997-04-10"/>
  </code>
</codes>
<dc element="dc.date.created" value="1997-04-09"/>
<dc element="dc.publisher" value="Reuters Holdings Plc"/>
<dc element="dc.date.published" value="1997-04-10"/>
<dc element="dc.source" value="Reuters"/>
<dc element="dc.creator.location" value="LOS ANGELES"/>
<dc element="dc.creator.location.country.name" value="USA"/>
<dc element="dc.source" value="Reuters"/>
</metadata>
</newsitem>
