<?xml version="1.0" encoding="ISO-8859-1" standalone="no"?>
<newsitem date="1997-04-10" id="root" itemid="501605" xml:lang="en">
<title>INDONESIA: Indonesian rubber prices soften after deals.</title>
<headline>Indonesian rubber prices soften after deals.</headline>
<dateline>JAKARTA 1997-04-10</dateline>
<text>
<p>Indonesian tyre-grade SIR20 offer prices softened in noon trading on Thursday after deals in Palembang, traders said.</p>
<p>They said a deal was done at 49.25 U.S. cents/lb fob Palembang for June shipment, which was lower compared with Tuesday's offer price of 49.50. The market was closed on Wednesday for a Hindu holiday.</p>
<p>"Offer prices fell after the Palembang deal. Traders in other cities do not have any choice but to lower the offer prices because buyers will always want to find cheaper rubber," said one trader.  </p>
<p>Traders said offer prices fell to 49.75 fob Medan from 50.00 on Tuesday, but many were reluctant to sell at that level.</p>
<p>"Some traders still offer rubber at 50.00 and even 50.25, but I don't think they will succeed in selling goods," said another trader.</p>
<p>Traders said offer prices were quoted at 49.75 fob Surabaya at 49.50 fob Padang and at 49.25 fob Pontianak and Jambi.</p>
<p>"Supply is quite abundant despite wintering in Medan. Nowadays, traders simply ignore the wintering factor because it has failed to boost the prices in many months," said one trader.</p>
<p>-- Lewa Pardomuan, Jakarta newsroom +6221 384-6364</p>
</text>
<copyright>(c) Reuters Limited 1997</copyright>
<metadata>
<codes class="bip:countries:1.0">
  <code code="INDON">
    <editdetail action="confirmed" attribution="Reuters BIP Coding Group" date="1997-04-10"/>
  </code>
</codes>
<codes class="bip:topics:1.0">
  <code code="M14">
    <editdetail action="confirmed" attribution="Reuters BIP Coding Group" date="1997-04-10"/>
  </code>
  <code code="M141">
    <editdetail action="confirmed" attribution="Reuters BIP Coding Group" date="1997-04-10"/>
  </code>
  <code code="MCAT">
    <editdetail action="confirmed" attribution="Reuters BIP Coding Group" date="1997-04-10"/>
  </code>
</codes>
<dc element="dc.date.created" value="1997-04-10"/>
<dc element="dc.publisher" value="Reuters Holdings Plc"/>
<dc element="dc.date.published" value="1997-04-10"/>
<dc element="dc.source" value="Reuters"/>
<dc element="dc.creator.location" value="JAKARTA"/>
<dc element="dc.creator.location.country.name" value="INDONESIA"/>
<dc element="dc.source" value="Reuters"/>
</metadata>
</newsitem>
