<?xml version="1.0" encoding="ISO-8859-1" standalone="no"?>
<newsitem date="1997-04-10" id="root" itemid="499801" xml:lang="en">
<title>USA: US says monkeypox reemerges in Africa.</title>
<headline>US says monkeypox reemerges in Africa.</headline>
<dateline>ATLANTA 1997-04-10</dateline>
<text>
<p>The largest cluster of human monkeypox cases ever reported has occurred in the African rain forest of Zaire, health officials said on Thursday.</p>
<p>The Centers for Disease Control and Prevention (CDC) said at least 92 cases occurred last year in 12 villages in the Katako-Kombe zone of Kasai-Oriental. Active cases were still being reported in February of this year, the agency said.</p>
<p>Monkeypox is related to smallpox but cannot mutate into smallpox. Smallpox vaccination is usually effective against monkeypox, but vaccination rates have declined since the illness was eradicated in the late 1970s, the CDC said.</p>
<p>Monkeypox is found in wild animals in the African rain forest. Previous cases in Zaire have been linked to tree squirrels. The CDC said that in last year's outbreak the disease may have been transmitted from person to person.</p>
</text>
<copyright>(c) Reuters Limited 1997</copyright>
<metadata>
<codes class="bip:countries:1.0">
  <code code="AFRICA">
    <editdetail action="confirmed" attribution="Reuters BIP Coding Group" date="1997-04-10"/>
  </code>
  <code code="USA">
    <editdetail action="confirmed" attribution="Reuters BIP Coding Group" date="1997-04-10"/>
  </code>
  <code code="ZAIRE">
    <editdetail action="confirmed" attribution="Reuters BIP Coding Group" date="1997-04-10"/>
  </code>
</codes>
<codes class="bip:topics:1.0">
  <code code="GCAT">
    <editdetail action="confirmed" attribution="Reuters BIP Coding Group" date="1997-04-10"/>
  </code>
  <code code="GHEA">
    <editdetail action="confirmed" attribution="Reuters BIP Coding Group" date="1997-04-10"/>
  </code>
</codes>
<dc element="dc.date.created" value="1997-04-10"/>
<dc element="dc.publisher" value="Reuters Holdings Plc"/>
<dc element="dc.date.published" value="1997-04-10"/>
<dc element="dc.source" value="Reuters"/>
<dc element="dc.creator.location" value="ATLANTA"/>
<dc element="dc.creator.location.country.name" value="USA"/>
<dc element="dc.source" value="Reuters"/>
</metadata>
</newsitem>
