<?xml version="1.0" encoding="ISO-8859-1" standalone="no"?>
<newsitem date="1997-04-10" id="root" itemid="499815" xml:lang="en">
<title>USA: FINAL PRICING-International Paper Company Projects.</title>
<headline>FINAL PRICING-International Paper Company Projects.</headline>
<text>
<p>INTERNATIONAL PAPER COMPANY PROJECTS</p>
<p>RE: $24,900,000</p>
<p>LADIES AND GENTLEMEN:</p>
<p>WE HAVE RECEIVED THE WRITTEN AWARD. TRADE DATE IS TODAY, APRIL</p>
<p>10. SETTLEMENT IS FIRM FOR APRIL 24, 1997.</p>
<p>					     13,500,000</p>
<p>COLUMBUS COUNTY INDUSTRIAL FACILITIES AND POLLUTION CONTROL</p>
<p>FIN. AUTH.</p>
<p>(NORTH CAROLINA) ENVIRONMENTAL IMPROVEMENT REV. BONDS 1997</p>
<p>SERIES A SUBJECT TO ALTERNATIVE MINIMUM TAX</p>
<p>MOODY'S: A3		    S&amp;P: A-</p>
<p>DATED: 04/01/1997	  FIRST COUPON: 10/01/1997</p>
<p>DUE: 04/01</p>
<p>ALL BONDS ARE PRICED AT PAR.</p>
<p> MATURITY		AMOUNT     COUPON</p>
<p>04/01/2021	     13,500M    6.15  %</p>
<p>CALL FEATURES: 04/01/2007    102.00</p>
<p>		   DTP 04/01/2009</p>
<p>---------------------------------------------------</p>
<p>					     5,900,000</p>
<p>			CASS COUNTY DEVELOPMENT CORPORATION (TEXAS)</p>
<p>		 ENVIRONMENTAL IMPROVEMENT REVENUE BONDS 1997</p>
<p>SERIES A</p>
<p>				SUBJECT TO ALTERNATIVE MINIMUM TAX</p>
<p>    MOODY'S: A3		    S&amp;P: A-</p>
<p>	DATED: 04/01/1997	  FIRST COUPON: 10/01/1997</p>
<p>DUE: 04/01</p>
<p>ALL BONDS ARE PRICED AT PAR.</p>
<p> MATURITY		AMOUNT     COUPON</p>
<p>04/01/2021		5,900M    6.25  %</p>
<p>CALL FEATURES: 04/01/2007    102.00</p>
<p>		   DTP 04/01/2009</p>
<p>--------------------------------------------------</p>
<p>					     5,500,000</p>
<p>ESSEX COUNTY INDUSTRIAL DEVELOPMENT AGENCY (NEW YORK)</p>
<p>SOLID WASTE DISPOSAL REVENUE BONDS 1997 SERIES A</p>
<p>				SUBJECT TO ALTERNATIVE MINIMUM TAX</p>
<p>    MOODY'S: A3		    S&amp;P: A-</p>
<p>	DATED: 04/01/1997	  FIRST COUPON: 10/01/1997</p>
<p>DUE: 04/01</p>
<p>ALL BONDS ARE PRICED AT PAR.</p>
<p> MATURITY		AMOUNT     COUPON</p>
<p>04/01/2021		5,500M    6.15  %</p>
<p>CALL FEATURES: 04/01/2007    102.00</p>
<p>		   DTP 04/01/2009</p>
<p>The award was received April 9, 1997.</p>
<p>Delivery is firm for April 24, 1997.</p>
<p>				$13,500,000</p>
<p>COLUMBUS COUNTY INDUSTRIAL FACILITIES AND POLLUTION CONTROL</p>
<p>FIN. AUTH.</p>
<p>(NORTH CAROLINA) ENVIRONMENTAL IMPROVEMENT REV. BONDS 1997</p>
<p>SERIES A</p>
<p>     Delivery:	     04/24/1997 (Firm)</p>
<p>     Initial trade:	04/10/1997</p>
<p>	     MATURITY			     CUSIP</p>
<p>	     --------			     -----</p>
<p>	    04/01/2021			  199040AB2</p>
<p>-------------------------------------------------------------</p>
<p>				 $5,900,000</p>
<p>	  CASS COUNTY DEVELOPMENT CORPORATION (TEXAS)</p>
<p>ENVIRONMENTAL IMPROVEMENT REVENUE BONDS 1997 SERIES A</p>
<p>     Delivery:	     04/24/1997 (Firm)</p>
<p>     Initial trade:	04/10/1997</p>
<p>	     MATURITY			     CUSIP</p>
<p>	     --------			     -----</p>
<p>	    04/01/2021			  148080AA2</p>
<p>----------------------------------------------------------</p>
<p>				 $5,500,000</p>
<p>ESSEX COUNTY INDUSTRIAL DEVELOPMENT AGENCY (NEW YORK)</p>
<p>SOLID WASTE DISPOSAL REVENUE BONDS 1997 SERIES A</p>
<p>     Delivery:	     04/24/1997 (Firm)</p>
<p>     Initial trade:	04/10/1997</p>
<p>	     MATURITY			     CUSIP</p>
<p>	     --------			     -----</p>
<p>	    04/01/2021			  296830AD4</p>
<p>Morgan Stanley &amp; Co. Incorporated</p>
<p>--U.S. Municipal Desk, 212-859-1650</p>
</text>
<copyright>(c) Reuters Limited 1997</copyright>
<metadata>
<codes class="bip:countries:1.0">
  <code code="USA">
    <editdetail action="confirmed" attribution="Reuters BIP Coding Group" date="1997-04-10"/>
  </code>
</codes>
<codes class="bip:topics:1.0">
  <code code="E21">
    <editdetail action="confirmed" attribution="Reuters BIP Coding Group" date="1997-04-10"/>
  </code>
  <code code="E212">
    <editdetail action="confirmed" attribution="Reuters BIP Coding Group" date="1997-04-10"/>
  </code>
  <code code="ECAT">
    <editdetail action="confirmed" attribution="Reuters BIP Coding Group" date="1997-04-10"/>
  </code>
</codes>
<dc element="dc.publisher" value="Reuters Holdings Plc"/>
<dc element="dc.date.published" value="1997-04-10"/>
<dc element="dc.source" value="Reuters"/>
<dc element="dc.creator.location.country.name" value="USA"/>
<dc element="dc.source" value="Reuters"/>
</metadata>
</newsitem>
