<?xml version="1.0" encoding="ISO-8859-1" standalone="no"?>
<newsitem date="1997-04-10" id="root" itemid="500361" xml:lang="en">
<title>INDIA: India Calcutta exchange open for trade on Saturday.</title>
<headline>India Calcutta exchange open for trade on Saturday.</headline>
<dateline>BOMBAY 1997-04-10</dateline>
<text>
<p>The Calcutta Stock Exchange (CSE) will be open for trading on Saturday between 10:00 a.m. and 2:00 p.m. (0430-0830 GMT) because of political developments, the CSE said on Thursday.</p>
<p>Earlier, the Bombay Stock Exchange said it will stay open for trading on Saturday.</p>
<p>India's 10-month old United Front (UF) coalition government faces a trust vote in parliament on Friday after its key ally, the Congress party withdrew support.</p>
<p>Patch-up talks between the government and the Congress party failed on Thursday.</p>
<p>The lower house of parliament has tentatively set a vote of confidence in Prime Minister H.D. Deve Gowda's government for 8 p.m. (1430 GMT) on Friday, the Press Trust of India (PTI) said.</p>
<p>--Bombay newsroom +91-22-265-9000</p>
</text>
<copyright>(c) Reuters Limited 1997</copyright>
<metadata>
<codes class="bip:countries:1.0">
  <code code="INDIA">
    <editdetail action="confirmed" attribution="Reuters BIP Coding Group" date="1997-04-10"/>
  </code>
</codes>
<codes class="bip:topics:1.0">
  <code code="M11">
    <editdetail action="confirmed" attribution="Reuters BIP Coding Group" date="1997-04-10"/>
  </code>
  <code code="MCAT">
    <editdetail action="confirmed" attribution="Reuters BIP Coding Group" date="1997-04-10"/>
  </code>
</codes>
<dc element="dc.date.created" value="1997-04-10"/>
<dc element="dc.publisher" value="Reuters Holdings Plc"/>
<dc element="dc.date.published" value="1997-04-10"/>
<dc element="dc.source" value="Reuters"/>
<dc element="dc.creator.location" value="BOMBAY"/>
<dc element="dc.creator.location.country.name" value="INDIA"/>
<dc element="dc.source" value="Reuters"/>
</metadata>
</newsitem>
