<?xml version="1.0" encoding="ISO-8859-1" standalone="no"?>
<newsitem date="1997-04-10" id="root" itemid="501090" xml:lang="en">
<title>FRANCE: Suez/Lyonnaise parity seen 41/20 shares.</title>
<headline>Suez/Lyonnaise parity seen 41/20 shares.</headline>
<dateline>PARIS 1997-04-10</dateline>
<text>
<p>The share parity to be used in a planned merger between holding company Cie de Suez and utilities group Lyonnaise des Eaux will be 41 Suez shares for every 20 Lyonnaise, a source close to the talks told Reuters on Thursday.  </p>
<p>Suez will pay a 1996 dividend of "23.60 or 24.60 francs" per share, the source added. The payout will include the annual payment and an exceptional amount which includes the capital gain on the sale of investment bank Banque Indosuez.</p>
<p>In the short term, Suez expected to keep its financial assets in the merged group, the source said.</p>
<p>Newspaper Le Monde reported on April 4 that the merger parity would be 41 Suez for 20 Lyonnaise shares and a 1996 dividend totalling 3.8 billion francs.</p>
<p>Neither company has confirmed the terms.</p>
<p>Excluding the shares held by Suez as treasury stock, about five percent of the issued capital, the public float comes to 155.6 million shares.</p>
<p>-- Paris Newsroom +331 4221 5542</p>
</text>
<copyright>(c) Reuters Limited 1997</copyright>
<metadata>
<codes class="bip:countries:1.0">
  <code code="FRA">
    <editdetail action="confirmed" attribution="Reuters BIP Coding Group" date="1997-04-10"/>
  </code>
</codes>
<codes class="bip:industries:1.0">
  <code code="I81402">
    <editdetail action="confirmed" attribution="Reuters BIP Coding Group" date="1997-04-10"/>
  </code>
  <code code="I83960">
    <editdetail action="confirmed" attribution="Reuters BIP Coding Group" date="1997-04-10"/>
  </code>
</codes>
<codes class="bip:topics:1.0">
  <code code="C15">
    <editdetail action="confirmed" attribution="Reuters BIP Coding Group" date="1997-04-10"/>
  </code>
  <code code="C151">
    <editdetail action="confirmed" attribution="Reuters BIP Coding Group" date="1997-04-10"/>
  </code>
  <code code="C18">
    <editdetail action="confirmed" attribution="Reuters BIP Coding Group" date="1997-04-10"/>
  </code>
  <code code="C181">
    <editdetail action="confirmed" attribution="Reuters BIP Coding Group" date="1997-04-10"/>
  </code>
  <code code="CCAT">
    <editdetail action="confirmed" attribution="Reuters BIP Coding Group" date="1997-04-10"/>
  </code>
</codes>
<dc element="dc.date.created" value="1997-04-10"/>
<dc element="dc.publisher" value="Reuters Holdings Plc"/>
<dc element="dc.date.published" value="1997-04-10"/>
<dc element="dc.source" value="Reuters"/>
<dc element="dc.creator.location" value="PARIS"/>
<dc element="dc.creator.location.country.name" value="FRANCE"/>
<dc element="dc.source" value="Reuters"/>
</metadata>
</newsitem>
