<?xml version="1.0" encoding="ISO-8859-1" standalone="no"?>
<newsitem date="1997-04-10" id="root" itemid="499854" xml:lang="en">
<title>USA: US spot MTBE lifted this week by NYMEX gasoline.</title>
<headline>US spot MTBE lifted this week by NYMEX gasoline.</headline>
<dateline>NEW YORK 1997-04-10</dateline>
<text>
<p>cts/gallon  Prompt(Apr)     Any (May)	04/03/97(Ppt Apr)</p>
<p>Houston     74.25/75.00	76.00/77.00 N   74.00/74.50</p>
<p>New York    78.50/79.00	78.00/78.50 N   78.00/78.50</p>
<p>Spot MTBE prices got a boost this week from early strength in NYMEX gasoline futures and a tick up in activity, players said Thursday.</p>
<p>Meanwhile, Canada's Senate late Wednesday passed a bill that would effectively ban the controversial gasoline additive MMT, which could lead to a step up in demand for MTBE.</p>
<p>MMT has been used as a replacement for lead as an octane booster.</p>
</text>
<copyright>(c) Reuters Limited 1997</copyright>
<metadata>
<codes class="bip:countries:1.0">
  <code code="USA">
    <editdetail action="confirmed" attribution="Reuters BIP Coding Group" date="1997-04-10"/>
  </code>
</codes>
<codes class="bip:topics:1.0">
  <code code="M14">
    <editdetail action="confirmed" attribution="Reuters BIP Coding Group" date="1997-04-10"/>
  </code>
  <code code="M143">
    <editdetail action="confirmed" attribution="Reuters BIP Coding Group" date="1997-04-10"/>
  </code>
  <code code="MCAT">
    <editdetail action="confirmed" attribution="Reuters BIP Coding Group" date="1997-04-10"/>
  </code>
</codes>
<dc element="dc.date.created" value="1997-04-10"/>
<dc element="dc.publisher" value="Reuters Holdings Plc"/>
<dc element="dc.date.published" value="1997-04-10"/>
<dc element="dc.source" value="Reuters"/>
<dc element="dc.creator.location" value="NEW YORK"/>
<dc element="dc.creator.location.country.name" value="USA"/>
<dc element="dc.source" value="Reuters"/>
</metadata>
</newsitem>
