<?xml version="1.0" encoding="ISO-8859-1" standalone="no"?>
<newsitem date="1997-04-10" id="root" itemid="501566" xml:lang="en">
<title>JAPAN: New Family Corp - 96/97 parent results.</title>
<headline>New Family Corp - 96/97 parent results.</headline>
<dateline>TOKYO 1997-04-10</dateline>
<text>
<p>Year to February 20, 1997</p>
<p> (Parent)	(in billions of yen unless specified)</p>
<p> Sales		 10.14		vs	   10.65</p>
<p> Operating	  245    million    vs	  442    million</p>
<p> Current	    170    million    vs	  357    million</p>
<p> Net		  100    million    vs	  186    million</p>
<p> EPS		   18.28 yen	  vs	   33.94 yen</p>
<p> Diluted EPS	     -		vs		 -</p>
<p> Shares		6 million	  vs	   6 million</p>
<p> Ord div		5.00 yen	  vs	    5.00 yen</p>
<p> -Commem div	  3.00 yen	  vs	    1.00 yen</p>
<p> -Special div	    -		vs	    2.00 yen</p>
<p>NOTE - New Family Corp is an operator of suburban "family" stores.</p>
</text>
<copyright>(c) Reuters Limited 1997</copyright>
<metadata>
<codes class="bip:countries:1.0">
  <code code="JAP">
    <editdetail action="confirmed" attribution="Reuters BIP Coding Group" date="1997-04-10"/>
  </code>
</codes>
<codes class="bip:industries:1.0">
  <code code="I64800">
    <editdetail action="confirmed" attribution="Reuters BIP Coding Group" date="1997-04-10"/>
  </code>
</codes>
<codes class="bip:topics:1.0">
  <code code="C15">
    <editdetail action="confirmed" attribution="Reuters BIP Coding Group" date="1997-04-10"/>
  </code>
  <code code="C151">
    <editdetail action="confirmed" attribution="Reuters BIP Coding Group" date="1997-04-10"/>
  </code>
  <code code="C1511">
    <editdetail action="confirmed" attribution="Reuters BIP Coding Group" date="1997-04-10"/>
  </code>
  <code code="CCAT">
    <editdetail action="confirmed" attribution="Reuters BIP Coding Group" date="1997-04-10"/>
  </code>
</codes>
<dc element="dc.date.created" value="1997-04-10"/>
<dc element="dc.publisher" value="Reuters Holdings Plc"/>
<dc element="dc.date.published" value="1997-04-10"/>
<dc element="dc.source" value="Reuters"/>
<dc element="dc.creator.location" value="TOKYO"/>
<dc element="dc.creator.location.country.name" value="JAPAN"/>
<dc element="dc.source" value="Reuters"/>
</metadata>
</newsitem>
