<?xml version="1.0" encoding="ISO-8859-1" standalone="no"?>
<newsitem date="1997-04-10" id="root" itemid="500379" xml:lang="en">
<title>INDIA: * India floating rate note (FRN) rates - April 10.</title>
<headline>* India floating rate note (FRN) rates - April 10.</headline>
<text>
<p>-------------------FLOATING RATE NOTES-----------------</p>
<p>Issuer  Size  Issue yield Maturity  ISMA price  Lead manager</p>
<p>	(million $)   percent		   (in dollars)</p>
<p>SPIC   120.00   8.19	19/01/2003  ---------    CHASE</p>
<p>SCICI  150.00   6.43	10/10/2002   99.85/20    MERRILL</p>
<p>SBI     30.00   5.80	29/11/1996  ---------    MERRILL</p>
<p>IDBI   250.00   6.53	26/09/2002   99.81/31    CSF</p>
<p>GE	50.0    6.98	30/10/2003  ---------    ANZ</p>
<p>Shiping Co.</p>
<p>				  STRAIGHT</p>
<p>SCICI  150.00   8.00	30/07/2001  100.13/50    SBC Warburg</p>
<p>.</p>
<p>Note: The issuers are Southern Petrochemical Industries Corporation (SPIC), SCICI (SCICI Ltd), SBI European Bank (SBI) and Industrial Development Bank of India (IDBI).</p>
<p>The prices are compiled from ISMA closing prices.</p>
</text>
<copyright>(c) Reuters Limited 1997</copyright>
<metadata>
<codes class="bip:countries:1.0">
  <code code="INDIA">
    <editdetail action="confirmed" attribution="Reuters BIP Coding Group" date="1997-04-10"/>
  </code>
</codes>
<codes class="bip:topics:1.0">
  <code code="M12">
    <editdetail action="confirmed" attribution="Reuters BIP Coding Group" date="1997-04-10"/>
  </code>
  <code code="MCAT">
    <editdetail action="confirmed" attribution="Reuters BIP Coding Group" date="1997-04-10"/>
  </code>
</codes>
<dc element="dc.publisher" value="Reuters Holdings Plc"/>
<dc element="dc.date.published" value="1997-04-10"/>
<dc element="dc.source" value="Reuters"/>
<dc element="dc.creator.location.country.name" value="INDIA"/>
<dc element="dc.source" value="Reuters"/>
</metadata>
</newsitem>
