<?xml version="1.0" encoding="ISO-8859-1" standalone="no"?>
<newsitem date="1997-04-10" id="root" itemid="501347" xml:lang="en">
<title>UK: FORECAST - Consensus on UK company results.</title>
<headline>FORECAST - Consensus on UK company results.</headline>
<dateline>LONDON 1997-04-10</dateline>
<text>
<p>Analysts' estimates of UK company results expected in week ending April 11 include -</p>
<p>COMPANY-------------PFT/DIV/EPS--CONSENSUS----RANGE-----PVS</p>
<p>THURSDAY, April 10</p>
<p>RMC	  F   ***     PFT	262.0  248.8-275.0    329.0</p>
<p>			     DIV	 26.0   26.0-27.5	25.3</p>
<p>			     EPS	 62.08  59.0-66.5	77.0</p>
<p>(TED - PFT 268.0; DIV 26.23; EPS 61.5; PFT RANGE 249.7-311.0)</p>
<p>FRIDAY, April 11</p>
<p>- no major companies reporting</p>
<p>NOTES</p>
<p>*** RMC's profit last year came to 341.7 million stg including exceptional items</p>
<p>**** Tarmac's profit last year was 20.3 million stg after exceptional items</p>
<p>All profit figures are pretax, exclude exceptional items unless otherwise stated and are in millions stg. Dividends are total net and quoted as pence per share.</p>
<p>			     ----oOo----</p>
<p>--John Sutherland, London Newsroom +44 171 542 7945</p>
</text>
<copyright>(c) Reuters Limited 1997</copyright>
<metadata>
<codes class="bip:countries:1.0">
  <code code="UK">
    <editdetail action="confirmed" attribution="Reuters BIP Coding Group" date="1997-04-10"/>
  </code>
</codes>
<codes class="bip:industries:1.0">
  <code code="I24000">
    <editdetail action="confirmed" attribution="Reuters BIP Coding Group" date="1997-04-10"/>
  </code>
</codes>
<codes class="bip:topics:1.0">
  <code code="C15">
    <editdetail action="confirmed" attribution="Reuters BIP Coding Group" date="1997-04-10"/>
  </code>
  <code code="C152">
    <editdetail action="confirmed" attribution="Reuters BIP Coding Group" date="1997-04-10"/>
  </code>
  <code code="CCAT">
    <editdetail action="confirmed" attribution="Reuters BIP Coding Group" date="1997-04-10"/>
  </code>
</codes>
<dc element="dc.date.created" value="1997-04-10"/>
<dc element="dc.publisher" value="Reuters Holdings Plc"/>
<dc element="dc.date.published" value="1997-04-10"/>
<dc element="dc.source" value="Reuters"/>
<dc element="dc.creator.location" value="LONDON"/>
<dc element="dc.creator.location.country.name" value="UK"/>
<dc element="dc.source" value="Reuters"/>
</metadata>
</newsitem>
