<?xml version="1.0" encoding="ISO-8859-1" standalone="no"?>
<newsitem date="1997-04-10" id="root" itemid="500192" xml:lang="en">
<title>ITALY: Italy PM wins confidence, far-left back on board.</title>
<headline>Italy PM wins confidence, far-left back on board.</headline>
<byline>Jude Webber</byline>
<dateline>ROME 1997-04-10</dateline>
<text>
<p>Italian Prime Minister Romano Prodi won a first confidence vote in parliament on Thursday with his key hard-left ally back on board after it almost wrecked the governent by refusing to support a security force for Albania.</p>
<p>The centre-left government won the do-or-die test, ordered by President Oscar Luigi Scalfaro after Prodi was forced to rely on opposition votes to approve the mission, by 162 votes to 81 with one abstention in the Senate (upper house).</p>
<p>Prodi was never in danger since he commands an absolute majority in the Senate, but he relies on Communist Refoundation support for a majority in the Chamber of Deputies (lower house), which begins its confidence debate on Friday and votes on Saturday.</p>
<p>Communist Refoundation leader Fausto Bertinotti signalled that Prodi was out of immediate danger there too.</p>
<p>"We're against the military mission...not against the government. It's obvious, therefore, that we will restore our confidence after the disagreement on the military intervention in order to face the question of the welfare state," he said.</p>
<p>"Because now it's pensions, jobs and health that we've got to discuss," he told reporters in the southern town of Crotone.</p>
<p>Prodi earlier warned that political instability could wreck Italy's hopes of making the grade when a decision is taken in May 1998 on which states will launch Europe's single currency.</p>
<p>"This is the only government which can take the country into Europe...A crisis in this period would ruin this country because until May we cannot interrupt by as much as one day our efforts at overhauling (state accounts)," he said.</p>
<p>But supporters and opponents alike questioned how long his 11-month-old government could continue in office despite Prodi's apparent success in healing the rift with Refoundation.</p>
<p>Roberto Napoli, Senate leader of the small centrist CCD party, which belongs to the opposition centre-right Freedom Alliance, predicted that "the contradictions in the majority which have already exploded will explode again.</p>
<p>"The confidence that you will win will just be like a fig leaf that will fly away at the first gust of wind," he said.</p>
<p>Cesare Salvi, parliamentary leader of the largest group in the coalition government, the Democratic Party of the Left (PDS), admitted Prodi may struggle to keep Refoundation in line.</p>
<p>"There's a problem. The cohesive, strong government that Prodi asks for, unhappily does not exist," he said.</p>
<p>He and Foreign Minister Lamberto Dini, whose centrist Italian Renewal Party is a government ally, called for a swift and thorough review of the partnership with Refoundation.</p>
<p>Communist Refoundation sent a shudder through the coalition on Wednesday by refusing to back the deployment of Italian troops to protect aid shipments for lawless Albania.</p>
<p>The decision, taken for ideological reasons, forced the government to rely on support from centre-right parties.</p>
<p>Prodi spelt out ambitious plans for reform in his speech, saying a review of the welfare state must start immediately. "It cannot be put off a day longer," he said.</p>
<p>"It must...be clear that whoever gives us their confidence today must share the wide-ranging programme we have worked on and which we now want to bring to fruition," he added.</p>
<p>Bertinotti said earlier this week that the crunch would come over welfare reform, seen as crucial to Italy's monetary union hopes. Refoundation is opposed to any cuts in social spending.</p>
</text>
<copyright>(c) Reuters Limited 1997</copyright>
<metadata>
<codes class="bip:countries:1.0">
  <code code="ALB">
    <editdetail action="confirmed" attribution="Reuters BIP Coding Group" date="1997-04-10"/>
  </code>
  <code code="ITALY">
    <editdetail action="confirmed" attribution="Reuters BIP Coding Group" date="1997-04-10"/>
  </code>
</codes>
<codes class="bip:topics:1.0">
  <code code="GCAT">
    <editdetail action="confirmed" attribution="Reuters BIP Coding Group" date="1997-04-10"/>
  </code>
  <code code="GDIP">
    <editdetail action="confirmed" attribution="Reuters BIP Coding Group" date="1997-04-10"/>
  </code>
  <code code="GPOL">
    <editdetail action="confirmed" attribution="Reuters BIP Coding Group" date="1997-04-10"/>
  </code>
</codes>
<dc element="dc.date.created" value="1997-04-10"/>
<dc element="dc.publisher" value="Reuters Holdings Plc"/>
<dc element="dc.date.published" value="1997-04-10"/>
<dc element="dc.source" value="Reuters"/>
<dc element="dc.creator.location" value="ROME"/>
<dc element="dc.creator.location.country.name" value="ITALY"/>
<dc element="dc.source" value="Reuters"/>
</metadata>
</newsitem>
