<?xml version="1.0" encoding="ISO-8859-1" standalone="no"?>
<newsitem date="1997-04-10" id="root" itemid="500184" xml:lang="en">
<title>USA: GPU eyeing Oyster Creek sale or closure.</title>
<headline>GPU eyeing Oyster Creek sale or closure.</headline>
<dateline>PARSIPPANY, N.J. 1997-04-10</dateline>
<text>
<p>GPU Inc said Thursday it is exploring the sale or early retirement of the Oyster Creek Nuclear Generating Station to mitigate costs associated with continued operation of the plant.</p>
<p>As part of its July 15 restructuring filing with the New Jersey Board of Public Utilities, GPU said plans to propose the two options in addition to continued operation of the 619-megawatt boiling water reactor located on the Barnegat Bay in Ocean County, N.J.</p>
<p>The filing will not consider the sale or early retirement of Three Mile Island Unit 1, the company said.  </p>
<p>Owned by GPU's Jersey Central Power &amp; Light Co subsidiary and operated by GPU Nuclear Inc Oyster Creek began commercial operation in 1969 and is licensed to operate until 2009.</p>
<p>If a decision is made to retire the plant early, retirement would likely take place in about 2000.</p>
<p>Any opportunities for the sale of Oyster Creek to third parties during this period will be reviewed, GPU said.</p>
<p>"I would not anticipate an increase in rates for our New Jersey customers. A rate decrease could occur upon the successful replacement of Oyster Creek's energy with a lower-cost source," GPU President Dennis Baldassari said.  </p>
<p>"The electricity generated at Oyster Creek costs GPU Energy about $0.015 more per kilowatthour than the current market price for energy," GPU's statement said without elaborating.</p>
<p>Baldassair said the current rate structure would be adequate to collect GPU's net investment in the plant and provide for decommissioning costs, as well as for replacement energy and capacity if Oyster Creek is retired.</p>
<p>He is confident that GPU would be able to offset the 619 megawatts of Oyster Creek capacity with additional, New Jersey-based capacity and/or transmission system enhancements.  </p>
<p>"In response to the increasingly competitive market for electricity generation, GPU has been reviewing its generation assets more closely," Baldassari said.</p>
<p>Last year, for example, GPU closed the 72-megawatt Gilbert Unit 3 and 58-megawatt Werner Unit 4 fossil-fueled units because their costs were above the current market prices.</p>
<p>Assuming the plant is not sold, decommissioning Oyster Creek would probably be accomplished by the "prompt removal/dismantlement method," GPU Nuclear chief executive T. Gary Broughton said.</p>
<p>This means the process will begin immediately after the plant is retired.</p>
<p>He said this option is more cost-effective than placing the plant in monitored storage and other options that delay the start of the process. Decommissioning is expected to last several years, at a projected cost of some $400 million.</p>
<p>((-- New York Newsdesk 212-859-1610.))</p>
</text>
<copyright>(c) Reuters Limited 1997</copyright>
<metadata>
<codes class="bip:countries:1.0">
  <code code="USA">
    <editdetail action="confirmed" attribution="Reuters BIP Coding Group" date="1997-04-10"/>
  </code>
</codes>
<codes class="bip:industries:1.0">
  <code code="I16100">
    <editdetail action="confirmed" attribution="Reuters BIP Coding Group" date="1997-04-10"/>
  </code>
</codes>
<codes class="bip:topics:1.0">
  <code code="C11">
    <editdetail action="confirmed" attribution="Reuters BIP Coding Group" date="1997-04-10"/>
  </code>
  <code code="C18">
    <editdetail action="confirmed" attribution="Reuters BIP Coding Group" date="1997-04-10"/>
  </code>
  <code code="C182">
    <editdetail action="confirmed" attribution="Reuters BIP Coding Group" date="1997-04-10"/>
  </code>
  <code code="CCAT">
    <editdetail action="confirmed" attribution="Reuters BIP Coding Group" date="1997-04-10"/>
  </code>
</codes>
<dc element="dc.date.created" value="1997-04-10"/>
<dc element="dc.publisher" value="Reuters Holdings Plc"/>
<dc element="dc.date.published" value="1997-04-10"/>
<dc element="dc.source" value="Reuters"/>
<dc element="dc.creator.location" value="PARSIPPANY, N.J."/>
<dc element="dc.creator.location.country.name" value="USA"/>
<dc element="dc.source" value="Reuters"/>
</metadata>
</newsitem>
