<?xml version="1.0" encoding="ISO-8859-1" standalone="no"?>
<newsitem date="1997-04-10" id="root" itemid="501377" xml:lang="en">
<title>AUSTRALIA: West Australia state seen growing six pct in 97/98.</title>
<headline>West Australia state seen growing six pct in 97/98.</headline>
<dateline>PERTH 1997-04-10</dateline>
<text>
<p>The Western Australian (WA) economy is forecast to grow by five per cent this year and by six percent in 1997/98 (July-June), state budget papers show.</p>
<p>The budget papers said the state's economy was forecast to grow by around five per cent over the period 1998/99 to 2000/01.</p>
<p>"The expansion of downstream processing activities is expected to underpin the substantial growth rates in the WA economy over the medium term," the budget paper said.</p>
<p>"This is also anticipated to strengthen the flow through of benefits from the resources sector to the broader economy through links to domestic manufacturing and service industries."  </p>
<p>The treasury budget paper predicted business investment would rise by 10.75 percent in the current year and by 13 percent next year.</p>
<p>Consumer spending and dwelling activity were expected to rise in the second half of 1996/97 and grow at three percent and 8.25 percent respectively next year.</p>
<p>Public sector investment spending was forecast to rise 3.25 per cent in 1997/98, compared with 10 percent this year, but the budget paper said this would be largely offset by a moderation in public consumption spending associated with the fiscal consolidation within the Western Australian and Commonwealth general government sectors.</p>
<p>The state's industry structure was expected to further mature with the minerals and energy sector continuing to grow at a faster pace than other industries.</p>
<p>"Production capacity is set to increase substantially in the near term, with a number of projects currently under construction," the budget paper said.</p>
<p>"Significant expansions are anticipated in nickel, gold and iron ore, with production expected to commence in a number of projects before the end of 1998, including Anaconda Nickel's Murrin Murrin project," .</p>
<p>Growth in energy production was seen largely constrained by existing capacity, with the development of the Stag oil field the only major project expected to commence production in 1998.</p>
<p>Nevertheless, production from this field was expected to exceed production of the Wandoo "B" field.</p>
<p>"The outlook for manufacturing is highly favourable, with manufacturing set to account for an increasing proportion of state output. Growht is expected to be concentrated particularly in metal products manufacture.</p>
<p>"The gross value of agricultural production is forecast to decline by six per cent in 1997/98 to A$4 billion. The decline primarily reflects a fall in wheat and barley production from very strong levels in 1996/97. The price of most agricultural products is expected to remain relatively steady in 1997/97."</p>
</text>
<copyright>(c) Reuters Limited 1997</copyright>
<metadata>
<codes class="bip:countries:1.0">
  <code code="AUSTR">
    <editdetail action="confirmed" attribution="Reuters BIP Coding Group" date="1997-04-10"/>
  </code>
</codes>
<codes class="bip:topics:1.0">
  <code code="E11">
    <editdetail action="confirmed" attribution="Reuters BIP Coding Group" date="1997-04-10"/>
  </code>
  <code code="E21">
    <editdetail action="confirmed" attribution="Reuters BIP Coding Group" date="1997-04-10"/>
  </code>
  <code code="E211">
    <editdetail action="confirmed" attribution="Reuters BIP Coding Group" date="1997-04-10"/>
  </code>
  <code code="ECAT">
    <editdetail action="confirmed" attribution="Reuters BIP Coding Group" date="1997-04-10"/>
  </code>
</codes>
<dc element="dc.date.created" value="1997-04-10"/>
<dc element="dc.publisher" value="Reuters Holdings Plc"/>
<dc element="dc.date.published" value="1997-04-10"/>
<dc element="dc.source" value="Reuters"/>
<dc element="dc.creator.location" value="PERTH"/>
<dc element="dc.creator.location.country.name" value="AUSTRALIA"/>
<dc element="dc.source" value="Reuters"/>
</metadata>
</newsitem>
