<?xml version="1.0" encoding="ISO-8859-1" standalone="no"?>
<newsitem date="1997-04-10" id="root" itemid="499867" xml:lang="en">
<title>USA: PRESALE Breitung Twp Sch Dist, Mich..</title>
<headline>PRESALE Breitung Twp Sch Dist, Mich..</headline>
<text>
<p>AMT: 3,500,000	DATE: 04/15/97	NYC Time: 1400	CUSIP: 106781</p>
<p>ISSUER: Breitung Twp School District				ST: MI</p>
<p>ISSUE: 1997 school building &amp; site				 TAX STAT: Exempt-ULT</p>
<p>M/SP/F: NR/AA/NA							  BOOK ENTRY: Y</p>
<p>ENHANCEMENTS: None							BANK QUAL: Y</p>
<p>DTD: 05/01/97							     SURE BID: Y</p>
<p>DUE: 5/1/98-17						SR MGR:</p>
<p>1ST CPN: 11/01/97</p>
<p>CALL: 5/1/07 @ par					  NIC</p>
<p>DELIVERY: 45 days					   ORDERS:</p>
<p>PAYING AGENT: First of America Bank-Michigan, Birmingham</p>
<p>L.O.: Thrun, Maatsch and Nordberg, Lansing</p>
<p>F.A.: Stauder, Barch &amp; Associates, Inc., Ann Arbor</p>
<p>LAST SALE: None</p>
<p>Year		     Amount    Coupon     Yield     Price  Conc.</p>
<p>1998		    225,000</p>
<p>1999		    225,000</p>
<p>2000		    230,000</p>
<p>2001		    230,000</p>
<p>2002		    215,000</p>
<p>2003		    185,000</p>
<p>2004		    155,000</p>
<p>2005		    150,000</p>
<p>2006		    120,000</p>
<p>2007		     95,000</p>
<p>2008		     70,000</p>
<p>2009		     65,000</p>
<p>2010		    135,000</p>
<p>2011		    200,000</p>
<p>2012		    200,000</p>
<p>2013		    200,000</p>
<p>2014		    200,000</p>
<p>2015		    200,000</p>
<p>2016		    200,000</p>
<p>2017		    200,000</p>
<p>COMPETITIVE PRE-SALE CONTRIBUTED BY J.J. KENNY K-SHEETS:</p>
</text>
<copyright>(c) Reuters Limited 1997</copyright>
<metadata>
<codes class="bip:countries:1.0">
  <code code="USA">
    <editdetail action="confirmed" attribution="Reuters BIP Coding Group" date="1997-04-10"/>
  </code>
</codes>
<codes class="bip:topics:1.0">
  <code code="E21">
    <editdetail action="confirmed" attribution="Reuters BIP Coding Group" date="1997-04-10"/>
  </code>
  <code code="E212">
    <editdetail action="confirmed" attribution="Reuters BIP Coding Group" date="1997-04-10"/>
  </code>
  <code code="ECAT">
    <editdetail action="confirmed" attribution="Reuters BIP Coding Group" date="1997-04-10"/>
  </code>
</codes>
<dc element="dc.publisher" value="Reuters Holdings Plc"/>
<dc element="dc.date.published" value="1997-04-10"/>
<dc element="dc.source" value="Reuters"/>
<dc element="dc.creator.location.country.name" value="USA"/>
<dc element="dc.source" value="Reuters"/>
</metadata>
</newsitem>
