<?xml version="1.0" encoding="ISO-8859-1" standalone="no"?>
<newsitem date="1997-04-10" id="root" itemid="499823" xml:lang="en">
<title>USA: Rebublicans outvote angry Democrats.</title>
<headline>Rebublicans outvote angry Democrats.</headline>
<byline>Michael Posner</byline>
<dateline>WASHINGTON 1997-04-10</dateline>
<text>
<p>The House committee investigating campaign funds abuses voted Thursday to give its chairman powers that Democrats angrily attacked as setting the stage for a one-man "witch hunt" against President Clinton's party.</p>
<p>The Republican-controlled committee rejected along party lines attempts by Democrats to limit the power of chairman Dan Burton, an Indiana Republican, to issue subpoenas by himself without votes by the committee or agreement by the ranking Democratic member.</p>
<p>"If you want to continue going down the road of this witch hunt, then grab your brooms and keep going," shouted an angry Representative Thomas Barrett, a Wisconsin Democrat.</p>
<p>The committee gave final approval to rules that annoint Burton with broad powers, on a party-line vote of 21-16. The committee also rejected a Democratic move to spell out that the investigation would include congressional races as well as the White House election.</p>
<p>During a lengthy, acrimonious meeting to discuss the scope and rules of the investigation, Democrats complained that Burton was being handed powers on subpoenas and given authority to release documents that other committees did not have.</p>
<p>Ranking Democrat Henry Waxman of California said the committee rules "would give chairman Burton unprecedented power that no one has ever had."</p>
<p>"This is an investigation by this committee, not chairman Dan Burton," Waxman said heatedly.</p>
<p>Burton issued 101 subpoenas on his own in the sweeping investigation of whether foreign funds were solicited illegally for the Democratic campaign of Clinton in the 1996 election, subpoenas issued in contemplation of future hearings.</p>
<p>"Power should not be concentrated in one individual," said Waxman. "Power corrupts. Absolute power corrupts absolutely."</p>
<p>Burton rejected charges he was being given unusual powers and said his Republican predecessor had similar authority, but Democrats disputed this.</p>
<p>Democrats also cried "gag rule" when debate was cut off on a Waxman amendment to require that Burton share subpoena power to give the investigation a bipartisan tone.</p>
<p>But Republicans defeated the Waxman plan, and another similar amendment, and authorised Burton the authority he sought.</p>
<p>Burton has been linked with an alleged campaign abuse by a former lobbyist for Pakistan, Mark Siegel, who alleged he had been "shaken down" by Burton for campaign funds and threatened that Burton would cut the lobbyist off from congressional contacts.</p>
<p>Siegel has testified before a federal grand jury on the matter and Burton has denied the "shakedown" allegation.</p>
<p>Democratic Representative Thomas Allen of Maine said that the broad subpoenas for documents, including telephone records from Air Force One used by Clinton, and from the Democratic Party leaves "the impression one party is rummaging around in the files of the other party for partisan purposes."</p>
<p>Burton promised he would act fairly and consult with Democrats.</p>
<p>He also contended that the investigation has been "significantly hampered" because three people refused on constitutional fifth amendment grounds against self-incrimination to turn over documents.</p>
<p>Burton said this refusal by former Associate Attorney General Webster Hubbell, former White House aide Mark Middleton and former Democratic Party fundraiser John Huang, has caused additional work for the investigators.</p>
<p>Besides the House committee, campaign funds investigations are under way by a Senate committee and by a Justice Department force of 31 FBI agents.</p>
</text>
<copyright>(c) Reuters Limited 1997</copyright>
<metadata>
<codes class="bip:countries:1.0">
  <code code="USA">
    <editdetail action="confirmed" attribution="Reuters BIP Coding Group" date="1997-04-10"/>
  </code>
</codes>
<codes class="bip:topics:1.0">
  <code code="GCAT">
    <editdetail action="confirmed" attribution="Reuters BIP Coding Group" date="1997-04-10"/>
  </code>
  <code code="GPOL">
    <editdetail action="confirmed" attribution="Reuters BIP Coding Group" date="1997-04-10"/>
  </code>
</codes>
<dc element="dc.date.created" value="1997-04-10"/>
<dc element="dc.publisher" value="Reuters Holdings Plc"/>
<dc element="dc.date.published" value="1997-04-10"/>
<dc element="dc.source" value="Reuters"/>
<dc element="dc.creator.location" value="WASHINGTON"/>
<dc element="dc.creator.location.country.name" value="USA"/>
<dc element="dc.source" value="Reuters"/>
</metadata>
</newsitem>
