<?xml version="1.0" encoding="ISO-8859-1" standalone="no"?>
<newsitem date="1997-04-10" id="root" itemid="501553" xml:lang="en">
<title>TAIWAN: Taiwan says no more oil price hikes before July.</title>
<headline>Taiwan says no more oil price hikes before July.</headline>
<dateline>TAIPEI 1997-04-10</dateline>
<text>
<p>Taiwan state monopoly Chinese Petroleum said on Thursday it would not raise petrol prices before July 1 despite an accumulated budget deficit of T$15.896 billion.</p>
<p>Chinese Petroleum president Wenent Pan gave the assurance under questioning in parliament, state television reported.</p>
<p>Company officials confirmed Pan's statement, but declined to comment further.</p>
<p>Chinese Petroleum raised domestic oil prices an average nine percent on January 1 and a further 2.97 percent on April 5, saying the increases were needed to whittle down its cumulative budget deficit at a time of higher-than-expected crude costs.</p>
<p>Chinese Petroleum had an accumulated deficit of T$15.896 billion for the first seven months of its fiscal year, which began on July 1, officials said.</p>
<p>The company said it paid an average US$20.26 a barrel for crude in March, far above the US$15.26 it had budgeted for.</p>
<p>-- Taipei Newsroom (2-508-0815)</p>
</text>
<copyright>(c) Reuters Limited 1997</copyright>
<metadata>
<codes class="bip:countries:1.0">
  <code code="TAIWAN">
    <editdetail action="confirmed" attribution="Reuters BIP Coding Group" date="1997-04-10"/>
  </code>
</codes>
<codes class="bip:industries:1.0">
  <code code="I13000">
    <editdetail action="confirmed" attribution="Reuters BIP Coding Group" date="1997-04-10"/>
  </code>
  <code code="I1300003">
    <editdetail action="confirmed" attribution="Reuters BIP Coding Group" date="1997-04-10"/>
  </code>
</codes>
<codes class="bip:topics:1.0">
  <code code="C31">
    <editdetail action="confirmed" attribution="Reuters BIP Coding Group" date="1997-04-10"/>
  </code>
  <code code="CCAT">
    <editdetail action="confirmed" attribution="Reuters BIP Coding Group" date="1997-04-10"/>
  </code>
  <code code="M14">
    <editdetail action="confirmed" attribution="Reuters BIP Coding Group" date="1997-04-10"/>
  </code>
  <code code="M143">
    <editdetail action="confirmed" attribution="Reuters BIP Coding Group" date="1997-04-10"/>
  </code>
  <code code="MCAT">
    <editdetail action="confirmed" attribution="Reuters BIP Coding Group" date="1997-04-10"/>
  </code>
</codes>
<dc element="dc.date.created" value="1997-04-10"/>
<dc element="dc.publisher" value="Reuters Holdings Plc"/>
<dc element="dc.date.published" value="1997-04-10"/>
<dc element="dc.source" value="Reuters"/>
<dc element="dc.creator.location" value="TAIPEI"/>
<dc element="dc.creator.location.country.name" value="TAIWAN"/>
<dc element="dc.source" value="Reuters"/>
</metadata>
</newsitem>
