<?xml version="1.0" encoding="ISO-8859-1" standalone="no"?>
<newsitem date="1997-04-10" id="root" itemid="501484" xml:lang="en">
<title>JAPAN: JT, Kajima to jointly redevelop Tokyo land.</title>
<headline>JT, Kajima to jointly redevelop Tokyo land.</headline>
<dateline>TOKYO 1997-04-10</dateline>
<text>
<p>Japan Tobacco said on Thursday that it and construction firm Kajima Corp would jointly redevelop land in Tokyo into a new commercial and residential district.</p>
<p>The land is in Tokyo's Shinagawa area and has a total area of about 83,000 square metres, a statement by Japan Tobacco said.</p>
<p>The amount of investment in the first phase of the project will total about 100 billion yen and the second phase will total around 50 billion yen, the statement said. It did not specify the proportion of the investment to be contributed by each company.</p>
<p>In the first phase, which is expected to be completed in 2003/04, two office buildings, two residential buildings and a shopping centre will be constructed.</p>
<p>In the second phase, expected to be conducted in 2005/06, two office buildings and a hotel will be built.</p>
</text>
<copyright>(c) Reuters Limited 1997</copyright>
<metadata>
<codes class="bip:countries:1.0">
  <code code="JAP">
    <editdetail action="confirmed" attribution="Reuters BIP Coding Group" date="1997-04-10"/>
  </code>
</codes>
<codes class="bip:industries:1.0">
  <code code="I42900">
    <editdetail action="confirmed" attribution="Reuters BIP Coding Group" date="1997-04-10"/>
  </code>
  <code code="I50100">
    <editdetail action="confirmed" attribution="Reuters BIP Coding Group" date="1997-04-10"/>
  </code>
  <code code="I5010022">
    <editdetail action="confirmed" attribution="Reuters BIP Coding Group" date="1997-04-10"/>
  </code>
  <code code="I5010023">
    <editdetail action="confirmed" attribution="Reuters BIP Coding Group" date="1997-04-10"/>
  </code>
  <code code="I5010027">
    <editdetail action="confirmed" attribution="Reuters BIP Coding Group" date="1997-04-10"/>
  </code>
  <code code="I50200">
    <editdetail action="confirmed" attribution="Reuters BIP Coding Group" date="1997-04-10"/>
  </code>
</codes>
<codes class="bip:topics:1.0">
  <code code="C11">
    <editdetail action="confirmed" attribution="Reuters BIP Coding Group" date="1997-04-10"/>
  </code>
  <code code="C24">
    <editdetail action="confirmed" attribution="Reuters BIP Coding Group" date="1997-04-10"/>
  </code>
  <code code="CCAT">
    <editdetail action="confirmed" attribution="Reuters BIP Coding Group" date="1997-04-10"/>
  </code>
</codes>
<dc element="dc.date.created" value="1997-04-10"/>
<dc element="dc.publisher" value="Reuters Holdings Plc"/>
<dc element="dc.date.published" value="1997-04-10"/>
<dc element="dc.source" value="Reuters"/>
<dc element="dc.creator.location" value="TOKYO"/>
<dc element="dc.creator.location.country.name" value="JAPAN"/>
<dc element="dc.source" value="Reuters"/>
</metadata>
</newsitem>
