<?xml version="1.0" encoding="ISO-8859-1" standalone="no"?>
<newsitem date="1997-04-10" id="root" itemid="500456" xml:lang="en">
<title>INDIA: India coalition to hold news conference.</title>
<headline>India coalition to hold news conference.</headline>
<dateline>NEW DELHI 1997-04-10</dateline>
<text>
<p>India's ruling United Front, which adjourned after make-or-break talks with the Congress party on Thursday, said its leaders were reviewing the political situation and would hold a news conference later in the day.</p>
<p>"Leaders of the United Front are reviewing the situation in the light of the talks they had with Congress leaders in the forenoon. All of them will talk to the press at 5 p.m. (1130 GMT) at UF headquarters," party spokesman Jaipal Reddy told reporters.</p>
<p>Asked to comment on a Congress decision to order party lawmakers to vote against Prime Minister H.D. Deve Gowda's government in the vote of confidence scheduled for Friday, Reddy said: "Our position is absolutely clear. There is no change of leadership. There are other issues as well."</p>
<p>Congress president Sitaram Kesri withdrew critical support to the minority coalition on March 30, and insisted that Deve Gowda must resign for the Congress to resume support for the coalition that came to power in June 1996.</p>
<p>Leaders from the Congress and the United Front adjourned after a second round of talks on Thursday in a bid to end the political crisis.</p>
<p>The two groups closed ranks last year to oust the Hindu nationalist Bharatiya Janata Party (BJP), the largest group in the 545-member parliament.</p>
</text>
<copyright>(c) Reuters Limited 1997</copyright>
<metadata>
<codes class="bip:countries:1.0">
  <code code="INDIA">
    <editdetail action="confirmed" attribution="Reuters BIP Coding Group" date="1997-04-10"/>
  </code>
</codes>
<codes class="bip:topics:1.0">
  <code code="GCAT">
    <editdetail action="confirmed" attribution="Reuters BIP Coding Group" date="1997-04-10"/>
  </code>
  <code code="GPOL">
    <editdetail action="confirmed" attribution="Reuters BIP Coding Group" date="1997-04-10"/>
  </code>
</codes>
<dc element="dc.date.created" value="1997-04-10"/>
<dc element="dc.publisher" value="Reuters Holdings Plc"/>
<dc element="dc.date.published" value="1997-04-10"/>
<dc element="dc.source" value="Reuters"/>
<dc element="dc.creator.location" value="NEW DELHI"/>
<dc element="dc.creator.location.country.name" value="INDIA"/>
<dc element="dc.source" value="Reuters"/>
</metadata>
</newsitem>
