<?xml version="1.0" encoding="ISO-8859-1" standalone="no"?>
<newsitem date="1997-04-10" id="root" itemid="500419" xml:lang="en">
<title>INDIA: India's Congress asks United Front for talks - UNI.</title>
<headline>India's Congress asks United Front for talks - UNI.</headline>
<dateline>NEW DELHI 1997-04-10</dateline>
<text>
<p>India's ruling United Front coalition on Thursday was considering a request from the Congress party for a fresh round of talks to resolve a political impasse, United News of India (UNI) said.  </p>
<p>The news agency said United Front leaders had postponed a news conference, originally set for 5 p.m. (1130 GMT), following the Congress request.</p>
<p>Earlier on Thursday, a second round of talks between the two political formations ended in a deadlock when both sides stuck to their bargaining positions.</p>
<p>-- New Delhi newsroom +91-11 301 2024</p>
</text>
<copyright>(c) Reuters Limited 1997</copyright>
<metadata>
<codes class="bip:countries:1.0">
  <code code="INDIA">
    <editdetail action="confirmed" attribution="Reuters BIP Coding Group" date="1997-04-10"/>
  </code>
</codes>
<codes class="bip:topics:1.0">
  <code code="GCAT">
    <editdetail action="confirmed" attribution="Reuters BIP Coding Group" date="1997-04-10"/>
  </code>
  <code code="GPOL">
    <editdetail action="confirmed" attribution="Reuters BIP Coding Group" date="1997-04-10"/>
  </code>
</codes>
<dc element="dc.date.created" value="1997-04-10"/>
<dc element="dc.publisher" value="Reuters Holdings Plc"/>
<dc element="dc.date.published" value="1997-04-10"/>
<dc element="dc.source" value="Reuters"/>
<dc element="dc.creator.location" value="NEW DELHI"/>
<dc element="dc.creator.location.country.name" value="INDIA"/>
<dc element="dc.source" value="Reuters"/>
</metadata>
</newsitem>
