<?xml version="1.0" encoding="ISO-8859-1" standalone="no"?>
<newsitem date="1997-04-10" id="root" itemid="501729" xml:lang="en">
<title>LEBANON: Solidere 1996 audited balance sheet.</title>
<headline>Solidere 1996 audited balance sheet.</headline>
<dateline>BEIRUT 1997-04-10</dateline>
<text>
<p>Solidere</p>
<p>(In US$ million, except per share amounts)</p>
<p>					   1996		   1995</p>
<p>Assets</p>
<p>  Cash and cash equivalents	328.95		 350.59</p>
<p>Prepayments and other</p>
<p>  debit balances			16.37		  15.78</p>
<p>Accounts and notes</p>
<p>  receivable			   128.59		  64.75</p>
<p>  Investment properties	  1,286.52	     1,251.48</p>
<p>  Other assets, net		   16.39		  20.17</p>
<p> TOTAL ASSETS			1,776.83	     1,702.76</p>
<p>Liabilities</p>
<p>Accounts payable and</p>
<p>  other liabilities		   21.64		   6.96</p>
<p>  Dividend payable		    11.32		     -</p>
<p>  Deferred revenues		   21.80		  20.65</p>
<p>  TOTAL LIABILITIES		   54.76		  27.61</p>
<p>Shareholders equity</p>
<p>Common stock, par value $100</p>
<p> 11,700,012.9 A shares SOLA.BY 1,170.00	     1,170.00</p>
<p>  6,500,000   B shares SOLB.BY   650.00		 650.00</p>
<p>  Total common stock	     1,820.00	     1,820.00</p>
<p>  Retained earnings		   62.68		  45.31</p>
<p>  Legal reserve			 10.93		   5.03</p>
<p>  Less Treasury stock	     (171.55)	     (195.20)</p>
<p>  TOTAL SHAREHOLDERS' EQUITY   1,722.07	     1,675.14</p>
<p>TOTAL LIABILITIES AND</p>
<p> SHAREHOLDERS' EQUITY	    1,776.83	     1,702.76</p>
<p>    -Beirut editorial (9611)  745307   745308  602057</p>
</text>
<copyright>(c) Reuters Limited 1997</copyright>
<metadata>
<codes class="bip:countries:1.0">
  <code code="LEBAN">
    <editdetail action="confirmed" attribution="Reuters BIP Coding Group" date="1997-04-10"/>
  </code>
</codes>
<codes class="bip:industries:1.0">
  <code code="I50100">
    <editdetail action="confirmed" attribution="Reuters BIP Coding Group" date="1997-04-10"/>
  </code>
</codes>
<codes class="bip:topics:1.0">
  <code code="C15">
    <editdetail action="confirmed" attribution="Reuters BIP Coding Group" date="1997-04-10"/>
  </code>
  <code code="C151">
    <editdetail action="confirmed" attribution="Reuters BIP Coding Group" date="1997-04-10"/>
  </code>
  <code code="C1511">
    <editdetail action="confirmed" attribution="Reuters BIP Coding Group" date="1997-04-10"/>
  </code>
  <code code="CCAT">
    <editdetail action="confirmed" attribution="Reuters BIP Coding Group" date="1997-04-10"/>
  </code>
</codes>
<dc element="dc.date.created" value="1997-04-10"/>
<dc element="dc.publisher" value="Reuters Holdings Plc"/>
<dc element="dc.date.published" value="1997-04-10"/>
<dc element="dc.source" value="Reuters"/>
<dc element="dc.creator.location" value="BEIRUT"/>
<dc element="dc.creator.location.country.name" value="LEBANON"/>
<dc element="dc.source" value="Reuters"/>
</metadata>
</newsitem>
