<?xml version="1.0" encoding="ISO-8859-1" standalone="no"?>
<newsitem date="1997-04-10" id="root" itemid="500638" xml:lang="en">
<title>USA: Cost Plus March same-store sales rise.</title>
<headline>Cost Plus March same-store sales rise.</headline>
<dateline>OAKLAND, Calif. 1997-04-10</dateline>
<text>
<p>Cost Plus Inc Thursday said same store sales for the five-week period ended April 5 rose 3.1 percent from the same five-week period in 1996.</p>
<p>In a statement, Cost Plus said March sales reflect the effect of an earlier Easter, resulting in less holiday shopping days during the period compared with last year. Same store sales for the nine-week period ended April 5, 1997 increased 5.0 percent.</p>
<p>Total sales for the five-week period ended April 5, were $19.9 million, a 17.1 percent increase from $17.0 million for the five-week period ended April 6, 1996.</p>
<p>Year-to-date, total sales for the nine-week period ended April 5, were $34.5 million, a 21.5 percent increase from $28.4 million for the nine-week period ended April 6, 1996.</p>
<p>The company operated 60 stores compared with 50 stores as of April 6, 1996.</p>
</text>
<copyright>(c) Reuters Limited 1997</copyright>
<metadata>
<codes class="bip:countries:1.0">
  <code code="USA">
    <editdetail action="confirmed" attribution="Reuters BIP Coding Group" date="1997-04-10"/>
  </code>
</codes>
<codes class="bip:industries:1.0">
  <code code="I65400">
    <editdetail action="confirmed" attribution="Reuters BIP Coding Group" date="1997-04-10"/>
  </code>
</codes>
<codes class="bip:topics:1.0">
  <code code="C31">
    <editdetail action="confirmed" attribution="Reuters BIP Coding Group" date="1997-04-10"/>
  </code>
  <code code="CCAT">
    <editdetail action="confirmed" attribution="Reuters BIP Coding Group" date="1997-04-10"/>
  </code>
</codes>
<dc element="dc.date.created" value="1997-04-10"/>
<dc element="dc.publisher" value="Reuters Holdings Plc"/>
<dc element="dc.date.published" value="1997-04-10"/>
<dc element="dc.source" value="Reuters"/>
<dc element="dc.creator.location" value="OAKLAND, Calif."/>
<dc element="dc.creator.location.country.name" value="USA"/>
<dc element="dc.source" value="Reuters"/>
</metadata>
</newsitem>
