<?xml version="1.0" encoding="ISO-8859-1" standalone="no"?>
<newsitem date="1997-04-10" id="root" itemid="500884" xml:lang="en">
<title>CANADA: Court rejects challenge to Hollinger.</title>
<headline>Court rejects challenge to Hollinger.</headline>
<dateline>OTTAWA 1997-04-10</dateline>
<text>
<p>Canada's Federal Court of Appeal rejected a bid to stop Hollinger Inc's takeover of Southam Inc, said the group that launched the bid.</p>
<p>The Council of Canadians, a public interest lobby group, said its bid for a judicial review of the takeover was rejected, in a decision that ended legal challenges to the merger.</p>
<p>The decision also awarded legal costs to Hollinger, the group said in a statement.</p>
<p>In December, the court ruled against the group's bid to seek legal review of the merger, but the group then asked for the judicial review.</p>
<p>The group argued that the concentration of newspaper ownership stemming from the merger would limit the diversity of expression in Canada.</p>
<p>The takeover gave Hollinger control of 54 of Canada's 105 English-language daily newspapers. The newspapers have 43 per cent of circulation.</p>
<p>((Reuters Ottawa Bureau 613 235-6745))</p>
</text>
<copyright>(c) Reuters Limited 1997</copyright>
<metadata>
<codes class="bip:countries:1.0">
  <code code="CANA">
    <editdetail action="confirmed" attribution="Reuters BIP Coding Group" date="1997-04-10"/>
  </code>
</codes>
<codes class="bip:industries:1.0">
  <code code="I47500">
    <editdetail action="confirmed" attribution="Reuters BIP Coding Group" date="1997-04-10"/>
  </code>
  <code code="I47510">
    <editdetail action="confirmed" attribution="Reuters BIP Coding Group" date="1997-04-10"/>
  </code>
</codes>
<codes class="bip:topics:1.0">
  <code code="C12">
    <editdetail action="confirmed" attribution="Reuters BIP Coding Group" date="1997-04-10"/>
  </code>
  <code code="C18">
    <editdetail action="confirmed" attribution="Reuters BIP Coding Group" date="1997-04-10"/>
  </code>
  <code code="C181">
    <editdetail action="confirmed" attribution="Reuters BIP Coding Group" date="1997-04-10"/>
  </code>
  <code code="CCAT">
    <editdetail action="confirmed" attribution="Reuters BIP Coding Group" date="1997-04-10"/>
  </code>
  <code code="GCAT">
    <editdetail action="confirmed" attribution="Reuters BIP Coding Group" date="1997-04-10"/>
  </code>
  <code code="GCRIM">
    <editdetail action="confirmed" attribution="Reuters BIP Coding Group" date="1997-04-10"/>
  </code>
</codes>
<dc element="dc.date.created" value="1997-04-10"/>
<dc element="dc.publisher" value="Reuters Holdings Plc"/>
<dc element="dc.date.published" value="1997-04-10"/>
<dc element="dc.source" value="Reuters"/>
<dc element="dc.creator.location" value="OTTAWA"/>
<dc element="dc.creator.location.country.name" value="CANADA"/>
<dc element="dc.source" value="Reuters"/>
</metadata>
</newsitem>
