<?xml version="1.0" encoding="ISO-8859-1" standalone="no"?>
<newsitem date="1997-04-10" id="root" itemid="500109" xml:lang="en">
<title>USA: Willamette says paper prices cut earnings.</title>
<headline>Willamette says paper prices cut earnings.</headline>
<dateline>PORTLAND, Ore. 1997-04-10</dateline>
<text>
<p>Willamette Industries Inc chief executive officer Steven Rogel said Thursday lower paper prices were responsible for a sharp reduction in first-quarter earnings compared with a year earlier.</p>
<p>Willamette stock was up one at 61-5/8, despite the company's report of an 82 percent decline in earnings.</p>
<p>Rogel said in a statement that lumber prices continued to improve in the quarter and plywood prices held firm.</p>
<p>But prices were down substantially from the first quarter of 1996 in all commodity paper grades except market pulp, the company said. Prices for paper products other than bags also declined from the fourth quarter.</p>
</text>
<copyright>(c) Reuters Limited 1997</copyright>
<metadata>
<codes class="bip:countries:1.0">
  <code code="USA">
    <editdetail action="confirmed" attribution="Reuters BIP Coding Group" date="1997-04-10"/>
  </code>
</codes>
<codes class="bip:industries:1.0">
  <code code="I47000">
    <editdetail action="confirmed" attribution="Reuters BIP Coding Group" date="1997-04-10"/>
  </code>
</codes>
<codes class="bip:topics:1.0">
  <code code="C15">
    <editdetail action="confirmed" attribution="Reuters BIP Coding Group" date="1997-04-10"/>
  </code>
  <code code="C151">
    <editdetail action="confirmed" attribution="Reuters BIP Coding Group" date="1997-04-10"/>
  </code>
  <code code="C31">
    <editdetail action="confirmed" attribution="Reuters BIP Coding Group" date="1997-04-10"/>
  </code>
  <code code="CCAT">
    <editdetail action="confirmed" attribution="Reuters BIP Coding Group" date="1997-04-10"/>
  </code>
</codes>
<dc element="dc.date.created" value="1997-04-10"/>
<dc element="dc.publisher" value="Reuters Holdings Plc"/>
<dc element="dc.date.published" value="1997-04-10"/>
<dc element="dc.source" value="Reuters"/>
<dc element="dc.creator.location" value="PORTLAND, Ore."/>
<dc element="dc.creator.location.country.name" value="USA"/>
<dc element="dc.source" value="Reuters"/>
</metadata>
</newsitem>
