<?xml version="1.0" encoding="ISO-8859-1" standalone="no"?>
<newsitem date="1997-04-10" id="root" itemid="501147" xml:lang="en">
<title>ITALY: Fiat European car sales up again in March.</title>
<headline>Fiat European car sales up again in March.</headline>
<dateline>TURIN, Italy 1997-04-10</dateline>
<text>
<p>Fiat Auto sales in Europe rose 6.8 percent in March year-on-year in a market which fell 3.2 percent overall, giving Fiat a market share of 12.8 percent against 11.6 percent in March 1996, a car sector source said.</p>
<p>The figures confirmed Fiat's second place ranking among European manufacturers behind Germany's Volkswagen.</p>
<p>The Fiat Punto was for the third month running the Turin maker's best selling model with over 60,000 sold in March.</p>
<p>In the first three months of 1997, sales of the Punto totalled 166,000, some 25,000 more than for the VW Golf, the source said.</p>
<p>The Fiat group's Italian market share in March slipped to 43.55 percent from 44.39 percent a year ago, affected by higher than expected demand which could not be fully met by deliveries, the source said.</p>
<p>Of the 2,000 extra workers Fiat recently decided to take on to increase output, just 600 are currently employed while the rest will start work only in the coming months, the source said.</p>
<p>--Milan newsroom +392 66129589</p>
</text>
<copyright>(c) Reuters Limited 1997</copyright>
<metadata>
<codes class="bip:countries:1.0">
  <code code="GFR">
    <editdetail action="confirmed" attribution="Reuters BIP Coding Group" date="1997-04-10"/>
  </code>
  <code code="ITALY">
    <editdetail action="confirmed" attribution="Reuters BIP Coding Group" date="1997-04-10"/>
  </code>
</codes>
<codes class="bip:industries:1.0">
  <code code="I35101">
    <editdetail action="confirmed" attribution="Reuters BIP Coding Group" date="1997-04-10"/>
  </code>
</codes>
<codes class="bip:topics:1.0">
  <code code="C31">
    <editdetail action="confirmed" attribution="Reuters BIP Coding Group" date="1997-04-10"/>
  </code>
  <code code="C313">
    <editdetail action="confirmed" attribution="Reuters BIP Coding Group" date="1997-04-10"/>
  </code>
  <code code="CCAT">
    <editdetail action="confirmed" attribution="Reuters BIP Coding Group" date="1997-04-10"/>
  </code>
</codes>
<dc element="dc.date.created" value="1997-04-10"/>
<dc element="dc.publisher" value="Reuters Holdings Plc"/>
<dc element="dc.date.published" value="1997-04-10"/>
<dc element="dc.source" value="Reuters"/>
<dc element="dc.creator.location" value="TURIN, Italy"/>
<dc element="dc.creator.location.country.name" value="ITALY"/>
<dc element="dc.source" value="Reuters"/>
</metadata>
</newsitem>
