<?xml version="1.0" encoding="ISO-8859-1" standalone="no"?>
<newsitem date="1997-04-10" id="root" itemid="499967" xml:lang="en">
<title>USA: NYSE closing averages.</title>
<headline>NYSE closing averages.</headline>
<dateline>NEW YORK 1997-04-10</dateline>
<text>
<p>Prices on the New York Stock Exchange ended lower in moderate trading.</p>
<p>The Dow Jones Industrial Average fell 23.79 to 6540.05.</p>
<p>The NYSE Composite fell 0.93 to 399.36.</p>
<p>The average price per share was down $0.09.</p>
<p>Losers beat winners 1307 to 1092.</p>
<p>Volume was 421,795,670 compared with 451,492,500 on Wednesday.</p>
<p>(Prices official as of 1645 EST/2045 GMT).</p>
<p>((-- Wall Street desk, 212-859-1730))</p>
</text>
<copyright>(c) Reuters Limited 1997</copyright>
<metadata>
<codes class="bip:countries:1.0">
  <code code="USA">
    <editdetail action="confirmed" attribution="Reuters BIP Coding Group" date="1997-04-10"/>
  </code>
</codes>
<codes class="bip:topics:1.0">
  <code code="M11">
    <editdetail action="confirmed" attribution="Reuters BIP Coding Group" date="1997-04-10"/>
  </code>
  <code code="MCAT">
    <editdetail action="confirmed" attribution="Reuters BIP Coding Group" date="1997-04-10"/>
  </code>
</codes>
<dc element="dc.date.created" value="1997-04-10"/>
<dc element="dc.publisher" value="Reuters Holdings Plc"/>
<dc element="dc.date.published" value="1997-04-10"/>
<dc element="dc.source" value="Reuters"/>
<dc element="dc.creator.location" value="NEW YORK"/>
<dc element="dc.creator.location.country.name" value="USA"/>
<dc element="dc.source" value="Reuters"/>
</metadata>
</newsitem>
