<?xml version="1.0" encoding="ISO-8859-1" standalone="no"?>
<newsitem date="1997-04-10" id="root" itemid="501284" xml:lang="en">
<title>SWEDEN: Swedish retailer H&amp;M says sales up 30 pct Q1, trend positive.</title>
<headline>Swedish retailer H&amp;M says sales up 30 pct Q1, trend positive.</headline>
<dateline>STOCKHOLM 1997-04-10</dateline>
<text>
<p>Swedish fashion retailer Hennes &amp; Maurtiz (H&amp;M) said on Thursday that sales rose 30 percent in the first quarter of 1997 compared to Q1 1996 and the sales and earnings trend remained positive.</p>
<p>H&amp;M said in a statement released to coincide with its annual general meeting that 1996 had been a very good year with profit after financial items rising 40 percent to 2.03 billion crowns ($263.5 million).</p>
<p>"The positive trend in sales in comparable shops -- and therefore also in earnings -- which started a year ago remains so far in 1997," the company said in a statement.</p>
<p>In the first three months of the year sales rose 30 percent against the same period a year ago.</p>
<p>"But it is worth noting that the comparative period a year ago was relatively weak," H&amp;M said.</p>
<p>In the financial year 1996/97 H&amp;M planned to open 50 new stores across Europe, adding to its current list of about 450 stores.</p>
<p>The company has already decided that it will open its first outlets in Finland this autumn and in spring 1998 it will open stores in France.</p>
<p>H&amp;M shares rose on the announcement and at 1230 GMT were trading 32 crowns higher at 1,032 crowns.</p>
<p>-- Stockholm newsroomn +46-8-700 1017 ($ = 7.703 Swedish Crowns)</p>
</text>
<copyright>(c) Reuters Limited 1997</copyright>
<metadata>
<codes class="bip:countries:1.0">
  <code code="SWED">
    <editdetail action="confirmed" attribution="Reuters BIP Coding Group" date="1997-04-10"/>
  </code>
</codes>
<codes class="bip:topics:1.0">
  <code code="C31">
    <editdetail action="confirmed" attribution="Reuters BIP Coding Group" date="1997-04-10"/>
  </code>
  <code code="GFAS">
    <editdetail action="confirmed" attribution="Reuters BIP Coding Group" date="1997-04-10"/>
  </code>
</codes>
<dc element="dc.date.created" value="1997-04-10"/>
<dc element="dc.publisher" value="Reuters Holdings Plc"/>
<dc element="dc.date.published" value="1997-04-10"/>
<dc element="dc.source" value="Reuters"/>
<dc element="dc.creator.location" value="STOCKHOLM"/>
<dc element="dc.creator.location.country.name" value="SWEDEN"/>
<dc element="dc.source" value="Reuters"/>
</metadata>
</newsitem>
