<?xml version="1.0" encoding="ISO-8859-1" standalone="no"?>
<newsitem date="1997-04-10" id="root" itemid="500894" xml:lang="en">
<title>TUNISIA: Tunis bourse index edges lower, trade down.</title>
<headline>Tunis bourse index edges lower, trade down.</headline>
<dateline>TUNIS 1997-04-10</dateline>
<text>
<p>The Tunis Stock Exchange index on Thursday closed down by 0.13 percent in lower trade, bourse sources said.</p>
<p>The 31-share index closed at 503.35 from 504.01 last Tuesday.</p>
<p>Total volume was 2.13 million dinars against 3.72 million dinars. Turnover on the first market was 1.6 million dinars.</p>
<p>Banque Nationale Agricole bank declined 0.29 dinar to 31.5 dinars with 35,700 shares changing hands. Amen Bank edged lower 0.12 dinar to 36 dinars.</p>
<p>Chemical firm Al-Kimia was up 0.7 dinar to 49.98 dinars. Arab Tunisian Bank rose 0.62 dinar to 34.5 dinars. Investment fund SPDIT-SICAF advanced 0.5 dinar to 19 dinars.</p>
<p>Coca and beer bottler SFBT was down 0.5 dinar to 93 dinars. ($1= 1.09 dinar)</p>
<p>--Tunis newsroom 2161 787538</p>
</text>
<copyright>(c) Reuters Limited 1997</copyright>
<metadata>
<codes class="bip:countries:1.0">
  <code code="TUNIS">
    <editdetail action="confirmed" attribution="Reuters BIP Coding Group" date="1997-04-10"/>
  </code>
</codes>
<codes class="bip:topics:1.0">
  <code code="M11">
    <editdetail action="confirmed" attribution="Reuters BIP Coding Group" date="1997-04-10"/>
  </code>
  <code code="MCAT">
    <editdetail action="confirmed" attribution="Reuters BIP Coding Group" date="1997-04-10"/>
  </code>
</codes>
<dc element="dc.date.created" value="1997-04-10"/>
<dc element="dc.publisher" value="Reuters Holdings Plc"/>
<dc element="dc.date.published" value="1997-04-10"/>
<dc element="dc.source" value="Reuters"/>
<dc element="dc.creator.location" value="TUNIS"/>
<dc element="dc.creator.location.country.name" value="TUNISIA"/>
<dc element="dc.source" value="Reuters"/>
</metadata>
</newsitem>
