<?xml version="1.0" encoding="ISO-8859-1" standalone="no"?>
<newsitem date="1997-04-10" id="root" itemid="501160" xml:lang="en">
<title>BELGIUM: Brussels bans Algerian FIS march.</title>
<headline>Brussels bans Algerian FIS march.</headline>
<dateline>BRUSSELS 1997-04-10</dateline>
<text>
<p>Brussels authorities have banned Algeria's Islamic Front (FIS) from marching past the European Parliament this weekend.</p>
<p>Brussels city council has also blocked a planned counter demonstration by Algerians living in Belgium, adding that police would remain on standby in case either group went ahead with their protests, scheduled for Saturday.</p>
<p>"In truth, neither of these marches was ever authorised. The fact they are now banned means that if they go ahead we can react," Brussels deputy mayor Claude Michel told Reuters.</p>
<p>The FIS called in a statement issued in Paris earlier this week for supporters to join a silent march in Brussels "for a fair political and global settlement of the Algerian crisis."</p>
<p>Algerian groups in Brussels said they would oppose the march.</p>
<p>"We took the decision because we feared there might have been a threat to public safety," Michel added.</p>
</text>
<copyright>(c) Reuters Limited 1997</copyright>
<metadata>
<codes class="bip:countries:1.0">
  <code code="ALG">
    <editdetail action="confirmed" attribution="Reuters BIP Coding Group" date="1997-04-10"/>
  </code>
  <code code="BELG">
    <editdetail action="confirmed" attribution="Reuters BIP Coding Group" date="1997-04-10"/>
  </code>
  <code code="EEC">
    <editdetail action="confirmed" attribution="Reuters BIP Coding Group" date="1997-04-10"/>
  </code>
</codes>
<codes class="bip:topics:1.0">
  <code code="G15">
    <editdetail action="confirmed" attribution="Reuters BIP Coding Group" date="1997-04-10"/>
  </code>
  <code code="G155">
    <editdetail action="confirmed" attribution="Reuters BIP Coding Group" date="1997-04-10"/>
  </code>
  <code code="GCAT">
    <editdetail action="confirmed" attribution="Reuters BIP Coding Group" date="1997-04-10"/>
  </code>
  <code code="GCRIM">
    <editdetail action="confirmed" attribution="Reuters BIP Coding Group" date="1997-04-10"/>
  </code>
  <code code="GVIO">
    <editdetail action="confirmed" attribution="Reuters BIP Coding Group" date="1997-04-10"/>
  </code>
</codes>
<dc element="dc.date.created" value="1997-04-10"/>
<dc element="dc.publisher" value="Reuters Holdings Plc"/>
<dc element="dc.date.published" value="1997-04-10"/>
<dc element="dc.source" value="Reuters"/>
<dc element="dc.creator.location" value="BRUSSELS"/>
<dc element="dc.creator.location.country.name" value="BELGIUM"/>
<dc element="dc.source" value="Reuters"/>
</metadata>
</newsitem>
