<?xml version="1.0" encoding="ISO-8859-1" standalone="no"?>
<newsitem date="1997-04-10" id="root" itemid="501371" xml:lang="en">
<title>AUSTRALIA: NSW Australia summer crops look good - government.</title>
<headline>NSW Australia summer crops look good - government.</headline>
<dateline>SYDNEY 1997-04-10</dateline>
<text>
<p>Harvest of the estimated 254,000 hectares of summer crops in the Australian state of New South Wales (NSW) was progressing well with generally favourable weather, the state's Department of Agriculture said in its Grains Report.</p>
<p>The estimate, which excludes cotton and rice, is up by seven percent on last season.</p>
<p>Excellent average summer crop yields were predicted, it said.</p>
<p>Main summer crops, apart from cotton and rice, are grain sorghum, maize, soybean, sunflower and mungbean.  </p>
<p>Preliminary estimates were for the intended sowing of 4.11 million ha of winter crops in 1997 against about 4.02 million ha harvested in 1996, it also said.</p>
<p>Preparations for winter crop sowings were well underway but follow-up rain in many areas in April would be welcome, it said.</p>
<p>Preliminary estimates indicated intended 1997 wheat sowings at 2.7 million ha compared with the 1996 area harvested of about 2.8 million ha.</p>
<p>A forecast 10 percent reduction in anticipated returns for grain produced was influencing planting intentions, it said.  </p>
<p>In the record year of 1983, almost four million ha were harvested for the production of nearly nine million tonnes.</p>
<p>Anticipated sowings in the north and south of the state would decline by about five percent, while sowings in the centre of the state would be much the same as last year, it said.</p>
<p>Statewide 573,000 ha could be sown to barley against an estimated 517,000 ha harvested last year and the record of 623,000 ha sown in 1993.</p>
<p>Preliminary estimates for canola sowing were for 206,000 ha, against a harvested area of 147,000 ha in 1996. Seed industry sources suggest plantings would be higher, it said.  </p>
<p>In pulses, 1997 winter grain legume sowings would possibly total 146,000 ha compared with 106,000 ha harvested in 1996, it said.</p>
<p>-- Sydney Newsroom 61-2 9373-1800</p>
</text>
<copyright>(c) Reuters Limited 1997</copyright>
<metadata>
<codes class="bip:countries:1.0">
  <code code="AUSTR">
    <editdetail action="confirmed" attribution="Reuters BIP Coding Group" date="1997-04-10"/>
  </code>
</codes>
<codes class="bip:industries:1.0">
  <code code="I01001">
    <editdetail action="confirmed" attribution="Reuters BIP Coding Group" date="1997-04-10"/>
  </code>
  <code code="I0100132">
    <editdetail action="confirmed" attribution="Reuters BIP Coding Group" date="1997-04-10"/>
  </code>
  <code code="I0100138">
    <editdetail action="confirmed" attribution="Reuters BIP Coding Group" date="1997-04-10"/>
  </code>
</codes>
<codes class="bip:topics:1.0">
  <code code="C21">
    <editdetail action="confirmed" attribution="Reuters BIP Coding Group" date="1997-04-10"/>
  </code>
  <code code="CCAT">
    <editdetail action="confirmed" attribution="Reuters BIP Coding Group" date="1997-04-10"/>
  </code>
</codes>
<dc element="dc.date.created" value="1997-04-10"/>
<dc element="dc.publisher" value="Reuters Holdings Plc"/>
<dc element="dc.date.published" value="1997-04-10"/>
<dc element="dc.source" value="Reuters"/>
<dc element="dc.creator.location" value="SYDNEY"/>
<dc element="dc.creator.location.country.name" value="AUSTRALIA"/>
<dc element="dc.source" value="Reuters"/>
</metadata>
</newsitem>
