<?xml version="1.0" encoding="ISO-8859-1" standalone="no"?>
<newsitem date="1997-04-10" id="root" itemid="500418" xml:lang="en">
<title>BANGLADESH: Dhaka stocks close lower in thin trading.</title>
<headline>Dhaka stocks close lower in thin trading.</headline>
<dateline>DHAKA 1997-04-10</dateline>
<text>
<p>Dhaka stocks ended lower in thin trading due to lack of buying interest from the small investors before market closed for Moslem Friday weekend, brokers said.</p>
<p>The Dhaka Stock Exchange benchmark index fell 7.76 points or 0.67 percent to 1,140.26 on a turnover of 35.4 million taka. Of the 125 issues traded 75 lost, 46 gained and five unchanged.</p>
<p>Brokers said investors were watching the market after few big market players and company executives had been implicated for involvement in share price manipulation late last year.</p>
<p>Apex Foods fell 37.38 to 2,011.44 and Beximco Pharma lost 1.76 to 136.97.</p>
<p>-- Dhaka Newsroom + 880-2-506363</p>
</text>
<copyright>(c) Reuters Limited 1997</copyright>
<metadata>
<codes class="bip:countries:1.0">
  <code code="BANDH">
    <editdetail action="confirmed" attribution="Reuters BIP Coding Group" date="1997-04-10"/>
  </code>
</codes>
<codes class="bip:topics:1.0">
  <code code="M11">
    <editdetail action="confirmed" attribution="Reuters BIP Coding Group" date="1997-04-10"/>
  </code>
  <code code="MCAT">
    <editdetail action="confirmed" attribution="Reuters BIP Coding Group" date="1997-04-10"/>
  </code>
</codes>
<dc element="dc.date.created" value="1997-04-10"/>
<dc element="dc.publisher" value="Reuters Holdings Plc"/>
<dc element="dc.date.published" value="1997-04-10"/>
<dc element="dc.source" value="Reuters"/>
<dc element="dc.creator.location" value="DHAKA"/>
<dc element="dc.creator.location.country.name" value="BANGLADESH"/>
<dc element="dc.source" value="Reuters"/>
</metadata>
</newsitem>
