<?xml version="1.0" encoding="ISO-8859-1" standalone="no"?>
<newsitem date="1997-04-10" id="root" itemid="500006" xml:lang="en">
<title>USA: Solar storm slows, weakens as it nears Earth - NOAA.</title>
<headline>Solar storm slows, weakens as it nears Earth - NOAA.</headline>
<byline>Deborah Zabarenko</byline>
<dateline>WASHINGTON 1997-04-10</dateline>
<text>
<p>Fallout from a solar storm slowed and weakened on Thursday as it headed for Earth, lessening any threat of interruption to satellite communications or power grids, a space weather expert said.</p>
<p>"It'll tickle the Earth's magnetic field but it probably isn't going to drive it to really disturbed levels," said Gary Heckman, chief if space environment services for the National Oceanographic and Atmospheric Administration.</p>
<p>"It'll be like sprinkles on a day when floods were predicted," Heckman said by telephone from his office in Boulder, Colorado.</p>
<p>Heckman and his colleagues, who monitor the weather in space, have been tracking the solar storm since Monday when the Sun belched up billions of tons of solar material in the form of a magnetic cloud and sent it towards Earth.</p>
<p>Such storms have interfered in the past with spacecraft in orbit, shortwave communications and power grids. A solar storm on Jan. 6 may have caused the failure of a $200 million AT&amp;T Corp. communications satellite, though this was not confirmed.</p>
<p>These events are generally unnoticed by most humans, except possibly in increased activity and visibility of the northern and southern lights, the National Aeronautics and Space Administration said.</p>
<p>However, a spacecraft called SOHO, which is balanced between the Sun and Earth, made detailed observations of the approaching storm, calculating that at one point it was moving at 1.5 million mph (2.4 million kph).</p>
<p>The cloud had been expected to arrive at Earth late Wednesday, but neither NOAA nor NASA had detected the arrival by mid-afternoon Thursday.</p>
<p>"Either the storm missed us altogether or they were not correct in predicting the speed of the storm," said Don Savage, a NASA spokesman.</p>
<p>Part of the problem in predicting such a storm's track is that while SOHO can furnish dramatic information on the birth of the storm, there is little data available as radiation from the sun makes the 93 million mile (149.7 million km) journey to Earth. NOAA picks the storm up again about 30 minutes before arrival, Heckman said.</p>
<p>"It's like having the weather prediction of a snowstorm in Alaska and using that to try to predict weather in New York," Heckman said.</p>
<p>NOAA is responsible for sending out an alert if the storm appears likely to have significant impact on communications.</p>
<p>Alerts are sent by satellite, on NOAA's weather wire and through e-mail, and some high-priority customers -- notably the Defence Department's North America Air Defence Command, which tracks any attacks on the United States -- get a telephone call, Heckman said.</p>
<p>While this week's storm is unlikely to have much impact, Heckman said the Sun was entering into a new 11-year cycle of increasing activity and that at some point in this cycle, there will be a major solar event.</p>
<p>"We're a little concerned about crying wolf because we know that big events are going to come and if we get everyone excited about something that isn't really impressive, they're going to ignore preparation for the really big events," Heckman said.</p>
</text>
<copyright>(c) Reuters Limited 1997</copyright>
<metadata>
<codes class="bip:countries:1.0">
  <code code="USA">
    <editdetail action="confirmed" attribution="Reuters BIP Coding Group" date="1997-04-10"/>
  </code>
</codes>
<codes class="bip:topics:1.0">
  <code code="GCAT">
    <editdetail action="confirmed" attribution="Reuters BIP Coding Group" date="1997-04-10"/>
  </code>
  <code code="GDIS">
    <editdetail action="confirmed" attribution="Reuters BIP Coding Group" date="1997-04-10"/>
  </code>
  <code code="GENV">
    <editdetail action="confirmed" attribution="Reuters BIP Coding Group" date="1997-04-10"/>
  </code>
</codes>
<dc element="dc.date.created" value="1997-04-10"/>
<dc element="dc.publisher" value="Reuters Holdings Plc"/>
<dc element="dc.date.published" value="1997-04-10"/>
<dc element="dc.source" value="Reuters"/>
<dc element="dc.creator.location" value="WASHINGTON"/>
<dc element="dc.creator.location.country.name" value="USA"/>
<dc element="dc.source" value="Reuters"/>
</metadata>
</newsitem>
