<?xml version="1.0" encoding="ISO-8859-1" standalone="no"?>
<newsitem date="1997-04-10" id="root" itemid="500155" xml:lang="en">
<title>USA: Georgia-Pacific Corp Q1 earnings summary.</title>
<headline>Georgia-Pacific Corp Q1 earnings summary.</headline>
<dateline>ATLANTA 1997-04-10</dateline>
<text>
<p>1997			1996</p>
<p> Shr			  $0.99		    $0.55</p>
<p> Net			 90,000		   50,000</p>
<p> Net sales	    3,145,000		3,053,000</p>
<p> Avg shrs		  91,000		   90,500</p>
<p>(All data above 000s except per share numbers)</p>
<p>NOTE: In the 1997 first quarter, the company recorded a gain of $128 million ($80 million after taxes) from the sale of its Martell, Calif., assets to Sierra Pacific Industries.</p>
</text>
<copyright>(c) Reuters Limited 1997</copyright>
<metadata>
<codes class="bip:countries:1.0">
  <code code="USA">
    <editdetail action="confirmed" attribution="Reuters BIP Coding Group" date="1997-04-10"/>
  </code>
</codes>
<codes class="bip:industries:1.0">
  <code code="I47000">
    <editdetail action="confirmed" attribution="Reuters BIP Coding Group" date="1997-04-10"/>
  </code>
</codes>
<codes class="bip:topics:1.0">
  <code code="C15">
    <editdetail action="confirmed" attribution="Reuters BIP Coding Group" date="1997-04-10"/>
  </code>
  <code code="C151">
    <editdetail action="confirmed" attribution="Reuters BIP Coding Group" date="1997-04-10"/>
  </code>
  <code code="CCAT">
    <editdetail action="confirmed" attribution="Reuters BIP Coding Group" date="1997-04-10"/>
  </code>
</codes>
<dc element="dc.date.created" value="1997-04-10"/>
<dc element="dc.publisher" value="Reuters Holdings Plc"/>
<dc element="dc.date.published" value="1997-04-10"/>
<dc element="dc.source" value="Reuters"/>
<dc element="dc.creator.location" value="ATLANTA"/>
<dc element="dc.creator.location.country.name" value="USA"/>
<dc element="dc.source" value="Reuters"/>
</metadata>
</newsitem>
