<?xml version="1.0" encoding="ISO-8859-1" standalone="no"?>
<newsitem date="1997-04-10" id="root" itemid="501087" xml:lang="en">
<title>AUSTRIA: Austrian shares inch lower, seen trapped.</title>
<headline>Austrian shares inch lower, seen trapped.</headline>
<dateline>VIENNA 1997-04-10</dateline>
<text>
<p>Austrian shares inched lower in quiet Thursday trading as Wall Street's decline overnight and the dollar's retreat dampened sentiment on the Vienna bourse, traders said.</p>
<p>The ATX index of 21 blue chips fell 8.13 points or 0.69 percent to close at 1,176.79, up from the day's low of 1,174.75. Among its constituents, 13 losers outweighed seven gainers, one issue closed unchanged.</p>
<p>Market participants said the index was likely to remain locked in its current range over the next few days amid a lack of fresh leads. "We expect the ATX to move sideways between 1,160 and 1,180 points," said one.</p>
<p>Chip maker AMS led the day's decliners after reporting a dismal set of 1996 earnings on Wednesday. The shares, which on Wednesday gained more than three percent in a technical reaction, slumped 5.05 percent to close at 1,035 schillings.</p>
<p>Insurer Wiener Staedtische was the day's top gainer, rising five schillings to close at 973.</p>
<p>Preference shares of Creditanstalt-Bankverein, which on Wednesday reported a 35 percent jump in 1996 net profit, were up one schilling at 458.90, while the bank's ordinary shares were down half a schilling at 716.50.</p>
<p>EVN, the country's biggest regional utility, fell 45 schillings to close at 1,608 after announcing it no longer wanted to buy a stake in local gas firm BEGAS but instead was seeking a cooperatinon deal.</p>
<p>Among technology issues, VA Technologie fell 22.40 schillings to close at 1,710.50 ahead of its final 1996 results due to be released on Wednesday.</p>
<p>On the Vienna futures and options exchange, ATX contracts for April delivery were down 14.3 points at 1,174.2 on volume of 1,190 lots. -- Vienna newsroom, +431 531 12254</p>
</text>
<copyright>(c) Reuters Limited 1997</copyright>
<metadata>
<codes class="bip:countries:1.0">
  <code code="AUST">
    <editdetail action="confirmed" attribution="Reuters BIP Coding Group" date="1997-04-10"/>
  </code>
</codes>
<codes class="bip:topics:1.0">
  <code code="M11">
    <editdetail action="confirmed" attribution="Reuters BIP Coding Group" date="1997-04-10"/>
  </code>
  <code code="MCAT">
    <editdetail action="confirmed" attribution="Reuters BIP Coding Group" date="1997-04-10"/>
  </code>
</codes>
<dc element="dc.date.created" value="1997-04-10"/>
<dc element="dc.publisher" value="Reuters Holdings Plc"/>
<dc element="dc.date.published" value="1997-04-10"/>
<dc element="dc.source" value="Reuters"/>
<dc element="dc.creator.location" value="VIENNA"/>
<dc element="dc.creator.location.country.name" value="AUSTRIA"/>
<dc element="dc.source" value="Reuters"/>
</metadata>
</newsitem>
