<?xml version="1.0" encoding="ISO-8859-1" standalone="no"?>
<newsitem date="1997-04-10" id="root" itemid="501599" xml:lang="en">
<title>JAPAN: Aeon Credit - 96/97 group results. [CORRECTED 06:49 GMT]</title>
<headline>Aeon Credit - 96/97 group results. [CORRECTED 06:49 GMT]</headline>
<dateline>TOKYO 1997-04-10</dateline>
<text>
<p>Year to February 20, 1997</p>
<p>(Corrects date of year-end from March 20 to February 20)</p>
<p> (Group)	(in billions of yen unless specified)</p>
<p> Sales		 32.86		vs	   24.49</p>
<p> Operating	    5.72		vs	    3.51</p>
<p> Current		5.54		vs	    3.47</p>
<p> Net		    2.65		vs	    1.78</p>
<p> EPS		  211.72 yen	  vs	  179.60 yen</p>
<p> Diluted EPS	     -		vs		 -</p>
<p>NOTE - Aeon Credit Service Co Ltd is related to Jusco.</p>
</text>
<copyright>(c) Reuters Limited 1997</copyright>
<metadata>
<codes class="bip:countries:1.0">
  <code code="JAP">
    <editdetail action="confirmed" attribution="Reuters BIP Coding Group" date="1997-04-10"/>
  </code>
</codes>
<codes class="bip:industries:1.0">
  <code code="I81501">
    <editdetail action="confirmed" attribution="Reuters BIP Coding Group" date="1997-04-10"/>
  </code>
</codes>
<codes class="bip:topics:1.0">
  <code code="C15">
    <editdetail action="confirmed" attribution="Reuters BIP Coding Group" date="1997-04-10"/>
  </code>
  <code code="C151">
    <editdetail action="confirmed" attribution="Reuters BIP Coding Group" date="1997-04-10"/>
  </code>
  <code code="C1511">
    <editdetail action="confirmed" attribution="Reuters BIP Coding Group" date="1997-04-10"/>
  </code>
  <code code="CCAT">
    <editdetail action="confirmed" attribution="Reuters BIP Coding Group" date="1997-04-10"/>
  </code>
</codes>
<dc element="dc.date.created" value="1997-04-10"/>
<dc element="dc.publisher" value="Reuters Holdings Plc"/>
<dc element="dc.date.published" value="1997-04-10"/>
<dc element="dc.source" value="Reuters"/>
<dc element="dc.creator.location" value="TOKYO"/>
<dc element="dc.creator.location.country.name" value="JAPAN"/>
<dc element="dc.source" value="Reuters"/>
</metadata>
</newsitem>
