<?xml version="1.0" encoding="ISO-8859-1" standalone="no"?>
<newsitem date="1997-04-10" id="root" itemid="501607" xml:lang="en">
<title>JAPAN: Japan's c/a surplus seen expanding.</title>
<headline>Japan's c/a surplus seen expanding.</headline>
<byline>Yoko Kobayashi</byline>
<dateline>TOKYO 1997-04-10</dateline>
<text>
<p>Japan's current account surplus will expand this fiscal year on the back of the weaker yen, but will stop increasing next fiscal year, economists predicted in a Reuters poll released on Thursday.</p>
<p>Predictions made by 31 economists from banks, brokerages and research institutes in Tokyo and London gave an average forecast of a surplus of 8.4 trillion yen ($66.1 billion) for the year to March 31, 1998. The forecast was the same for next fiscal year.</p>
<p>"The rapidly weakening yen and relative firmness in overseas economies, especially the United States, will support Japan's trade surplus for now and in the coming months," said Kyohei Morita, an economist at Nomura Research Institute Ltd.</p>
<p>After hitting a record high of 79.75 yen to the dollar in April 1995, the yen has followed a steady downward path. It was trading at about 126.80 to the dollar on Thursday morning.</p>
<p>Shuji Shirota, an economist at Yamaichi Research Institute of Securities and Economics Inc, predicted the trade surplus would grow in the first half of 1997/98 as a result of manufacturers increasing exports to compensate for a sluggish domestic market resulting from an April 1 sales tax increase.</p>
<p>The economists said exports would be boosted by the weaker yen, which makes Japanese products more competitive abroad, as well as by strong demand overseas.</p>
<p>They predicted that Japan's merchandise trade surplus would reach 10.5 trillion yen ($82.6 billion) in 1997/98 and 11.2 trillion yen ($88.1 billion) in 1998/99.</p>
<p>But Shirota said the pace of the rise in the current account surplus may slacken as early as the second half of this fiscal year. He said private demand was likely to rebound after a temporary setback, which would prompt manufacturers to export less and encourage more imports.</p>
<p>Ongoing structural changes, such as companies shifting production abroad, would also continue to dampen growth in the surplus, economists said.</p>
<p>"The overall shrinking trend in the surplus will be maintained. We expect overseas economies to weaken and see a good possibility of Japan's economic performance improving in 1998/99," said Nomura Research's Morita.</p>
<p>The economists said that as Japan's current account surplus increased, the yen would become firmer against the dollar and work to cap growth in the surplus.</p>
<p>Salomon Brothers Asia predicted an average dollar exchange rate of 117.90 yen for 1997/98 and 103.80 yen in 1998/99.</p>
<p>However, currency movements would likely have less impact on current account data than in the past because of the shifting of production centres overseas, economists said.</p>
<p>Also the interest rate gap between Japan and United States was more likely to widen than narrow and would restrict any yen surge, they said.</p>
<p>Income surplus, a component of the current account surplus which derives mainly from portfolio investment income of Japanese investors, would grow on the back of steady outflow of capital abroad, the economists said.</p>
<p>They predicted that the deficit in the services component of the current account figure would continue to expand, with Japanese travellers going abroad regardless of the direction of the yen.</p>
<p>The survey covered 33 brokerages and research bodies, although not all those polled responded to all the questions. It was carried out between April 1 and April 4. ($=127)</p>
</text>
<copyright>(c) Reuters Limited 1997</copyright>
<metadata>
<codes class="bip:countries:1.0">
  <code code="JAP">
    <editdetail action="confirmed" attribution="Reuters BIP Coding Group" date="1997-04-10"/>
  </code>
</codes>
<codes class="bip:topics:1.0">
  <code code="E51">
    <editdetail action="confirmed" attribution="Reuters BIP Coding Group" date="1997-04-10"/>
  </code>
  <code code="E511">
    <editdetail action="confirmed" attribution="Reuters BIP Coding Group" date="1997-04-10"/>
  </code>
  <code code="ECAT">
    <editdetail action="confirmed" attribution="Reuters BIP Coding Group" date="1997-04-10"/>
  </code>
</codes>
<dc element="dc.date.created" value="1997-04-10"/>
<dc element="dc.publisher" value="Reuters Holdings Plc"/>
<dc element="dc.date.published" value="1997-04-10"/>
<dc element="dc.source" value="Reuters"/>
<dc element="dc.creator.location" value="TOKYO"/>
<dc element="dc.creator.location.country.name" value="JAPAN"/>
<dc element="dc.source" value="Reuters"/>
</metadata>
</newsitem>
