<?xml version="1.0" encoding="ISO-8859-1" standalone="no"?>
<newsitem date="1997-04-10" id="root" itemid="500218" xml:lang="en">
<title>UNITED NATIONS: U.N. body refers parking row to General Assembly.</title>
<headline>U.N. body refers parking row to General Assembly.</headline>
<dateline>UNITED NATIONS 1997-04-10</dateline>
<text>
<p>After a month-long campaign against new regulations denying diplomats exemption from paying New York city parking fines, a U.N. committee on Thursday referrd the issue to the 185-nation General Assembly.</p>
<p>The vote in the 15-member committee on relations with the host country was 13 in favour, with only the United States opposed and Britain abstaining.</p>
<p>Under the new regulations, unveiled on March 10 and put into effect on April 1, diplomats failing to clear up their parking fines within 12 months would lose their special parking plates.</p>
<p>Each country is also guaranteed two parking spaces outside its U.N. mission and one outside the residence of its ambassador, though these provisions have yet to be fully applied.</p>
<p>The U.N. legal counsel has ruled that parts of the programme violate international law on diplomatic immunity and privileges. The issue has also become a source of friction in the uneasy relationship between the United Nations, its host city and some New Yorkers, angered over what they regard as diplomatic "scofflaws" who until now have been able to escape paying parking fines.</p>
<p>Many speakers said they would agree not to turn the matter over to the General Assembly if the United States promised the disputed provisions would be suspended while negotiations continued for a few more days in a bid to resolve differences.</p>
<p>The United States promised to be flexible, but this failed to satisfy most members and the issue was pressed to a vote, even though the committee usually acts by consensus.</p>
</text>
<copyright>(c) Reuters Limited 1997</copyright>
<metadata>
<codes class="bip:countries:1.0">
  <code code="UK">
    <editdetail action="confirmed" attribution="Reuters BIP Coding Group" date="1997-04-10"/>
  </code>
  <code code="UN">
    <editdetail action="confirmed" attribution="Reuters BIP Coding Group" date="1997-04-10"/>
  </code>
  <code code="USA">
    <editdetail action="confirmed" attribution="Reuters BIP Coding Group" date="1997-04-10"/>
  </code>
</codes>
<codes class="bip:topics:1.0">
  <code code="GCAT">
    <editdetail action="confirmed" attribution="Reuters BIP Coding Group" date="1997-04-10"/>
  </code>
  <code code="GDIP">
    <editdetail action="confirmed" attribution="Reuters BIP Coding Group" date="1997-04-10"/>
  </code>
</codes>
<dc element="dc.date.created" value="1997-04-10"/>
<dc element="dc.publisher" value="Reuters Holdings Plc"/>
<dc element="dc.date.published" value="1997-04-10"/>
<dc element="dc.source" value="Reuters"/>
<dc element="dc.creator.location" value="UNITED NATIONS"/>
<dc element="dc.creator.location.country.name" value="UNITED NATIONS"/>
<dc element="dc.source" value="Reuters"/>
</metadata>
</newsitem>
