<?xml version="1.0" encoding="ISO-8859-1" standalone="no"?>
<newsitem date="1997-04-10" id="root" itemid="499953" xml:lang="en">
<title>USA: FOCUS - Grains and coffee strong, lumber and oil also rise.</title>
<headline>FOCUS - Grains and coffee strong, lumber and oil also rise.</headline>
<dateline>CHICAGO 1997-04-10</dateline>
<text>
<p>Grain and soybean prices rose on Thursday amid strong exports and a final blast of wintry weather in the Midwest that prompted worries about crop damage, planting delays and flooding.</p>
<p>At the Chicago Board of Trade, corn for May delivery rose 4-3/4 cents a bushel to close at $3.03-3/4. May delivery wheat closed up 7-1/2 cents at $3.93 and May soybeans up 7-3/4 cents at $8.55-1/4.</p>
<p>Meteorologists said frigid temperatures that are expected to persist through the weekend could damage winter wheat from Kansas to Texas that is just emerging from dormancy at the start of spring.</p>
<p>"We are talking about the likelihood of some damaging cold temperatures for southern Plains wheat this weekend," said Joel Burgio, meteorologist for Weather Services Corp.</p>
<p>Meanwhile, in the Red River Valley of North Dakota, college students on Thursday joined sandbagging efforts ahead of the river's expected record crest.</p>
<p>The area, the heart of the spring wheat belt, may see acreage losses as well as stiff planting delays that could hurt yields.</p>
<p>Corn and soybean prices rose on stronger than expected weekly export sales reported by the Agriculture Department, which underscored that neither record South American crops or the strong dollar were slowing demand for American grain.</p>
<p>Net exports of corn during the week ended April 3 totaled 929,500 metric tons, well above analysts' predictions of sales of 400,000 to 600,000 tons. Soybean sales of 308,500 tons compared to expectations for 150,000 to 250,000 tons.</p>
<p>"The numbers again tell us we're not curtailing usage at these price levels," said Mark Cermak of O'Connor and Co.</p>
<p>Rice futures also rose as exports of 41,000 tons surpassed expectations of 18,000 to 28,000 tons. Rice for May delivery closed up 9 cents at $11.36-1/2 per hundred pounds.</p>
<p>At the Chicago Mercantile Exchange, lumber prices soared for a third straight day. Lumber for May delivery closed up $9.90 at $411.50 per thousand board feet.</p>
<p>Traders said cash lumber demand had suddenly boomed this week after fears were dispelled that Canadian wood shipments would pick up dramatically after April 1, the start of a new 12-month period of voluntary quota supplies.</p>
<p>That has not been the case, so many lumber yards have been left short of wood heading into the spring and summer season when construction picks up.</p>
<p>"Cash is very strong. Wood is very tight," said Roger Champagne, marketing manager for Capital Forest Products Inc.</p>
<p>"A lot of people were under the assumption that there was going to be this wall of wood to come down from Canada after the first because of the quota, but it's just not there."</p>
<p>At the Coffee Sugar and Cocoa Exchange in New York, coffee prices finished mostly higher as traders still worried about supplies this year.</p>
<p>Coffee for May delivery closed at 191.05 cents a pound, up 1.35 cents.</p>
<p>A strike by truckers in Colombia, the number two coffee exporter, was scheduled for April 20. Elsewhere, the National Coffee Council in leading exporter Brazil said coffee stocks held by Brazilian cooperatives on March 31 totaled 1.49 million bags, down from 2.07 million a month earlier.</p>
<p>Each bag contains 132 pounds of coffee.</p>
<p>At the New York Mercantile Exchange, heating oil prices rose sharply as unseasonably cold weather descended on the northeastern United States. The surprising return of wintry weather also boosted crude oil and gasoline.</p>
<p>"It's pretty chilly here for this time of year, and it is supposed to continue," said Ed Kevelson, director of refined products with Paribas Futures in New York. "This caught people by surprise, so there was a lot of short covering."</p>
<p>Heating oil for May delivery on the New York Mercantile Exchange ended up 1.75 cents a gallon at 54.86 cents. May crude oil closed up 30 cents at $19.57 a barrel and May gasoline up 0.37 cent a gallon at 61.07 cents.</p>
<p>The National Weather Service said it expects temperatures to remain below normal in the Northeast through next week, extending the chilly start of spring.</p>
</text>
<copyright>(c) Reuters Limited 1997</copyright>
<metadata>
<codes class="bip:countries:1.0">
  <code code="USA">
    <editdetail action="confirmed" attribution="Reuters BIP Coding Group" date="1997-04-10"/>
  </code>
</codes>
<codes class="bip:topics:1.0">
  <code code="M14">
    <editdetail action="confirmed" attribution="Reuters BIP Coding Group" date="1997-04-10"/>
  </code>
  <code code="M141">
    <editdetail action="confirmed" attribution="Reuters BIP Coding Group" date="1997-04-10"/>
  </code>
  <code code="M143">
    <editdetail action="confirmed" attribution="Reuters BIP Coding Group" date="1997-04-10"/>
  </code>
  <code code="MCAT">
    <editdetail action="confirmed" attribution="Reuters BIP Coding Group" date="1997-04-10"/>
  </code>
</codes>
<dc element="dc.date.created" value="1997-04-10"/>
<dc element="dc.publisher" value="Reuters Holdings Plc"/>
<dc element="dc.date.published" value="1997-04-10"/>
<dc element="dc.source" value="Reuters"/>
<dc element="dc.creator.location" value="CHICAGO"/>
<dc element="dc.creator.location.country.name" value="USA"/>
<dc element="dc.source" value="Reuters"/>
</metadata>
</newsitem>
