<?xml version="1.0" encoding="ISO-8859-1" standalone="no"?>
<newsitem date="1997-04-10" id="root" itemid="500228" xml:lang="en">
<title>GERMANY: Most Germans find advertising credible -- survey.</title>
<headline>Most Germans find advertising credible -- survey.</headline>
<dateline>FRANKFURT 1997-04-10</dateline>
<text>
<p>More than half of Germans find advertising believable, according to an opinion poll by an industry association published on Thursday.</p>
<p>Some 58 percent of the 2,500 Germans polled said they found advertising credible, a rate which has climbed continuously since 1994, the Deutscher Fachverlag (DFV) said in its publication Horizont.</p>
<p>Women tended to believe in advertising more readily than men, and west Germans more than east Germans.</p>
<p>In western Germany, the number who found advertising believable rose to 59.6 percent in 1996 from 56.6 percent in 1994. But in eastern Germany, where around a fifth of Germans live, the proportion fell to 52.6 in 1996 from 57 percent two years earlier.</p>
<p>The DFV said daily newspaper spots were ranked more believable than those on television. Forty-four percent of respondents said they trusted newspapers more, versus 37 percent who favoured television ads.</p>
</text>
<copyright>(c) Reuters Limited 1997</copyright>
<metadata>
<codes class="bip:countries:1.0">
  <code code="GFR">
    <editdetail action="confirmed" attribution="Reuters BIP Coding Group" date="1997-04-10"/>
  </code>
</codes>
<codes class="bip:industries:1.0">
  <code code="I83800">
    <editdetail action="confirmed" attribution="Reuters BIP Coding Group" date="1997-04-10"/>
  </code>
</codes>
<codes class="bip:topics:1.0">
  <code code="C31">
    <editdetail action="confirmed" attribution="Reuters BIP Coding Group" date="1997-04-10"/>
  </code>
  <code code="C32">
    <editdetail action="confirmed" attribution="Reuters BIP Coding Group" date="1997-04-10"/>
  </code>
  <code code="CCAT">
    <editdetail action="confirmed" attribution="Reuters BIP Coding Group" date="1997-04-10"/>
  </code>
</codes>
<dc element="dc.date.created" value="1997-04-10"/>
<dc element="dc.publisher" value="Reuters Holdings Plc"/>
<dc element="dc.date.published" value="1997-04-10"/>
<dc element="dc.source" value="Reuters"/>
<dc element="dc.creator.location" value="FRANKFURT"/>
<dc element="dc.creator.location.country.name" value="GERMANY"/>
<dc element="dc.source" value="Reuters"/>
</metadata>
</newsitem>
