<?xml version="1.0" encoding="ISO-8859-1" standalone="no"?>
<newsitem date="1997-04-10" id="root" itemid="500823" xml:lang="en">
<title>UK: RESEARH ALERT - CSFB caution on Wintherthur.</title>
<headline>RESEARH ALERT - CSFB caution on Wintherthur.</headline>
<dateline>LONDON 1997-04-10</dateline>
<text>
<p>CS First Boston reiterated its "buy" rating on Wintherthur Insurance Co on Thursday but also recommended investors take profits in view of its recent strong share price performance.</p>
<p>Kishore Banger, an analyst at CSFB, said: "The underlying trend looks positive, but this recent exceptional price rally means it presents a very good opportunity for investors to take some profits."</p>
<p>Shares in Wintherthur slipped 22 Swiss francs to trade at 1,027 by 1220 GMT.</p>
<p>On Wednesday the company saw its stock leap to an all-time high of 1,053 francs on news that Thomas Wellauer was to take over from Peter Spaelti as chief executive at the end of 1997. The announcement was seen as positive by the market and analysts alike.</p>
<p>"Overall, given the shares' excellent performance, and coupled with the fact that the shares are trading above their estimated fair value price of 940 Swiss francs, we recommend investors take profits," Banger said in a research note.</p>
<p>- Tara FitzGerald, London Newsroom +44 171 542 4365</p>
</text>
<copyright>(c) Reuters Limited 1997</copyright>
<metadata>
<codes class="bip:countries:1.0">
  <code code="SWITZ">
    <editdetail action="confirmed" attribution="Reuters BIP Coding Group" date="1997-04-10"/>
  </code>
  <code code="UK">
    <editdetail action="confirmed" attribution="Reuters BIP Coding Group" date="1997-04-10"/>
  </code>
</codes>
<codes class="bip:industries:1.0">
  <code code="I82001">
    <editdetail action="confirmed" attribution="Reuters BIP Coding Group" date="1997-04-10"/>
  </code>
</codes>
<codes class="bip:topics:1.0">
  <code code="C15">
    <editdetail action="confirmed" attribution="Reuters BIP Coding Group" date="1997-04-10"/>
  </code>
  <code code="C152">
    <editdetail action="confirmed" attribution="Reuters BIP Coding Group" date="1997-04-10"/>
  </code>
  <code code="CCAT">
    <editdetail action="confirmed" attribution="Reuters BIP Coding Group" date="1997-04-10"/>
  </code>
</codes>
<dc element="dc.date.created" value="1997-04-10"/>
<dc element="dc.publisher" value="Reuters Holdings Plc"/>
<dc element="dc.date.published" value="1997-04-10"/>
<dc element="dc.source" value="Reuters"/>
<dc element="dc.creator.location" value="LONDON"/>
<dc element="dc.creator.location.country.name" value="UK"/>
<dc element="dc.source" value="Reuters"/>
</metadata>
</newsitem>
