<?xml version="1.0" encoding="ISO-8859-1" standalone="no"?>
<newsitem date="1997-04-10" id="root" itemid="500149" xml:lang="en">
<title>USA: U.S. power industry detects no solar disruptions.</title>
<headline>U.S. power industry detects no solar disruptions.</headline>
<dateline>NEW YORK 1997-04-10</dateline>
<text>
<p>Despite warnings a solar storm might disrupt the North American power grid, U.S. electric industry officials said Thursday there were no signs their systems had been affected.</p>
<p>Gene Gorzelnik, director of communications at the North American Electric Reliability Council (NERC) in Princeton, N.J., said none of the council's 10 member regions had reported geomagnetic disturbances resulting from the storm.</p>
<p>"It looks like it was a non-event," he said. "All monitoring devices showed readings well below levels that would require preemptive action."</p>
<p>The warning was sounded Wednesday by the U.S. National Aeronautics and Space Administration (NASA) when it said ionized particles from a major solar storm, spotted by satellite Monday, might hit the Earth's magnetic field sometime late Wednesday or Thursday.</p>
<p>NASA officials said the impact, while undetectable and harmless to humans, could trigger so-called geomagnetic disturbances in the earth's surface, disrupting power generation and transmission systems if severe enough.</p>
<p>A solar storm triggered a huge power outage in Canada on March 13, 1989, tripping Hydro Quebec's power grid and leaving the entire province of Quebec and its five million residents without power.</p>
<p>Industry officials said the warning system currently in place is still in its infancy and despite Wednesday's alarm, is a valuable asset to the industry.</p>
<p>"It's much better to know it's coming than not to. There are things we can do, and we'll take reasonable precautions," said Jeff Williams, a spokesman for the Mid-Atlantic Area Council (MAAC), a NERC member whose territory covers New Jersey, Pennsylvania and Maryland.</p>
<p>The main precautions include heightened monitoring of ground currents and, if needed, trimming power generation to lighten loads on transmission lines, making it easier to regulate possible voltage surges and protect sensitive electro-magnetic equipment.</p>
<p>Scientists following the solar cloud said late Wednesday it would likely miss Earth, a judgement they were unable to make earlier in the day as the particles raced across space at about 1.5 million miles per hour (2.4 million kph).</p>
<p>((--James Jelter, New York Power Desk + 212 859 1621))</p>
</text>
<copyright>(c) Reuters Limited 1997</copyright>
<metadata>
<codes class="bip:countries:1.0">
  <code code="USA">
    <editdetail action="confirmed" attribution="Reuters BIP Coding Group" date="1997-04-10"/>
  </code>
</codes>
<codes class="bip:industries:1.0">
  <code code="I16100">
    <editdetail action="confirmed" attribution="Reuters BIP Coding Group" date="1997-04-10"/>
  </code>
</codes>
<codes class="bip:topics:1.0">
  <code code="C21">
    <editdetail action="confirmed" attribution="Reuters BIP Coding Group" date="1997-04-10"/>
  </code>
  <code code="CCAT">
    <editdetail action="confirmed" attribution="Reuters BIP Coding Group" date="1997-04-10"/>
  </code>
</codes>
<dc element="dc.date.created" value="1997-04-10"/>
<dc element="dc.publisher" value="Reuters Holdings Plc"/>
<dc element="dc.date.published" value="1997-04-10"/>
<dc element="dc.source" value="Reuters"/>
<dc element="dc.creator.location" value="NEW YORK"/>
<dc element="dc.creator.location.country.name" value="USA"/>
<dc element="dc.source" value="Reuters"/>
</metadata>
</newsitem>
