<?xml version="1.0" encoding="ISO-8859-1" standalone="no"?>
<newsitem date="1997-04-10" id="root" itemid="501704" xml:lang="en">
<title>TAIWAN: Taiwan stocks seen up despite central bank warning.</title>
<headline>Taiwan stocks seen up despite central bank warning.</headline>
<dateline>TAIPEI 1997-04-10</dateline>
<text>
<p>Taiwan share prices are expected to be firmer but with limited gains on Thursday after the central bank urged investors to exercise "extra caution" when investing in the rallying stock market, brokers said.</p>
<p>Central bank deputy governor Hsu Chia-tung warned on Wednesday that Taiwan's stock market turnover and price-earnings ratio were far higher than in other countries. "Investors should be risk-conscious and be extra careful. What the central bank can do has already been done," Hsu said without elaboration.</p>
<p>On Wednesday, the index ended up 195.19 points at a six-year high of 8,655.82. A 8,620-8,720 range was seen for Thursday.  </p>
<p>"The central bank can now use only moral persuasion and open market operations (to slightly tighten liquidity), and that's not enough to stop the currently bullish sentiment," said Michael Hung, an independent senior analyst.</p>
<p>"The index should continue to test 9,000 in coming sessions, but the central bank warning would nevertheless trigger some caution to limit Thursday's gains," Hung said.</p>
<p>Financials are seen rising further as the Big Three state-run banks -- Chang Hwa, First and Hua Nan -- will issue dividends on Thursday of T$5, T$5 and T$2 per share, respectively, he said.</p>
<p>-James Peng (5080815)</p>
</text>
<copyright>(c) Reuters Limited 1997</copyright>
<metadata>
<codes class="bip:countries:1.0">
  <code code="TAIWAN">
    <editdetail action="confirmed" attribution="Reuters BIP Coding Group" date="1997-04-10"/>
  </code>
</codes>
<codes class="bip:topics:1.0">
  <code code="M11">
    <editdetail action="confirmed" attribution="Reuters BIP Coding Group" date="1997-04-10"/>
  </code>
  <code code="MCAT">
    <editdetail action="confirmed" attribution="Reuters BIP Coding Group" date="1997-04-10"/>
  </code>
</codes>
<dc element="dc.date.created" value="1997-04-10"/>
<dc element="dc.publisher" value="Reuters Holdings Plc"/>
<dc element="dc.date.published" value="1997-04-10"/>
<dc element="dc.source" value="Reuters"/>
<dc element="dc.creator.location" value="TAIPEI"/>
<dc element="dc.creator.location.country.name" value="TAIWAN"/>
<dc element="dc.source" value="Reuters"/>
</metadata>
</newsitem>
