<?xml version="1.0" encoding="ISO-8859-1" standalone="no"?>
<newsitem date="1997-04-10" id="root" itemid="501139" xml:lang="en">
<title>SPAIN: NATO-Russia deal will not limit weapons - Germany.</title>
<headline>NATO-Russia deal will not limit weapons - Germany.</headline>
<dateline>MADRID 1997-04-10</dateline>
<text>
<p>German Defence Minister Volker Ruhe suggested on Thursday NATO would not be prevented from deploying modern weapons in new member states in Eastern Europe under an anticipated partnership accord with Russia.</p>
<p>Ruhe was speaking to reporters in Madrid where the 16-nation defence alliance is due to hold an expansion summit in July and invite at least three of Moscow's former Warsaw Pact allies -- Poland, Hungary and the Czech Republic -- to open negotiations on NATO membership.</p>
<p>NATO hopes to reach a partnership accord with Russia, which strongly opposes the expansion, before the summit.</p>
<p>Asked if the accord would prevent the alliance from deploying modern weapons in the new member states, Ruhe said: "No, that would be an erroneous interpretation."</p>
<p>Russia has conceded it cannot stop the expansion but has sought to win an agreement that NATO will not permanently station troops or build fresh bases on the territory of new member states. The United States has said it will not accept any deal that gives new member states second-class status.</p>
<p>Russian Foreign Minister Yevgeny Primakov announced after talks in France on Wednesday that President Boris Yeltsin had accepted an invitation to go to Paris next month to sign the partnership accord.</p>
</text>
<copyright>(c) Reuters Limited 1997</copyright>
<metadata>
<codes class="bip:countries:1.0">
  <code code="CZREP">
    <editdetail action="confirmed" attribution="Reuters BIP Coding Group" date="1997-04-10"/>
  </code>
  <code code="GFR">
    <editdetail action="confirmed" attribution="Reuters BIP Coding Group" date="1997-04-10"/>
  </code>
  <code code="HUNG">
    <editdetail action="confirmed" attribution="Reuters BIP Coding Group" date="1997-04-10"/>
  </code>
  <code code="NATO">
    <editdetail action="confirmed" attribution="Reuters BIP Coding Group" date="1997-04-10"/>
  </code>
  <code code="POL">
    <editdetail action="confirmed" attribution="Reuters BIP Coding Group" date="1997-04-10"/>
  </code>
  <code code="RUSS">
    <editdetail action="confirmed" attribution="Reuters BIP Coding Group" date="1997-04-10"/>
  </code>
  <code code="SPAIN">
    <editdetail action="confirmed" attribution="Reuters BIP Coding Group" date="1997-04-10"/>
  </code>
</codes>
<codes class="bip:topics:1.0">
  <code code="GCAT">
    <editdetail action="confirmed" attribution="Reuters BIP Coding Group" date="1997-04-10"/>
  </code>
  <code code="GDEF">
    <editdetail action="confirmed" attribution="Reuters BIP Coding Group" date="1997-04-10"/>
  </code>
  <code code="GDIP">
    <editdetail action="confirmed" attribution="Reuters BIP Coding Group" date="1997-04-10"/>
  </code>
</codes>
<dc element="dc.date.created" value="1997-04-10"/>
<dc element="dc.publisher" value="Reuters Holdings Plc"/>
<dc element="dc.date.published" value="1997-04-10"/>
<dc element="dc.source" value="Reuters"/>
<dc element="dc.creator.location" value="MADRID"/>
<dc element="dc.creator.location.country.name" value="SPAIN"/>
<dc element="dc.source" value="Reuters"/>
</metadata>
</newsitem>
