<?xml version="1.0" encoding="ISO-8859-1" standalone="no"?>
<newsitem date="1997-04-10" id="root" itemid="500392" xml:lang="en">
<title>INDIA: Analysts keep hopes as Indian government teeters.</title>
<headline>Analysts keep hopes as Indian government teeters.</headline>
<byline>Simon Cameron-Moore</byline>
<dateline>BOMBAY 1997-04-10</dateline>
<text>
<p>While India's minority coalition teetered ahead of a confidence vote on Friday, foreign investor analysts clung to hopes that the end-game in political brinkmanship was still to be played.</p>
<p>"It looks like a mid-term election is most likely," Alok Sethi, director of NatWest Markets in Bombay, told Reuters on Thursday.</p>
<p>"But my gut feeling is that these guys still have something up their sleeve. It is brinkmanship, and they could come up with something by 11 a.m. tomorrow (0530 GMT). If not we're in for mid-term polls," he said.</p>
<p>India looks as if it will be handicapped by political risk and another period without a government capable of taking tough decisions, analysts said.</p>
<p>Over the short term foreign institutional investors in India have taken a battering, but Finance Minister P. Chidambaram's growth and business-friendly budget announced on February 28 raised hopes of money-making times ahead.</p>
<p>Now the budget is hostage to the fate of the government, and investment commitments are either withheld or small.</p>
<p>The high drama in New Delhi kept Indian markets twitching on Thursday with each fresh story, or rumour coming out of a meeting between United Front (UF) government negotiators and counterparts from its erstwhile ally in the Congress party.</p>
<p>The Bombay Stock Exchange's top-30 share index ended 52.51 points, or 1.44 percent, lower at 3,598.37 after dipping to 3,554.77.</p>
<p>"We are still adopting a wait and watch attitude," said the director of another foreign investment house in Bombay, adding, "But today's events shook confidence a bit."</p>
<p>UF leaders told Congress that they will not dump Prime Minister H.D. Deve Gowda, the price demanded by their former allies for renewing support of the government.</p>
<p>Congress withdrew its backing for the 15-member coalition on March 30, accusing the government of fostering communalism and allowing the economy to drift.</p>
<p>Since then, there has been little talk of these issues and the political dogfight has boiled down to power and personalities, and left pundits still puzzling over why Congress leader Sitaram Kesri precipitated the crisis, analysts said.</p>
<p>"They haven't really left room for a face-saving compromise. No-one wants to commit suicide by abject surrender," Prashant Purker, head of institutional sales at Peregrine Capital India Pvt Ltd said.</p>
<p>Congress leaders talked about their willingness to negotiate a power sharing deal with the UF once the government, and Deve Gowda had been defeated.</p>
<p>Purker warned against assuming the government will lose Friday's vote, pointing out that the opposition Bharatiya Janata Party (BJP), the largest single party in the Lok Sabha (Lower House) has still to definitively say how it will vote.</p>
<p>"The BJP has still not announced whether it will oppose, support or abstain," he said.</p>
<p>If the BJP does not vote against the government it can always wait to choose its own time to sink the coalition later, he said.</p>
<p>"In our opinion an election might not be a bad idea to get the uncertainty out of the way, provided the winners get a clear mandate this time, even if it is the BJP," NatWest's Sethi said.</p>
<p>Analysts also raised the possibility that Congress could end up being split over the attack on the government, and some members could come over to the UF camp, reinforcing the government.</p>
<p>Whatever happens on Friday India will be unable to recapture the fragile political balance it had before March 30.</p>
<p>"The uncertainty is bound to continue beyond Friday, even if a compromise is reached tomorrow," Purker said.</p>
<p>Sethi said some investment houses were already trimming earnings growth forecasts based on the foggy political scene.</p>
<p>The long term investor is likely to become very selective and buy in defensive sectors, he said.</p>
<p>--Bombay newsroom +91-22-265-9000</p>
</text>
<copyright>(c) Reuters Limited 1997</copyright>
<metadata>
<codes class="bip:countries:1.0">
  <code code="INDIA">
    <editdetail action="confirmed" attribution="Reuters BIP Coding Group" date="1997-04-10"/>
  </code>
</codes>
<codes class="bip:topics:1.0">
  <code code="GCAT">
    <editdetail action="confirmed" attribution="Reuters BIP Coding Group" date="1997-04-10"/>
  </code>
  <code code="GPOL">
    <editdetail action="confirmed" attribution="Reuters BIP Coding Group" date="1997-04-10"/>
  </code>
  <code code="M11">
    <editdetail action="confirmed" attribution="Reuters BIP Coding Group" date="1997-04-10"/>
  </code>
  <code code="MCAT">
    <editdetail action="confirmed" attribution="Reuters BIP Coding Group" date="1997-04-10"/>
  </code>
</codes>
<dc element="dc.date.created" value="1997-04-10"/>
<dc element="dc.publisher" value="Reuters Holdings Plc"/>
<dc element="dc.date.published" value="1997-04-10"/>
<dc element="dc.source" value="Reuters"/>
<dc element="dc.creator.location" value="BOMBAY"/>
<dc element="dc.creator.location.country.name" value="INDIA"/>
<dc element="dc.source" value="Reuters"/>
</metadata>
</newsitem>
