<?xml version="1.0" encoding="ISO-8859-1" standalone="no"?>
<newsitem date="1997-04-10" id="root" itemid="499863" xml:lang="en">
<title>USA: PRESALE - Monroe Co, Mich..</title>
<headline>PRESALE - Monroe Co, Mich..</headline>
<text>
<p>AMT: 2,595,000	DATE: 04/15/97	NYC Time: 1530	CUSIP: 610628</p>
<p>ISSUER: Monroe Cty							ST: MI</p>
<p>ISSUE: GO water supply system, series 1997			TAX STAT: Exempt-LT</p>
<p>M/SP/F: NA/NA/NA							  BOOK ENTRY: Y</p>
<p>ENHANCEMENTS: None							BANK QUAL: N</p>
<p>DTD: 04/01/97							     SURE BID: Y</p>
<p>DUE: 5/1/98-16						SR MGR:</p>
<p>1ST CPN: 11/01/97</p>
<p>CALL: 5/1/04 @ 100.50, dtp 5/1/06		     NIC</p>
<p>DELIVERY: 45 days					   ORDERS:</p>
<p>PAYING AGENT: Old Kent Bank, Grand Rapids</p>
<p>L.O.: Jaffe, Raitt, Heuer &amp; Weiss, Detroit</p>
<p>F.A.: Stauder, Barch &amp; Associates, Ann Arbor</p>
<p>LAST SALE: $1,400,000 8/3/95 @ 4.97681% NIC; 7yrs 2mos avg; BBI- 5.97%</p>
<p>Year		     Amount    Coupon     Yield     Price  Conc.</p>
<p>1998		    140,000</p>
<p>1999		    140,000</p>
<p>2000		    140,000</p>
<p>2001		    140,000</p>
<p>2002		    140,000</p>
<p>2003		    140,000</p>
<p>2004		    135,000</p>
<p>2005		    135,000</p>
<p>2006		    135,000</p>
<p>2007		    135,000</p>
<p>2008		    135,000</p>
<p>2009		    135,000</p>
<p>2010		    135,000</p>
<p>2011		    135,000</p>
<p>2012		    135,000</p>
<p>2013		    135,000</p>
<p>2014		    135,000</p>
<p>2015		    135,000</p>
<p>2016		    135,000</p>
<p>COMPETITIVE PRE-SALE CONTRIBUTED BY J.J. KENNY K-SHEETS:</p>
</text>
<copyright>(c) Reuters Limited 1997</copyright>
<metadata>
<codes class="bip:countries:1.0">
  <code code="USA">
    <editdetail action="confirmed" attribution="Reuters BIP Coding Group" date="1997-04-10"/>
  </code>
</codes>
<codes class="bip:topics:1.0">
  <code code="E21">
    <editdetail action="confirmed" attribution="Reuters BIP Coding Group" date="1997-04-10"/>
  </code>
  <code code="E212">
    <editdetail action="confirmed" attribution="Reuters BIP Coding Group" date="1997-04-10"/>
  </code>
  <code code="ECAT">
    <editdetail action="confirmed" attribution="Reuters BIP Coding Group" date="1997-04-10"/>
  </code>
</codes>
<dc element="dc.publisher" value="Reuters Holdings Plc"/>
<dc element="dc.date.published" value="1997-04-10"/>
<dc element="dc.source" value="Reuters"/>
<dc element="dc.creator.location.country.name" value="USA"/>
<dc element="dc.source" value="Reuters"/>
</metadata>
</newsitem>
