<?xml version="1.0" encoding="ISO-8859-1" standalone="no"?>
<newsitem date="1997-04-10" id="root" itemid="501355" xml:lang="en">
<title>AUSTRALIA: Australian Broadcasting Corp Afternoon Update.</title>
<headline>Australian Broadcasting Corp Afternoon Update.</headline>
<text>
<p>VANSTONE SAYS JOBS OUTLOOK POSITIVE</p>
<p>Employment minister Amanda Vanstone says the outlook for later in the year is positive, even though employment figures for March are flat.</p>
<p>The jobless rate fell point-one-of-a per-cent to 8.7 per cent in March but there was a big fall in the number of Australians with jobs because fewer are looking for work.</p>
<p>Senator Vanstone says the most important thing is the continued steady growth in the trend figures.</p>
<p>She says the month-to-month drop in employment is to be regretted but the economic signs point to a very positive outlook for later in the year.</p>
<p>- - - -</p>
<p>BORBIDGE WARNING TO HOWARD OVER NATIVE TITLE</p>
<p>Queensland's Premier Rob Borbidge says the Queensland National Party's support of John Howard could end if the Federal Government doesn't ensure security of tenure for pastoral lease holders.</p>
<p>Mr Borbidge has been pushing for the Federal Government to provide a legislative solution to confusion over Native Title, following the Wik decision.</p>
<p>He says his working relationship with John Howard will be over if he doesn't deliver on the issue.</p>
<p>Mr Borbidge says he has supported John Howard through thick and thin at substantial personal and political cost, and any working relationship has to be a two way street.</p>
<p>- - - -</p>
<p>KERNOT SAYS WALLIS REPORT A MIXED BAG</p>
<p>Democrats Leader Cheryl Kernot has accused the Wallis Inquiry into Australia's financial system of "whimping out" on the issue of bank fees and charges.</p>
<p>Senator Kernot has criticised the report for not putting a ceiling on bank fees and charges, and says it basically means that banks can charge what they like.</p>
<p>But speaking at a National Consumers Federation conference in Melbourne, Senator Kernot praised the report for saying "on record" that large scale foreign bank ownership is not in Australia's national interest.</p>
<p>- - - -</p>
<p>GOVERNMENT REVIEW OF DRUG REGULATION</p>
<p>The Federal Government says the crux of its review of drug regulation Australia, is achieving a balance between protecting public health and providing regulation that's not an undue burden on industry.</p>
<p>Parliamentary Secretary to the Minister for Health, Chris Ellison, says the review into Therapeutic Goods Administration will produce a more efficient and streamlined approach to the regulation of medicinal products.</p>
<p>The changes include improved access to drugs that help sufferers of rare illnesses, improving the access to complimentary drugs including herbals, vitamins, minerals and nutritional therapies, and an overhaul of the export arrangements for medicinal products.</p>
<p>Senator Ellison says the review will give both consumers, and industry more confidence in Australian medicines.</p>
<p>- - - -</p>
<p>KRAFT COULD FACE THOUSANDS OF CLAIMS OVER PEANUT BUTTER</p>
<p>A lawyer involved in a class action over contaminated peanut butter says the compensation bill may run into many millions of dollars.</p>
<p>An agreement has been reached on a process to resolve victims' claims against Kraft and General Foods.</p>
<p>The class action currently involves 700 victims.</p>
<p>Outside the Federal Court, solictor Peter Gordon, said anyone who consumed contaminated brands of peanut butter and became ill, was entitled to make a claim.</p>
<p>And he says thousands of people ate the brands of peanut butter involved.</p>
<p>- - - -</p>
<p>COLLEGE OF GPs REJECTS AMA'S CLAIM</p>
<p>The Royal Australian College of GP's has released a survey of attitudes to euthanasia among GPs, that contradicts the AMA's claim that the majority are opposed to it.</p>
<p>The AMA's claim that 90 per cent of doctors oppose voluntary euthanasia, is based on a study done six months ago.</p>
<p>The College of GPs claims 56 per cent of members support assisted suicide in the final stage of a terminal illness.</p>
<p>Sixty-eight per cent believe euthanasia is an act of caring.</p>
<p>But the AMA's Vice President, Dr David Brand, says he's not convinced by the results.</p>
<p>-- Reuters Sydney Newsroom 61-2 9373-1800</p>
</text>
<copyright>(c) Reuters Limited 1997</copyright>
<metadata>
<codes class="bip:countries:1.0">
  <code code="AUSTR">
    <editdetail action="confirmed" attribution="Reuters BIP Coding Group" date="1997-04-10"/>
  </code>
</codes>
<codes class="bip:topics:1.0">
  <code code="GCAT">
    <editdetail action="confirmed" attribution="Reuters BIP Coding Group" date="1997-04-10"/>
  </code>
</codes>
<dc element="dc.publisher" value="Reuters Holdings Plc"/>
<dc element="dc.date.published" value="1997-04-10"/>
<dc element="dc.source" value="Reuters"/>
<dc element="dc.creator.location.country.name" value="AUSTRALIA"/>
<dc element="dc.source" value="Reuters"/>
</metadata>
</newsitem>
