<?xml version="1.0" encoding="ISO-8859-1" standalone="no"?>
<newsitem date="1997-04-10" id="root" itemid="501507" xml:lang="en">
<title>HONG KONG: Speedpost to have tracking system for express mail.</title>
<headline>Speedpost to have tracking system for express mail.</headline>
<byline>Jim Gilchrist</byline>
<dateline>HONG KONG 1997-04-10</dateline>
<text>
<p>The Hong Kong post office is planning to introduce the first stage of a HK$10.4 million track and trace system to its Speedpost express mail delivery division later this year, senior Speedpost official Aubrey Au said.</p>
<p>Speedpost is a major air cargo user with many of its 4 million express items in and out of Hong Kong each year travelling as belly cargo on scheduled carriers to 80 countries world-wide.</p>
<p>Speedpost customers can expect to take advantage of the new tracking system from September, Au said in an interview. Customers will also be able to follow other post office products such as registered mail, parcels and recorded delivery items as the rest of the system is introduced.</p>
<p>Rival courier companies have already introduced package tracking systems and the post office was responding to the intense competition in the Hong Kong market, Au said.</p>
<p>"Customers should be able to track and trace from the acceptance point to the delivery point via telephone. We're also exploring whether it could be used through the Internet," she said.</p>
<p>- Reuters Air Cargo Newsroom Tel+44 171 542 7706 Fax+5017</p>
</text>
<copyright>(c) Reuters Limited 1997</copyright>
<metadata>
<codes class="bip:countries:1.0">
  <code code="HKONG">
    <editdetail action="confirmed" attribution="Reuters BIP Coding Group" date="1997-04-10"/>
  </code>
</codes>
<codes class="bip:industries:1.0">
  <code code="I79010">
    <editdetail action="confirmed" attribution="Reuters BIP Coding Group" date="1997-04-10"/>
  </code>
</codes>
<codes class="bip:topics:1.0">
  <code code="C22">
    <editdetail action="confirmed" attribution="Reuters BIP Coding Group" date="1997-04-10"/>
  </code>
  <code code="CCAT">
    <editdetail action="confirmed" attribution="Reuters BIP Coding Group" date="1997-04-10"/>
  </code>
</codes>
<dc element="dc.date.created" value="1997-04-10"/>
<dc element="dc.publisher" value="Reuters Holdings Plc"/>
<dc element="dc.date.published" value="1997-04-10"/>
<dc element="dc.source" value="Reuters"/>
<dc element="dc.creator.location" value="HONG KONG"/>
<dc element="dc.creator.location.country.name" value="HONG KONG"/>
<dc element="dc.source" value="Reuters"/>
</metadata>
</newsitem>
