<?xml version="1.0" encoding="ISO-8859-1" standalone="no"?>
<newsitem date="1997-04-10" id="root" itemid="501549" xml:lang="en">
<title>TAIWAN: Taiwan Semicon plans T$400 bln plants.</title>
<headline>Taiwan Semicon plans T$400 bln plants.</headline>
<dateline>TAIPEI 1997-04-10</dateline>
<text>
<p>Taiwan Semiconductor Manufacturing Corp said on Thursday it would build six advanced wafer-fabrication plants as part of a T$400 billion investment at southern Taiwan's Tainan Science-based Industrial Park.  </p>
<p>The planned facilities include a T$80 billion wafer fab to make 12-inch semiconductors and a T$40 billion fab to make 8-inch wafers, the company said in a statement.  </p>
<p>The Tainan investment would be worth T$400 billion (US$14.5 billion) over 10 years, making it Taiwan's largest single industrial project -- bigger even than Formosa group's huge T$240 billion (US$9 billion) petrochemical plant at Yunlin.  </p>
<p>The project gives a significant boost to the fledgling Tainan facility, a new southern rival to Taiwan's main high-technology manufacturing park in northern Hsinchu.</p>
<p>Taiwan Semiconductor president Donald Brooks said his firm was "moving energetically to bring its long-term investment plans in line with the national policy of developing southern Taiwan".</p>
<p>"The T$400 billion, 10-year TSIP Manufacturing Centre project has been carefully formulated and will be carried out step by step," Brooks said in the statement.  </p>
<p>"Because of its efficient organisation, plentiful land and high-quality human resources, Tainan Science-based Industrial Park is the best possible location for (Taiwan Semiconductor) to expand its manufacturing facilities," Brooks added.</p>
<p>The cluster of wafer fabs and research and development facilities would employ 5,000 people -- more than doubling the firm's current 4,300-strong workforce.</p>
<p>Taiwan's top chipmaker operates two six-inch wafer fabs and two eight-inch wafer fabs in Taiwan. A third eight-inch fab is under construction in Taiwan and a fourth in the United States through a joint venture, it said.  </p>
<p>Taiwan Semiconductor said it expected the global microchip market to grow to US$300 billion by 2000, with demand soaring for chip-based three-dimensional multimedia, ISDN, high-speed modems, digital video, digital television equipment and digital telephones, mobile phones and cameras.</p>
<p>Taiwan Semiconductor said on Wednesday its March sales fell a year-on-year 26.4 percent to T$2.797 billion, but said figure reflected a 23 percent rise compared with February's T$2.274 billion -- breaking a string of eight month-to-month declines dating to its monthly peak of T$3.801 billion in March 1996.</p>
<p>The company has forecast 1997 sales at T$35.22 billion.</p>
</text>
<copyright>(c) Reuters Limited 1997</copyright>
<metadata>
<codes class="bip:countries:1.0">
  <code code="TAIWAN">
    <editdetail action="confirmed" attribution="Reuters BIP Coding Group" date="1997-04-10"/>
  </code>
</codes>
<codes class="bip:industries:1.0">
  <code code="I34531">
    <editdetail action="confirmed" attribution="Reuters BIP Coding Group" date="1997-04-10"/>
  </code>
</codes>
<codes class="bip:topics:1.0">
  <code code="C11">
    <editdetail action="confirmed" attribution="Reuters BIP Coding Group" date="1997-04-10"/>
  </code>
  <code code="C24">
    <editdetail action="confirmed" attribution="Reuters BIP Coding Group" date="1997-04-10"/>
  </code>
  <code code="CCAT">
    <editdetail action="confirmed" attribution="Reuters BIP Coding Group" date="1997-04-10"/>
  </code>
</codes>
<dc element="dc.date.created" value="1997-04-10"/>
<dc element="dc.publisher" value="Reuters Holdings Plc"/>
<dc element="dc.date.published" value="1997-04-10"/>
<dc element="dc.source" value="Reuters"/>
<dc element="dc.creator.location" value="TAIPEI"/>
<dc element="dc.creator.location.country.name" value="TAIWAN"/>
<dc element="dc.source" value="Reuters"/>
</metadata>
</newsitem>
