<?xml version="1.0" encoding="ISO-8859-1" standalone="no"?>
<newsitem date="1997-04-10" id="root" itemid="500570" xml:lang="en">
<title>USA: All American sees Q1 1997 profit.</title>
<headline>All American sees Q1 1997 profit.</headline>
<dateline>MIAMI 1997-04-10</dateline>
<text>
<p>All American Semiconductor Inc said Thursday that it expects to show a profit for the first quarter of 1997.</p>
<p>The company said unaudited sales for the first quarter of 1997 exceeded $62 million, down slightly from the first quarter of 1996, when sales were about $63 million, excluding $4.2 million of sales from discontinued operations.</p>
<p>The company said its sales and gross profit information remains subject to adjustments in connection with the preparation of Form 10-Q for the first quarter of 1997.</p>
<p>The company issued a statement saying it believes "the worst is behind us now," citing its "aggressive cost control programs."</p>
<p>With the excess plant capacity the company has in place, the company said it should be able to improve productivity and efficiencies in the future, provided that it attains sales growth goals.</p>
</text>
<copyright>(c) Reuters Limited 1997</copyright>
<metadata>
<codes class="bip:countries:1.0">
  <code code="USA">
    <editdetail action="confirmed" attribution="Reuters BIP Coding Group" date="1997-04-10"/>
  </code>
</codes>
<codes class="bip:industries:1.0">
  <code code="I34531">
    <editdetail action="confirmed" attribution="Reuters BIP Coding Group" date="1997-04-10"/>
  </code>
</codes>
<codes class="bip:topics:1.0">
  <code code="C15">
    <editdetail action="confirmed" attribution="Reuters BIP Coding Group" date="1997-04-10"/>
  </code>
  <code code="C152">
    <editdetail action="confirmed" attribution="Reuters BIP Coding Group" date="1997-04-10"/>
  </code>
  <code code="CCAT">
    <editdetail action="confirmed" attribution="Reuters BIP Coding Group" date="1997-04-10"/>
  </code>
</codes>
<dc element="dc.date.created" value="1997-04-10"/>
<dc element="dc.publisher" value="Reuters Holdings Plc"/>
<dc element="dc.date.published" value="1997-04-10"/>
<dc element="dc.source" value="Reuters"/>
<dc element="dc.creator.location" value="MIAMI"/>
<dc element="dc.creator.location.country.name" value="USA"/>
<dc element="dc.source" value="Reuters"/>
</metadata>
</newsitem>
