<?xml version="1.0" encoding="ISO-8859-1" standalone="no"?>
<newsitem date="1997-04-10" id="root" itemid="501738" xml:lang="en">
<title>ISRAEL: PRESS DIGEST - Israel - April 10.</title>
<headline>PRESS DIGEST - Israel - April 10.</headline>
<dateline>JERUSALEM 1997-04-10</dateline>
<text>
<p>These are some of the leading stories in Israeli newspapers on Thursday. Reuters has not verified these stories and does not vouch for their accuracy.</p>
<p>JERUSALEM POST</p>
<p>- Clinton willing to meet PA negotiators</p>
<p>- 32 Hebron rioters wounded</p>
<p>- Mossad official to head TAU Jaffee Centre</p>
<p>- Judaica on CD-ROM</p>
<p>- Mordechai: PA helps prevent unrest, not terrorism</p>
<p>HAARETZ</p>
<p>- Israel working to thwart Gaza port construction</p>
<p>- Arafat rejected appeal to renew security coordination</p>
<p>- Psychologists who examined "Cherry" undercover unit: the unit is in crisis, soldiers afraid of operations</p>
<p>- Merryll Lynch, Lehman Brothers to market Bank Leumi issue in Europe</p>
<p>YEDIOTH AHRONOTH</p>
<p>- Security coordination with Palestinians renewed</p>
<p>- Netanyahu in Netherlands</p>
<p>- German concern cancels investments in Israel under Arab pressure</p>
<p>- Israeli fights to death with giant crocodile in Costa Rica</p>
<p>MAARIV</p>
<p>- Arafat rejected request to renew coordination</p>
<p>- Maariv publisher Nimrodi sues Channel 2 TV for report of his involvement in attorney-general appointment scandal</p>
<p>- Estimate at Treasury: rate of growth since the start of the year - zero</p>
<p>GLOBES</p>
<p>- High supply of foreign currency but dollar reaches high of 3.39 shekels</p>
<p>- Hundreds of thousands of litres of cheap wine were sold in Israel as quality kosher wine</p>
</text>
<copyright>(c) Reuters Limited 1997</copyright>
<metadata>
<codes class="bip:countries:1.0">
  <code code="ISRAEL">
    <editdetail action="confirmed" attribution="Reuters BIP Coding Group" date="1997-04-10"/>
  </code>
</codes>
<codes class="bip:topics:1.0">
  <code code="GCAT">
    <editdetail action="confirmed" attribution="Reuters BIP Coding Group" date="1997-04-10"/>
  </code>
</codes>
<dc element="dc.date.created" value="1997-04-10"/>
<dc element="dc.publisher" value="Reuters Holdings Plc"/>
<dc element="dc.date.published" value="1997-04-10"/>
<dc element="dc.source" value="Reuters"/>
<dc element="dc.creator.location" value="JERUSALEM"/>
<dc element="dc.creator.location.country.name" value="ISRAEL"/>
<dc element="dc.source" value="Reuters"/>
</metadata>
</newsitem>
