<?xml version="1.0" encoding="ISO-8859-1" standalone="no"?>
<newsitem date="1997-04-10" id="root" itemid="500425" xml:lang="en">
<title>SRI LANKA: Sri Lanka leaders hail accord aiming to end war.</title>
<headline>Sri Lanka leaders hail accord aiming to end war.</headline>
<dateline>COLOMBO 1997-04-10</dateline>
<text>
<p>Sri Lankan leaders on Thursday hailed a bipartisan agreement to work towards ending the country's ethnic war, saying it showed a change of attitude among politicians over the conflict.</p>
<p>"I hope it will be the beginning of an effort to solve this problem once and for all," President Chandrika Kumaratunga told government officials and diplomats in the capital Colombo.</p>
<p>Kumaratunga's People's Alliance and the main opposition United National Party (UNP) signed an agreement last week to work together to end a 13-year war with Liberation Tigers of Tamil Eelam (LTTE) rebels.</p>
<p>Foreign Minister Lakshman Kadirgamar paid tribute to Wickremesinghe "for having risen above party politics of the day".</p>
<p>But he cautioned it was too early to discuss results of the agreement.</p>
<p>"In a long history of a problem, only the foolish will expect that on the morrow there is going to be some beautiful blossoms in the garden," he added.</p>
<p>The Sri Lankan government has said the agreement was not a prelude to foreign mediation in ending the war and that there were no immediate plans for talks with the LTTE.</p>
<p>An LTTE spokesman in London told Reuters on Wednesday the rebels had no plans for peace talks with Colombo.</p>
<p>The LTTE is fighting for an independent homeland for minority Tamils in the north and east. The government says more than 50,000 people have died in the war, now in its 14th year, but the rebels say the toll is higher.</p>
</text>
<copyright>(c) Reuters Limited 1997</copyright>
<metadata>
<codes class="bip:countries:1.0">
  <code code="SRILAN">
    <editdetail action="confirmed" attribution="Reuters BIP Coding Group" date="1997-04-10"/>
  </code>
</codes>
<codes class="bip:topics:1.0">
  <code code="GCAT">
    <editdetail action="confirmed" attribution="Reuters BIP Coding Group" date="1997-04-10"/>
  </code>
  <code code="GVIO">
    <editdetail action="confirmed" attribution="Reuters BIP Coding Group" date="1997-04-10"/>
  </code>
</codes>
<dc element="dc.date.created" value="1997-04-10"/>
<dc element="dc.publisher" value="Reuters Holdings Plc"/>
<dc element="dc.date.published" value="1997-04-10"/>
<dc element="dc.source" value="Reuters"/>
<dc element="dc.creator.location" value="COLOMBO"/>
<dc element="dc.creator.location.country.name" value="SRI LANKA"/>
<dc element="dc.source" value="Reuters"/>
</metadata>
</newsitem>
