<?xml version="1.0" encoding="ISO-8859-1" standalone="no"?>
<newsitem date="1997-04-10" id="root" itemid="500622" xml:lang="en">
<title>USA: SunRiver sells unit to Cyberguard.</title>
<headline>SunRiver sells unit to Cyberguard.</headline>
<dateline>AUSTIN, Texas 1997-04-10</dateline>
<text>
<p>Network computer maker SunRiver Corp said Thursday it had sold "substantially all" of the assets of a software unit to CyberGuard Corp in a deal worth $350,000.</p>
<p>SunRiver said it sold the assets of TradeWave Corp for a combination of cash, royalty on certain future revenues and assumption of selected liabilities by CyberGuard.</p>
<p>"The total aggregate amount being paid is not expected to be material to SunRiver Corp," it said, adding that the deal closed Wednesday.  </p>
<p>SunRiver said TradeWave developed Internet software and value-added services that enable private, secure communications and electronic commerce transactions over the Internet.</p>
<p>CyberGuard develops intranet/Internet security software for companies.</p>
<p>SunRiver said it had discontinued TradeWave's operations and taken a one-time, after-tax charge in the fourth quarter of 1996. "The sale, therefore, is not expected to have a material impact on the company's second quarter ending June 30," it said.</p>
</text>
<copyright>(c) Reuters Limited 1997</copyright>
<metadata>
<codes class="bip:countries:1.0">
  <code code="USA">
    <editdetail action="confirmed" attribution="Reuters BIP Coding Group" date="1997-04-10"/>
  </code>
</codes>
<codes class="bip:industries:1.0">
  <code code="I83940">
    <editdetail action="confirmed" attribution="Reuters BIP Coding Group" date="1997-04-10"/>
  </code>
  <code code="I83954">
    <editdetail action="confirmed" attribution="Reuters BIP Coding Group" date="1997-04-10"/>
  </code>
</codes>
<codes class="bip:topics:1.0">
  <code code="C18">
    <editdetail action="confirmed" attribution="Reuters BIP Coding Group" date="1997-04-10"/>
  </code>
  <code code="C182">
    <editdetail action="confirmed" attribution="Reuters BIP Coding Group" date="1997-04-10"/>
  </code>
  <code code="CCAT">
    <editdetail action="confirmed" attribution="Reuters BIP Coding Group" date="1997-04-10"/>
  </code>
</codes>
<dc element="dc.date.created" value="1997-04-10"/>
<dc element="dc.publisher" value="Reuters Holdings Plc"/>
<dc element="dc.date.published" value="1997-04-10"/>
<dc element="dc.source" value="Reuters"/>
<dc element="dc.creator.location" value="AUSTIN, Texas"/>
<dc element="dc.creator.location.country.name" value="USA"/>
<dc element="dc.source" value="Reuters"/>
</metadata>
</newsitem>
