<?xml version="1.0" encoding="ISO-8859-1" standalone="no"?>
<newsitem date="1997-04-10" id="root" itemid="499826" xml:lang="en">
<title>USA: Nasdaq closing actives.</title>
<headline>Nasdaq closing actives.</headline>
<dateline>NEW YORK</dateline>
<text>
<p>The following were the most active issues in Nasdaq trading Thursday.</p>
<p>  Informix Corp     23,705,900	 7 5/16     off    3/4</p>
<p>  Intel Corp	  15,334,300	 137 1/4    off    5</p>
<p>  Pairgain Tech     13,241,900	 25 3/4     off    4 1/8</p>
<p>  Microcom Inc	10,695,400	 15 15/16   up     5 7/16</p>
<p>  Cisco Systems     9,520,800	 52 5/8     off    1 7/16</p>
<p>  Microsoft Cp	8,488,700	 96 3/4     off    1 1/4</p>
<p>  Ascend Comm	 6,278,900	 46 3/8     off    1 3/8</p>
<p>  Altera Corp	 5,406,400	 47 1/8     off    2 1/8</p>
<p>  Worldcom Inc	5,185,600	 23 9/16    up     5/16</p>
<p>  Parametric	  5,077,400	 42 3/4     up     1 3/8.</p>
</text>
<copyright>(c) Reuters Limited 1997</copyright>
<metadata>
<codes class="bip:countries:1.0">
  <code code="USA">
    <editdetail action="confirmed" attribution="Reuters BIP Coding Group" date="1997-04-10"/>
  </code>
</codes>
<codes class="bip:topics:1.0">
  <code code="M11">
    <editdetail action="confirmed" attribution="Reuters BIP Coding Group" date="1997-04-10"/>
  </code>
  <code code="MCAT">
    <editdetail action="confirmed" attribution="Reuters BIP Coding Group" date="1997-04-10"/>
  </code>
</codes>
<dc element="dc.publisher" value="Reuters Holdings Plc"/>
<dc element="dc.date.published" value="1997-04-10"/>
<dc element="dc.source" value="Reuters"/>
<dc element="dc.creator.location" value="NEW YORK"/>
<dc element="dc.creator.location.country.name" value="USA"/>
<dc element="dc.source" value="Reuters"/>
</metadata>
</newsitem>
