<?xml version="1.0" encoding="ISO-8859-1" standalone="no"?>
<newsitem date="1997-04-10" id="root" itemid="500407" xml:lang="en">
<title>PAKISTAN: Pakistan money market rates remain at high levels.</title>
<headline>Pakistan money market rates remain at high levels.</headline>
<dateline>KARACHI, Pakistan 1997-04-10</dateline>
<text>
<p>Pakistani money market rates remained at high levels on Thursday owing to a paucity of funds, dealers said.</p>
<p>Overnight market trades were dealt within a narrow range of 19 to 20 percent, a dealer at KASB &amp; Co said.</p>
<p>Heavy amounts were traded between 19.50 and 19.90 percent, he said. Four-day repos were also struck around 19 percent because of the fund shortage.</p>
<p>The market closed short and banks were seen queeing at the central bank discount window for amounts close to 1.5 billion rupees, he said. -- Ibrahim Khan 9221-5685192</p>
</text>
<copyright>(c) Reuters Limited 1997</copyright>
<metadata>
<codes class="bip:countries:1.0">
  <code code="PAKIS">
    <editdetail action="confirmed" attribution="Reuters BIP Coding Group" date="1997-04-10"/>
  </code>
</codes>
<codes class="bip:topics:1.0">
  <code code="M13">
    <editdetail action="confirmed" attribution="Reuters BIP Coding Group" date="1997-04-10"/>
  </code>
  <code code="M131">
    <editdetail action="confirmed" attribution="Reuters BIP Coding Group" date="1997-04-10"/>
  </code>
  <code code="MCAT">
    <editdetail action="confirmed" attribution="Reuters BIP Coding Group" date="1997-04-10"/>
  </code>
</codes>
<dc element="dc.date.created" value="1997-04-10"/>
<dc element="dc.publisher" value="Reuters Holdings Plc"/>
<dc element="dc.date.published" value="1997-04-10"/>
<dc element="dc.source" value="Reuters"/>
<dc element="dc.creator.location" value="KARACHI, Pakistan"/>
<dc element="dc.creator.location.country.name" value="PAKISTAN"/>
<dc element="dc.source" value="Reuters"/>
</metadata>
</newsitem>
