<?xml version="1.0" encoding="ISO-8859-1" standalone="no"?>
<newsitem date="1997-04-10" id="root" itemid="499983" xml:lang="en">
<title>USA: Pa. airport divestiture group calls for new agency.</title>
<headline>Pa. airport divestiture group calls for new agency.</headline>
<dateline>HARRISBURG, Pa. 1997-04-10</dateline>
<text>
<p>Pennsylvania State Transportation Secretary Bradley L Mallory announced Thursday that an advisory group of local citizens has recommended the creation of a regional aviation authority to pursue the acquisition and operation of the state-owned Harrisburg International and Capital City airports.</p>
<p>"These two airports contribute greatly to the economic vitality and quality of life in southcentral Pennsylvania," Mallory said in a statement. "It makes sense that they be run by an authority accountable to the people, businesses and industries that take advantage of the services provided by the airports."</p>
<p>Discussions about a local takeover of the airports began in last July with the creation of the Airport Divestiture Group (ADG), an advisory group of citizens from the counties of Cumberland, Dauphin and York and the cities of Harrisburg and York.</p>
<p>The ADG is recommending that each participating municipality consider passage of a resolution authorizing its participation in the Susquehanna Area Regional Aviation Authority (SARAA).</p>
<p>Membership would consist of three appointees from each county and two appointees from each city for a total of 13.</p>
<p>Suggested articles of incorporation would authorize the authority to "engage in acquiring, holding, constructing, financing, improving, maintaining, operating, owning and leasing all assets" of Harrisburg International Airport and the Capital City Airport, York County.</p>
<p>--U.S. Municipal Desk, 212-859-1650</p>
</text>
<copyright>(c) Reuters Limited 1997</copyright>
<metadata>
<codes class="bip:countries:1.0">
  <code code="USA">
    <editdetail action="confirmed" attribution="Reuters BIP Coding Group" date="1997-04-10"/>
  </code>
</codes>
<codes class="bip:industries:1.0">
  <code code="I76400">
    <editdetail action="confirmed" attribution="Reuters BIP Coding Group" date="1997-04-10"/>
  </code>
</codes>
<codes class="bip:topics:1.0">
  <code code="C13">
    <editdetail action="confirmed" attribution="Reuters BIP Coding Group" date="1997-04-10"/>
  </code>
  <code code="C18">
    <editdetail action="confirmed" attribution="Reuters BIP Coding Group" date="1997-04-10"/>
  </code>
  <code code="C181">
    <editdetail action="confirmed" attribution="Reuters BIP Coding Group" date="1997-04-10"/>
  </code>
  <code code="CCAT">
    <editdetail action="confirmed" attribution="Reuters BIP Coding Group" date="1997-04-10"/>
  </code>
</codes>
<dc element="dc.date.created" value="1997-04-10"/>
<dc element="dc.publisher" value="Reuters Holdings Plc"/>
<dc element="dc.date.published" value="1997-04-10"/>
<dc element="dc.source" value="Reuters"/>
<dc element="dc.creator.location" value="HARRISBURG, Pa."/>
<dc element="dc.creator.location.country.name" value="USA"/>
<dc element="dc.source" value="Reuters"/>
</metadata>
</newsitem>
