<?xml version="1.0" encoding="ISO-8859-1" standalone="no"?>
<newsitem date="1997-04-10" id="root" itemid="499932" xml:lang="en">
<title>USA: USDA plans Web site, seminar on farmers' risk mgmt.</title>
<headline>USDA plans Web site, seminar on farmers' risk mgmt.</headline>
<dateline>WASHINGTON 1997-04-10</dateline>
<text>
<p>Farmers puzzled by new financial instruments and programmes to protect their crops will soon have a site on the World Wide Web to help them separate the wheat from the chaff.</p>
<p>The Department of Agriculture said Thursday it planned to launch a Web page in the near-future to help farmers prepare for the removal of most federal controls on what farmers plant.</p>
<p>"There's been a profusion of new risk management tools to hit the market," said Ken Ackerman, acting administrator of the Agriculture Department's risk management agency. "This cannot be a one-size-fits-all operation."</p>
<p>The tools include crop insurance, revenue insurance, futures trading, so-called forward contracts, and other products that have sprung up since last year when Congress ended some 60 years of federal farm programmes. One of the major changes in the federal farm bill last year was the elimination of disaster payments for farmers.</p>
<p>The Web site will include educational materials, market information, fact sheets and contacts that farmers can use.</p>
<p>"A corn farmer in Iowa, a dairy farmer in Wisconsin and a citrus grower in Florida all have different needs," Ackerman said.</p>
</text>
<copyright>(c) Reuters Limited 1997</copyright>
<metadata>
<codes class="bip:countries:1.0">
  <code code="USA">
    <editdetail action="confirmed" attribution="Reuters BIP Coding Group" date="1997-04-10"/>
  </code>
</codes>
<codes class="bip:industries:1.0">
  <code code="I01001">
    <editdetail action="confirmed" attribution="Reuters BIP Coding Group" date="1997-04-10"/>
  </code>
  <code code="I33030">
    <editdetail action="confirmed" attribution="Reuters BIP Coding Group" date="1997-04-10"/>
  </code>
</codes>
<codes class="bip:topics:1.0">
  <code code="C21">
    <editdetail action="confirmed" attribution="Reuters BIP Coding Group" date="1997-04-10"/>
  </code>
  <code code="CCAT">
    <editdetail action="confirmed" attribution="Reuters BIP Coding Group" date="1997-04-10"/>
  </code>
  <code code="M14">
    <editdetail action="confirmed" attribution="Reuters BIP Coding Group" date="1997-04-10"/>
  </code>
  <code code="MCAT">
    <editdetail action="confirmed" attribution="Reuters BIP Coding Group" date="1997-04-10"/>
  </code>
</codes>
<dc element="dc.date.created" value="1997-04-10"/>
<dc element="dc.publisher" value="Reuters Holdings Plc"/>
<dc element="dc.date.published" value="1997-04-10"/>
<dc element="dc.source" value="Reuters"/>
<dc element="dc.creator.location" value="WASHINGTON"/>
<dc element="dc.creator.location.country.name" value="USA"/>
<dc element="dc.source" value="Reuters"/>
</metadata>
</newsitem>
