<?xml version="1.0" encoding="ISO-8859-1" standalone="no"?>
<newsitem date="1997-04-10" id="root" itemid="501802" xml:lang="en">
<title>GERMANY: PRESS DIGEST - Germany - April 10.</title>
<headline>PRESS DIGEST - Germany - April 10.</headline>
<dateline>BONN 1997-04-10</dateline>
<text>
<p>The following are the main stories from Thursday morning's German newspapers:</p>
<p>FRANKFURTER ALLGEMEINE ZEITUNG</p>
<p>- IG Metall wants 32-hour work week with differentiated wage compensation</p>
<p>- Polls put (Gerhard) Shroeder ahead of (Oskar) Lafontaine (in survey of preferred Social Democratic candidate to challenge Chancellor Helmut Kohl in 1998</p>
<p>- French President Jacques Chirac and Chancellor Helmut Kohl meet on Wednesday evening for informal talks</p>
<p>- Federal cabinet is very concerned about situation in the building sector</p>
<p>- Greens call for new policy on global warming</p>
<p>HANDELSBLATT</p>
<p>- (IG Metall chief Klaus) Zwickel wants the 32-hour work week</p>
<p>- (Daimler-Benz) opens new motor plant</p>
<p>- End of the building sector slump in 1998 at the earliest</p>
<p>- Dollar leaps to 1.71 billion marks</p>
<p>- Triumph of (music) CDs continues</p>
<p>- Siemens KWU to buy parts of Parsons Power Generation Systems Ltd</p>
<p>- Savings banks and Otelo to cooperate on joint calling card</p>
<p>SUEDDEUTSCHE ZEITUNG</p>
<p>- Zwickel proposes 32-hour work week</p>
<p>- Sloppiness (in tax accounting) could cost states billions</p>
<p>- Neo-Nazis use rock music as important propaganda tool</p>
<p>- DIW (economic institute) sees financial risks in tax reform</p>
<p>- Government sees recovery in building sector in 1998 at earliest; gross domestic product probably grew in first quarter</p>
<p>- Government "wise man" Rolf Peffekoven expects delay of European economic and monetary union</p>
<p>DIE WELT</p>
<p>- Zwickel calls for 32-hour work week; Zwickel's new coup</p>
<p>- Gerhard Schroeder (Social Democrat) tells Stern magazine "The candidacy for the chancellorship would be my dream"</p>
<p>- Waigel demands solidarity from (Christian Social Union) party leadership</p>
<p>- Employers reject Zwickel proposal (for 32-hour work week)</p>
<p>- Eighty-three percent of (German) firms manufacture abroad</p>
<p>- Building sector crisis endangers broader economy</p>
<p>-- Bonn Newsroom +49 228 26097160</p>
</text>
<copyright>(c) Reuters Limited 1997</copyright>
<metadata>
<codes class="bip:countries:1.0">
  <code code="GFR">
    <editdetail action="confirmed" attribution="Reuters BIP Coding Group" date="1997-04-10"/>
  </code>
</codes>
<codes class="bip:topics:1.0">
  <code code="GCAT">
    <editdetail action="confirmed" attribution="Reuters BIP Coding Group" date="1997-04-10"/>
  </code>
</codes>
<dc element="dc.date.created" value="1997-04-10"/>
<dc element="dc.publisher" value="Reuters Holdings Plc"/>
<dc element="dc.date.published" value="1997-04-10"/>
<dc element="dc.source" value="Reuters"/>
<dc element="dc.creator.location" value="BONN"/>
<dc element="dc.creator.location.country.name" value="GERMANY"/>
<dc element="dc.source" value="Reuters"/>
</metadata>
</newsitem>
