<?xml version="1.0" encoding="ISO-8859-1" standalone="no"?>
<newsitem date="1997-04-10" id="root" itemid="500844" xml:lang="en">
<title>UK: Smiths up, plays down Sextant talks.</title>
<headline>Smiths up, plays down Sextant talks.</headline>
<dateline>LONDON 1997-04-10</dateline>
<text>
<p>Shares in Smiths Industries Plc rose on Thursday, bouncing from Wednesday's decline amid positive press and analyst comment on the company's first-half results.</p>
<p>However the company played down a report in the Financial Times that it was in talks with French group Sextant Avionique aimed at securing a share of business on the Airbus programme.  </p>
<p>A spokesman for Smiths said the company had had regular talks with Sextant over several years but had so far reached no specific conclusion.</p>
<p>"We have had talks regularly (with Sextant) about possibilities in the aerospace market," the spokesman said, "there are a number of issues we talk about but when any announcement is likely to be made I don't know."</p>
<p>The spokesman said Smiths already had "teaming" arrangements with companies such as U.S. avionics group Rockwell Collins and the talks with Sextant could be aimed at establishing a similar arrangement with the French group.</p>
<p>Smiths Industries shares were up 8-1/2p at 793-1/2 by 1127 GMT in modest trade of 925,350 shares, after on Wednesday dropping 10-1/2p.  </p>
<p>Following Wednesday's results showing a 15 percent rise in pre-tax profit before one-off items to 80.2 million stg, the FT said the company had "strength in depth" and that prospects for European growth and a link with Sextant "promise further upside ahead."</p>
<p>Brokerages including Dresdner Kleinwort Benson and Panmure Gordon were positive on the stock today.</p>
<p>-- David Holmes, London Newsroom +44 171 542 4367</p>
</text>
<copyright>(c) Reuters Limited 1997</copyright>
<metadata>
<codes class="bip:countries:1.0">
  <code code="FRA">
    <editdetail action="confirmed" attribution="Reuters BIP Coding Group" date="1997-04-10"/>
  </code>
  <code code="UK">
    <editdetail action="confirmed" attribution="Reuters BIP Coding Group" date="1997-04-10"/>
  </code>
</codes>
<codes class="bip:industries:1.0">
  <code code="I34430">
    <editdetail action="confirmed" attribution="Reuters BIP Coding Group" date="1997-04-10"/>
  </code>
  <code code="I36400">
    <editdetail action="confirmed" attribution="Reuters BIP Coding Group" date="1997-04-10"/>
  </code>
  <code code="I3640010">
    <editdetail action="confirmed" attribution="Reuters BIP Coding Group" date="1997-04-10"/>
  </code>
</codes>
<codes class="bip:topics:1.0">
  <code code="C11">
    <editdetail action="confirmed" attribution="Reuters BIP Coding Group" date="1997-04-10"/>
  </code>
  <code code="C15">
    <editdetail action="confirmed" attribution="Reuters BIP Coding Group" date="1997-04-10"/>
  </code>
  <code code="C152">
    <editdetail action="confirmed" attribution="Reuters BIP Coding Group" date="1997-04-10"/>
  </code>
  <code code="C33">
    <editdetail action="confirmed" attribution="Reuters BIP Coding Group" date="1997-04-10"/>
  </code>
  <code code="CCAT">
    <editdetail action="confirmed" attribution="Reuters BIP Coding Group" date="1997-04-10"/>
  </code>
</codes>
<dc element="dc.date.created" value="1997-04-10"/>
<dc element="dc.publisher" value="Reuters Holdings Plc"/>
<dc element="dc.date.published" value="1997-04-10"/>
<dc element="dc.source" value="Reuters"/>
<dc element="dc.creator.location" value="LONDON"/>
<dc element="dc.creator.location.country.name" value="UK"/>
<dc element="dc.source" value="Reuters"/>
</metadata>
</newsitem>
