<?xml version="1.0" encoding="ISO-8859-1" standalone="no"?>
<newsitem date="1997-04-10" id="root" itemid="500724" xml:lang="en">
<title>USA: Buckle March same-store sales up.</title>
<headline>Buckle March same-store sales up.</headline>
<dateline>KEARNEY, Neb. 1997-04-10</dateline>
<text>
<p>Buckle Inc said Thursday that same-store sales for the five weeks ended April 5 rose 12.9 percent from the year-ago period.</p>
<p>Total sales increased 23.6 percent, to $20.8 million from $16.8 million.  </p>
<p>Net sales year-to-date for the nine weeks ended April 5 increased 21.2 percent from a year ago, to $34.2 million from $28.2 million. Comparable-store sales year-to-date were up 11.1 percent.</p>
<p>((--Chicago Newsdesk (312) 408-8787))</p>
</text>
<copyright>(c) Reuters Limited 1997</copyright>
<metadata>
<codes class="bip:countries:1.0">
  <code code="USA">
    <editdetail action="confirmed" attribution="Reuters BIP Coding Group" date="1997-04-10"/>
  </code>
</codes>
<codes class="bip:industries:1.0">
  <code code="I64500">
    <editdetail action="confirmed" attribution="Reuters BIP Coding Group" date="1997-04-10"/>
  </code>
</codes>
<codes class="bip:topics:1.0">
  <code code="C31">
    <editdetail action="confirmed" attribution="Reuters BIP Coding Group" date="1997-04-10"/>
  </code>
  <code code="CCAT">
    <editdetail action="confirmed" attribution="Reuters BIP Coding Group" date="1997-04-10"/>
  </code>
</codes>
<dc element="dc.date.created" value="1997-04-10"/>
<dc element="dc.publisher" value="Reuters Holdings Plc"/>
<dc element="dc.date.published" value="1997-04-10"/>
<dc element="dc.source" value="Reuters"/>
<dc element="dc.creator.location" value="KEARNEY, Neb."/>
<dc element="dc.creator.location.country.name" value="USA"/>
<dc element="dc.source" value="Reuters"/>
</metadata>
</newsitem>
