<?xml version="1.0" encoding="ISO-8859-1" standalone="no"?>
<newsitem date="1997-04-10" id="root" itemid="500805" xml:lang="en">
<title>UK: UK notes in circulation rise adjusted 3.1 pct.</title>
<headline>UK notes in circulation rise adjusted 3.1 pct.</headline>
<dateline>LONDON 1997-04-10</dateline>
<text>
<p>British bank notes in circulation rose an adjusted 3.1 percent in the week to April 9 over the equivalent year-ago week, data released by the Bank of England showed. Last week the annual adjusted rise was 6.5 percent.</p>
<p>The Bank of England said the low growth figure in the latest week was because Easter fell into the comparable week last year. In the week to April 10 last year, there was an annual rise in notes in circulation of 6.8 percent.  </p>
<p>NOTES IN CIRCULATION (in rounded bln stg) -</p>
<p>				Latest week  pvs week	yr-ago week</p>
<p> Notes in circulation     21.13	  21.81	   20.49</p>
<p> Bankers' deposits	   2.03	  1.94	     2.03</p>
<p>-- London Newsroom +44 171 542 7715</p>
</text>
<copyright>(c) Reuters Limited 1997</copyright>
<metadata>
<codes class="bip:countries:1.0">
  <code code="UK">
    <editdetail action="confirmed" attribution="Reuters BIP Coding Group" date="1997-04-10"/>
  </code>
</codes>
<codes class="bip:topics:1.0">
  <code code="E12">
    <editdetail action="confirmed" attribution="Reuters BIP Coding Group" date="1997-04-10"/>
  </code>
  <code code="E121">
    <editdetail action="confirmed" attribution="Reuters BIP Coding Group" date="1997-04-10"/>
  </code>
  <code code="ECAT">
    <editdetail action="confirmed" attribution="Reuters BIP Coding Group" date="1997-04-10"/>
  </code>
</codes>
<dc element="dc.date.created" value="1997-04-10"/>
<dc element="dc.publisher" value="Reuters Holdings Plc"/>
<dc element="dc.date.published" value="1997-04-10"/>
<dc element="dc.source" value="Reuters"/>
<dc element="dc.creator.location" value="LONDON"/>
<dc element="dc.creator.location.country.name" value="UK"/>
<dc element="dc.source" value="Reuters"/>
</metadata>
</newsitem>
