<?xml version="1.0" encoding="ISO-8859-1" standalone="no"?>
<newsitem date="1997-04-10" id="root" itemid="501645" xml:lang="en">
<title>THAILAND: Charoen, Bangkok Produce enter insurance.</title>
<headline>Charoen, Bangkok Produce enter insurance.</headline>
<dateline>BANGKOK 1997-04-10</dateline>
<text>
<p>Charoen Pokphand Feedmill Plc said on Thursday it would invest in non-life insurance business Charoen Pokphand Insurance Co Ltd, to be established after receiving approval from the Thai cabinet last month.</p>
<p>Charoen Pokphand Feedmill said in a filing to the Stock Exchange of Thailand (SET) that it would buy 18 percent of the total 30 million ordinary shares at par 10 baht.</p>
<p>Meanwhile, Bangkok Produce Merchandising Plc also said in another filing to the SET that it would take eight percent of the total shares in Charoen Pokphand Insurance.</p>
<p>Charoen Pokphand Feedmill, Bangkok Produce Merchandising and Charoen Pokphand Insurance are subsidiaries of Charoen Pokphand Group, Thailand's major conglomerate.</p>
<p>-- Bangkok newsroom (662) 652-0642</p>
</text>
<copyright>(c) Reuters Limited 1997</copyright>
<metadata>
<codes class="bip:countries:1.0">
  <code code="THAIL">
    <editdetail action="confirmed" attribution="Reuters BIP Coding Group" date="1997-04-10"/>
  </code>
</codes>
<codes class="bip:industries:1.0">
  <code code="I01001">
    <editdetail action="confirmed" attribution="Reuters BIP Coding Group" date="1997-04-10"/>
  </code>
  <code code="I42210">
    <editdetail action="confirmed" attribution="Reuters BIP Coding Group" date="1997-04-10"/>
  </code>
  <code code="I82003">
    <editdetail action="confirmed" attribution="Reuters BIP Coding Group" date="1997-04-10"/>
  </code>
</codes>
<codes class="bip:topics:1.0">
  <code code="C11">
    <editdetail action="confirmed" attribution="Reuters BIP Coding Group" date="1997-04-10"/>
  </code>
  <code code="C13">
    <editdetail action="confirmed" attribution="Reuters BIP Coding Group" date="1997-04-10"/>
  </code>
  <code code="CCAT">
    <editdetail action="confirmed" attribution="Reuters BIP Coding Group" date="1997-04-10"/>
  </code>
</codes>
<dc element="dc.date.created" value="1997-04-10"/>
<dc element="dc.publisher" value="Reuters Holdings Plc"/>
<dc element="dc.date.published" value="1997-04-10"/>
<dc element="dc.source" value="Reuters"/>
<dc element="dc.creator.location" value="BANGKOK"/>
<dc element="dc.creator.location.country.name" value="THAILAND"/>
<dc element="dc.source" value="Reuters"/>
</metadata>
</newsitem>
