<?xml version="1.0" encoding="ISO-8859-1" standalone="no"?>
<newsitem date="1997-04-10" id="root" itemid="500671" xml:lang="en">
<title>USA: Exabyte Corp Q1 shr down.</title>
<headline>Exabyte Corp Q1 shr down.</headline>
<dateline>BOULDER, Colo. 1997-04-10</dateline>
<text>
<p>EXABYTE CORPORATION AND SUBSIDIARIES</p>
<p>			  CONSOLIDATED STATEMENTS OF OPERATIONS</p>
<p>					   (Unaudited)</p>
<p>			  (In thousands, except per share data)</p>
<p>							  Three Months Ended</p>
<p>						   March 29	March 30,</p>
<p>							 1997	     1996</p>
<p>     Net sales				  $85,425	  $93,818</p>
<p>     Cost of sales			     62,187	   68,277</p>
<p>     Gross profit				23,238	   25,541</p>
<p>Operating expenses:</p>
<p>	   Selling, general and administrative</p>
<p>						     12,738	   10,509</p>
<p>	   Research and development	   9,345	   10,029</p>
<p>     Income from operations		   1,155	    5,003</p>
<p>     Other income, net			    442		144</p>
<p>     Income before income taxes	     1,597	    5,147</p>
<p>     Provision for income taxes		 543	    1,853</p>
<p>     Net income				  $1,054	   $3,294</p>
<p>     Net income per share		     $0.05	    $0.15</p>
<p>Common and common</p>
<p>	   equivalent shares used in the</p>
<p>	   calculation of net income</p>
<p>	   per share			     22,360	   22,089</p>
</text>
<copyright>(c) Reuters Limited 1997</copyright>
<metadata>
<codes class="bip:countries:1.0">
  <code code="USA">
    <editdetail action="confirmed" attribution="Reuters BIP Coding Group" date="1997-04-10"/>
  </code>
</codes>
<codes class="bip:industries:1.0">
  <code code="I33020">
    <editdetail action="confirmed" attribution="Reuters BIP Coding Group" date="1997-04-10"/>
  </code>
  <code code="I3302019">
    <editdetail action="confirmed" attribution="Reuters BIP Coding Group" date="1997-04-10"/>
  </code>
</codes>
<codes class="bip:topics:1.0">
  <code code="C15">
    <editdetail action="confirmed" attribution="Reuters BIP Coding Group" date="1997-04-10"/>
  </code>
  <code code="C151">
    <editdetail action="confirmed" attribution="Reuters BIP Coding Group" date="1997-04-10"/>
  </code>
  <code code="CCAT">
    <editdetail action="confirmed" attribution="Reuters BIP Coding Group" date="1997-04-10"/>
  </code>
</codes>
<dc element="dc.date.created" value="1997-04-10"/>
<dc element="dc.publisher" value="Reuters Holdings Plc"/>
<dc element="dc.date.published" value="1997-04-10"/>
<dc element="dc.source" value="Reuters"/>
<dc element="dc.creator.location" value="BOULDER, Colo."/>
<dc element="dc.creator.location.country.name" value="USA"/>
<dc element="dc.source" value="Reuters"/>
</metadata>
</newsitem>
