<?xml version="1.0" encoding="ISO-8859-1" standalone="no"?>
<newsitem date="1997-04-10" id="root" itemid="500453" xml:lang="en">
<title>INDIA: India cotton prices fall as transport strike ends.</title>
<headline>India cotton prices fall as transport strike ends.</headline>
<dateline>BOMBAY 1997-04-10</dateline>
<text>
<p>Indian cotton prices on Thursday fell as a 10-day-old nationwide transport strike ending giving rise to more supplies coming into the market, dealers said.</p>
<p>Mill demand remained slow but stockists were booking profit as transport unions on Wednesday called off their strike that has crippled the economy.</p>
<p>Unions in Bombay said however they were continuing the protest until the Maharashtra state government withdrew local increases in vehicle and sales tax.</p>
<p>"Last week arrivals remained very slow due to the strike by the truckers but now supplies will pick up as transport operators will ply again," one broker said.</p>
<p>In spot deals Bengal-deshi slid by 10/15 rupees at 900/950 rupees per maund (37.32 kg) while Punjab saw-ginned fell by 10/25 rupees at 1,550/1,660 rupees per maund. F-414 fell by 20 rupees at 1,890/1,920 rupees per maund. Gujarat cotton on the other hand remained steady at the improved level amid shortage of superior varieties as well as limited activity.</p>
<p>Sentiments for the average and medium cotton remained subdued at the close on reports that Indian cotton yarn exporters were facing competition from neighbouring Pakistan.</p>
<p>Dealers said this competition may curtail export of yarn from India which in turn would lower the offtake of cotton by spinning mills.</p>
<p>-- Bombay Commodities +91-22-265 9000</p>
</text>
<copyright>(c) Reuters Limited 1997</copyright>
<metadata>
<codes class="bip:countries:1.0">
  <code code="INDIA">
    <editdetail action="confirmed" attribution="Reuters BIP Coding Group" date="1997-04-10"/>
  </code>
</codes>
<codes class="bip:topics:1.0">
  <code code="M14">
    <editdetail action="confirmed" attribution="Reuters BIP Coding Group" date="1997-04-10"/>
  </code>
  <code code="M141">
    <editdetail action="confirmed" attribution="Reuters BIP Coding Group" date="1997-04-10"/>
  </code>
  <code code="MCAT">
    <editdetail action="confirmed" attribution="Reuters BIP Coding Group" date="1997-04-10"/>
  </code>
</codes>
<dc element="dc.date.created" value="1997-04-10"/>
<dc element="dc.publisher" value="Reuters Holdings Plc"/>
<dc element="dc.date.published" value="1997-04-10"/>
<dc element="dc.source" value="Reuters"/>
<dc element="dc.creator.location" value="BOMBAY"/>
<dc element="dc.creator.location.country.name" value="INDIA"/>
<dc element="dc.source" value="Reuters"/>
</metadata>
</newsitem>
