<?xml version="1.0" encoding="ISO-8859-1" standalone="no"?>
<newsitem date="1997-04-10" id="root" itemid="500280" xml:lang="en">
<title>ITALY: Stet says Sirti sale time not set.</title>
<headline>Stet says Sirti sale time not set.</headline>
<dateline>ROME 1997-04-10</dateline>
<text>
<p>Italian state-controlled telecoms holding Stet said on Thursday no time had yet been set for the sale of its cable-making unit Sirti.</p>
<p>Financial daily Il Sole 24 Ore said earlier that Stet, which is due to be privatised later this year after merging with its fixed-line operator Telecom Italia, would sell off the unit by the summer.</p>
<p>"Various hypotheses are still under consideration...thus no decision has yet been taken," Stet said in a brief statement.</p>
<p>Stet is due to put on the market its 48.9 percent stake in Sirti which is already quoted on the Milan bourse.</p>
<p>Il Sole had said Stet would also separately sell off its 50 percent stake in telecoms systems maker Italtel of which Germany's Siemens holds the rest.</p>
<p>But a longer time-frame was seen for that sale after plans to merge Sirti with Italtel appeared to have been dropped, it said.</p>
<p>Il Sole added that the Treasury, Stet's main shareholder, was also studying plans for the liquidation of Stet's heavy loss-making MMP advertising agency.</p>
<p>-- Rome newsroom +396 678 2501</p>
</text>
<copyright>(c) Reuters Limited 1997</copyright>
<metadata>
<codes class="bip:countries:1.0">
  <code code="ITALY">
    <editdetail action="confirmed" attribution="Reuters BIP Coding Group" date="1997-04-10"/>
  </code>
</codes>
<codes class="bip:industries:1.0">
  <code code="I34400">
    <editdetail action="confirmed" attribution="Reuters BIP Coding Group" date="1997-04-10"/>
  </code>
  <code code="I79020">
    <editdetail action="confirmed" attribution="Reuters BIP Coding Group" date="1997-04-10"/>
  </code>
</codes>
<codes class="bip:topics:1.0">
  <code code="C18">
    <editdetail action="confirmed" attribution="Reuters BIP Coding Group" date="1997-04-10"/>
  </code>
  <code code="C183">
    <editdetail action="confirmed" attribution="Reuters BIP Coding Group" date="1997-04-10"/>
  </code>
  <code code="CCAT">
    <editdetail action="confirmed" attribution="Reuters BIP Coding Group" date="1997-04-10"/>
  </code>
</codes>
<dc element="dc.date.created" value="1997-04-10"/>
<dc element="dc.publisher" value="Reuters Holdings Plc"/>
<dc element="dc.date.published" value="1997-04-10"/>
<dc element="dc.source" value="Reuters"/>
<dc element="dc.creator.location" value="ROME"/>
<dc element="dc.creator.location.country.name" value="ITALY"/>
<dc element="dc.source" value="Reuters"/>
</metadata>
</newsitem>
