<?xml version="1.0" encoding="ISO-8859-1" standalone="no"?>
<newsitem date="1997-04-10" id="root" itemid="500756" xml:lang="en">
<title>USA: Equitable to sell Lend Lease a unit.</title>
<headline>Equitable to sell Lend Lease a unit.</headline>
<dateline>NEW YORK 1997-04-10</dateline>
<text>
<p>The Equitable Cos Inc of the U.S. said on Thursday it signed a definitive agreement for Australia's Lend Lease Corp to buy its Equitable Real Estate Investment Management Inc unit for $400 million.</p>
<p>Lend Lease is an international property and financial services company based in Sydney and Equitable Real Estate is the U.S.'s largest manager of pension fund assets invested in real estate, the company said.</p>
<p>Lend Lease would pay Equitable $300 million in cash and $100 million in an eight-year note, Equitable said.  </p>
<p>The new company formed by Lend Lease's acquisition of Equitable Real Estate would establish a global real estate company active on five continents with combined real estate assets under management of nearly $35 billion, including more than 60 investment funds, Equitable said.</p>
<p>The sale would include Equitable Real Estate's investment management business, two property management subsidiaries -- COMPASS Management and Leasing Inc, its mortgage unit COMPASS Retail Inc and ERE Rosen, a REIT management firm, it said.</p>
<p>The transaction was expected to close in the second quarter and was contingent on regulatory approval, it said.  </p>
<p>"This transaction allows Equitable to realise the substantial equity built up in our successful real estate subsidiary over the years, and to retain its superior investment services on an ongoing basis to oversee our existing portfolios," Joseph Melone, president and chief executive officer of The Equitable Cos, said.</p>
<p>Melone said the sale was consistent with its strategy to reduce investment in real estate and concentrate on growing Equitable's core insurance and annuity businesses.  </p>
<p>Equitable said Lend Lease would merge Equitable Real Estate with its U.S. real estate advisory firm Yarmouth Group. The new company would be called ERE/Yarmouth.</p>
<p>George Puskar, Equitable Real Estate's chairman, would serve as chairman and Matthew Banks, chief executive officer of Lend Lease Global Real Estate, will become chief executive officer of ERE/Yarmouth, the company said.</p>
<p>Under terms of the deal, ERE/Yarmouth would still serve as adviser for the real estate assets of Equitable Life's general account and for its real estate separate accounts.</p>
<p>Including $10 billion from Equitable's General Account, Equitable has $25 billion in assets under management and ranks as the largest U.S. manager of tax exempt real estate assets, as well as the country's third biggest property management firm. Its clients include 300 major U.S. corporate, public and union pension funds, and international investors, it said.</p>
<p>J.P. Morgan acted as exclusive adviser to The Equitable for this transaction.</p>
<p>Lend Lease first announced it entered talks with Equitable at the start of January.</p>
<p>(New York newsdesk 212-859-1610)</p>
</text>
<copyright>(c) Reuters Limited 1997</copyright>
<metadata>
<codes class="bip:countries:1.0">
  <code code="AUSTR">
    <editdetail action="confirmed" attribution="Reuters BIP Coding Group" date="1997-04-10"/>
  </code>
  <code code="USA">
    <editdetail action="confirmed" attribution="Reuters BIP Coding Group" date="1997-04-10"/>
  </code>
</codes>
<codes class="bip:industries:1.0">
  <code code="I82000">
    <editdetail action="confirmed" attribution="Reuters BIP Coding Group" date="1997-04-10"/>
  </code>
  <code code="I85000">
    <editdetail action="confirmed" attribution="Reuters BIP Coding Group" date="1997-04-10"/>
  </code>
</codes>
<codes class="bip:topics:1.0">
  <code code="C18">
    <editdetail action="confirmed" attribution="Reuters BIP Coding Group" date="1997-04-10"/>
  </code>
  <code code="C181">
    <editdetail action="confirmed" attribution="Reuters BIP Coding Group" date="1997-04-10"/>
  </code>
  <code code="CCAT">
    <editdetail action="confirmed" attribution="Reuters BIP Coding Group" date="1997-04-10"/>
  </code>
</codes>
<dc element="dc.date.created" value="1997-04-10"/>
<dc element="dc.publisher" value="Reuters Holdings Plc"/>
<dc element="dc.date.published" value="1997-04-10"/>
<dc element="dc.source" value="Reuters"/>
<dc element="dc.creator.location" value="NEW YORK"/>
<dc element="dc.creator.location.country.name" value="USA"/>
<dc element="dc.source" value="Reuters"/>
</metadata>
</newsitem>
