<?xml version="1.0" encoding="ISO-8859-1" standalone="no"?>
<newsitem date="1997-04-10" id="root" itemid="501116" xml:lang="en">
<title>FINLAND: Finnish fund managers see strong demand for issues.</title>
<headline>Finnish fund managers see strong demand for issues.</headline>
<byline>Veera Heinonen</byline>
<dateline>HELSINKI 1997-04-10</dateline>
<text>
<p>Demand for share issues and new public offerings followed by stock exchange listings is expected to remain strong despite the current jittery market situation, Finnish fund managers said on Thursday.</p>
<p>Sentiment on the Helsinki bourse turned bearish in line with overseas markets in mid-March, after the HEX general index had gained some 20 percent in a record-breaking streak from the start of the year.</p>
<p>But fund managers said pricing was the key to unleash demand, not necessarily the market sentiment.</p>
<p>"The prospects for issues remain good as long as they are adequately priced," said Evli fund manager Henrik Damsten.</p>
<p>Big chunks of the share issues and IPO's are sold overseas and fund managers said that demand from foreign investors has remained strong.</p>
<p>Alfred Berg fund manager Tim Hermansson said big Finnish companies with foreign ownership were attracting the same investors to invest in smaller firms as well.</p>
<p>"There are several big international companies listed on the Helsinki bourse which have big foreign investors among their owners, and these are the ones who are likely to invest in new offerings as well," he said.</p>
<p>A recent example of a successful listing was cablemaker PK Cables Oy, whose offering of 2.6 million shares was 10 times oversubscribed.</p>
<p>Foreign investors subscribed 31.5 percent of the PK-Cables shares on offer and would have bought a lot more if any had been available, IPO lead manager Carnegie said.</p>
<p>"If it were possible, all of the offerings would go overseas," Damsten said.</p>
<p>Aluminium profiles and components maker  Nordic Aluminium is the next in line for a listing. Its initial public offering started on April 9 and is due to end on April 17. Trade in the share is expected to start on April 24.</p>
<p>A further privatisation of steel group Rautaruukki Oy will go ahead this year in a form of a new share issue. The plans are to reduce the Finnish state's ownership to below 50 percent from current 68.7 percent.</p>
<p>--Helsinki newsroom +358-9-680 50 240, news@reuters.fi</p>
</text>
<copyright>(c) Reuters Limited 1997</copyright>
<metadata>
<codes class="bip:countries:1.0">
  <code code="FIN">
    <editdetail action="confirmed" attribution="Reuters BIP Coding Group" date="1997-04-10"/>
  </code>
</codes>
<codes class="bip:industries:1.0">
  <code code="I22100">
    <editdetail action="confirmed" attribution="Reuters BIP Coding Group" date="1997-04-10"/>
  </code>
  <code code="I34340">
    <editdetail action="confirmed" attribution="Reuters BIP Coding Group" date="1997-04-10"/>
  </code>
</codes>
<codes class="bip:topics:1.0">
  <code code="C17">
    <editdetail action="confirmed" attribution="Reuters BIP Coding Group" date="1997-04-10"/>
  </code>
  <code code="C171">
    <editdetail action="confirmed" attribution="Reuters BIP Coding Group" date="1997-04-10"/>
  </code>
  <code code="CCAT">
    <editdetail action="confirmed" attribution="Reuters BIP Coding Group" date="1997-04-10"/>
  </code>
  <code code="M11">
    <editdetail action="confirmed" attribution="Reuters BIP Coding Group" date="1997-04-10"/>
  </code>
  <code code="MCAT">
    <editdetail action="confirmed" attribution="Reuters BIP Coding Group" date="1997-04-10"/>
  </code>
</codes>
<dc element="dc.date.created" value="1997-04-10"/>
<dc element="dc.publisher" value="Reuters Holdings Plc"/>
<dc element="dc.date.published" value="1997-04-10"/>
<dc element="dc.source" value="Reuters"/>
<dc element="dc.creator.location" value="HELSINKI"/>
<dc element="dc.creator.location.country.name" value="FINLAND"/>
<dc element="dc.source" value="Reuters"/>
</metadata>
</newsitem>
