<?xml version="1.0" encoding="ISO-8859-1" standalone="no"?>
<newsitem date="1997-04-10" id="root" itemid="500105" xml:lang="en">
<title>USA: ARCO wins approval for North Sea gas project.</title>
<headline>ARCO wins approval for North Sea gas project.</headline>
<dateline>LOS ANGELES 1997-04-10</dateline>
<text>
<p>Atlantic Richfield Co said Thursday its ARCO British Limited unit and partners received approval from the British government to develope two natural gas and condensate projects in the Central North Sea.</p>
<p>The combined projects are estimated to contain just under 100 million barrels of recoverable oil equivalent, net to ARCO.</p>
<p>One project, Shearwater field, is due to come onstream in 2000, and will generate 400 million cubic feet per day (mmcfd) of natural gas and 80,000 barrels-per-day (bpd) of condensate when producing at capacity, the company said.</p>
<p>A second project, the Elgin/Franklin fields, also due on-stream in April 2000, will generate 500 mmcfd of natural gas and 160,000 bpd of condensate at capacity.</p>
<p>ARCO holds a 27.5 percent interest in the Shearwater project, which will be operated by Royal Dutch/Shell Group's Shell U.K. Exploration and Production.</p>
<p>It holds a 1.76 percent interest in the Elgin/Franklin fields, operated by Elf Aquitaine's Elf U.K., plc.</p>
<p>Discovered in 1991, Shearwater is a high pressure, high temperature field located 125 miles east of Aberdeen, Scotland in about 300 feet of water.</p>
<p>Gas from the field will be exported to the Bacton terminal via a $600 million, 300-mile pipeline named the Shearwater Elgin Area Line (SEAL).</p>
<p>The SEAL pipeline will be jointly owned by the Shearwater partners and partners in the Elgin/Franklin fields.  Liquids from all the fields will be sent via a spur line into the existing Forties Pipeline System.</p>
<p>((David Brinkerhoff, Los Angeles bureau +1 213 380 2014))</p>
</text>
<copyright>(c) Reuters Limited 1997</copyright>
<metadata>
<codes class="bip:countries:1.0">
  <code code="FRA">
    <editdetail action="confirmed" attribution="Reuters BIP Coding Group" date="1997-04-10"/>
  </code>
  <code code="NETH">
    <editdetail action="confirmed" attribution="Reuters BIP Coding Group" date="1997-04-10"/>
  </code>
  <code code="UK">
    <editdetail action="confirmed" attribution="Reuters BIP Coding Group" date="1997-04-10"/>
  </code>
  <code code="USA">
    <editdetail action="confirmed" attribution="Reuters BIP Coding Group" date="1997-04-10"/>
  </code>
</codes>
<codes class="bip:industries:1.0">
  <code code="I13000">
    <editdetail action="confirmed" attribution="Reuters BIP Coding Group" date="1997-04-10"/>
  </code>
  <code code="I1300003">
    <editdetail action="confirmed" attribution="Reuters BIP Coding Group" date="1997-04-10"/>
  </code>
  <code code="I14000">
    <editdetail action="confirmed" attribution="Reuters BIP Coding Group" date="1997-04-10"/>
  </code>
</codes>
<codes class="bip:topics:1.0">
  <code code="C13">
    <editdetail action="confirmed" attribution="Reuters BIP Coding Group" date="1997-04-10"/>
  </code>
  <code code="C24">
    <editdetail action="confirmed" attribution="Reuters BIP Coding Group" date="1997-04-10"/>
  </code>
  <code code="CCAT">
    <editdetail action="confirmed" attribution="Reuters BIP Coding Group" date="1997-04-10"/>
  </code>
</codes>
<dc element="dc.date.created" value="1997-04-10"/>
<dc element="dc.publisher" value="Reuters Holdings Plc"/>
<dc element="dc.date.published" value="1997-04-10"/>
<dc element="dc.source" value="Reuters"/>
<dc element="dc.creator.location" value="LOS ANGELES"/>
<dc element="dc.creator.location.country.name" value="USA"/>
<dc element="dc.source" value="Reuters"/>
</metadata>
</newsitem>
