<?xml version="1.0" encoding="ISO-8859-1" standalone="no"?>
<newsitem date="1997-04-10" id="root" itemid="501232" xml:lang="en">
<title>SWEDEN: NCC says to keep restructuring real estate.</title>
<headline>NCC says to keep restructuring real estate.</headline>
<dateline>STOCKHOLM 1997-04-10</dateline>
<text>
<p>Swedish construction company NCC said on Thursday it will keep reducing its real estate holdings through restructuring.</p>
<p>"The aim is to reduce the real estate portfolio through large structurual solutions and further concentrate the holdings," NCC chief executive Jan Sjokvist said in the company's 1996 annual report.</p>
<p>Creating NK Cityfastigheter, which NCC recently spun off and listed on the Stockholm Stock Exchange, was part of this restructuring, he said.</p>
<p>NCC will also boost its reported return on its real estate operations.</p>
<p>"In 1996, the return before tax amounted to 5.4 percent," he said. "The aim is to increase the reported return through a number of operative and structural measures."</p>
<p>-- Stockholm newsroom +46-8-700 1011</p>
</text>
<copyright>(c) Reuters Limited 1997</copyright>
<metadata>
<codes class="bip:countries:1.0">
  <code code="SWED">
    <editdetail action="confirmed" attribution="Reuters BIP Coding Group" date="1997-04-10"/>
  </code>
</codes>
<codes class="bip:industries:1.0">
  <code code="I50100">
    <editdetail action="confirmed" attribution="Reuters BIP Coding Group" date="1997-04-10"/>
  </code>
</codes>
<codes class="bip:topics:1.0">
  <code code="C11">
    <editdetail action="confirmed" attribution="Reuters BIP Coding Group" date="1997-04-10"/>
  </code>
  <code code="C21">
    <editdetail action="confirmed" attribution="Reuters BIP Coding Group" date="1997-04-10"/>
  </code>
  <code code="CCAT">
    <editdetail action="confirmed" attribution="Reuters BIP Coding Group" date="1997-04-10"/>
  </code>
</codes>
<dc element="dc.date.created" value="1997-04-10"/>
<dc element="dc.publisher" value="Reuters Holdings Plc"/>
<dc element="dc.date.published" value="1997-04-10"/>
<dc element="dc.source" value="Reuters"/>
<dc element="dc.creator.location" value="STOCKHOLM"/>
<dc element="dc.creator.location.country.name" value="SWEDEN"/>
<dc element="dc.source" value="Reuters"/>
</metadata>
</newsitem>
