<?xml version="1.0" encoding="ISO-8859-1" standalone="no"?>
<newsitem date="1997-04-10" id="root" itemid="500382" xml:lang="en">
<title>INDIA: Stocks which moved India's BSE Index - April 10.</title>
<headline>Stocks which moved India's BSE Index - April 10.</headline>
<dateline>BOMBAY 1997-04-10</dateline>
<text>
<p>Following is an analysis of the 30-share Bombay Stock Exchange (BSE) index movement at the close of trade on Thursday.</p>
<p>The table shows the stocks which moved the index most during the day and their percentage contribution to the net change.</p>
<p>The index at the close was 3598.37, 52.51 points or 1.44 percent lower than Wednesday's close.</p>
<p>.</p>
<p> STOCK		  Percent	Percent</p>
<p>			 change in    change in</p>
<p>			   Index	  Stock</p>
<p>---------------------------------------------------</p>
<p>MTNL			0.080	  1.12</p>
<p>SAIL			0.046	  1.20</p>
<p>BHEL			0.005	  0.13</p>
<p>Grasim		   -0.003	 -0.28</p>
<p>Glaxo India	    -0.005	 -0.72</p>
<p>Ranbaxy Lab	    -0.007	 -0.50</p>
<p>HPCL		     -0.009	 -0.26</p>
<p>G E Shipping	   -0.010	 -2.03</p>
<p>Arvind Mills	   -0.011	 -1.78</p>
<p>Gujarat Ambuja	 -0.015	 -1.75</p>
<p>Hindalco		 -0.017	 -0.56</p>
<p>M&amp;M			-0.018	 -1.24</p>
<p>ACC			 -0.019	 -2.25</p>
<p>Tata Power	     -0.021	 -3.07</p>
<p>Colgate		  -0.021	 -1.22</p>
<p>Nestle India	   -0.026	 -2.61</p>
<p>BSES		     -0.027	 -2.00</p>
<p>Tata Chem		-0.030	 -2.31</p>
<p>Indian Hotels	  -0.031	 -2.27</p>
<p>ICICI		    -0.040	 -3.64</p>
<p>IPCL		     -0.044	 -2.70</p>
<p>ITC			 -0.049	 -1.16</p>
<p>Bajaj Auto	     -0.051	 -1.49</p>
<p>IDBI		     -0.060	 -2.17</p>
<p>L&amp;T			-0.061	 -2.55</p>
<p>TISCO		    -0.065	 -2.37</p>
<p>HLL			 -0.102	 -1.48</p>
<p>TELCO		    -0.145	 -3.33</p>
<p>Reliance		 -0.162	 -2.83</p>
<p>SBI			 -0.210	 -3.16</p>
<p>-- Bombay newsroom +91 22 265 9000</p>
</text>
<copyright>(c) Reuters Limited 1997</copyright>
<metadata>
<codes class="bip:countries:1.0">
  <code code="INDIA">
    <editdetail action="confirmed" attribution="Reuters BIP Coding Group" date="1997-04-10"/>
  </code>
</codes>
<codes class="bip:industries:1.0">
  <code code="I14000">
    <editdetail action="confirmed" attribution="Reuters BIP Coding Group" date="1997-04-10"/>
  </code>
  <code code="I16100">
    <editdetail action="confirmed" attribution="Reuters BIP Coding Group" date="1997-04-10"/>
  </code>
  <code code="I22100">
    <editdetail action="confirmed" attribution="Reuters BIP Coding Group" date="1997-04-10"/>
  </code>
  <code code="I22450">
    <editdetail action="confirmed" attribution="Reuters BIP Coding Group" date="1997-04-10"/>
  </code>
  <code code="I24200">
    <editdetail action="confirmed" attribution="Reuters BIP Coding Group" date="1997-04-10"/>
  </code>
  <code code="I25000">
    <editdetail action="confirmed" attribution="Reuters BIP Coding Group" date="1997-04-10"/>
  </code>
  <code code="I25700">
    <editdetail action="confirmed" attribution="Reuters BIP Coding Group" date="1997-04-10"/>
  </code>
  <code code="I26000">
    <editdetail action="confirmed" attribution="Reuters BIP Coding Group" date="1997-04-10"/>
  </code>
  <code code="I34200">
    <editdetail action="confirmed" attribution="Reuters BIP Coding Group" date="1997-04-10"/>
  </code>
  <code code="I35102">
    <editdetail action="confirmed" attribution="Reuters BIP Coding Group" date="1997-04-10"/>
  </code>
  <code code="I41000">
    <editdetail action="confirmed" attribution="Reuters BIP Coding Group" date="1997-04-10"/>
  </code>
  <code code="I43000">
    <editdetail action="confirmed" attribution="Reuters BIP Coding Group" date="1997-04-10"/>
  </code>
  <code code="I66500">
    <editdetail action="confirmed" attribution="Reuters BIP Coding Group" date="1997-04-10"/>
  </code>
  <code code="I74000">
    <editdetail action="confirmed" attribution="Reuters BIP Coding Group" date="1997-04-10"/>
  </code>
  <code code="I79020">
    <editdetail action="confirmed" attribution="Reuters BIP Coding Group" date="1997-04-10"/>
  </code>
  <code code="I81501">
    <editdetail action="confirmed" attribution="Reuters BIP Coding Group" date="1997-04-10"/>
  </code>
</codes>
<codes class="bip:topics:1.0">
  <code code="C15">
    <editdetail action="confirmed" attribution="Reuters BIP Coding Group" date="1997-04-10"/>
  </code>
  <code code="C152">
    <editdetail action="confirmed" attribution="Reuters BIP Coding Group" date="1997-04-10"/>
  </code>
  <code code="CCAT">
    <editdetail action="confirmed" attribution="Reuters BIP Coding Group" date="1997-04-10"/>
  </code>
  <code code="M11">
    <editdetail action="confirmed" attribution="Reuters BIP Coding Group" date="1997-04-10"/>
  </code>
  <code code="MCAT">
    <editdetail action="confirmed" attribution="Reuters BIP Coding Group" date="1997-04-10"/>
  </code>
</codes>
<dc element="dc.date.created" value="1997-04-10"/>
<dc element="dc.publisher" value="Reuters Holdings Plc"/>
<dc element="dc.date.published" value="1997-04-10"/>
<dc element="dc.source" value="Reuters"/>
<dc element="dc.creator.location" value="BOMBAY"/>
<dc element="dc.creator.location.country.name" value="INDIA"/>
<dc element="dc.source" value="Reuters"/>
</metadata>
</newsitem>
