<?xml version="1.0" encoding="ISO-8859-1" standalone="no"?>
<newsitem date="1997-04-10" id="root" itemid="500719" xml:lang="en">
<title>USA: Digital Dictation Inc year net increases.</title>
<headline>Digital Dictation Inc year net increases.</headline>
<dateline>VIENNA, Va. 1997-04-10</dateline>
<text>
<p>1996	 1995</p>
<p>Revenues					   $ 6,937    $ 5,058</p>
<p>Net income					 $   440    $   104</p>
<p>Net income per share			   $   .07    $   .03</p>
<p>Weighted average shares</p>
<p> outstanding					 6,257	6,257</p>
<p>	  (in thousands, except share information)</p>
<p>NOTE:  Digital Dictation said that in 1995 it was an S-Corporation, and net income and income per share for the year are on a pro-forma basis.</p>
</text>
<copyright>(c) Reuters Limited 1997</copyright>
<metadata>
<codes class="bip:countries:1.0">
  <code code="USA">
    <editdetail action="confirmed" attribution="Reuters BIP Coding Group" date="1997-04-10"/>
  </code>
</codes>
<codes class="bip:topics:1.0">
  <code code="C15">
    <editdetail action="confirmed" attribution="Reuters BIP Coding Group" date="1997-04-10"/>
  </code>
  <code code="C151">
    <editdetail action="confirmed" attribution="Reuters BIP Coding Group" date="1997-04-10"/>
  </code>
  <code code="C1511">
    <editdetail action="confirmed" attribution="Reuters BIP Coding Group" date="1997-04-10"/>
  </code>
  <code code="CCAT">
    <editdetail action="confirmed" attribution="Reuters BIP Coding Group" date="1997-04-10"/>
  </code>
</codes>
<dc element="dc.date.created" value="1997-04-10"/>
<dc element="dc.publisher" value="Reuters Holdings Plc"/>
<dc element="dc.date.published" value="1997-04-10"/>
<dc element="dc.source" value="Reuters"/>
<dc element="dc.creator.location" value="VIENNA, Va."/>
<dc element="dc.creator.location.country.name" value="USA"/>
<dc element="dc.source" value="Reuters"/>
</metadata>
</newsitem>
