<?xml version="1.0" encoding="ISO-8859-1" standalone="no"?>
<newsitem date="1997-04-10" id="root" itemid="500653" xml:lang="en">
<title>USA: House of Fabrics restates Oct 31 $0.10/shr.</title>
<headline>House of Fabrics restates Oct 31 $0.10/shr.</headline>
<dateline>SHERMAN OAKS, Calif. 1997-04-10</dateline>
<text>
<p>House of Fabrics Inc said Thursday it restated the quarter ended Oct 31, 1996, from the previously reported after-tax earnings of $874,000 to $520,000, or $0.17 per share to $0.10 per share, to reflect an additional provision for income taxes of $354,000.</p>
<p>As part of House of Fabrics's emergence from Chapter 11, the company was required to adopt fresh start accounting rules which require it to provide income taxes on earnings, notwithstanding the possible availability of pre-exit tax net operating losses.</p>
<p>((-- New York Newsdesk 212 859-1610))</p>
</text>
<copyright>(c) Reuters Limited 1997</copyright>
<metadata>
<codes class="bip:countries:1.0">
  <code code="USA">
    <editdetail action="confirmed" attribution="Reuters BIP Coding Group" date="1997-04-10"/>
  </code>
</codes>
<codes class="bip:industries:1.0">
  <code code="I65400">
    <editdetail action="confirmed" attribution="Reuters BIP Coding Group" date="1997-04-10"/>
  </code>
</codes>
<codes class="bip:topics:1.0">
  <code code="C15">
    <editdetail action="confirmed" attribution="Reuters BIP Coding Group" date="1997-04-10"/>
  </code>
  <code code="C151">
    <editdetail action="confirmed" attribution="Reuters BIP Coding Group" date="1997-04-10"/>
  </code>
  <code code="CCAT">
    <editdetail action="confirmed" attribution="Reuters BIP Coding Group" date="1997-04-10"/>
  </code>
</codes>
<dc element="dc.date.created" value="1997-04-10"/>
<dc element="dc.publisher" value="Reuters Holdings Plc"/>
<dc element="dc.date.published" value="1997-04-10"/>
<dc element="dc.source" value="Reuters"/>
<dc element="dc.creator.location" value="SHERMAN OAKS, Calif."/>
<dc element="dc.creator.location.country.name" value="USA"/>
<dc element="dc.source" value="Reuters"/>
</metadata>
</newsitem>
