<?xml version="1.0" encoding="ISO-8859-1" standalone="no"?>
<newsitem date="1997-04-10" id="root" itemid="500356" xml:lang="en">
<title>BELGIUM: Sun to sell airline stake after 1996 loss. [CORRECTED 17:55 GMT]</title>
<headline>Sun to sell airline stake after 1996 loss. [CORRECTED 17:55 GMT]</headline>
<dateline>BRUSSELS 1997-04-10</dateline>
<text>
<p>Belgian tour and holiday parks operator Sun International NV plans to sell its 65 percent stake in Belgian charter airline Air Belgium after running up big losses in 1996, Belga news agency reported on Thursday.</p>
<p>Belga said Sun was also looking for a buyer for its 46.5 percent stake in  Sun Parks, a leisure resort operator.</p>
<p>The company declined to comment.</p>
<p>Belga said Sun ended 1996 with group net loss of 795 million francs after a 10 million franc profit in 1995. It said poor results at Sun Parks and Air Belgium were to blame.</p>
<p>Belga said Sun would announce Air Belgium's buyer in June. The sale would probably result in a book loss (corrects from "book gain"), of which it had already pre-booked 300 million francs in its 1996 accounts.</p>
<p>Air Belgium operates two Boeing 737 aircraft.</p>
<p>The Brussels Stock Exchange suspended trade in Sun for the day on Thursday. The share last traded on Wednesday at 2,640 francs, off its 1997 high of 2,800 francs set on March 11, but up from 2,260 francs on January 22.</p>
<p>A spokesman for the bourse said trade would resume on Friday.</p>
<p>-- Brussels Newsroom +32 2 287 6810, Fax +32 2 230 7710</p>
</text>
<copyright>(c) Reuters Limited 1997</copyright>
<metadata>
<codes class="bip:countries:1.0">
  <code code="BELG">
    <editdetail action="confirmed" attribution="Reuters BIP Coding Group" date="1997-04-10"/>
  </code>
</codes>
<codes class="bip:industries:1.0">
  <code code="I75000">
    <editdetail action="confirmed" attribution="Reuters BIP Coding Group" date="1997-04-10"/>
  </code>
  <code code="I77001">
    <editdetail action="confirmed" attribution="Reuters BIP Coding Group" date="1997-04-10"/>
  </code>
</codes>
<codes class="bip:topics:1.0">
  <code code="C15">
    <editdetail action="confirmed" attribution="Reuters BIP Coding Group" date="1997-04-10"/>
  </code>
  <code code="C151">
    <editdetail action="confirmed" attribution="Reuters BIP Coding Group" date="1997-04-10"/>
  </code>
  <code code="C1511">
    <editdetail action="confirmed" attribution="Reuters BIP Coding Group" date="1997-04-10"/>
  </code>
  <code code="C18">
    <editdetail action="confirmed" attribution="Reuters BIP Coding Group" date="1997-04-10"/>
  </code>
  <code code="C181">
    <editdetail action="confirmed" attribution="Reuters BIP Coding Group" date="1997-04-10"/>
  </code>
  <code code="CCAT">
    <editdetail action="confirmed" attribution="Reuters BIP Coding Group" date="1997-04-10"/>
  </code>
</codes>
<dc element="dc.date.created" value="1997-04-10"/>
<dc element="dc.publisher" value="Reuters Holdings Plc"/>
<dc element="dc.date.published" value="1997-04-10"/>
<dc element="dc.source" value="Reuters"/>
<dc element="dc.creator.location" value="BRUSSELS"/>
<dc element="dc.creator.location.country.name" value="BELGIUM"/>
<dc element="dc.source" value="Reuters"/>
</metadata>
</newsitem>
