<?xml version="1.0" encoding="ISO-8859-1" standalone="no"?>
<newsitem date="1997-04-10" id="root" itemid="500305" xml:lang="en">
<title>LUXEMBOURG: Cargolux to seek more seafood contacts.</title>
<headline>Cargolux to seek more seafood contacts.</headline>
<dateline>LUXEMBOURG 1997-04-10</dateline>
<text>
<p>Cargolux said it would be at the European Seafood Exhibition to be held in Brussels betwee April 13 and 15.</p>
<p>"This will be our first appearance at the exhibition and as a worldwide transporter of seafood products we see it as an excellent opportunity to make contact with prospective clients," a Cargolux official told Reuters.</p>
<p>One of the main centres of origin of the fish and seafood freight transported by the Luxembourg-based cargo airline is Keflavik in Iceland.</p>
<p>Cargolux operates a weekly Boeing 747-200F westbound stopover in Keflavik en route to New York-JFK and also a weekly eastbound stopover from the U.S. to Luxembourg.</p>
<p>"On the westbound route, we are probably loading close to 20 tonnes of fish and seafood per flight , most of which is destined for fish markets in the Boston area," a Keflavik-based Cargolux official told Reuters.</p>
<p>He added:" Some of this volume is also made up of sea urchins destined for Japan via transhipment in New York."</p>
<p>On the eastbound route, Icelandic catches are destined for European markets and also for Asia, notably Singapore and Hong Kong, via Cargolux' 747F services from Luxembourg, the official said.</p>
<p>"Cargolux also carries fish and seafood orginating from Africa - Namibia - South Africa, Kenya and Uganda while its recently launched service from Santiago in Chile is another source of supplies."</p>
<p>The European Seafood Exhibition takes place in Brussels between April 15 and 17.</p>
<p>Cargolux operates a fleet of three Boeing 747-400Fs and is to take delivery of a further two 400Fs later this year.</p>
<p>It also operates four Boeing 747-200Fs, including one on leaseback. --Reuters Air Cargo Newsroom Tel+44 171 542-7706 Fax+5017</p>
</text>
<copyright>(c) Reuters Limited 1997</copyright>
<metadata>
<codes class="bip:countries:1.0">
  <code code="BELG">
    <editdetail action="confirmed" attribution="Reuters BIP Coding Group" date="1997-04-10"/>
  </code>
</codes>
<codes class="bip:industries:1.0">
  <code code="I75000">
    <editdetail action="confirmed" attribution="Reuters BIP Coding Group" date="1997-04-10"/>
  </code>
</codes>
<codes class="bip:topics:1.0">
  <code code="C11">
    <editdetail action="confirmed" attribution="Reuters BIP Coding Group" date="1997-04-10"/>
  </code>
  <code code="C33">
    <editdetail action="confirmed" attribution="Reuters BIP Coding Group" date="1997-04-10"/>
  </code>
  <code code="CCAT">
    <editdetail action="confirmed" attribution="Reuters BIP Coding Group" date="1997-04-10"/>
  </code>
</codes>
<dc element="dc.date.created" value="1997-04-10"/>
<dc element="dc.publisher" value="Reuters Holdings Plc"/>
<dc element="dc.date.published" value="1997-04-10"/>
<dc element="dc.source" value="Reuters"/>
<dc element="dc.creator.location" value="LUXEMBOURG"/>
<dc element="dc.creator.location.country.name" value="LUXEMBOURG"/>
<dc element="dc.source" value="Reuters"/>
</metadata>
</newsitem>
