<?xml version="1.0" encoding="ISO-8859-1" standalone="no"?>
<newsitem date="1997-04-10" id="root" itemid="501212" xml:lang="en">
<title>FINLAND: Finland Bank reserves up FIM 1.89 bln in week.</title>
<headline>Finland Bank reserves up FIM 1.89 bln in week.</headline>
<dateline>HELSINKI 1997-04-10</dateline>
<text>
<p>The Bank of Finland's latest balance sheet for the week to April 8 showed the following data in millions of markka compared to March 27  SPFC :</p>
<p> Position			   Latest     Previous</p>
<p> Foreign reserves		 61,587	59,700</p>
<p> Money market intervention    13,293	18,158</p>
<p> Govt sector claims		1,902	 1,907</p>
<p> Corporate sector claims	 2,254	 2,256</p>
<p> Other				 7,029	 6,923</p>
<p> Total assets		     86,065	88,944</p>
<p>@</p>
<p>In the previous week, to March 27, reserves fell by 1.17 billion markka.</p>
<p>--Helsinki newsroom +358-9-680 50 240, e-mail news@reuters.fi</p>
</text>
<copyright>(c) Reuters Limited 1997</copyright>
<metadata>
<codes class="bip:countries:1.0">
  <code code="FIN">
    <editdetail action="confirmed" attribution="Reuters BIP Coding Group" date="1997-04-10"/>
  </code>
</codes>
<codes class="bip:topics:1.0">
  <code code="M13">
    <editdetail action="confirmed" attribution="Reuters BIP Coding Group" date="1997-04-10"/>
  </code>
  <code code="M131">
    <editdetail action="confirmed" attribution="Reuters BIP Coding Group" date="1997-04-10"/>
  </code>
  <code code="MCAT">
    <editdetail action="confirmed" attribution="Reuters BIP Coding Group" date="1997-04-10"/>
  </code>
</codes>
<dc element="dc.date.created" value="1997-04-10"/>
<dc element="dc.publisher" value="Reuters Holdings Plc"/>
<dc element="dc.date.published" value="1997-04-10"/>
<dc element="dc.source" value="Reuters"/>
<dc element="dc.creator.location" value="HELSINKI"/>
<dc element="dc.creator.location.country.name" value="FINLAND"/>
<dc element="dc.source" value="Reuters"/>
</metadata>
</newsitem>
