<?xml version="1.0" encoding="ISO-8859-1" standalone="no"?>
<newsitem date="1997-04-10" id="root" itemid="500040" xml:lang="en">
<title>USA: FCOJ futures settle higher in technical correction.</title>
<headline>FCOJ futures settle higher in technical correction.</headline>
<dateline>NEW YORK 1997-04-10</dateline>
<text>
<p>Frozen concentrated orange juice futures ended firmer on a technical bounce amid thin and featureless trade, market sources said.</p>
<p>"We had a technical correction from an oversold condition but there was really no momentum," Celeste Georgakis, vice president with Dean Witter, said.</p>
<p>The market awaits the weekly movement number, released later today, and Friday's monthly USDA estimates of the Florida crop.</p>
<p>The USDA report is not expected to provide any fresh inspiration to the market, however, as an anticipated rise in yields has already been filtered into prices, analysts said.</p>
<p>The Florida box count is expected to remain unchanged at 222 million 90-lb boxes.</p>
<p>The USDA will release its report at 0830 EDT.</p>
<p>May closed up 0.40 to 74.00 cents, while the back months settled 0.70 to 0.20 firmer.</p>
<p>Volume was estimated at 1,700 lots compared with Wednesday's official 2,636 lots.</p>
<p>Support in May was pegged at 72.50 cents and resistance at 76.00, the high reached earlier this week.</p>
<p>((Suzanne Rostler, New York Commoditites, 212-859-1640))</p>
</text>
<copyright>(c) Reuters Limited 1997</copyright>
<metadata>
<codes class="bip:countries:1.0">
  <code code="USA">
    <editdetail action="confirmed" attribution="Reuters BIP Coding Group" date="1997-04-10"/>
  </code>
</codes>
<codes class="bip:topics:1.0">
  <code code="M14">
    <editdetail action="confirmed" attribution="Reuters BIP Coding Group" date="1997-04-10"/>
  </code>
  <code code="M141">
    <editdetail action="confirmed" attribution="Reuters BIP Coding Group" date="1997-04-10"/>
  </code>
  <code code="MCAT">
    <editdetail action="confirmed" attribution="Reuters BIP Coding Group" date="1997-04-10"/>
  </code>
</codes>
<dc element="dc.date.created" value="1997-04-10"/>
<dc element="dc.publisher" value="Reuters Holdings Plc"/>
<dc element="dc.date.published" value="1997-04-10"/>
<dc element="dc.source" value="Reuters"/>
<dc element="dc.creator.location" value="NEW YORK"/>
<dc element="dc.creator.location.country.name" value="USA"/>
<dc element="dc.source" value="Reuters"/>
</metadata>
</newsitem>
