<?xml version="1.0" encoding="ISO-8859-1" standalone="no"?>
<newsitem date="1997-04-10" id="root" itemid="501041" xml:lang="en">
<title>USA: PRESS DIGEST - Washington Post business - April 10.</title>
<headline>PRESS DIGEST - Washington Post business - April 10.</headline>
<dateline>WASHINGTON 1997-04-10</dateline>
<text>
<p>The Washington Post carried the following stories on the front page of its business section on April 10:</p>
<p>---</p>
<p>WASHINGTON - The Federal Trade Commission said nearly half of all police and fire department fundraisers are actually for-profit groups that pocket the money they collect.</p>
<p>---</p>
<p>NEW YORK - Procter &amp; Gamble Co said it will acquire the world's largest maker of tampons -- Tambrands Inc -- for $1.85 billion.</p>
<p>---</p>
<p>WASHINGTON - Former Sen. Bob Dole, the Republican presidential candidate in 1996, has agreed to join a prestigious Washington law firm.</p>
<p>---</p>
<p>HO CHI MINH CITY - U.S. Treasury Secretary Robert Rubin finds cordiality on his trade trip but the legacy of the Vietnam War keeps popping up.</p>
<p>---</p>
</text>
<copyright>(c) Reuters Limited 1997</copyright>
<metadata>
<codes class="bip:countries:1.0">
  <code code="USA">
    <editdetail action="confirmed" attribution="Reuters BIP Coding Group" date="1997-04-10"/>
  </code>
</codes>
<codes class="bip:topics:1.0">
  <code code="GCAT">
    <editdetail action="confirmed" attribution="Reuters BIP Coding Group" date="1997-04-10"/>
  </code>
</codes>
<dc element="dc.date.created" value="1997-04-10"/>
<dc element="dc.publisher" value="Reuters Holdings Plc"/>
<dc element="dc.date.published" value="1997-04-10"/>
<dc element="dc.source" value="Reuters"/>
<dc element="dc.creator.location" value="WASHINGTON"/>
<dc element="dc.creator.location.country.name" value="USA"/>
<dc element="dc.source" value="Reuters"/>
</metadata>
</newsitem>
