<?xml version="1.0" encoding="ISO-8859-1" standalone="no"?>
<newsitem date="1997-04-10" id="root" itemid="501253" xml:lang="en">
<title>GERMANY: VW says Q1 results above year-ago levels.</title>
<headline>VW says Q1 results above year-ago levels.</headline>
<dateline>WOLFSBURG, Germany 1997-04-10</dateline>
<text>
<p>German carmaker Volkswagen AG said on Thursday that its results in the 1997 first quarter were better than year-ago results.</p>
<p>"We do not make our quarterly results public but I can say that our results were better than last year," Volkswagen chief executive Ferdinand Piech told the group's annual news conference.</p>
<p>VW earlier on Thursday said sales for the first three months of 1997 were up 9.5 percent to 1.033 million vehicles from 943,000 vehicles in the 1995 first quarter.</p>
<p>Piech also reaffirmed the carmaker still had a goal of a pre-tax return on sales of 6.5 percent by the turn of the century. VW had a 1996 pre-tax return on sales of two percent, up from 1.3 percent in 1995 and 0.6 percent in 1994.</p>
<p>Piech declined to say if a news report that VW's profits had doubled in the first quarter was correct, but noted that a strike by Spanish truckers in February had cost the company 64 million marks.</p>
<p>--John Gilardi, Frankfurt Newsroom, +49 69 756525</p>
</text>
<copyright>(c) Reuters Limited 1997</copyright>
<metadata>
<codes class="bip:countries:1.0">
  <code code="GFR">
    <editdetail action="confirmed" attribution="Reuters BIP Coding Group" date="1997-04-10"/>
  </code>
</codes>
<codes class="bip:industries:1.0">
  <code code="I35101">
    <editdetail action="confirmed" attribution="Reuters BIP Coding Group" date="1997-04-10"/>
  </code>
</codes>
<codes class="bip:topics:1.0">
  <code code="C15">
    <editdetail action="confirmed" attribution="Reuters BIP Coding Group" date="1997-04-10"/>
  </code>
  <code code="C151">
    <editdetail action="confirmed" attribution="Reuters BIP Coding Group" date="1997-04-10"/>
  </code>
  <code code="C1511">
    <editdetail action="confirmed" attribution="Reuters BIP Coding Group" date="1997-04-10"/>
  </code>
  <code code="CCAT">
    <editdetail action="confirmed" attribution="Reuters BIP Coding Group" date="1997-04-10"/>
  </code>
</codes>
<dc element="dc.date.created" value="1997-04-10"/>
<dc element="dc.publisher" value="Reuters Holdings Plc"/>
<dc element="dc.date.published" value="1997-04-10"/>
<dc element="dc.source" value="Reuters"/>
<dc element="dc.creator.location" value="WOLFSBURG, Germany"/>
<dc element="dc.creator.location.country.name" value="GERMANY"/>
<dc element="dc.source" value="Reuters"/>
</metadata>
</newsitem>
