<?xml version="1.0" encoding="ISO-8859-1" standalone="no"?>
<newsitem date="1997-04-10" id="root" itemid="500036" xml:lang="en">
<title>USA: NY precious metals end higher, except palladium.</title>
<headline>NY precious metals end higher, except palladium.</headline>
<dateline>NEW YORK 1997-04-10</dateline>
<text>
<p>New York precious metals recovered from some early weakness to end higher Thursday, with the exception of palladium which gave back Wednesday's gains after news Russia may resume exports to Japan in May.</p>
<p>"There's some interest in the platinum metals group but it's not doing much for gold or silver yet," FIMAT New York trader John Tyree said.</p>
<p>"Open interest has fallen away in COMEX gold and the funds look to be more interested now in the grains and softs like coffee, so it's hard to know what's going to break gold out of it's recent range."  </p>
<p>COMEX June gold ended up 50 cents at $351.00 an ounce, with support still seen around $350 and resistance around $352.00, within the $348.30-358.00 range of the past month.</p>
<p>In the bullion market, spot gold was quoted $348.40/90, compared to the London Thursday afternoon fix at $347.60 and the New York close Wednesday around $347.80/30.</p>
<p>Gold has traded in increasingly narrower ranges in recent weeks, and COMEX gold open interest has declined to its lowest level in over a year, with 20 day historical volatility falling back to around nine percent Thursday from 16 percent in mid-March.</p>
<p>The bias is still probably to the downside, analysts said, with potential central bank and producer sales capping the market, and longer term moving-averages suggesting gold is still in a downtrend.</p>
<p>But physical demand was good at prices below $350 early this year, and low short term implied lease rates suggest there is little interest in shorting the market further, analysts said.</p>
<p>The Philadelphia Stocks Exchange's gold and silver sector index of North American mining stock prices (.XAU) was up a solid 2.98 points at 104.04 near the close, and may be finally found some support again after reaching oversold levels last week in the wake of the collapse in the price of Canadian mining junior Bre-X in recent weeks.</p>
<p>COMEX May silver ended up 0.7 cent at $4.780 an ounce, but the contract is still struggling to recover from a contract low at $4.655 seen last Thursday.</p>
<p>Traders said there was little chance Friday's expiry of COMEX and NYMEX metal options would give May silver a boost as open interest was heaviest at prices above $5.00, well above the current market.</p>
<p>On the other hand, silver's downside below $5.00 was probably limited, traders said, as the fundamentals are much better than in February 1993 when silver made a 19-year low at $3.50.</p>
<p>Reported inventories are only half the February 1993 levels and sizable deficits between mine supply and fabrication demand are seen persisting.</p>
<p>NYMEX July platinum ended up 80 cents at $373.90 an ounce, while the October NYMEX platinum/COMEX gold spread widened further to $20.70 an ounce, from around $19.30 Wednesday.</p>
<p>NYMEX June palladium recovered from a morning low at $153.70, but still closed off $4.10 at $155.50.</p>
<p>Spot palladium fixed in London Thursday morning at a new 21 month high at $160.25, after catching up with gains on NYMEX Thursday and on TOCOM overnight, but was quoted in late New York trade around $156.50.</p>
<p>The NYMEX June/September palladium spread went into a rare backwardation Wednesday around $1.50 an ounce, but the spread slipped back to zero Thursday.</p>
<p>In news overnight, the head of the precious metals division in the Russian finance ministry, Victor Rybkin, said a decree may be issued next week providing authority for the resumption of platinum group metals to Japan in May.</p>
<p>But analysts now believe Russia may be in no hurry to resume exports as a new administration is now in place, the IMF has agreed to resume lending to Russia, western capital investment is again flowing into the country, and Russia's fiscal problems may have eased a little.</p>
<p>Further, with auto industry demand for palladium rising quickly, and the U.S. now probably a larger consumer of the metal than Japan, the Russians may now see little advantage in renewing the annual supply contract with the Japanese, prefering to sell at spot market prices, analysts said.</p>
<p>Russian palladium exports have been disrupted since December 1997 after annual supply contract talks with Japan broke down due to fiscal and administrative problems in Russia.</p>
<p>email: clive.mckeef @ reuters.com</p>
<p>((Clive McKeef, New York Commodities Desk,+1-212-859-1641))</p>
</text>
<copyright>(c) Reuters Limited 1997</copyright>
<metadata>
<codes class="bip:countries:1.0">
  <code code="USA">
    <editdetail action="confirmed" attribution="Reuters BIP Coding Group" date="1997-04-10"/>
  </code>
</codes>
<codes class="bip:topics:1.0">
  <code code="M14">
    <editdetail action="confirmed" attribution="Reuters BIP Coding Group" date="1997-04-10"/>
  </code>
  <code code="M142">
    <editdetail action="confirmed" attribution="Reuters BIP Coding Group" date="1997-04-10"/>
  </code>
  <code code="MCAT">
    <editdetail action="confirmed" attribution="Reuters BIP Coding Group" date="1997-04-10"/>
  </code>
</codes>
<dc element="dc.date.created" value="1997-04-10"/>
<dc element="dc.publisher" value="Reuters Holdings Plc"/>
<dc element="dc.date.published" value="1997-04-10"/>
<dc element="dc.source" value="Reuters"/>
<dc element="dc.creator.location" value="NEW YORK"/>
<dc element="dc.creator.location.country.name" value="USA"/>
<dc element="dc.source" value="Reuters"/>
</metadata>
</newsitem>
