<?xml version="1.0" encoding="ISO-8859-1" standalone="no"?>
<newsitem date="1997-04-10" id="root" itemid="499789" xml:lang="en">
<title>KUWAIT: KPI to hike Belgium lubricants plant output - KPC.</title>
<headline>KPI to hike Belgium lubricants plant output - KPC.</headline>
<dateline>KUWAIT 1997-04-10</dateline>
<text>
<p>State-owned Kuwait Petroleum International Ltd (KPI) plans to raise the output of a Belgium-based lubricants plant to 105,500 tonnes per year from 42,000 tonnes, a Kuwait Petroleum Corp (KPC) official said on Thursday.</p>
<p>The expansion, which will cost about $10 million, is designed to boost the plant's output to provide Texaco Inc with 63,500 tonnes of lubricants per year under a recent deal with KPI, the official said.</p>
<p>The plan also involves expanding the storage capacity of the plant, he said.</p>
<p>London-based KPI is a fully-owned subsidiary of the state-owned KPC which runs the Gulf Arab state's oil industry.</p>
</text>
<copyright>(c) Reuters Limited 1997</copyright>
<metadata>
<codes class="bip:countries:1.0">
  <code code="KUWAIT">
    <editdetail action="confirmed" attribution="Reuters BIP Coding Group" date="1997-04-10"/>
  </code>
</codes>
<codes class="bip:industries:1.0">
  <code code="I13000">
    <editdetail action="confirmed" attribution="Reuters BIP Coding Group" date="1997-04-10"/>
  </code>
  <code code="I1300003">
    <editdetail action="confirmed" attribution="Reuters BIP Coding Group" date="1997-04-10"/>
  </code>
</codes>
<codes class="bip:topics:1.0">
  <code code="C21">
    <editdetail action="confirmed" attribution="Reuters BIP Coding Group" date="1997-04-10"/>
  </code>
  <code code="CCAT">
    <editdetail action="confirmed" attribution="Reuters BIP Coding Group" date="1997-04-10"/>
  </code>
</codes>
<dc element="dc.date.created" value="1997-04-10"/>
<dc element="dc.publisher" value="Reuters Holdings Plc"/>
<dc element="dc.date.published" value="1997-04-10"/>
<dc element="dc.source" value="Reuters"/>
<dc element="dc.creator.location" value="KUWAIT"/>
<dc element="dc.creator.location.country.name" value="KUWAIT"/>
<dc element="dc.source" value="Reuters"/>
</metadata>
</newsitem>
