<?xml version="1.0" encoding="ISO-8859-1" standalone="no"?>
<newsitem date="1997-04-10" id="root" itemid="500931" xml:lang="en">
<title>TURKEY: Turkey prepares draft to improve tax law.</title>
<headline>Turkey prepares draft to improve tax law.</headline>
<dateline>ANKARA 1997-04-10</dateline>
<text>
<p>Turkey's finance ministry on Thursday presented a draft law to parliament which envisages improvements in tax collection and give tax advantages to foreign-partnered joint ventures, parliament officials said.</p>
<p>The law will make it possible "to obtain considerable results if approved by parliament," said Finance Minister Abdullatif Sener after presenting the draft law. It was not immediately known when parliament will vote on the draft.</p>
<p>"It will provide for a fair tax distribution, eliminate gaps stemming from tax losses and leakages, and enhance the models designed to develop the eceonomic and technology," Sener told parliament.</p>
<p>The draft, which brings changes to the Tax Law No. 213 and Income Tax No. 193, envisages the production of documents that will enable cash flows and taxable items, he said.</p>
<p>It will also enable joint ventures to revaluate their assets in line with inflation through a revaluation rate announced by the government at the beginning of every year, reducing their taxable assests.</p>
<p>The law will especially boost investments under the build-operate-transfer (BOT) scheme, which Turkey devised in 1980s to build big energy, tourism and other infrastructure projects by joint ventures.</p>
<p>The new law will also enable a "revaluation of securities for a fair tax system through on a seasonal basis," Sener said. Under the present system the buy price of securities are taken as the basis for taxation.</p>
<p>--Ankara Newsroom, 90-312-4462940</p>
</text>
<copyright>(c) Reuters Limited 1997</copyright>
<metadata>
<codes class="bip:countries:1.0">
  <code code="TURK">
    <editdetail action="confirmed" attribution="Reuters BIP Coding Group" date="1997-04-10"/>
  </code>
</codes>
<codes class="bip:topics:1.0">
  <code code="E21">
    <editdetail action="confirmed" attribution="Reuters BIP Coding Group" date="1997-04-10"/>
  </code>
  <code code="E211">
    <editdetail action="confirmed" attribution="Reuters BIP Coding Group" date="1997-04-10"/>
  </code>
  <code code="ECAT">
    <editdetail action="confirmed" attribution="Reuters BIP Coding Group" date="1997-04-10"/>
  </code>
  <code code="GCAT">
    <editdetail action="confirmed" attribution="Reuters BIP Coding Group" date="1997-04-10"/>
  </code>
  <code code="GPOL">
    <editdetail action="confirmed" attribution="Reuters BIP Coding Group" date="1997-04-10"/>
  </code>
</codes>
<dc element="dc.date.created" value="1997-04-10"/>
<dc element="dc.publisher" value="Reuters Holdings Plc"/>
<dc element="dc.date.published" value="1997-04-10"/>
<dc element="dc.source" value="Reuters"/>
<dc element="dc.creator.location" value="ANKARA"/>
<dc element="dc.creator.location.country.name" value="TURKEY"/>
<dc element="dc.source" value="Reuters"/>
</metadata>
</newsitem>
