<?xml version="1.0" encoding="ISO-8859-1" standalone="no"?>
<newsitem date="1997-04-10" id="root" itemid="501516" xml:lang="en">
<title>SOUTH KOREA: LME aluminium seen firmer on TOCOM, U.S. premiums.</title>
<headline>LME aluminium seen firmer on TOCOM, U.S. premiums.</headline>
<dateline>SEOUL 1997-04-10</dateline>
<text>
<p>Three-month aluminium is expected to firm on the London Metal Exchange (LME) on Thursday tracking gains on the new Tokyo aluminium futures contract and in anticipation of brisk demand helped by softening U.S. premiums.</p>
<p>"Three-month aluminium is expected to test recent psychological resistance at $1,600 a tonne today on the London Metal Exchange due to Tokyo aluminium's firmer tone," a trader with Tong Yang Futures said.</p>
<p>TOCOM's benchmark February aluminium contract closed 2.4 yen a kg higher at 209.0 yen on Thursday.  </p>
<p>Another futures trader said softening U.S. aluminium premiums could help boost Asian physical demand, although this would take some time to affect the Asian market. U.S. premiums for nearby delivery of Western grade metal have slipped to between 5.25 to 5.50 cents per pound over LME cash, down from 6.0 cents and above last month when they reached a peak of about 7.00 cents.</p>
<p>Aluminium premiums, C&amp;F Hong Kong, remained high, regional traders said citing levels around $130 a tonne, while premiums in Shanghai were quoted at $150 a tonne, a Singapore trader said, adding they could firm further.  </p>
<p>"Producers are holding inventory and they want to sell at a real premium," he said.</p>
<p>"I can't see huge volumes changing hands at these levels, and with U.S. premiums softening you might start to see them coming off," he said.</p>
<p>High regional premiums were more of an anticipation of the effect of higher U.S. interest rates and short-term market mentality, said another trading source.</p>
<p>"There's a regional tighteness, yes, but demand is exceptionally good, so these premiums are needed to make it cost effective to draw the metal out of warehouses," he said.  </p>
<p>"There's plenty of metal around, but the demand is on the other side of the world," he said.</p>
<p>The other trader pegged resistance for LME three-month aluminium at between $1,625-$1,630.</p>
<p>LME broker Brandeis said in its daily report that Wednesday's close of three-month aluminium above the 100-day Moving Average at $1,590 a tonne is another bullish factor but prices still need to breach resistance at $1,600 to move higher.</p>
<p>The 30-day Moving Average for three-month copper is also expected to act like a magnet to get copper back to $2,355 a tonne, a trader said.  </p>
<p>Dealers said Chinese trading companies were buying small lots of copper to transship to smelters in the country's interior, and this was believed to be supporting prices.</p>
<p>With LME values buoyant, and the Shanghai Metal Exchange cash price bouncing around 23,000 yuan ($2,771) per tonne, arbitrage opportunities could be contributing to the Chinese import activity.</p>
<p>But one trader said although prices had picked up well on Wednesday from lows of around $2,264 a tonne, copper prices could struggle to move much higher due to the lack of fresh fundamental factors.  </p>
<p>Technically, three-month zinc is seen being sound after filling the gap between $1,254 and $1,262 amid positive signs of recovery from a previously overbought situation.</p>
<p>The 14-day relative strength index (RSI) for three-month zinc was standing at 50.66 percent, compared to 67.59 percent a week ago.</p>
<p>The market generally considers an RSI of 70 or more as overbought and 30 or less as oversold.</p>
<p>-- Jae Hur, Seoul Newsroom (822) 727 5651</p>
</text>
<copyright>(c) Reuters Limited 1997</copyright>
<metadata>
<codes class="bip:countries:1.0">
  <code code="JAP">
    <editdetail action="confirmed" attribution="Reuters BIP Coding Group" date="1997-04-10"/>
  </code>
  <code code="SKOREA">
    <editdetail action="confirmed" attribution="Reuters BIP Coding Group" date="1997-04-10"/>
  </code>
</codes>
<codes class="bip:topics:1.0">
  <code code="M14">
    <editdetail action="confirmed" attribution="Reuters BIP Coding Group" date="1997-04-10"/>
  </code>
  <code code="M142">
    <editdetail action="confirmed" attribution="Reuters BIP Coding Group" date="1997-04-10"/>
  </code>
  <code code="MCAT">
    <editdetail action="confirmed" attribution="Reuters BIP Coding Group" date="1997-04-10"/>
  </code>
</codes>
<dc element="dc.date.created" value="1997-04-10"/>
<dc element="dc.publisher" value="Reuters Holdings Plc"/>
<dc element="dc.date.published" value="1997-04-10"/>
<dc element="dc.source" value="Reuters"/>
<dc element="dc.creator.location" value="SEOUL"/>
<dc element="dc.creator.location.country.name" value="SOUTH KOREA"/>
<dc element="dc.source" value="Reuters"/>
</metadata>
</newsitem>
