<?xml version="1.0" encoding="ISO-8859-1" standalone="no"?>
<newsitem date="1997-04-10" id="root" itemid="501043" xml:lang="en">
<title>USA: U.S. Court dismisses $6bln suit vs Freeport.</title>
<headline>U.S. Court dismisses $6bln suit vs Freeport.</headline>
<dateline>NEW ORLEANS, La. 1997-04-09</dateline>
<text>
<p>Freeport-McMoRan Copper &amp; Gold Inc and Freeport-McMoRan Inc said Wednesday a U.S. District Court ruled to dismiss a $6 billion lawsuit alleging human rights and environmental abuses by the companies at some Indonesian operations.</p>
<p>The ruling confirmed that the lawsuit, filed by a New Orleans attorney on behalf of Tom Beanal, an Indonesian tribal leader, had no basis in law, the companies said.  </p>
<p>Last April, Amungme tribal leader Beanal filed a suit in the U.S. District Court of New Orleans claiming the company's subsidiary PT Freeport Indonesia had engaged in "eco-terrorism" and "cultural genocide" at its mine in Irian Jaya province.</p>
<p>Beanal said the suit was withdrawn on May 4 because his lawyer filed it without Beanal's consent. The leader then announced plans to reinstate the suit on May 17 after clarifications from his lawyer.  </p>
<p>Freeport-McMoRan Copper &amp; Gold said it planned to continue its work with the local people and the government of Indonesia to implement the government's Integrated Timika Development plan to meet the needs of people in Irian Jaya.</p>
<p>Freeport-McMoRan Copper said it remained committed to working with all groups and parties for the benefit of the indigenous people through educational, health care, job creation and job training programs and infrastructure enhancement programs.</p>
<p>The companies were not immediately available to comment further.</p>
<p>The Freeport mine, some 1,870 miles (3,000 km) east of Jakarta, sits on one of the world's largest known deposits of copper and gold.</p>
<p>On March 12, a Louisiana state court dismissed an identical lawsuit filed on behalf of Yosefa Alomang, also an Indonesian citizen, the companies said.</p>
<p>"The state lawsuit was filed by the same attorney and contained the same baselesss allegations as the dismissed federal lawsuit," they said.</p>
<p>New York newsdesk 212-859-1610</p>
</text>
<copyright>(c) Reuters Limited 1997</copyright>
<metadata>
<codes class="bip:countries:1.0">
  <code code="INDON">
    <editdetail action="confirmed" attribution="Reuters BIP Coding Group" date="1997-04-10"/>
  </code>
  <code code="USA">
    <editdetail action="confirmed" attribution="Reuters BIP Coding Group" date="1997-04-10"/>
  </code>
</codes>
<codes class="bip:industries:1.0">
  <code code="I13000">
    <editdetail action="confirmed" attribution="Reuters BIP Coding Group" date="1997-04-10"/>
  </code>
  <code code="I21000">
    <editdetail action="confirmed" attribution="Reuters BIP Coding Group" date="1997-04-10"/>
  </code>
</codes>
<codes class="bip:topics:1.0">
  <code code="C12">
    <editdetail action="confirmed" attribution="Reuters BIP Coding Group" date="1997-04-10"/>
  </code>
  <code code="CCAT">
    <editdetail action="confirmed" attribution="Reuters BIP Coding Group" date="1997-04-10"/>
  </code>
  <code code="GCAT">
    <editdetail action="confirmed" attribution="Reuters BIP Coding Group" date="1997-04-10"/>
  </code>
  <code code="GCRIM">
    <editdetail action="confirmed" attribution="Reuters BIP Coding Group" date="1997-04-10"/>
  </code>
</codes>
<dc element="dc.date.created" value="1997-04-09"/>
<dc element="dc.publisher" value="Reuters Holdings Plc"/>
<dc element="dc.date.published" value="1997-04-10"/>
<dc element="dc.source" value="Reuters"/>
<dc element="dc.creator.location" value="NEW ORLEANS, La."/>
<dc element="dc.creator.location.country.name" value="USA"/>
<dc element="dc.source" value="Reuters"/>
</metadata>
</newsitem>
