<?xml version="1.0" encoding="ISO-8859-1" standalone="no"?>
<newsitem date="1997-04-10" id="root" itemid="500933" xml:lang="en">
<title>KUWAIT: Board of Kuwait's Commercial Bank resigns.</title>
<headline>Board of Kuwait's Commercial Bank resigns.</headline>
<dateline>KUWAIT 1997-04-10</dateline>
<text>
<p>Chairman and board members of the Commercial Bank of Kuwait  submitted their resignations on Wednesday to the bank's general assembly, the bank said on Thursday.</p>
<p>"The regular general assembly (meeting) has approved the resignation submitted by the members of the board of directors," a bank statement said. It did not give a reason for the resignation.</p>
<p>Chairman Hamad al-Hamad said the board had served its purpose of increasing the bank's profits and its status in the banking sector, al-Anba newspaper said.</p>
<p>The statement said the members of the board will keep their posts until new members are elected.</p>
<p>Bank officials did not have immediate comment.</p>
</text>
<copyright>(c) Reuters Limited 1997</copyright>
<metadata>
<codes class="bip:countries:1.0">
  <code code="KUWAIT">
    <editdetail action="confirmed" attribution="Reuters BIP Coding Group" date="1997-04-10"/>
  </code>
</codes>
<codes class="bip:industries:1.0">
  <code code="I81402">
    <editdetail action="confirmed" attribution="Reuters BIP Coding Group" date="1997-04-10"/>
  </code>
</codes>
<codes class="bip:topics:1.0">
  <code code="C41">
    <editdetail action="confirmed" attribution="Reuters BIP Coding Group" date="1997-04-10"/>
  </code>
  <code code="C411">
    <editdetail action="confirmed" attribution="Reuters BIP Coding Group" date="1997-04-10"/>
  </code>
  <code code="CCAT">
    <editdetail action="confirmed" attribution="Reuters BIP Coding Group" date="1997-04-10"/>
  </code>
</codes>
<dc element="dc.date.created" value="1997-04-10"/>
<dc element="dc.publisher" value="Reuters Holdings Plc"/>
<dc element="dc.date.published" value="1997-04-10"/>
<dc element="dc.source" value="Reuters"/>
<dc element="dc.creator.location" value="KUWAIT"/>
<dc element="dc.creator.location.country.name" value="KUWAIT"/>
<dc element="dc.source" value="Reuters"/>
</metadata>
</newsitem>
