<?xml version="1.0" encoding="ISO-8859-1" standalone="no"?>
<newsitem date="1997-04-10" id="root" itemid="501165" xml:lang="en">
<title>FRANCE: Suez, Lyonnaise merger deal seen on Friday.</title>
<headline>Suez, Lyonnaise merger deal seen on Friday.</headline>
<byline>Pierre Tran</byline>
<dateline>PARIS 1997-04-10</dateline>
<text>
<p>Holding company Cie de Suez and utilities group Lyonnaise des Eaux are expected on Friday to announce a merger deal, effectively ending the independence of the company set up in the 19th century to build the Suez Canal.</p>
<p>The boards of the two companies will meet on Friday to approve terms of the link-up, which has already received the backing of the Lyonnaise board.</p>
<p>Lyonnaise chairman Jerome Monod said last Thursday that merger with Suez was an excellent plan but the terms had not yet been fixed.</p>
<p>The deal would mark the end of autonomy for Suez, which fell victim in the 1990s to a deeply distressed property market -- ironic since it was founded in 1858 by Ferdinand de Lesseps to build and operate the property asset which symbolised the glory of French Empire and engineering, the Suez Canal.</p>
<p>Discontented Suez shareholders forced out the previous chairman, Gerard Worms, after the group reported a four billion franc ($690 million at current rates) loss in 1995 and installed Gerard Mestrallet to turn round the sprawling conglomerate.</p>
<p>Mestrallet quickly sold crown jewels such as investment bank Banque Indosuez and fund manager Gartmore and the ailing real estate portfolio was disposed of, leaving Suez with more than five billion francs in cash.</p>
<p>But he held on to a 63-percent stake in Belgian holding company Societe Generale de Belgique, which groups some choice industrial and financial assets.</p>
<p>SGB welcomed Suez as a white knight in the late 1980s when it was being stalked by Italian businessman Carlo de Benedetti, who saw it as ripe for takeover.</p>
<p>Now it looks as if SGB could be the saviour for Suez. Stock market analysts say that if there is any industrial logic in the merger, it lies in Mestrallet's focus on the utilities sector and abandoning financial services.</p>
<p>SGB has a 37 percent stake in Tractebel, which specialises in electricity, gas, water and environmental services.</p>
<p>It has operations in cable television, property, infrastructure and industrial installations -- areas which overlap with Lyonnaise.</p>
<p>Lyonnaise, under veteran chairman Monod, has set its sights on international expansion in utilities but lacks the financial muscle to fund that growth.</p>
<p>So a link-up would inject fresh capital from Suez's cash hoard -- even after an estimated 3.4 billion franc payment to sweeten Suez shareholders on the merger.</p>
<p>Monod said last week that a merged Suez/Lyonnaise would be a multi-service company on a global scale and capable of boosting profits and cashflow. ($ = 5.797 French Francs)</p>
</text>
<copyright>(c) Reuters Limited 1997</copyright>
<metadata>
<codes class="bip:countries:1.0">
  <code code="BELG">
    <editdetail action="confirmed" attribution="Reuters BIP Coding Group" date="1997-04-10"/>
  </code>
  <code code="FRA">
    <editdetail action="confirmed" attribution="Reuters BIP Coding Group" date="1997-04-10"/>
  </code>
</codes>
<codes class="bip:industries:1.0">
  <code code="I81402">
    <editdetail action="confirmed" attribution="Reuters BIP Coding Group" date="1997-04-10"/>
  </code>
  <code code="I83960">
    <editdetail action="confirmed" attribution="Reuters BIP Coding Group" date="1997-04-10"/>
  </code>
</codes>
<codes class="bip:topics:1.0">
  <code code="C18">
    <editdetail action="confirmed" attribution="Reuters BIP Coding Group" date="1997-04-10"/>
  </code>
  <code code="C181">
    <editdetail action="confirmed" attribution="Reuters BIP Coding Group" date="1997-04-10"/>
  </code>
  <code code="CCAT">
    <editdetail action="confirmed" attribution="Reuters BIP Coding Group" date="1997-04-10"/>
  </code>
</codes>
<dc element="dc.date.created" value="1997-04-10"/>
<dc element="dc.publisher" value="Reuters Holdings Plc"/>
<dc element="dc.date.published" value="1997-04-10"/>
<dc element="dc.source" value="Reuters"/>
<dc element="dc.creator.location" value="PARIS"/>
<dc element="dc.creator.location.country.name" value="FRANCE"/>
<dc element="dc.source" value="Reuters"/>
</metadata>
</newsitem>
