<?xml version="1.0" encoding="ISO-8859-1" standalone="no"?>
<newsitem date="1997-04-10" id="root" itemid="501774" xml:lang="en">
<title>GERMANY: Bonn's Stark-no need to alter 2.9 pct deficit goal.</title>
<headline>Bonn's Stark-no need to alter 2.9 pct deficit goal.</headline>
<dateline>BERLIN 1997-04-10</dateline>
<text>
<p>German state secretary in the finance ministry Juergen Stark said on Thursday that there was no need for the German government to alter its 1997 budget deficit forecast after March jobs numbers.</p>
<p>The jobs data, released on Tuesday, showed a 15,000 fall in unemployment to a seasonally adjusted 4.30 million in March.</p>
<p>The government's forecast is for Germany's budget deficit to total 2.9 percent of gross domestic product in 1997. "That (forecast) remains in place after the latest labour market data," Stark said.</p>
<p>-- Berlin Newsroom + 49 30 203 9810</p>
</text>
<copyright>(c) Reuters Limited 1997</copyright>
<metadata>
<codes class="bip:countries:1.0">
  <code code="GFR">
    <editdetail action="confirmed" attribution="Reuters BIP Coding Group" date="1997-04-10"/>
  </code>
</codes>
<codes class="bip:topics:1.0">
  <code code="E21">
    <editdetail action="confirmed" attribution="Reuters BIP Coding Group" date="1997-04-10"/>
  </code>
  <code code="E211">
    <editdetail action="confirmed" attribution="Reuters BIP Coding Group" date="1997-04-10"/>
  </code>
  <code code="ECAT">
    <editdetail action="confirmed" attribution="Reuters BIP Coding Group" date="1997-04-10"/>
  </code>
  <code code="GCAT">
    <editdetail action="confirmed" attribution="Reuters BIP Coding Group" date="1997-04-10"/>
  </code>
  <code code="GPOL">
    <editdetail action="confirmed" attribution="Reuters BIP Coding Group" date="1997-04-10"/>
  </code>
</codes>
<dc element="dc.date.created" value="1997-04-10"/>
<dc element="dc.publisher" value="Reuters Holdings Plc"/>
<dc element="dc.date.published" value="1997-04-10"/>
<dc element="dc.source" value="Reuters"/>
<dc element="dc.creator.location" value="BERLIN"/>
<dc element="dc.creator.location.country.name" value="GERMANY"/>
<dc element="dc.source" value="Reuters"/>
</metadata>
</newsitem>
