<?xml version="1.0" encoding="ISO-8859-1" standalone="no"?>
<newsitem date="1997-04-10" id="root" itemid="501307" xml:lang="en">
<title>UK: FORECAST - Consensus of U.K. economic indicators.</title>
<headline>FORECAST - Consensus of U.K. economic indicators.</headline>
<text>
<p>GMT--------------KEY INDICATOR--------F/CAST----RANGE-----PRVS</p>
<p> 0830  Wed   UK   MANUF. OUTPUT   FEB   0.3  PCT  0.0/0.5   0.3</p>
<p> 0830  Wed   UK   MANUF. (Y/Y)    FEB   1.6  PCT  0.7/2.5   1.6</p>
<p> 0830  Wed   UK   INDUSTRIAL PROD FEB   0.2  PCT -0.1/0.5  UNCH</p>
<p> 0830  Wed   UK   INDUSTRIAL (Y/Y)FEB   2.1  PCT  1.7/2.4   2.4</p>
<p> 0830  Wed   UK   HOUSING COMPLETIFEB   N/F  K	N/A    45.5</p>
<p> 0830  Wed   UK   HOUSING STARTS (FEB   N/F  K	N/A    41.8</p>
<p> 0830  Thu   UK   CONST'N NEW ORDSFEB   N/F  PCT    N/A     8.0</p>
<p>* ECONOMIC INDICATORS WEEK COMMENCING APRIL 14</p>
<p> 0830  Mon   UK  PPI (OUTPUT) NSAMAR   0.1  PCT  0.1/0.2   UNCH</p>
<p> 0830  Mon   UK  PPI (OUTPUT)Y/Y MAR   1.2  PCT  1.1/1.3    1.3</p>
<p> 0830  Mon   UK  OUTPUT EX FOOD DMAR   0.1  PCT  0.1/0.2    0.1</p>
<p> 0830  Mon   UK  OUTPUT EX FOOD DMAR   0.5  PCT  0.4/0.6    0.5</p>
<p> 0830  Mon   UK  PPI (INPUT) SA  MAR   0.2  PCT -0.1/0.7   -0.9</p>
<p> 0830  Mon   UK  PPI (INPUT) Y/Y MAR   -6.5 PCT -6.9/-6.0  -6.6</p>
<p> 0830  Wed   UK  PSBR		MAR   6.4  BLN    N/A	3.6</p>
<p> 0830  Wed   UK  AVERAGE EARNINGSFEB   5.0  PCT    N/A	5.0</p>
<p> 0830  Wed   UK  UNEMPLOYMENT    MAR   -45  K	N/A	-68</p>
<p> 0830  Wed   UK  UNEMPLOYMENT    MAR   N/F  PCT    N/A	6.2</p>
<p> 0830  Wed   UK  UNIT WAGE COSTS FEB   N/F  PCT    N/A	3.1</p>
<p> 0830  Thu   UK  RETAIL PRICES   MAR   0.4  PCT    N/A	0.4</p>
<p> 0830  Thu   UK  RETAIL PRICES (YMAR   2.8  PCT    N/A	2.7</p>
<p> 0830  Thu   UK  RPI-X Y/Y	 MAR   2.8  PCT    N/A	2.9</p>
<p> 0830  Thu   UK  RPI-Y Y/Y	 MAR   2.7  PCT    N/A	2.5</p>
<p> 0830  Fri   UK  B/S NET MORT APPMAR   N/F  BLN    N/A	3.4</p>
<p> 0830  Fri   UK  M4 (PROV.)	MAR   0.9  PCT    N/A	1.4</p>
<p> 0830  Fri   UK  M4 (PROV.)(Y/Y) MAR   10.8 PCT    N/A     11.2</p>
<p> 0830  Fri   UK  M4 LENDING (PROVMAR   6.6  BLN    N/A	8.2</p>
<p> 0830  Fri   UK  MOTOR VHCL PROD MAR   N/F  PCT    N/A	2.0</p>
<p>* ECONOMIC INDICATORS WEEK COMMENCING APRIL 21</p>
<p> 0830  Wed   UK   RETAIL SALES SA MAR   0.3  PCT    N/A     0.5</p>
<p> 0830  Wed   UK   RETAIL SLS (Y/Y)MAR   4.2  PCT    N/A     4.4</p>
<p> 1130  Wed   UK   CBI INDUSTRIAL TAPR   N/F	   N/A     N/A</p>
<p> 0830  Thu   UK   HICP (Y/Y)	MAR   N/F  PCT    N/A     2.0</p>
<p> 0830  Thu   UK   NON-EU TRADE    MAR   N/F  MLN    N/A    -554</p>
<p> 0830  Thu   UK   TRADE IN GOODS  FEB   N/F  MLN    N/A    -641</p>
<p> 0830  Thu   UK   TRD IN GDS EX OIFEB   N/F  MLN    N/A   -1317</p>
<p>* ECONOMIC INDICATORS WEEK COMMENCING APRIL 28</p>
<p> 0830  Thu   UK   PURCH MGR. INDEXAPR   N/F  PCT    N/A    52.9</p>
<p> 0830  Fri   UK   OFFICIAL RSRVS (APR   N/F  MLN    N/A   -98.0</p>
<p> 0830  Fri   UK   M4 (FINAL)	MAR   N/F  PCT    N/A     N/A</p>
<p> 0830  Fri   UK   M4 (FINAL)(Y/Y) MAR   N/F  PCT    N/A     N/A</p>
<p> 0830  Fri   UK   M4 LENDING (PROVMAR   N/F  BLN    N/A     N/A</p>
<p> 0830  Fri   UK   CONSUMER CREDIT MAR   N/F  MLN    N/A    1221</p>
<p>* ECONOMIC INDICATORS WEEK COMMENCING MAY 5</p>
<p> 0830  Tue   UK   M0 (PROV.) SA   MAR   N/F  PCT    N/A     1.8</p>
<p> 0830  Tue   UK   M0 (PROV.) Y/Y  MAR   N/F  PCT    N/A     7.1</p>
<p> 1100  Tue   UK   CBI REGIONAL TREAPR   N/F	   N/A     N/A</p>
<p> 0830  Wed   UK   INDUSTRIAL (Y/Y)MAR   N/F  PCT    N/A     N/A</p>
<p> 0830  Wed   UK   INDUSTRIAL PROD MAR   N/F  PCT    N/A     N/A</p>
<p> 0830  Wed   UK   MANUF. (Y/Y)    MAR   N/F  PCT    N/A     N/A</p>
<p> 0830  Wed   UK   MANUF. OUTPUT   MAR   N/F  PCT    N/A     N/A</p>
<p> 0830  Thu   UK   CONST'N NEW ORDSMAR   N/F  PCT    N/A     N/A</p>
<p> 1130  Thu   UK   CBI SVY OF DISTRAPR   N/F	   N/A     N/A</p>
<p>* ECONOMIC INDICATORS WEEK COMMENCING MAY 12</p>
<p> 0830  Mon   UK   PPI (INPUT) SA  APR   N/F  PCT    N/A     N/A</p>
<p> 0830  Mon   UK   PPI (INPUT) Y/Y APR   N/F  PCT    N/A     N/A</p>
<p> 0830  Mon   UK   PPI (OUTPUT) NSAAPR   N/F  PCT    N/A     N/A</p>
<p> 0830  Mon   UK   PPI (OUTPUT)Y/Y APR   N/F  PCT    N/A     N/A</p>
<p> 0830  Mon   UK   OUTPUT EX FOOD DAPR   N/F  PCT    N/A     N/A</p>
<p> 0830  Mon   UK   OUTPUT EX FOOD DAPR   N/F  PCT    N/A     N/A</p>
<p> 0830  Wed   UK   AVERAGE EARNINGSMAR   N/F  PCT    N/A     N/A</p>
<p> 0830  Wed   UK   UNEMPLOYMENT    APR   N/F  K	N/A     N/A</p>
<p> 0830  Wed   UK   UNEMPLOYMENT    APR   N/F  PCT    N/A     N/A</p>
<p> 0830  Wed   UK   UNIT WAGE COSTS MAR   N/F  PCT    N/A     N/A</p>
<p> 0830  Thu   UK   RETAIL PRICES   APR   N/F  PCT    N/A     N/A</p>
<p> 0830  Thu   UK   RETAIL PRICES (YAPR   N/F  PCT    N/A     N/A</p>
<p> 0830  Thu   UK   RPI-X Y/Y	 APR   N/F  PCT    N/A     N/A</p>
<p> 0830  Thu   UK   RPI-Y Y/Y	 APR   N/F  PCT    N/A     N/A</p>
<p>* ECONOMIC INDICATORS WEEK COMMENCING MAY 19</p>
<p> 0830  Mon   UK   PSBR		APR   N/F  BLN    N/A     N/A</p>
<p> 0830  Tue   UK   MOTOR VHCL PROD APR   N/F  PCT    N/A     N/A</p>
<p> 0830  Wed   UK   B/S NET MORT APPAPR   N/F  BLN    N/A     N/A</p>
<p> 0830  Wed   UK   M4 (PROV.)	APR   N/F  PCT    N/A     N/A</p>
<p> 0830  Wed   UK   M4 (PROV.)(Y/Y) APR   N/F  PCT    N/A     N/A</p>
<p> 0830  Wed   UK   M4 LENDING (PROVAPR   N/F  BLN    N/A     N/A</p>
<p> 0830  Thu   UK   RETAIL SALES SA APR   N/F  PCT    N/A     N/A</p>
<p> 0830  Thu   UK   RETAIL SLS (Y/Y)APR   N/F  PCT    N/A     N/A</p>
<p> 0830  Thu   UK   GDP (final) Q/Q Q1    N/F  PCT    N/A     0.8</p>
<p> 0830  Thu   UK   GDP (final) Y/Y Q1    N/F  PCT    N/A     2.6</p>
<p> 1130  Thu   UK   CBI MONTHLY TRENMAY   N/F	   N/A     N/A</p>
<p>* ECONOMIC INDICATORS WEEK COMMENCING MAY 26</p>
<p> 0830  Thu   UK   NON-EU TRADE    APR   N/F  MLN    N/A     N/A</p>
<p> 0830  Thu   UK   TRADE IN GOODS  MAR   N/F  MLN    N/A     N/A</p>
<p> 0830  Thu   UK   TRD IN GDS EX OIMAR   N/F  MLN    N/A     N/A</p>
<p>* ECONOMIC INDICATORS WEEK COMMENCING JUNE 2</p>
<p> 0830  Mon   UK   M0 (PROV.) SA   MAY   N/F  PCT    N/A     N/A</p>
<p> 0830  Mon   UK   M0 (PROV.) Y/Y  MAY   N/F  PCT    N/A     N/A</p>
<p> 0830  Mon   UK   CONSUMER CREDIT MAY   N/F  MLN    N/A     N/A</p>
<p> 0830  Mon   UK   OFFICIAL RSRVS (MAY   N/F  MLN    N/A     N/A</p>
<p> 0830  Mon   UK   PURCH MGR. INDEXMAY   N/F  PCT    N/A     N/A</p>
<p>* ECONOMIC INDICATORS WEEK COMMENCING JUNE 9</p>
<p> 0830  Mon   UK   INDUSTRIAL (Y/Y)APR   N/F  PCT    N/A     N/A</p>
<p> 0830  Mon   UK   INDUSTRIAL PROD APR   N/F  PCT    N/A     N/A</p>
<p> 0830  Mon   UK   MANUF. (Y/Y)    APR   N/F  PCT    N/A     N/A</p>
<p> 0830  Mon   UK   MANUF. OUTPUT   APR   N/F  PCT    N/A     N/A</p>
<p> 0830  Mon   UK   PPI (INPUT) SA  MAY   N/F  PCT    N/A     N/A</p>
<p> 0830  Mon   UK   PPI (INPUT) Y/Y MAY   N/F  PCT    N/A     N/A</p>
<p> 0830  Mon   UK   PPI (OUTPUT) NSAMAY   N/F  PCT    N/A     N/A</p>
<p> 0830  Mon   UK   PPI (OUTPUT)Y/Y MAY   N/F  PCT    N/A     N/A</p>
<p> 0830  Mon   UK   OUTPUT EX FOOD DMAY   N/F  PCT    N/A     N/A</p>
<p> 0830  Mon   UK   OUTPUT EX FOOD DMAY   N/F  PCT    N/A     N/A</p>
<p> 0830  Wed   UK   AVERAGE EARNINGSAPR   N/F  PCT    N/A     N/A</p>
<p> 0830  Wed   UK   UNEMPLOYMENT    MAY   N/F  K	N/A     N/A</p>
<p> 0830  Wed   UK   UNEMPLOYMENT    MAY   N/F  PCT    N/A     N/A</p>
<p> 0830  Wed   UK   UNIT WAGE COSTS APR   N/F  PCT    N/A     N/A</p>
<p> 0830  Thu   UK   RETAIL PRICES   MAY   N/F  PCT    N/A     N/A</p>
<p> 0830  Thu   UK   RETAIL PRICES (YMAY   N/F  PCT    N/A     N/A</p>
<p> 0830  Thu   UK   RPI-X Y/Y	 MAY   N/F  PCT    N/A     N/A</p>
<p> 0830  Thu   UK   RPI-Y Y/Y	 MAY   N/F  PCT    N/A     N/A</p>
<p> 0930  Fri   UK   OUTPUT EX FOOD DMAY   N/F  PCT    N/A     N/A</p>
<p>* ECONOMIC INDICATORS WEEK COMMENCING JUNE 16</p>
<p> 0830  Mon   UK   CONST'N NEW ORDSAPR   N/F  PCT    N/A     N/A</p>
<p> 0830  Tue   UK   PSBR		MAY   N/F  BLN    N/A     N/A</p>
<p> 0830  Wed   UK   MOTOR VHCL PROD MAY   N/F  PCT    N/A     N/A</p>
<p> 0830  Wed   UK   RETAIL SALES SA MAY   N/F  PCT    N/A     N/A</p>
<p> 0830  Wed   UK   RETAIL SLS (Y/Y)MAY   N/F  PCT    N/A     N/A</p>
<p> 0830  Thu   UK   B/S NET MORT APPMAY   N/F  BLN    N/A     N/A</p>
<p> 0830  Thu   UK   M4 (PROV.)	MAY   N/F  PCT    N/A     N/A</p>
<p> 0830  Thu   UK   M4 (PROV.)(Y/Y) MAY   N/F  PCT    N/A     N/A</p>
<p> 0830  Thu   UK   M4 LENDING (PROVMAY   N/F  BLN    N/A     N/A</p>
<p>* ECONOMIC INDICATORS WEEK COMMENCING JUNE 23</p>
<p> 0830  Wed   UK   NON-EU TRADE    MAY   N/F  MLN    N/A     N/A</p>
<p> 0830  Wed   UK   TRADE IN GOODS  APR   N/F  MLN    N/A     N/A</p>
<p> 0830  Wed   UK   TRD IN GDS EX OIAPR   N/F  MLN    N/A     N/A</p>
<p> 0830  Fri   UK   CURRENT ACCOUNT Q1    N/F  MLN    N/A     N/A</p>
<p> 0830  Fri   UK   TRADE IN GOODS  Q1    N/F  MLN    N/A     N/A</p>
<p>* ECONOMIC INDICATORS WEEK COMMENCING JUNE 30</p>
<p> 0830  Wed   UK   OFFICIAL RSRVS (JUNE  N/F  MLN    N/A     N/A</p>
<p> 0930  Wed   UK   M0 (PROV.) SA   JUN   N/F  PCT    N/A     N/A</p>
<p> 0930  Wed   UK   M0 (PROV.) Y/Y  JUN   N/F  PCT    N/A     N/A</p>
<p> 0930  Thu   UK   OFFICIAL RSRVS (JUN   N/F  MLN    N/A     N/A</p>
<p>* ECONOMIC INDICATORS WEEK COMMENCING JULY 7</p>
<p> 0930  Wed   UK   OUTPUT EX FOOD DMAY   N/F  PCT    N/A     N/A</p>
<p> 0930  Wed   UK   PPI (INPUT) SA  MAY   N/F  PCT    N/A     N/A</p>
<p> 0930  Wed   UK   PPI (INPUT) Y/Y MAY   N/F  PCT    N/A     N/A</p>
<p> 0930  Wed   UK   PPI (OUTPUT) NSAMAY   N/F  PCT    N/A     N/A</p>
<p> 0930  Wed   UK   PPI (OUTPUT)Y/Y MAY   N/F  PCT    N/A     N/A</p>
<p>** Danielle Gann London newsroom +44 171 542 6425 **</p>
</text>
<copyright>(c) Reuters Limited 1997</copyright>
<metadata>
<codes class="bip:countries:1.0">
  <code code="UK">
    <editdetail action="confirmed" attribution="Reuters BIP Coding Group" date="1997-04-10"/>
  </code>
</codes>
<codes class="bip:topics:1.0">
  <code code="E71">
    <editdetail action="confirmed" attribution="Reuters BIP Coding Group" date="1997-04-10"/>
  </code>
  <code code="ECAT">
    <editdetail action="confirmed" attribution="Reuters BIP Coding Group" date="1997-04-10"/>
  </code>
</codes>
<dc element="dc.publisher" value="Reuters Holdings Plc"/>
<dc element="dc.date.published" value="1997-04-10"/>
<dc element="dc.source" value="Reuters"/>
<dc element="dc.creator.location.country.name" value="UK"/>
<dc element="dc.source" value="Reuters"/>
</metadata>
</newsitem>
