<?xml version="1.0" encoding="ISO-8859-1" standalone="no"?>
<newsitem date="1997-04-10" id="root" itemid="500359" xml:lang="en">
<title>INDIA: * Indian Eurobond rates - April 10.</title>
<headline>* Indian Eurobond rates - April 10.</headline>
<text>
<p>------------------EUROCONVERTIBLE BONDS-------------------</p>
<p>  NAME	 SIZE   COUPON  CONVERSION    INDICATIVE</p>
<p>		($ MLN) RATE(%) PRICE(Rupees) MARKET PRICE</p>
<p>BALLARPUR IND 35     4.00     275.00    $94.50/95.50</p>
<p>ESSAR GUJ     75     5.50	62.21    $96.50/97.50</p>
<p>ICICI	  200     2.50   2,200.00    $86.00/87.00</p>
<p>IPCL	   175     2.50   --------   $101.50/102.50</p>
<p>JINDAL STRIP  55     4.25     352.00   $100.00/101.00</p>
<p>M &amp; M	  100     5.00     417.25   $102.25/103.25</p>
<p>NIPPON DENRO 125     3.00	67.00    $56.75/57.75</p>
<p>RELIANCE     140     3.50     288.00   $108.00/109.00</p>
<p>SCICI	  100     3.50     130.00   $104.00/105.00</p>
<p>STERLITE     100     3.50     561.07    $88.25/89.25</p>
<p>TISCO	  100     2.25     291.00    $89.25/90.25</p>
<p>------------------INDIA SFR--(SWISS FRANC)-----------------</p>
<p>Bharat Forge				     95.13/97.13</p>
<p>SPIC						 86.13/88.13</p>
<p>. # - All bonds have a face value of $100 each. (Conversion rate $1 = 35.85 rupees).</p>
<p>Note: Eurobond prices are compiled from the rates quoted by Merrill Lynch, Robert Fleming, Morgan Stanley, Banque Paribas and Baring Securities in London. They are indicative and for reference only. For further information please telephone money desk in Bombay on 022-265 9000.</p>
</text>
<copyright>(c) Reuters Limited 1997</copyright>
<metadata>
<codes class="bip:countries:1.0">
  <code code="INDIA">
    <editdetail action="confirmed" attribution="Reuters BIP Coding Group" date="1997-04-10"/>
  </code>
</codes>
<codes class="bip:industries:1.0">
  <code code="I22100">
    <editdetail action="confirmed" attribution="Reuters BIP Coding Group" date="1997-04-10"/>
  </code>
  <code code="I25120">
    <editdetail action="confirmed" attribution="Reuters BIP Coding Group" date="1997-04-10"/>
  </code>
  <code code="I31000">
    <editdetail action="confirmed" attribution="Reuters BIP Coding Group" date="1997-04-10"/>
  </code>
  <code code="I34100">
    <editdetail action="confirmed" attribution="Reuters BIP Coding Group" date="1997-04-10"/>
  </code>
  <code code="I35102">
    <editdetail action="confirmed" attribution="Reuters BIP Coding Group" date="1997-04-10"/>
  </code>
  <code code="I47100">
    <editdetail action="confirmed" attribution="Reuters BIP Coding Group" date="1997-04-10"/>
  </code>
  <code code="I81501">
    <editdetail action="confirmed" attribution="Reuters BIP Coding Group" date="1997-04-10"/>
  </code>
  <code code="I81502">
    <editdetail action="confirmed" attribution="Reuters BIP Coding Group" date="1997-04-10"/>
  </code>
  <code code="I8150203">
    <editdetail action="confirmed" attribution="Reuters BIP Coding Group" date="1997-04-10"/>
  </code>
</codes>
<codes class="bip:topics:1.0">
  <code code="C17">
    <editdetail action="confirmed" attribution="Reuters BIP Coding Group" date="1997-04-10"/>
  </code>
  <code code="C172">
    <editdetail action="confirmed" attribution="Reuters BIP Coding Group" date="1997-04-10"/>
  </code>
  <code code="CCAT">
    <editdetail action="confirmed" attribution="Reuters BIP Coding Group" date="1997-04-10"/>
  </code>
  <code code="M12">
    <editdetail action="confirmed" attribution="Reuters BIP Coding Group" date="1997-04-10"/>
  </code>
  <code code="MCAT">
    <editdetail action="confirmed" attribution="Reuters BIP Coding Group" date="1997-04-10"/>
  </code>
</codes>
<dc element="dc.publisher" value="Reuters Holdings Plc"/>
<dc element="dc.date.published" value="1997-04-10"/>
<dc element="dc.source" value="Reuters"/>
<dc element="dc.creator.location.country.name" value="INDIA"/>
<dc element="dc.source" value="Reuters"/>
</metadata>
</newsitem>
