<?xml version="1.0" encoding="ISO-8859-1" standalone="no"?>
<newsitem date="1997-04-10" id="root" itemid="499857" xml:lang="en">
<title>USA: VF, Maidenform call off merger talks.</title>
<headline>VF, Maidenform call off merger talks.</headline>
<dateline>WYOMISSING, Pa.</dateline>
<text>
<p>Jeans and lingerie maker VF Corp. and Maidenform Worldwide Inc., manufacturer of women's intimate apparel, said Thursday they called off their merger talks.</p>
<p>The companies said they "have mutually agreed to terminate their discussions concerning the previously announced proposed purchase of all of the outstanding common stock of Maidenform."</p>
<p>No reason was given for the decision.</p>
<p>In late March, VF, the No. 3 maker of women's lingerie, with the Vanity Fair and Vasarette brands, announced plans to buy Maidenform, whose products include the Maidenform, Oscar de la Renta, Lilyette, Flexees, Subtract and Self Expression labels, for undisclosed terms.</p>
<p>At that time, both companies stressed that they had signed a letter of intent, but said more financial and legal reviews were needed before a definitive agreement would be reached.</p>
<p>Privately held Maidenform, which earlier this year announced it would consider options to ensure the company's future growth, said it will now pursue other opportunities.</p>
<p>"We intend to resume immediately previous discussions concerning other opportunities for the company. I am confident in the potential of the Maidenform business and look forward to new discussions to help secure our long-term success," said Chairman Elizabeth Coleman.</p>
<p>VF said the failed talks will have little impact on its positive outlook for the intimate apparel business.</p>
<p>"It's one of the categories we've targeted for growth. This doesn't change our strategy one way or the other," VF spokeswoman Cindy Knoebel said.</p>
<p>The deal would have expanded the role of Wyomissing, Pa.-based VF in the booming market for body-slimming undergarments. Currently, VF has about 11 percent of the $9.8 billion intimate apparel industry and Maidenform holds about a 10 percent share.</p>
<p>VF also owns Lee and Wrangler jeans, Healthtex, JanSport and Jantzen lines. VF's stock was up 37.5 cents to at $67.875 in afternoon trading on the New York Stock Exchange.</p>
<p>New York-based Maidenform also owns 92 percent of the outstanding stock of NCC Industries Inc., which makes intimate apparel in larger sizes.</p>
</text>
<copyright>(c) Reuters Limited 1997</copyright>
<metadata>
<codes class="bip:countries:1.0">
  <code code="USA">
    <editdetail action="confirmed" attribution="Reuters BIP Coding Group" date="1997-04-10"/>
  </code>
</codes>
<codes class="bip:industries:1.0">
  <code code="I45300">
    <editdetail action="confirmed" attribution="Reuters BIP Coding Group" date="1997-04-10"/>
  </code>
</codes>
<codes class="bip:topics:1.0">
  <code code="C18">
    <editdetail action="confirmed" attribution="Reuters BIP Coding Group" date="1997-04-10"/>
  </code>
  <code code="C181">
    <editdetail action="confirmed" attribution="Reuters BIP Coding Group" date="1997-04-10"/>
  </code>
  <code code="CCAT">
    <editdetail action="confirmed" attribution="Reuters BIP Coding Group" date="1997-04-10"/>
  </code>
</codes>
<dc element="dc.publisher" value="Reuters Holdings Plc"/>
<dc element="dc.date.published" value="1997-04-10"/>
<dc element="dc.source" value="Reuters"/>
<dc element="dc.creator.location" value="WYOMISSING, Pa."/>
<dc element="dc.creator.location.country.name" value="USA"/>
<dc element="dc.source" value="Reuters"/>
</metadata>
</newsitem>
