<?xml version="1.0" encoding="ISO-8859-1" standalone="no"?>
<newsitem date="1997-04-10" id="root" itemid="500832" xml:lang="en">
<title>UK: Next touches record high, boosted by market.</title>
<headline>Next touches record high, boosted by market.</headline>
<dateline>LONDON 1997-04-10</dateline>
<text>
<p>Shares in Next Plc pushed to a record high on Thursday, squeezed higher amid a stock shortage after a week in which the stock has risen amid strong results from fashion retailers, traders said.</p>
<p>Next shares were up 11p at 643-1/2 by 1200 GMT after earlier rising a high as 645, surpassing its previous peak of 639p set on March 11.</p>
<p>The stock rose earlier in the week on strong figures from rival Oasis Stores Plc and other signs of strength in the retail sector.</p>
<p>Volume was moderate at 926,197 shares, with traders saying there were quite a few buyers in the market.</p>
<p>"There's a squeeze in the market generally and it's up on that," one market-maker said. "A few of the other stores are up as well, but we haven't seen any real news on them."</p>
<p>Elsewhere in the sector Oasis was up 1p at 408-1/2p and Alexon Group rose 5p to 192-1/2.</p>
<p>- Tara FitzGerald, London Newsroom +44 171 542 4365</p>
</text>
<copyright>(c) Reuters Limited 1997</copyright>
<metadata>
<codes class="bip:countries:1.0">
  <code code="UK">
    <editdetail action="confirmed" attribution="Reuters BIP Coding Group" date="1997-04-10"/>
  </code>
</codes>
<codes class="bip:industries:1.0">
  <code code="I64500">
    <editdetail action="confirmed" attribution="Reuters BIP Coding Group" date="1997-04-10"/>
  </code>
</codes>
<codes class="bip:topics:1.0">
  <code code="C15">
    <editdetail action="confirmed" attribution="Reuters BIP Coding Group" date="1997-04-10"/>
  </code>
  <code code="C152">
    <editdetail action="confirmed" attribution="Reuters BIP Coding Group" date="1997-04-10"/>
  </code>
  <code code="CCAT">
    <editdetail action="confirmed" attribution="Reuters BIP Coding Group" date="1997-04-10"/>
  </code>
</codes>
<dc element="dc.date.created" value="1997-04-10"/>
<dc element="dc.publisher" value="Reuters Holdings Plc"/>
<dc element="dc.date.published" value="1997-04-10"/>
<dc element="dc.source" value="Reuters"/>
<dc element="dc.creator.location" value="LONDON"/>
<dc element="dc.creator.location.country.name" value="UK"/>
<dc element="dc.source" value="Reuters"/>
</metadata>
</newsitem>
