<?xml version="1.0" encoding="ISO-8859-1" standalone="no"?>
<newsitem date="1997-04-10" id="root" itemid="500441" xml:lang="en">
<title>INDIA: India - Forward dollar rates-(closing)-April 10.</title>
<headline>India - Forward dollar rates-(closing)-April 10.</headline>
<dateline>BOMBAY 1997-04-10</dateline>
<text>
<p>Bombay banks quoted the forward premia on dollar at the following rates (in paise):</p>
<p>	     Cash Spot    Cash Tom	Tom Spot</p>
<p>----------------------------------------------------------------</p>
<p>  TIME	Bid/Ask	Bid/Ask	Bid/Ask</p>
<p>(in IST)</p>
<p>----------------------------------------------------------------</p>
<p>1030	 0025/0050    0025/0025   00375/0050</p>
<p>1100	 0000/0050    0025/0000    0000/0050</p>
<p>1200	 0050/0075   -0025/0000    0075/0100</p>
<p>1300	 0050/0100   -0025/0000    0050/0075</p>
<p>1400	 0025/0075   -0025/0000    0025/0075</p>
<p>1500	 0025/0075   -0025/0000    0050/0100</p>
<p>1600	 0025/0075   -0025/0000    0050/0100</p>
<p>.</p>
<p>---------------------------------------------------------------</p>
<p>	   Apr    May    Jun    Jul    Aug     Sept     Oct</p>
<p>---------------------------------------------------------------</p>
<p>1030     2/4   18/21  39/41  59/61  79/82   99/101  120/122</p>
<p>1100     2/4   19/22  39/42  61/63  81/84  101/104  121/124</p>
<p>1200     3/4   18/21  38/41  61/63  81/83  100/102  120/123</p>
<p>1300     3/4   19/21  39/41  60/62  81/83  100/102  120/123</p>
<p>1400     3/4   20/22  40/42  62/65  82/85  102/105  122/124</p>
<p>1500     3/5   20/22  40/42  62/65  82/85  102/105  122/125</p>
<p>1600     4/6   21/23  41/43  63/66  83/85  104/107  124/127</p>
<p>.</p>
<p>These indicative rates are based on contributions from ABN Amro, ANZ Grindlays, Andhra Bank, Bank of America, Banque Nationale De Paris,Barclays Bank Ltd,Canara Bank,Citibank,Credit Lyonnais, Deutsche Bank, Dresdner Bank, Global Trust Bank, HDFC Bank, Hongkong Bank, L.C.Raheja, Mashreq Bank,Nucleus Securities, Societe Generale, Standard Chartered Bank, State Bank of India - Calcutta, Syndicate Bank.</p>
<p>For contributions contact Samir Shah on 022-265 9000</p>
</text>
<copyright>(c) Reuters Limited 1997</copyright>
<metadata>
<codes class="bip:countries:1.0">
  <code code="INDIA">
    <editdetail action="confirmed" attribution="Reuters BIP Coding Group" date="1997-04-10"/>
  </code>
</codes>
<codes class="bip:topics:1.0">
  <code code="M13">
    <editdetail action="confirmed" attribution="Reuters BIP Coding Group" date="1997-04-10"/>
  </code>
  <code code="M132">
    <editdetail action="confirmed" attribution="Reuters BIP Coding Group" date="1997-04-10"/>
  </code>
  <code code="MCAT">
    <editdetail action="confirmed" attribution="Reuters BIP Coding Group" date="1997-04-10"/>
  </code>
</codes>
<dc element="dc.date.created" value="1997-04-10"/>
<dc element="dc.publisher" value="Reuters Holdings Plc"/>
<dc element="dc.date.published" value="1997-04-10"/>
<dc element="dc.source" value="Reuters"/>
<dc element="dc.creator.location" value="BOMBAY"/>
<dc element="dc.creator.location.country.name" value="INDIA"/>
<dc element="dc.source" value="Reuters"/>
</metadata>
</newsitem>
