<?xml version="1.0" encoding="ISO-8859-1" standalone="no"?>
<newsitem date="1997-04-10" id="root" itemid="500391" xml:lang="en">
<title>INDIA: India needs 4.5 pct farm growth to reach target.</title>
<headline>India needs 4.5 pct farm growth to reach target.</headline>
<dateline>NEW DELHI 1997-04-10</dateline>
<text>
<p>India's agriculture sector must grow by 4.5 percent during the ninth five-year plan (1997-2002) to achieve a target of seven percent overall, a senior Agriculture Ministry official said on Thursday.</p>
<p>"Our agriculture sector has to grow by 4.5 percent in the ninth plan to achieve the targeted growth rate of seven percent," K. Rajan, the highest-ranking civil servant in the ministry told a news conference.</p>
<p>The Planning Commission, the country's highest planning body, has set an economic growth target of seven percent during the ninth plan, which began on April 1.</p>
<p>India's relatively centralised planned economy uses five-year plans to set government spending priorities.</p>
<p>Rajan said better technology management, input management and water management is needed to achieve the growth rate.</p>
<p>Despite unseasonal rains in the northern states last week, wheat production was likely to "show a good recovery" in the current 1996/97 season, Rajan said.</p>
<p>India's 1996/97 (June-May) wheat crop is estimated at 64.66 million tonnes compared with 62.62 million tonnes the previous year, the Agriculture Ministry said in a statement.</p>
<p>-- New Delhi newsroom +91-11 301 2024</p>
</text>
<copyright>(c) Reuters Limited 1997</copyright>
<metadata>
<codes class="bip:countries:1.0">
  <code code="INDIA">
    <editdetail action="confirmed" attribution="Reuters BIP Coding Group" date="1997-04-10"/>
  </code>
</codes>
<codes class="bip:industries:1.0">
  <code code="I01000">
    <editdetail action="confirmed" attribution="Reuters BIP Coding Group" date="1997-04-10"/>
  </code>
</codes>
<codes class="bip:topics:1.0">
  <code code="C21">
    <editdetail action="confirmed" attribution="Reuters BIP Coding Group" date="1997-04-10"/>
  </code>
  <code code="CCAT">
    <editdetail action="confirmed" attribution="Reuters BIP Coding Group" date="1997-04-10"/>
  </code>
</codes>
<dc element="dc.date.created" value="1997-04-10"/>
<dc element="dc.publisher" value="Reuters Holdings Plc"/>
<dc element="dc.date.published" value="1997-04-10"/>
<dc element="dc.source" value="Reuters"/>
<dc element="dc.creator.location" value="NEW DELHI"/>
<dc element="dc.creator.location.country.name" value="INDIA"/>
<dc element="dc.source" value="Reuters"/>
</metadata>
</newsitem>
