<?xml version="1.0" encoding="ISO-8859-1" standalone="no"?>
<newsitem date="1997-04-10" id="root" itemid="501299" xml:lang="en">
<title>GREECE: PRESS DIGEST - GREEK GENERAL NEWS - APRIL 10.</title>
<headline>PRESS DIGEST - GREEK GENERAL NEWS - APRIL 10.</headline>
<dateline>ATHENS 1997-04-10</dateline>
<text>
<p>Leading stories in the Greek general press. Today's press digest is late due to a work stoppage by newspaper distributors this morning.</p>
<p>KATHIMERINI</p>
<p>--Despite construction workers descending in force yesterday on the labour ministry against proposed changes to the job market, Prime Minister Costas Simitis insisted last night that the labour market was in need of reorganisation.</p>
<p>--Defence Minister Akis Tsohatzopoulos is considering an increase in the size of the Greek mission to Albania, following his meeting with his Albanian counterpart yesterday. A team of 15-20 will head to Albania tomorrow.</p>
<p>--Interior Minister Alekos Papadopoulos has issued an order to all public service and organisations (DEKOs) to stop hiring new personnel, as part of efforts to drastically cut back on public expenditures. Similar efforts are under way at the national economy ministry.</p>
<p>--Maria Petrakis, Athens Newsroom +301 3311812-4</p>
</text>
<copyright>(c) Reuters Limited 1997</copyright>
<metadata>
<codes class="bip:countries:1.0">
  <code code="GREECE">
    <editdetail action="confirmed" attribution="Reuters BIP Coding Group" date="1997-04-10"/>
  </code>
</codes>
<codes class="bip:topics:1.0">
  <code code="GCAT">
    <editdetail action="confirmed" attribution="Reuters BIP Coding Group" date="1997-04-10"/>
  </code>
</codes>
<dc element="dc.date.created" value="1997-04-10"/>
<dc element="dc.publisher" value="Reuters Holdings Plc"/>
<dc element="dc.date.published" value="1997-04-10"/>
<dc element="dc.source" value="Reuters"/>
<dc element="dc.creator.location" value="ATHENS"/>
<dc element="dc.creator.location.country.name" value="GREECE"/>
<dc element="dc.source" value="Reuters"/>
</metadata>
</newsitem>
