<?xml version="1.0" encoding="ISO-8859-1" standalone="no"?>
<newsitem date="1997-04-10" id="root" itemid="501688" xml:lang="en">
<title>SINGAPORE: PRESS DIGEST - Singapore - April 10.</title>
<headline>PRESS DIGEST - Singapore - April 10.</headline>
<dateline>SINGAPORE 1997-04-10</dateline>
<text>
<p>The following are top stories from selected Singapore newspapers. Reuters has not verified these stories and does not vouch for their accuracy.</p>
<p>THE STRAITS TIMES:</p>
<p>-  Singapore Productivity and Standards Board (PSB) says efforts pay off as not only training one in every three workers but also reaching those in problem groups.</p>
<p>-  Employer, victim, forgive secretary who stole credit card.</p>
<p>- Singapore's Changi voted world's top airport by long-haul airline passengers.</p>
<p>- Goldsmith forgives employee who helped set up robbery of his shop.</p>
<p>-  MCL Land, formerly Malayan Credit, tops bids for two sites in Urban Redevelopment Authority public tender of three residential land parcels, with overall response to auction viewed as "fair" and "expected" by analysts.</p>
<p>-  Raffles Medical Group initial public offer shares subscribed 50 times.</p>
<p>-  Bank Negara's new lending guidelines for purchases on properties may affect mega commercial projects in Kuala Lumpur including corporate player Tan Sri Vincent Tan's multibillion-dollar Linear City project.</p>
<p>THE BUSINESS TIMES:</p>
<p>-  Australia lifts ban on foreigners owning local banks, paving way for Asian banks to seek significant presence in country.</p>
<p>-  Listed Thai finance company Sri Dhana Finance and Securities in discussions of possible merger with Singapore's DBS Bank following measures by Thai central bank to spur consolidation among country's 91 finance companies.</p>
<p>-  Yeo Ning Hong, former cabinet minister, leaves Singapore Technologies Pte Ltd to focus full-time on Port of Singapore Authority, of which he is chairman.</p>
<p>-  Sinochem, China's premier state-owned trading conglomerate, puts off listing plan on the Stock Exchange of Singapore.</p>
<p>-  Serial Systems investors who sold their shares enjoy at best a 3.5 cent or 5 percent premium in first two hours trading on Wednesday.</p>
<p>-  Camerlin's deal to sell its Brierley Investment stake to Malaysia-listed Malex Industries should make a multi-million dollar paper profit for the company.</p>
<p>-- Singapore newsroom 65-8703080</p>
</text>
<copyright>(c) Reuters Limited 1997</copyright>
<metadata>
<codes class="bip:countries:1.0">
  <code code="SINGP">
    <editdetail action="confirmed" attribution="Reuters BIP Coding Group" date="1997-04-10"/>
  </code>
</codes>
<codes class="bip:topics:1.0">
  <code code="GCAT">
    <editdetail action="confirmed" attribution="Reuters BIP Coding Group" date="1997-04-10"/>
  </code>
</codes>
<dc element="dc.date.created" value="1997-04-10"/>
<dc element="dc.publisher" value="Reuters Holdings Plc"/>
<dc element="dc.date.published" value="1997-04-10"/>
<dc element="dc.source" value="Reuters"/>
<dc element="dc.creator.location" value="SINGAPORE"/>
<dc element="dc.creator.location.country.name" value="SINGAPORE"/>
<dc element="dc.source" value="Reuters"/>
</metadata>
</newsitem>
