<?xml version="1.0" encoding="ISO-8859-1" standalone="no"?>
<newsitem date="1997-04-10" id="root" itemid="501467" xml:lang="en">
<title>SINGAPORE: Singapore government securities end narrowly mixed.</title>
<headline>Singapore government securities end narrowly mixed.</headline>
<dateline>SINGAPORE 1997-04-10</dateline>
<text>
<p>Singapore government securities ended narrowly mixed in moderate trade on interbank and retail interest, dealers said on Thursday.</p>
<p>"The interbank rate eased slightly again today but there was still little impact on the market. Treasury bill yields were steady to slightly lower but bond prices were slightly higher. Volume was moderate," a local dealer said.</p>
<p>In treasury bills, three-months closed at a yield of 1.53/1.48 percent compared with Wednesday's yield of 1.55/1.50 percent but one-year was unchanged from Wednesday's yield of 1.73/1.68 percent.  </p>
<p>Among bonds, April 1998 ended at S$99.55/99.60 against Wednesday's close of S$99.48/99.58, September 2001 at S$96.73/96.78 versus S$96.67/96.72 and June 2003 at S$94.73/94.78 from S$94.66/94.71.</p>
<p>The interbank rate eased to 3-3/8 3-1/4 percent against Wednesday's 3-1/2 3-3/8 percent.</p>
<p>- Singapore newsroom (65-870-3080)</p>
</text>
<copyright>(c) Reuters Limited 1997</copyright>
<metadata>
<codes class="bip:countries:1.0">
  <code code="SINGP">
    <editdetail action="confirmed" attribution="Reuters BIP Coding Group" date="1997-04-10"/>
  </code>
</codes>
<codes class="bip:topics:1.0">
  <code code="M12">
    <editdetail action="confirmed" attribution="Reuters BIP Coding Group" date="1997-04-10"/>
  </code>
  <code code="M13">
    <editdetail action="confirmed" attribution="Reuters BIP Coding Group" date="1997-04-10"/>
  </code>
  <code code="M131">
    <editdetail action="confirmed" attribution="Reuters BIP Coding Group" date="1997-04-10"/>
  </code>
  <code code="MCAT">
    <editdetail action="confirmed" attribution="Reuters BIP Coding Group" date="1997-04-10"/>
  </code>
</codes>
<dc element="dc.date.created" value="1997-04-10"/>
<dc element="dc.publisher" value="Reuters Holdings Plc"/>
<dc element="dc.date.published" value="1997-04-10"/>
<dc element="dc.source" value="Reuters"/>
<dc element="dc.creator.location" value="SINGAPORE"/>
<dc element="dc.creator.location.country.name" value="SINGAPORE"/>
<dc element="dc.source" value="Reuters"/>
</metadata>
</newsitem>
