<?xml version="1.0" encoding="ISO-8859-1" standalone="no"?>
<newsitem date="1997-04-10" id="root" itemid="500121" xml:lang="en">
<title>USA: CIT Group sells $100 mln in notes.</title>
<headline>CIT Group sells $100 mln in notes.</headline>
<dateline>NEW YORK 1997-04-10</dateline>
<text>
<p>The following issue from CIT Group Holdings Inc was priced on Thursday, according to lead manager Credit Suisse First Boston Corp</p>
<p>CIT Group Holdings is 80 percent owned by Dai-Ichi Kangyo</p>
<p>Bank Ltd and 20 percent owned by Chase Manhattan Corp.</p>
<p>BORROWER CIT GROUP HOLDINGS INC</p>
<p>AMT $100 MLN	 COUPON 6.80 PCT   MATURITY 4/17/2000</p>
<p>TYPE NOTES	   ISS PRICE 99.94   FIRST PAY DATE 10/17/1997</p>
<p>LAST MOODY'S AA3   YIELD 6.822 PCT   PAY FREQ  SEMI-ANNUAL</p>
<p>LAST S&amp;P A-PLUS    SPREAD 23 BP	CALLABLE  NO</p>
<p>((--U.S. Corporate Bond Unit, 212 859-1678))</p>
</text>
<copyright>(c) Reuters Limited 1997</copyright>
<metadata>
<codes class="bip:countries:1.0">
  <code code="JAP">
    <editdetail action="confirmed" attribution="Reuters BIP Coding Group" date="1997-04-10"/>
  </code>
  <code code="USA">
    <editdetail action="confirmed" attribution="Reuters BIP Coding Group" date="1997-04-10"/>
  </code>
</codes>
<codes class="bip:industries:1.0">
  <code code="I81402">
    <editdetail action="confirmed" attribution="Reuters BIP Coding Group" date="1997-04-10"/>
  </code>
</codes>
<codes class="bip:topics:1.0">
  <code code="C17">
    <editdetail action="confirmed" attribution="Reuters BIP Coding Group" date="1997-04-10"/>
  </code>
  <code code="C172">
    <editdetail action="confirmed" attribution="Reuters BIP Coding Group" date="1997-04-10"/>
  </code>
  <code code="CCAT">
    <editdetail action="confirmed" attribution="Reuters BIP Coding Group" date="1997-04-10"/>
  </code>
</codes>
<dc element="dc.date.created" value="1997-04-10"/>
<dc element="dc.publisher" value="Reuters Holdings Plc"/>
<dc element="dc.date.published" value="1997-04-10"/>
<dc element="dc.source" value="Reuters"/>
<dc element="dc.creator.location" value="NEW YORK"/>
<dc element="dc.creator.location.country.name" value="USA"/>
<dc element="dc.source" value="Reuters"/>
</metadata>
</newsitem>
