<?xml version="1.0" encoding="ISO-8859-1" standalone="no"?>
<newsitem date="1997-04-10" id="root" itemid="501679" xml:lang="en">
<title>JAPAN: North Korea slams Cohen over U.S. troops remark.</title>
<headline>North Korea slams Cohen over U.S. troops remark.</headline>
<dateline>TOKYO 1997-04-10</dateline>
<text>
<p>North Korea on Thursday criticised comments by U.S. Defence Secretary William Cohen in which he said the United States would not reduce troop levels in Asia even if the two Koreas were reunited.</p>
<p>"This outrageous comment puts military pressure on us and reveals the U.S. military forces' dangerous ambition for domination of the entire Korean peninsula," state-run Radio Pyongyang said.</p>
<p>The broadcast was monitored by the Radio Press news agency in Tokyo.</p>
<p>Cohen, who is now in South Korea as part of his first tour of Asia as defence secretary, told reporters before beginning his trip that the 100,000 U.S. troops in Asia would stay whatever happens in China or North Korea.</p>
<p>Cohen said the U.S. military presence, mostly based in Japan and South Korea, was the best guarantee of stability in the region.</p>
</text>
<copyright>(c) Reuters Limited 1997</copyright>
<metadata>
<codes class="bip:countries:1.0">
  <code code="CHINA">
    <editdetail action="confirmed" attribution="Reuters BIP Coding Group" date="1997-04-10"/>
  </code>
  <code code="JAP">
    <editdetail action="confirmed" attribution="Reuters BIP Coding Group" date="1997-04-10"/>
  </code>
  <code code="NKOREA">
    <editdetail action="confirmed" attribution="Reuters BIP Coding Group" date="1997-04-10"/>
  </code>
  <code code="SKOREA">
    <editdetail action="confirmed" attribution="Reuters BIP Coding Group" date="1997-04-10"/>
  </code>
  <code code="USA">
    <editdetail action="confirmed" attribution="Reuters BIP Coding Group" date="1997-04-10"/>
  </code>
</codes>
<codes class="bip:topics:1.0">
  <code code="GCAT">
    <editdetail action="confirmed" attribution="Reuters BIP Coding Group" date="1997-04-10"/>
  </code>
  <code code="GDEF">
    <editdetail action="confirmed" attribution="Reuters BIP Coding Group" date="1997-04-10"/>
  </code>
  <code code="GDIP">
    <editdetail action="confirmed" attribution="Reuters BIP Coding Group" date="1997-04-10"/>
  </code>
</codes>
<dc element="dc.date.created" value="1997-04-10"/>
<dc element="dc.publisher" value="Reuters Holdings Plc"/>
<dc element="dc.date.published" value="1997-04-10"/>
<dc element="dc.source" value="Reuters"/>
<dc element="dc.creator.location" value="TOKYO"/>
<dc element="dc.creator.location.country.name" value="JAPAN"/>
<dc element="dc.source" value="Reuters"/>
</metadata>
</newsitem>
