<?xml version="1.0" encoding="ISO-8859-1" standalone="no"?>
<newsitem date="1997-04-10" id="root" itemid="500331" xml:lang="en">
<title>SWITZERLAND: U.S., EU see solution to grain tariff row.</title>
<headline>U.S., EU see solution to grain tariff row.</headline>
<dateline>GENEVA 1997-04-10</dateline>
<text>
<p>The United States and the European Union said on Thursday they saw good prospects for a solution to their long-running row over EU grain tariffs.</p>
<p>Trade sources said officials from both powers told a meeting of the World Trade Organisation's Dispute Settlement Body (DSB) that a settlement seemed in sight.</p>
<p>But at the same time the United States said it was going ahead with a new request for WTO panel to adjudicate in the spat pending a positive outcome.</p>
<p>EU diplomat Ian Wilkinson said Brussels could not agree to a panel immediately, saying the two sides were working for a solution which was "within sight", according to the sources.</p>
<p>U.S. representative Andrew Shoyer said Washington and Brussels were making "good progress" towards an accord and he hoped to be able to report one was reached at the next DSB meeting on April 30.</p>
<p>He said if that was the case, the United States would be able to withdraw its request for a panel -- which otherwise, under WTO rules, would have been created automatically.</p>
<p>The row, which broke out in 1995, centres on a tariff system Washington says violates agreements under the 1986-93 Uruguay Round of trade negotiations.</p>
<p>The United States has filed and then withdrawn panel requests in the WTO at least twice so far.</p>
<p>Last month the EU agreed to change its rice import system and to open a new tariff quota for U.S. malting barley, both effective from May 1.</p>
<p>This appeared to have resolved the dispute, but Washington, apparently fearing possible backsliding, clearly decided to keep up the pressure through the WTO.</p>
<p>U.S. officials say they have been concerned that the EU has not yet published either a new cumulative recovery system for rice imports, which allows traders to reclaim excess import duties, nor the malting barley quota.</p>
<p>But the EU says the decisions had been taken by member states and could not be unravelled.</p>
<p>-Robert Evans, Geneva Newsroom + (41-22) 733 38 31</p>
</text>
<copyright>(c) Reuters Limited 1997</copyright>
<metadata>
<codes class="bip:countries:1.0">
  <code code="EEC">
    <editdetail action="confirmed" attribution="Reuters BIP Coding Group" date="1997-04-10"/>
  </code>
  <code code="USA">
    <editdetail action="confirmed" attribution="Reuters BIP Coding Group" date="1997-04-10"/>
  </code>
</codes>
<codes class="bip:industries:1.0">
  <code code="I01001">
    <editdetail action="confirmed" attribution="Reuters BIP Coding Group" date="1997-04-10"/>
  </code>
  <code code="I0100132">
    <editdetail action="confirmed" attribution="Reuters BIP Coding Group" date="1997-04-10"/>
  </code>
</codes>
<codes class="bip:topics:1.0">
  <code code="C13">
    <editdetail action="confirmed" attribution="Reuters BIP Coding Group" date="1997-04-10"/>
  </code>
  <code code="C31">
    <editdetail action="confirmed" attribution="Reuters BIP Coding Group" date="1997-04-10"/>
  </code>
  <code code="C311">
    <editdetail action="confirmed" attribution="Reuters BIP Coding Group" date="1997-04-10"/>
  </code>
  <code code="CCAT">
    <editdetail action="confirmed" attribution="Reuters BIP Coding Group" date="1997-04-10"/>
  </code>
  <code code="E51">
    <editdetail action="confirmed" attribution="Reuters BIP Coding Group" date="1997-04-10"/>
  </code>
  <code code="E512">
    <editdetail action="confirmed" attribution="Reuters BIP Coding Group" date="1997-04-10"/>
  </code>
  <code code="ECAT">
    <editdetail action="confirmed" attribution="Reuters BIP Coding Group" date="1997-04-10"/>
  </code>
  <code code="G15">
    <editdetail action="confirmed" attribution="Reuters BIP Coding Group" date="1997-04-10"/>
  </code>
  <code code="G153">
    <editdetail action="confirmed" attribution="Reuters BIP Coding Group" date="1997-04-10"/>
  </code>
  <code code="G158">
    <editdetail action="confirmed" attribution="Reuters BIP Coding Group" date="1997-04-10"/>
  </code>
  <code code="GCAT">
    <editdetail action="confirmed" attribution="Reuters BIP Coding Group" date="1997-04-10"/>
  </code>
</codes>
<dc element="dc.date.created" value="1997-04-10"/>
<dc element="dc.publisher" value="Reuters Holdings Plc"/>
<dc element="dc.date.published" value="1997-04-10"/>
<dc element="dc.source" value="Reuters"/>
<dc element="dc.creator.location" value="GENEVA"/>
<dc element="dc.creator.location.country.name" value="SWITZERLAND"/>
<dc element="dc.source" value="Reuters"/>
</metadata>
</newsitem>
