<?xml version="1.0" encoding="ISO-8859-1" standalone="no"?>
<newsitem date="1997-04-10" id="root" itemid="499908" xml:lang="en">
<title>USA: Assets of U.S. money market funds rose in week.</title>
<headline>Assets of U.S. money market funds rose in week.</headline>
<dateline>WASHINGTON 1997-04-10</dateline>
<text>
<p>Total money market mutual fund assets in the week ended April 9 rose to $984.55 billion from a revised $975.23 billion the prior week, an industry trade group said Thursday.</p>
<p>The Investment Company Institute said assets of the nation's 665 retail money market mutual funds rose $5.60 billion to $659.63 billion in the week.</p>
<p>Of the retail funds, assets of the 402 taxable money market funds rose $4.27 billion to $538.32 billion, while assets of the 263 tax-exempt funds rose $1.32 billion to $121.31 billion, the group said.</p>
<p>ICI said assets of the 323 institutional money market funds rose $3.72 billion to $324.92 billion. Of these, assets of the 260 taxable money market funds increased $2.91 billion to $290.63 billion, while assets of the 63 tax-exempt funds grew $813.5 million to $34.29 billion, it said.</p>
<p>ICI revised last week's money market mutual fund assets to $975.23 billion from $975.36 billion.</p>
</text>
<copyright>(c) Reuters Limited 1997</copyright>
<metadata>
<codes class="bip:countries:1.0">
  <code code="USA">
    <editdetail action="confirmed" attribution="Reuters BIP Coding Group" date="1997-04-10"/>
  </code>
</codes>
<codes class="bip:industries:1.0">
  <code code="I81502">
    <editdetail action="confirmed" attribution="Reuters BIP Coding Group" date="1997-04-10"/>
  </code>
  <code code="I8150211">
    <editdetail action="confirmed" attribution="Reuters BIP Coding Group" date="1997-04-10"/>
  </code>
</codes>
<codes class="bip:topics:1.0">
  <code code="C15">
    <editdetail action="confirmed" attribution="Reuters BIP Coding Group" date="1997-04-10"/>
  </code>
  <code code="C151">
    <editdetail action="confirmed" attribution="Reuters BIP Coding Group" date="1997-04-10"/>
  </code>
  <code code="C31">
    <editdetail action="confirmed" attribution="Reuters BIP Coding Group" date="1997-04-10"/>
  </code>
  <code code="CCAT">
    <editdetail action="confirmed" attribution="Reuters BIP Coding Group" date="1997-04-10"/>
  </code>
</codes>
<dc element="dc.date.created" value="1997-04-10"/>
<dc element="dc.publisher" value="Reuters Holdings Plc"/>
<dc element="dc.date.published" value="1997-04-10"/>
<dc element="dc.source" value="Reuters"/>
<dc element="dc.creator.location" value="WASHINGTON"/>
<dc element="dc.creator.location.country.name" value="USA"/>
<dc element="dc.source" value="Reuters"/>
</metadata>
</newsitem>
