<?xml version="1.0" encoding="ISO-8859-1" standalone="no"?>
<newsitem date="1997-04-10" id="root" itemid="500946" xml:lang="en">
<title>BAHRAIN: Economists say Bahrain to remain Gulf bank hub.</title>
<headline>Economists say Bahrain to remain Gulf bank hub.</headline>
<dateline>MANAMA 1997-04-10</dateline>
<text>
<p>Bahrain will keep its position as the Gulf's main banking and financial centre in the face of regional competition, but it should work to forge closer ties with Asian markets to benefit from economic growth there, economists said.</p>
<p>"I think Bahrain would stand firm as a banking and financial centre not only in the Gulf but probably in the Middle East," a senior Arab banker told Reuters on the sidelines of a two-day Gulf Economic Forum which ended on Wednesday.</p>
<p>"I don't see any other country in the region could easily take over, simply because the island has prepared the ground to become a financial hub since the early 1970s," he added.</p>
<p>Analysts say Bahrain, where economic growth has been sluggish in the past few years amid dwindling oil reserves, is facing increasing competition from other Gulf states -- particularly Dubai in the United Arab Emirates.</p>
<p>Banque Indosuez closed its treasury department in Bahrain at the end of 1996 and Swiss Banking Corp last year closed its offshore banking unit in the island.</p>
<p>But a new bank, First Islamic Investment Bank, opened in Bahrain in November. Saudi Arabia's al-Jomaih group and Kuwaiti investors set up the offshore investment bank.</p>
<p>A $35 million private equity placement offered by the bank in March to investors in Gulf Arab states and South East Asia to raise its paid-in capital to $50 million had been oversubscribed by 50 percent.</p>
<p>Officials at the Bahrain Monetary Agency, the central bank, said there were 46 offshore banking units operating in the island at the end of 1996 with total assets of $67 billion.</p>
<p>Economists, however, say in terms of value added Bahrain benefited little from banking, but should foster closer ties with nearby Asian countries and follow their example.</p>
<p>"Bahrain should work to strengthen its links with Asian countries to benefit from economic growth there," another economist said.</p>
<p>Bahrain's Prime Minister Sheikh Khalifa bin Sulman al-Khalifa, who inaugurated the forum, praised the Asian economic approach.</p>
<p>"I call for a study of their successful economic experiment...to contribute towards our goal of prosperity for everyone and consolidation of the pillars of security and stability."</p>
<p>Bahrain's Finance and National Economy Minister Ibrahim Abdel-Karim shared their views and urged Gulf Arab states to forge close economic links with the booming Asian countries.</p>
<p>"We need to pay increasing attention to our relationships with those economies which are already today -- and which in the next century will continue to be -- a major source of world economic growth," Abdel-Karim told the gathering.</p>
</text>
<copyright>(c) Reuters Limited 1997</copyright>
<metadata>
<codes class="bip:countries:1.0">
  <code code="BAHRN">
    <editdetail action="confirmed" attribution="Reuters BIP Coding Group" date="1997-04-10"/>
  </code>
</codes>
<codes class="bip:industries:1.0">
  <code code="I81402">
    <editdetail action="confirmed" attribution="Reuters BIP Coding Group" date="1997-04-10"/>
  </code>
</codes>
<codes class="bip:topics:1.0">
  <code code="C31">
    <editdetail action="confirmed" attribution="Reuters BIP Coding Group" date="1997-04-10"/>
  </code>
  <code code="CCAT">
    <editdetail action="confirmed" attribution="Reuters BIP Coding Group" date="1997-04-10"/>
  </code>
</codes>
<dc element="dc.date.created" value="1997-04-10"/>
<dc element="dc.publisher" value="Reuters Holdings Plc"/>
<dc element="dc.date.published" value="1997-04-10"/>
<dc element="dc.source" value="Reuters"/>
<dc element="dc.creator.location" value="MANAMA"/>
<dc element="dc.creator.location.country.name" value="BAHRAIN"/>
<dc element="dc.source" value="Reuters"/>
</metadata>
</newsitem>
