<?xml version="1.0" encoding="ISO-8859-1" standalone="no"?>
<newsitem date="1997-04-10" id="root" itemid="500191" xml:lang="en">
<title>PORTUGAL: Death toll could rise in Lisbon bridge accident.</title>
<headline>Death toll could rise in Lisbon bridge accident.</headline>
<dateline>LISBON 1997-04-10</dateline>
<text>
<p>Four or five workers, including two Frenchmen, were missing on Thursday after a metal girder collapsed at a Lisbon bridge project, killing a Portuguese employee and injuring eight other people.</p>
<p>A spokeswoman for the Anglo-French consortium  Lusoponte, which is building the bridge over the river Tagus, named the two missing Frenchmen as Etienne Muller and Jerome Cornielle.</p>
<p>The nationality of the other missing men, who were apparently knocked 40 metres (130 feet) from the bridge into the river when the girder broke, was not immediately known.</p>
<p>Amongst the injured was English engineer Anthony Freeman, who was in a coma in a Lisbon hospital. The other seven workmen hurt, all Portuguese, were in less serious condition.</p>
<p>The dead man, named as Vicente Casanova, was the Portuguese foreman in charge of work in that part of the bridge. The spokeswoman said that the fact that he had been killed made it difficult to say exactly how many workers had been in the area at the time of the accident.</p>
<p>Some 3,500 people are employed on building the 18-km (11-mile) bridge which is one of Europe's largest construction projects.</p>
<p>Work around the area where the accident occurred was halted while an official inquiry was carried out into its causes.</p>
</text>
<copyright>(c) Reuters Limited 1997</copyright>
<metadata>
<codes class="bip:countries:1.0">
  <code code="FRA">
    <editdetail action="confirmed" attribution="Reuters BIP Coding Group" date="1997-04-10"/>
  </code>
  <code code="PORL">
    <editdetail action="confirmed" attribution="Reuters BIP Coding Group" date="1997-04-10"/>
  </code>
</codes>
<codes class="bip:topics:1.0">
  <code code="GCAT">
    <editdetail action="confirmed" attribution="Reuters BIP Coding Group" date="1997-04-10"/>
  </code>
  <code code="GDIS">
    <editdetail action="confirmed" attribution="Reuters BIP Coding Group" date="1997-04-10"/>
  </code>
</codes>
<dc element="dc.date.created" value="1997-04-10"/>
<dc element="dc.publisher" value="Reuters Holdings Plc"/>
<dc element="dc.date.published" value="1997-04-10"/>
<dc element="dc.source" value="Reuters"/>
<dc element="dc.creator.location" value="LISBON"/>
<dc element="dc.creator.location.country.name" value="PORTUGAL"/>
<dc element="dc.source" value="Reuters"/>
</metadata>
</newsitem>
