<?xml version="1.0" encoding="ISO-8859-1" standalone="no"?>
<newsitem date="1997-04-10" id="root" itemid="501715" xml:lang="en">
<title>JAPAN: Stock ratings list - Nomura Securities (Apr 10).</title>
<headline>Stock ratings list - Nomura Securities (Apr 10).</headline>
<dateline>TOKYO 1997-04-10</dateline>
<text>
<p>Follows is a list of ratings on Thursday by Nomura Securities Co Ltd.</p>
<p>--------------------------------------------------</p>
<p>Rating unchanged:</p>
<p>Marui Co Ltd -- "1"</p>
<p>Japan Wool Textile Co Ltd -- "1"</p>
<p>Ryohin Keikaku Co Ltd -- "1"</p>
<p>Sawako Corporation -- "1"</p>
<p>Taisei Fire and Marine Insurance Co Ltd -- "2"</p>
<p>Koa Fire and Marine Insurance Co Ltd -- "2"</p>
<p>Nichido Fire and Marine Insurance Co Ltd -- "2"</p>
<p>Seiren Co Ltd -- "2"</p>
<p>Teijin Ltd -- "2"</p>
<p>Homac Corp -- "2"</p>
<p>NIDEC Corp -- "2" --------------------------------------------------</p>
<p>Nomura assigns ratings as follows:</p>
<p>"1" - issues expected to outperform the key 225-share Nikkei average by more than 10 percentage points over the following six months.</p>
<p>"2" - issues seen moving within 10 percentage points in either direction of the key 225-share Nikkei average over the next six months.</p>
<p>"3" - issues expected to underperform the key 225-share Nikkei average by more than 10 percentage points over the following six months.</p>
</text>
<copyright>(c) Reuters Limited 1997</copyright>
<metadata>
<codes class="bip:countries:1.0">
  <code code="JAP">
    <editdetail action="confirmed" attribution="Reuters BIP Coding Group" date="1997-04-10"/>
  </code>
</codes>
<codes class="bip:industries:1.0">
  <code code="I26000">
    <editdetail action="confirmed" attribution="Reuters BIP Coding Group" date="1997-04-10"/>
  </code>
  <code code="I34200">
    <editdetail action="confirmed" attribution="Reuters BIP Coding Group" date="1997-04-10"/>
  </code>
  <code code="I43000">
    <editdetail action="confirmed" attribution="Reuters BIP Coding Group" date="1997-04-10"/>
  </code>
  <code code="I50100">
    <editdetail action="confirmed" attribution="Reuters BIP Coding Group" date="1997-04-10"/>
  </code>
  <code code="I5010022">
    <editdetail action="confirmed" attribution="Reuters BIP Coding Group" date="1997-04-10"/>
  </code>
  <code code="I64800">
    <editdetail action="confirmed" attribution="Reuters BIP Coding Group" date="1997-04-10"/>
  </code>
  <code code="I65600">
    <editdetail action="confirmed" attribution="Reuters BIP Coding Group" date="1997-04-10"/>
  </code>
  <code code="I6560002">
    <editdetail action="confirmed" attribution="Reuters BIP Coding Group" date="1997-04-10"/>
  </code>
  <code code="I82003">
    <editdetail action="confirmed" attribution="Reuters BIP Coding Group" date="1997-04-10"/>
  </code>
</codes>
<codes class="bip:topics:1.0">
  <code code="C15">
    <editdetail action="confirmed" attribution="Reuters BIP Coding Group" date="1997-04-10"/>
  </code>
  <code code="C152">
    <editdetail action="confirmed" attribution="Reuters BIP Coding Group" date="1997-04-10"/>
  </code>
  <code code="CCAT">
    <editdetail action="confirmed" attribution="Reuters BIP Coding Group" date="1997-04-10"/>
  </code>
</codes>
<dc element="dc.date.created" value="1997-04-10"/>
<dc element="dc.publisher" value="Reuters Holdings Plc"/>
<dc element="dc.date.published" value="1997-04-10"/>
<dc element="dc.source" value="Reuters"/>
<dc element="dc.creator.location" value="TOKYO"/>
<dc element="dc.creator.location.country.name" value="JAPAN"/>
<dc element="dc.source" value="Reuters"/>
</metadata>
</newsitem>
