<?xml version="1.0" encoding="ISO-8859-1" standalone="no"?>
<newsitem date="1997-04-10" id="root" itemid="501436" xml:lang="en">
<title>NEW ZEALAND: NZ's Garlick cuts 11 staff after restructuring.</title>
<headline>NZ's Garlick cuts 11 staff after restructuring.</headline>
<dateline>WELLINGTON 1997-04-10</dateline>
<text>
<p>Wellington stock brokerage Garlick &amp; Co is to cut its staff numbers from 27 to 16, Managing Director Bill Garlick said on Thursday.</p>
<p>Garlick and Co said it would outsource some work to international firms it has had close associations with already.</p>
<p>The company, the only New Zealand institutional broker which is staff-owned, has undergone four restructurings in the past 11 years.</p>
<p>"The market is changing so quickly -- if you are going to remain in our position as a viable operator, you have to keep shifting your business and anticipate where the markets are going," Garlick told Reuters.</p>
<p>Garlick said the firm would be outsourcing much more of its work in investment banking.</p>
<p>He said Garlick &amp; Co had considered selling its operation to a major foreign player but had rejected that option.</p>
<p>-- Wellington newsroom +64 4 4734 746</p>
</text>
<copyright>(c) Reuters Limited 1997</copyright>
<metadata>
<codes class="bip:countries:1.0">
  <code code="NZ">
    <editdetail action="confirmed" attribution="Reuters BIP Coding Group" date="1997-04-10"/>
  </code>
</codes>
<codes class="bip:industries:1.0">
  <code code="I83100">
    <editdetail action="confirmed" attribution="Reuters BIP Coding Group" date="1997-04-10"/>
  </code>
</codes>
<codes class="bip:topics:1.0">
  <code code="C42">
    <editdetail action="confirmed" attribution="Reuters BIP Coding Group" date="1997-04-10"/>
  </code>
  <code code="CCAT">
    <editdetail action="confirmed" attribution="Reuters BIP Coding Group" date="1997-04-10"/>
  </code>
  <code code="E41">
    <editdetail action="confirmed" attribution="Reuters BIP Coding Group" date="1997-04-10"/>
  </code>
  <code code="ECAT">
    <editdetail action="confirmed" attribution="Reuters BIP Coding Group" date="1997-04-10"/>
  </code>
  <code code="GCAT">
    <editdetail action="confirmed" attribution="Reuters BIP Coding Group" date="1997-04-10"/>
  </code>
  <code code="GJOB">
    <editdetail action="confirmed" attribution="Reuters BIP Coding Group" date="1997-04-10"/>
  </code>
</codes>
<dc element="dc.date.created" value="1997-04-10"/>
<dc element="dc.publisher" value="Reuters Holdings Plc"/>
<dc element="dc.date.published" value="1997-04-10"/>
<dc element="dc.source" value="Reuters"/>
<dc element="dc.creator.location" value="WELLINGTON"/>
<dc element="dc.creator.location.country.name" value="NEW ZEALAND"/>
<dc element="dc.source" value="Reuters"/>
</metadata>
</newsitem>
