<?xml version="1.0" encoding="ISO-8859-1" standalone="no"?>
<newsitem date="1997-04-10" id="root" itemid="500504" xml:lang="en">
<title>USA: Stocks fall as investors eye wholesale inflation data.</title>
<headline>Stocks fall as investors eye wholesale inflation data.</headline>
<dateline>NEW YORK</dateline>
<text>
<p>Stock prices closed lower Thursday as investors kept a low profile ahead of Friday's release of the Producer Pricer Index for March.</p>
<p>Based on early and unofficial data, the Dow Jones industrial average closed down 23.79 points at 6,540.05. In the broader market, declining issues led advances 13-10 on moderate volume of 423 million shares on the New York Stock Exchange.</p>
</text>
<copyright>(c) Reuters Limited 1997</copyright>
<metadata>
<codes class="bip:countries:1.0">
  <code code="USA">
    <editdetail action="confirmed" attribution="Reuters BIP Coding Group" date="1997-04-10"/>
  </code>
</codes>
<codes class="bip:topics:1.0">
  <code code="M11">
    <editdetail action="confirmed" attribution="Reuters BIP Coding Group" date="1997-04-10"/>
  </code>
  <code code="MCAT">
    <editdetail action="confirmed" attribution="Reuters BIP Coding Group" date="1997-04-10"/>
  </code>
</codes>
<dc element="dc.publisher" value="Reuters Holdings Plc"/>
<dc element="dc.date.published" value="1997-04-10"/>
<dc element="dc.source" value="Reuters"/>
<dc element="dc.creator.location" value="NEW YORK"/>
<dc element="dc.creator.location.country.name" value="USA"/>
<dc element="dc.source" value="Reuters"/>
</metadata>
</newsitem>
