<?xml version="1.0" encoding="ISO-8859-1" standalone="no"?>
<newsitem date="1997-04-10" id="root" itemid="501148" xml:lang="en">
<title>FRANCE: EU parliament attacks Beijing over Hong Kong.</title>
<headline>EU parliament attacks Beijing over Hong Kong.</headline>
<byline>Gillian Handyside</byline>
<dateline>STRASBOURG, France 1997-04-10</dateline>
<text>
<p>The European Parliament on Thursday condemned China's decision to replace Hong Kong's elected Legislative Council by a handpicked body ahead of the return of the territory to Chinese rule on July 1.</p>
<p>"The European Parliament regrets the Chinese government's decision to dissolve Hong Kong's elected Legislative Council and questions the legitimacy of the Provisional Legislative Council," the parliament said in a resolution.</p>
<p>The resolution demanded that Beijing fully respect the Sino- British Joint Declaration which sets out the terms of the handover to China of the British colony.</p>
<p>The directly elected European Union assembly also demanded free and fair elections within three months of Hong Kong's return to Chinese sovereignty.</p>
<p>"The future of Hong Kong and (former Portuguese colony) Macao and the maintenance of their political, social and economic freedom is a matter of determining importance for the European Union," the resolution said.</p>
<p>The resolution follows a debate on Wednesday on the future of EU relations with Hong Kong, in which deputies voiced fears about Beijing's plans and urged the EU's executive European Commission to monitor annually "political, economic and human rights developments" in the territory.</p>
<p>They also criticised the Dutch presidency of the EU for assuming China would really respect the principle of "one country, two systems" and allow Hong Kong to retain its current political and economic set up.</p>
<p>On Wednesday Beijing announced planned curbs on Hong Kong civil liberties, justifying them on the grounds that foreign forces posed risks to "national security".</p>
<p>The proposals were slammed as open to abuse and retrograde by the democracy movement, pressure groups, departing colonial Governor Chris Patten and the Hong Kong press.</p>
<p>The changes would bar overseas funding of local political groups and grant police sweeping powers to ban demonstrations.</p>
<p>Dutch European Affairs Minister Michael Patijn told the parliament on Wednesday there was much less concern inside Hong Kong than abroad about the future Beijing was planning for the territory.</p>
<p>But British Liberal Graham Watson, who visited the colony last month, insisted there was real fear among Hong Kong's six million citizens about life under Chinese rule.</p>
</text>
<copyright>(c) Reuters Limited 1997</copyright>
<metadata>
<codes class="bip:countries:1.0">
  <code code="CHINA">
    <editdetail action="confirmed" attribution="Reuters BIP Coding Group" date="1997-04-10"/>
  </code>
  <code code="EEC">
    <editdetail action="confirmed" attribution="Reuters BIP Coding Group" date="1997-04-10"/>
  </code>
  <code code="HKONG">
    <editdetail action="confirmed" attribution="Reuters BIP Coding Group" date="1997-04-10"/>
  </code>
</codes>
<codes class="bip:topics:1.0">
  <code code="G15">
    <editdetail action="confirmed" attribution="Reuters BIP Coding Group" date="1997-04-10"/>
  </code>
  <code code="G158">
    <editdetail action="confirmed" attribution="Reuters BIP Coding Group" date="1997-04-10"/>
  </code>
  <code code="GCAT">
    <editdetail action="confirmed" attribution="Reuters BIP Coding Group" date="1997-04-10"/>
  </code>
  <code code="GDIP">
    <editdetail action="confirmed" attribution="Reuters BIP Coding Group" date="1997-04-10"/>
  </code>
  <code code="GPOL">
    <editdetail action="confirmed" attribution="Reuters BIP Coding Group" date="1997-04-10"/>
  </code>
</codes>
<dc element="dc.date.created" value="1997-04-10"/>
<dc element="dc.publisher" value="Reuters Holdings Plc"/>
<dc element="dc.date.published" value="1997-04-10"/>
<dc element="dc.source" value="Reuters"/>
<dc element="dc.creator.location" value="STRASBOURG, France"/>
<dc element="dc.creator.location.country.name" value="FRANCE"/>
<dc element="dc.source" value="Reuters"/>
</metadata>
</newsitem>
