<?xml version="1.0" encoding="ISO-8859-1" standalone="no"?>
<newsitem date="1997-04-10" id="root" itemid="500026" xml:lang="en">
<title>USA: Hybridon hits milestone in Roche alliance.</title>
<headline>Hybridon hits milestone in Roche alliance.</headline>
<dateline>CAMBRIDGE, Mass. 1997-04-10</dateline>
<text>
<p>Hybridon Inc said on Thursday that a lead compound for the treatment of human papillomavirus (HPV) in its collaboration with Hoffmann-La Roche has been selected, which triggered a milestone payment to Hybridon.</p>
<p>Hybridon said that the HPV compound, which is being designed to be applied topically, will advance to further preclinical studies later this year, with the intent of initiating human clinical trials under Roche sponsorship in 1998.</p>
<p>HPV causes genital warts, one of the most prevalent sexually transmitted diseases.</p>
<p>Hoffman-La Roche is an affiliate of Roche Holding AG.</p>
</text>
<copyright>(c) Reuters Limited 1997</copyright>
<metadata>
<codes class="bip:countries:1.0">
  <code code="USA">
    <editdetail action="confirmed" attribution="Reuters BIP Coding Group" date="1997-04-10"/>
  </code>
</codes>
<codes class="bip:industries:1.0">
  <code code="I25000">
    <editdetail action="confirmed" attribution="Reuters BIP Coding Group" date="1997-04-10"/>
  </code>
  <code code="I25700">
    <editdetail action="confirmed" attribution="Reuters BIP Coding Group" date="1997-04-10"/>
  </code>
</codes>
<codes class="bip:topics:1.0">
  <code code="C23">
    <editdetail action="confirmed" attribution="Reuters BIP Coding Group" date="1997-04-10"/>
  </code>
  <code code="C33">
    <editdetail action="confirmed" attribution="Reuters BIP Coding Group" date="1997-04-10"/>
  </code>
  <code code="CCAT">
    <editdetail action="confirmed" attribution="Reuters BIP Coding Group" date="1997-04-10"/>
  </code>
  <code code="GCAT">
    <editdetail action="confirmed" attribution="Reuters BIP Coding Group" date="1997-04-10"/>
  </code>
  <code code="GHEA">
    <editdetail action="confirmed" attribution="Reuters BIP Coding Group" date="1997-04-10"/>
  </code>
</codes>
<dc element="dc.date.created" value="1997-04-10"/>
<dc element="dc.publisher" value="Reuters Holdings Plc"/>
<dc element="dc.date.published" value="1997-04-10"/>
<dc element="dc.source" value="Reuters"/>
<dc element="dc.creator.location" value="CAMBRIDGE, Mass."/>
<dc element="dc.creator.location.country.name" value="USA"/>
<dc element="dc.source" value="Reuters"/>
</metadata>
</newsitem>
