<?xml version="1.0" encoding="ISO-8859-1" standalone="no"?>
<newsitem date="1997-04-10" id="root" itemid="500080" xml:lang="en">
<title>USA: Mid-South direct hogs carcass close - USDA.</title>
<headline>Mid-South direct hogs carcass close - USDA.</headline>
<dateline>THOMASVILLE, GA 1997-04-10</dateline>
<text>
<p>Receipts: Today 49,500,</p>
<p>Week Ago: 58,900, Year Ago: 56,500. Trend: $0.50 to 1.58 higher.</p>
<p>- USDA</p>
<p>Lean Value Summary for 170-191 lbs Carcasses</p>
<p>Percent  10th Rib	Last Rib     Carcass Cwt</p>
<p>Lean	Backfat	 Backfat     Price Range</p>
<p>45-46   1.15-1.24"   1.20-1.29"    60.08  71.88</p>
<p>47-48   1.00-1.14"   1.10-1.19"    67.38  72.92</p>
<p>49-50    .90- .99"   1.00-1.09"    69.54  73.96</p>
<p>51-52    .75- .89"    .80- .99"    70.24  75.00</p>
<p>53-54    .60- .74"    .60- .79"    70.93  76.03</p>
<p>(Chicago newsdesk 312 408 8720)</p>
</text>
<copyright>(c) Reuters Limited 1997</copyright>
<metadata>
<codes class="bip:countries:1.0">
  <code code="USA">
    <editdetail action="confirmed" attribution="Reuters BIP Coding Group" date="1997-04-10"/>
  </code>
</codes>
<codes class="bip:topics:1.0">
  <code code="M14">
    <editdetail action="confirmed" attribution="Reuters BIP Coding Group" date="1997-04-10"/>
  </code>
  <code code="M141">
    <editdetail action="confirmed" attribution="Reuters BIP Coding Group" date="1997-04-10"/>
  </code>
  <code code="MCAT">
    <editdetail action="confirmed" attribution="Reuters BIP Coding Group" date="1997-04-10"/>
  </code>
</codes>
<dc element="dc.date.created" value="1997-04-10"/>
<dc element="dc.publisher" value="Reuters Holdings Plc"/>
<dc element="dc.date.published" value="1997-04-10"/>
<dc element="dc.source" value="Reuters"/>
<dc element="dc.creator.location" value="THOMASVILLE, GA"/>
<dc element="dc.creator.location.country.name" value="USA"/>
<dc element="dc.source" value="Reuters"/>
</metadata>
</newsitem>
