<?xml version="1.0" encoding="ISO-8859-1" standalone="no"?>
<newsitem date="1997-04-10" id="root" itemid="501762" xml:lang="en">
<title>SWEDEN: SCA says might delay planned fine paper price lift.</title>
<headline>SCA says might delay planned fine paper price lift.</headline>
<dateline>STOCKHOLM 1997-04-10</dateline>
<text>
<p>Swedish forestry group SCA said on Thursday it may have to delay this spring's planned fine paper price rise but said it should be able to lift liner and coated paper (LWC) price in the second quarter.  </p>
<p>"On the fine paper side we will probably have to postpone the planned price hike," SCA's chief executive Sverker Martin-Lof told Reuters.</p>
<p>"I hope pulp prices can rise around mid-year. This would help fine paper prices."</p>
<p>But regarding liner, which is raw material for corrugated board, and LWC (Light Weight Coated) paper he was more optimistic.</p>
<p>"We have a strong order book on the liner side," he said.</p>
<p>"It is completely full...and we hope to be able to raise prices gradually during the second quarter. Also on LWC we expect to be able to gradually raise prices in the second quarter."</p>
<p>Martin-Lof did not see any signs that general forestry trends would turn for the better any earlier than this autumn, when he hoped to see a change.</p>
<p>"Many have said the turnaround would come earlier, but we haven't thought so," he said. "There is no clear trend showing this that I can see."</p>
<p>The forestry sector has been struggling with high inventory levels, low demand and price pressure on their products since the autumn of 1995 when pulp prices plunged from $1,000 a tonne.</p>
<p>But this week, several forestry groups in North America, Finland and Sweden have announced possible price hikes on pulp as of May 1 to $580 a tonne from the current level of $520.</p>
<p>-- Olle Lindstrom, Stockholm newsroom +46-8-700 1017</p>
</text>
<copyright>(c) Reuters Limited 1997</copyright>
<metadata>
<codes class="bip:countries:1.0">
  <code code="SWED">
    <editdetail action="confirmed" attribution="Reuters BIP Coding Group" date="1997-04-10"/>
  </code>
</codes>
<codes class="bip:industries:1.0">
  <code code="I47100">
    <editdetail action="confirmed" attribution="Reuters BIP Coding Group" date="1997-04-10"/>
  </code>
</codes>
<codes class="bip:topics:1.0">
  <code code="C31">
    <editdetail action="confirmed" attribution="Reuters BIP Coding Group" date="1997-04-10"/>
  </code>
  <code code="CCAT">
    <editdetail action="confirmed" attribution="Reuters BIP Coding Group" date="1997-04-10"/>
  </code>
</codes>
<dc element="dc.date.created" value="1997-04-10"/>
<dc element="dc.publisher" value="Reuters Holdings Plc"/>
<dc element="dc.date.published" value="1997-04-10"/>
<dc element="dc.source" value="Reuters"/>
<dc element="dc.creator.location" value="STOCKHOLM"/>
<dc element="dc.creator.location.country.name" value="SWEDEN"/>
<dc element="dc.source" value="Reuters"/>
</metadata>
</newsitem>
