<?xml version="1.0" encoding="ISO-8859-1" standalone="no"?>
<newsitem date="1997-04-10" id="root" itemid="500821" xml:lang="en">
<title>UK: London fertiliser fixtures.</title>
<headline>London fertiliser fixtures.</headline>
<dateline>LONDON 1997-04-10</dateline>
<text>
<p>Michalis V - 30,000 tonnes urea Yuzhnyy/WC India $32 fio 6,000/1,200 option JNPT $29 2,500 discharge or Kandla $31 1,500 discharge 17-23/4 Indian Government.</p>
<p>Rosaleen - 14,000 tones urea Umm Said/India $11.75 fio 4,500/1,200 13-18/4 Indian Government.</p>
<p>Dubai Valour - 12,000 tones urea Umm Said/India $11.75 fio 4,500/1,200 16-28/4 Indian Government.</p>
</text>
<copyright>(c) Reuters Limited 1997</copyright>
<metadata>
<codes class="bip:countries:1.0">
  <code code="UK">
    <editdetail action="confirmed" attribution="Reuters BIP Coding Group" date="1997-04-10"/>
  </code>
</codes>
<codes class="bip:topics:1.0">
  <code code="M14">
    <editdetail action="confirmed" attribution="Reuters BIP Coding Group" date="1997-04-10"/>
  </code>
  <code code="MCAT">
    <editdetail action="confirmed" attribution="Reuters BIP Coding Group" date="1997-04-10"/>
  </code>
</codes>
<dc element="dc.date.created" value="1997-04-10"/>
<dc element="dc.publisher" value="Reuters Holdings Plc"/>
<dc element="dc.date.published" value="1997-04-10"/>
<dc element="dc.source" value="Reuters"/>
<dc element="dc.creator.location" value="LONDON"/>
<dc element="dc.creator.location.country.name" value="UK"/>
<dc element="dc.source" value="Reuters"/>
</metadata>
</newsitem>
