<?xml version="1.0" encoding="ISO-8859-1" standalone="no"?>
<newsitem date="1997-04-10" id="root" itemid="500712" xml:lang="en">
<title>USA: U.S. jobless claims rose in latest week.</title>
<headline>U.S. jobless claims rose in latest week.</headline>
<dateline>WASHINGTON 1997-04-10</dateline>
<text>
<p>U.S. Labor Department report of initial state jobless benefit claims, seasonally adjusted.</p>
<p>Week Ended  Initial Claims  4-Week Avg.  Continued Claims</p>
<p>    - 04/05/97     318,000	313,750	Unavailable</p>
<p>    - 03/29/97     312,000-R    311,500-R    2,308,000</p>
<p>    - 03/22/97     311,000-R    311,500-R    2,268,000-R</p>
<p>    - 03/15/97     314,000	312,750	2,306,000-R</p>
<p>R-Revised, March 29 Initial Claims from 314,000, March 22 from 313,000, March 29 4-Week Average from 312,500, March 22 from 312,000, March 22 Continued Claims from 2,300,000, and March 15 from 2,310,000.  </p>
<p>Wall Street economists had forecast initial jobless claims of 313,000 in the April 5 week.</p>
<p>Labor said nine states reported decreases in claims exceeding 1,000 on an unadjusted basis in the week ended March 29, the latest period for which data are available.</p>
<p>They were Maryland, with 2,774 fewer claims filings; Louisiana, with 2,657; North Carolina, with 2,583; Texas, with 1,990; California, with 1,895; Kentucky, with 1,780; Michigan, with 1,753; Illinois, with 1,395; and Tennessee, with 1,361.  </p>
<p>Maryland had fewer layoffs in the automobile and service industries. Louisiana had fewer layoffs in transportation equipment, and North Carolina had fewer layoffs in the textile industry.</p>
<p>Texas reported fewer layoffs in electrical equipment and trade industries. Illinois had fewer layoffs in trade, service and manufacturing industries, while Michigan had fewer layoffs in various industries throughout the state. Tennessee reported fewer layoffs in the apparel, lumber, printing and publishing, transportation equipment and service industries.  </p>
<p>California and Kentucky had no comment.</p>
<p>Georgia, with 1,553 additional filings, was the only states reporting an increase in claims exceeding 1,000 in the March 29 week. The state cited more layoffs in the automobile and transportation equipment industries.</p>
</text>
<copyright>(c) Reuters Limited 1997</copyright>
<metadata>
<codes class="bip:countries:1.0">
  <code code="USA">
    <editdetail action="confirmed" attribution="Reuters BIP Coding Group" date="1997-04-10"/>
  </code>
</codes>
<codes class="bip:topics:1.0">
  <code code="E41">
    <editdetail action="confirmed" attribution="Reuters BIP Coding Group" date="1997-04-10"/>
  </code>
  <code code="E411">
    <editdetail action="confirmed" attribution="Reuters BIP Coding Group" date="1997-04-10"/>
  </code>
  <code code="ECAT">
    <editdetail action="confirmed" attribution="Reuters BIP Coding Group" date="1997-04-10"/>
  </code>
  <code code="GCAT">
    <editdetail action="confirmed" attribution="Reuters BIP Coding Group" date="1997-04-10"/>
  </code>
  <code code="GJOB">
    <editdetail action="confirmed" attribution="Reuters BIP Coding Group" date="1997-04-10"/>
  </code>
</codes>
<dc element="dc.date.created" value="1997-04-10"/>
<dc element="dc.publisher" value="Reuters Holdings Plc"/>
<dc element="dc.date.published" value="1997-04-10"/>
<dc element="dc.source" value="Reuters"/>
<dc element="dc.creator.location" value="WASHINGTON"/>
<dc element="dc.creator.location.country.name" value="USA"/>
<dc element="dc.source" value="Reuters"/>
</metadata>
</newsitem>
