<?xml version="1.0" encoding="ISO-8859-1" standalone="no"?>
<newsitem date="1997-04-10" id="root" itemid="500808" xml:lang="en">
<title>UK: Telspec squeezed higher in sparse trading.</title>
<headline>Telspec squeezed higher in sparse trading.</headline>
<dateline>LONDON 1997-04-10</dateline>
<text>
<p>Telspec Plc shares spurted ahead on Thursday when meagre buying in a tight market squeezed the price higher, dealers said.</p>
<p>Shares in the telecommunications equipment group put on 42-1/2p to 267-1/2p by 1340 GMT, making it the biggest gainer in London.</p>
<p>"It's the nature of the stock. It's just been squeezed up 10p and then people see that and think 'I'll have a bit of that myself'. That's all," said one.</p>
<p>The shares leapt at the end of last month, when, despite reporting heavy losses in 1996, the company said it expected to return to profitability this year.</p>
<p>Telspec was listed in December 1993 and its shares set a record 10.50 stg high in November 1995, before tumbling last May on a first-half profit warning.</p>
<p>Last September it said the difficulties had been "significantly worse" than it had first expected and the shares hit a low of 130p at the end of 1996. -- Louise Ireland +44 171 542 4026</p>
</text>
<copyright>(c) Reuters Limited 1997</copyright>
<metadata>
<codes class="bip:countries:1.0">
  <code code="UK">
    <editdetail action="confirmed" attribution="Reuters BIP Coding Group" date="1997-04-10"/>
  </code>
</codes>
<codes class="bip:industries:1.0">
  <code code="I34410">
    <editdetail action="confirmed" attribution="Reuters BIP Coding Group" date="1997-04-10"/>
  </code>
</codes>
<codes class="bip:topics:1.0">
  <code code="C15">
    <editdetail action="confirmed" attribution="Reuters BIP Coding Group" date="1997-04-10"/>
  </code>
  <code code="C152">
    <editdetail action="confirmed" attribution="Reuters BIP Coding Group" date="1997-04-10"/>
  </code>
  <code code="CCAT">
    <editdetail action="confirmed" attribution="Reuters BIP Coding Group" date="1997-04-10"/>
  </code>
</codes>
<dc element="dc.date.created" value="1997-04-10"/>
<dc element="dc.publisher" value="Reuters Holdings Plc"/>
<dc element="dc.date.published" value="1997-04-10"/>
<dc element="dc.source" value="Reuters"/>
<dc element="dc.creator.location" value="LONDON"/>
<dc element="dc.creator.location.country.name" value="UK"/>
<dc element="dc.source" value="Reuters"/>
</metadata>
</newsitem>
