<?xml version="1.0" encoding="ISO-8859-1" standalone="no"?>
<newsitem date="1997-04-10" id="root" itemid="500426" xml:lang="en">
<title>INDIA: India RBI sets banks' year-end valuation norms.</title>
<headline>India RBI sets banks' year-end valuation norms.</headline>
<dateline>BOMBAY 1997-04-10</dateline>
<text>
<p>The Reserve bank of India (RBI) said on Thursday it set a yield to maturity of 13.56 percent for ten-year securities for the purpose of year-end valuation of bank investments.  </p>
<p>The RBI norms are used by banks to value their investments at market prices.</p>
<p>The RBI said in a statement that valuation of government securities should be done as per market quotations on March 31.</p>
<p>Where market quotations were not available, valuation of government securities should be made as per the prices on the RBI's price-list on March 31, the central bank said. RBI price-list on March 31</p>
<p>---------------------------			 sale price</p>
<p>Security						    (rupees)</p>
<p>13.12 % 1999						 101.28</p>
<p>11.64 % 2000						  97.02</p>
<p>13.85 % 2001						 102.22</p>
<p>11.00 % 2002						  92.69</p>
<p>11.00 % 2003						  91.26</p>
<p>12.35 % 2004						  96.24</p>
<p> 8.25 % 2005						  74.85</p>
<p>14.00 % 2006						 102.59</p>
<p> 6.75 % 2007						  62.72</p>
<p>11.50 % 2008						  89.19</p>
<p> 7.00 % 2009						  61.91</p>
<p> 8.75 % 2010						  70.82</p>
<p>------------------------------------------------------</p>
<p>The RBI said the following yields might be applied for other government securities as on March 31:</p>
<p>No. of years				   Yield to maturity (%)</p>
<p>------------				  ----------------------</p>
<p>0								  7.31</p>
<p>1								 10.38</p>
<p>2								 12.43</p>
<p>3								 12.82</p>
<p>4								 13.13</p>
<p>5								 13.26</p>
<p>6								 13.33</p>
<p>7								 13.39</p>
<p>8								 13.45</p>
<p>9								 13.50</p>
<p>10 and beyond						 13.56</p>
<p>----------------------------------------------------</p>
<p>"We have to advise that if there is any appreciation in the value of securities on account of the method of valuation...it should not be booked as income," the RBI statement said.</p>
<p>The above yields should also be applied to state government and government securities, it said.</p>
<p>-- Bombay newsroom +91-22-265 9000</p>
</text>
<copyright>(c) Reuters Limited 1997</copyright>
<metadata>
<codes class="bip:countries:1.0">
  <code code="INDIA">
    <editdetail action="confirmed" attribution="Reuters BIP Coding Group" date="1997-04-10"/>
  </code>
</codes>
<codes class="bip:topics:1.0">
  <code code="E12">
    <editdetail action="confirmed" attribution="Reuters BIP Coding Group" date="1997-04-10"/>
  </code>
  <code code="E21">
    <editdetail action="confirmed" attribution="Reuters BIP Coding Group" date="1997-04-10"/>
  </code>
  <code code="E212">
    <editdetail action="confirmed" attribution="Reuters BIP Coding Group" date="1997-04-10"/>
  </code>
  <code code="ECAT">
    <editdetail action="confirmed" attribution="Reuters BIP Coding Group" date="1997-04-10"/>
  </code>
  <code code="M12">
    <editdetail action="confirmed" attribution="Reuters BIP Coding Group" date="1997-04-10"/>
  </code>
  <code code="MCAT">
    <editdetail action="confirmed" attribution="Reuters BIP Coding Group" date="1997-04-10"/>
  </code>
</codes>
<dc element="dc.date.created" value="1997-04-10"/>
<dc element="dc.publisher" value="Reuters Holdings Plc"/>
<dc element="dc.date.published" value="1997-04-10"/>
<dc element="dc.source" value="Reuters"/>
<dc element="dc.creator.location" value="BOMBAY"/>
<dc element="dc.creator.location.country.name" value="INDIA"/>
<dc element="dc.source" value="Reuters"/>
</metadata>
</newsitem>
