<?xml version="1.0" encoding="ISO-8859-1" standalone="no"?>
<newsitem date="1997-04-10" id="root" itemid="500775" xml:lang="en">
<title>NETHERLANDS: REESINK PROFITS DIVE 40 PCT. [CORRECTED 13:50 GMT]</title>
<headline>REESINK PROFITS DIVE 40 PCT. [CORRECTED 13:50 GMT]</headline>
<dateline>AMSTERDAM 1997-04-10</dateline>
<text>
<p>Technical wholesaler Reesink said on Thursday its first quarter 1997 profits were down 40 percent on the previous year. It gave no precise figures.</p>
<p>(Corrects to show comparison is year on year.)</p>
<p>As a result of the poor profit trends Reesink would shortly mount a restructuring programme, it said.</p>
<p>It said the costs involved would be covered by existing provisions.</p>
<p>Reesink said that in its recently published 1996 annual report it had cautioned that it was well behind schedule in achieving the targets it had set itself for 1997.</p>
<p>"At the end of the first quarter this trend transpired to have continued...Profits transpired to have fallen by some 40 percent compared with the result of the first three months of last year," it said.</p>
<p>It said that these calculations were based on a cost burden in the form of provisions equal to those of 1996. "The level of actual provisions will be determined at the half-year result," it added.</p>
<p>Reesink said all the markets in which its subsidiaries were active had been disappointing and that its activities in the agricultural sector had performed particularly badly.</p>
<p>"The willingness to invest in this segment fell below any level hitherto envisaged," it said.</p>
<p>-- Amsterdam newsroom +31 20 504 5000, Fax +31 20 504 5040</p>
</text>
<copyright>(c) Reuters Limited 1997</copyright>
<metadata>
<codes class="bip:countries:1.0">
  <code code="NETH">
    <editdetail action="confirmed" attribution="Reuters BIP Coding Group" date="1997-04-10"/>
  </code>
</codes>
<codes class="bip:industries:1.0">
  <code code="I61000">
    <editdetail action="confirmed" attribution="Reuters BIP Coding Group" date="1997-04-10"/>
  </code>
</codes>
<codes class="bip:topics:1.0">
  <code code="C15">
    <editdetail action="confirmed" attribution="Reuters BIP Coding Group" date="1997-04-10"/>
  </code>
  <code code="C151">
    <editdetail action="confirmed" attribution="Reuters BIP Coding Group" date="1997-04-10"/>
  </code>
  <code code="CCAT">
    <editdetail action="confirmed" attribution="Reuters BIP Coding Group" date="1997-04-10"/>
  </code>
</codes>
<dc element="dc.date.created" value="1997-04-10"/>
<dc element="dc.publisher" value="Reuters Holdings Plc"/>
<dc element="dc.date.published" value="1997-04-10"/>
<dc element="dc.source" value="Reuters"/>
<dc element="dc.creator.location" value="AMSTERDAM"/>
<dc element="dc.creator.location.country.name" value="NETHERLANDS"/>
<dc element="dc.source" value="Reuters"/>
</metadata>
</newsitem>
