<?xml version="1.0" encoding="ISO-8859-1" standalone="no"?>
<newsitem date="1997-04-10" id="root" itemid="500460" xml:lang="en">
<title>INDIA: India Ranbaxy 96/97 net at 1.49 bln.</title>
<headline>India Ranbaxy 96/97 net at 1.49 bln.</headline>
<dateline>NEW DELHI 1997-04-10</dateline>
<text>
<p>Leading Indian pharmaceutical firm, Ranbaxy Laboratories Ltd., said on Thursday its net profits had increased to 1.496 billion rupees in 1996/97 (April-March), compared with 1.35 billion rupees last year.  </p>
<p>The company said earnings per share on the increased year-end equity share capital of 494 million rupees, up from 444 million rupees in 1995/96, was 30.27 rupees against 30.42 rupees the previous year.</p>
<p>The company recorded sales of 10.657 billion rupees against 8.766 billion the previous year, with domestic sales accounting for 5.439 billion rupees and exports for 5.218 billion rupees.</p>
<p>"The past year saw significant growth in the domestic pharmaceutical markets as Ranbaxy employed a well-planned and aggressive strategy of acquisitions and mergers," the statement said.</p>
<p>"The acquisition of brands from Gufic and the Croslands merger willl significantly consolidate the company's leadership position with market share in excess of five per cent and bring into its fold a range of products," it added.</p>
<p>-- New Delhi newsroom +91-11-301 2024</p>
</text>
<copyright>(c) Reuters Limited 1997</copyright>
<metadata>
<codes class="bip:countries:1.0">
  <code code="INDIA">
    <editdetail action="confirmed" attribution="Reuters BIP Coding Group" date="1997-04-10"/>
  </code>
</codes>
<codes class="bip:industries:1.0">
  <code code="I25700">
    <editdetail action="confirmed" attribution="Reuters BIP Coding Group" date="1997-04-10"/>
  </code>
</codes>
<codes class="bip:topics:1.0">
  <code code="C15">
    <editdetail action="confirmed" attribution="Reuters BIP Coding Group" date="1997-04-10"/>
  </code>
  <code code="C151">
    <editdetail action="confirmed" attribution="Reuters BIP Coding Group" date="1997-04-10"/>
  </code>
  <code code="C1511">
    <editdetail action="confirmed" attribution="Reuters BIP Coding Group" date="1997-04-10"/>
  </code>
  <code code="CCAT">
    <editdetail action="confirmed" attribution="Reuters BIP Coding Group" date="1997-04-10"/>
  </code>
</codes>
<dc element="dc.date.created" value="1997-04-10"/>
<dc element="dc.publisher" value="Reuters Holdings Plc"/>
<dc element="dc.date.published" value="1997-04-10"/>
<dc element="dc.source" value="Reuters"/>
<dc element="dc.creator.location" value="NEW DELHI"/>
<dc element="dc.creator.location.country.name" value="INDIA"/>
<dc element="dc.source" value="Reuters"/>
</metadata>
</newsitem>
