<?xml version="1.0" encoding="ISO-8859-1" standalone="no"?>
<newsitem date="1997-04-10" id="root" itemid="501037" xml:lang="en">
<title>USA: UAW workers strike Chrysler engine plant.</title>
<headline>UAW workers strike Chrysler engine plant.</headline>
<dateline>DETROIT 1997-04-10</dateline>
<text>
<p>About 1,800 workers at Chrysler Corp Mound Road engine plant went on strike early Thursday over outsourcing issues in a dispute that could curtail production of some of the company's highly profitable truck models.</p>
<p>Members of United Auto Workers Local 51 walked off their jobs after a midnight EST deadline expired. Negotiations aimed at ending the strike and reaching an agreement for a new local labor contract were expected to resume by mid-morning Thursday, said Chrysler spokesman Tony Cervone said.</p>
<p>Most of the engines built at Mound Road are used in Chrysler's Dodge Ram and Dakota pickup trucks. They include  a 3.9-liter V-6, the 5.2-liter and 5.9-liter V-8s and a monster 8-liter V-10 used in the heaviest versions of the Ram.</p>
<p>The 5.2-liter V8 also is a popular option in the Jeep Grand Cherokee sport utility vehicle.</p>
<p>A prolonged strike would force Chrysler to shut down production of the nearby Dodge City assembly plant, which produces the Ram and Dakota.</p>
<p>Cervone declined to speculate on how long it would take for engine shortages to start.</p>
<p>Union officials plant said the dispute centers on Chrysler's plans to shift production of driveshafts from the plant to outside suppliers, a move that would eliminate up to 300 jobs from the factory's payroll.</p>
<p>The strike comes hours after Chrysler announced plans for new investments of $1.3 billion in six Detroit manufacturing plants, which did not include the Mound Road engine plant.</p>
<p>Chrysler had previously planned to close the plant after it launched production of a new generation of engines next year at the Mack Avenue engine plant in Detroit, which is now undergoing a $900 million renovation, which includes new investments of $150 million announced Wednesday.</p>
<p>Chrysler Chairman Robert Eaton said Wednesday that the Mound Road plant could be kept open depending on the outcome of negotiations with the UAW.</p>
<p>Meanwhile, a strike by UAW Local 1999 strike at General Motors Corp.'s Oklahoma City car assembly plant entered its sixth day early Thursday. Union and company negotiators are still said to be far apart in the dispute over staffing levels at the plant.</p>
<p>The union has demanded that GM add 500 jobs to the plant's payroll to help replace workers lost to retirements and transfers. GM is defending recent moves to shrink the plant's workforce as necessary to make it competitive.</p>
</text>
<copyright>(c) Reuters Limited 1997</copyright>
<metadata>
<codes class="bip:countries:1.0">
  <code code="USA">
    <editdetail action="confirmed" attribution="Reuters BIP Coding Group" date="1997-04-10"/>
  </code>
</codes>
<codes class="bip:industries:1.0">
  <code code="I35101">
    <editdetail action="confirmed" attribution="Reuters BIP Coding Group" date="1997-04-10"/>
  </code>
  <code code="I35102">
    <editdetail action="confirmed" attribution="Reuters BIP Coding Group" date="1997-04-10"/>
  </code>
</codes>
<codes class="bip:topics:1.0">
  <code code="C42">
    <editdetail action="confirmed" attribution="Reuters BIP Coding Group" date="1997-04-10"/>
  </code>
  <code code="CCAT">
    <editdetail action="confirmed" attribution="Reuters BIP Coding Group" date="1997-04-10"/>
  </code>
  <code code="E41">
    <editdetail action="confirmed" attribution="Reuters BIP Coding Group" date="1997-04-10"/>
  </code>
  <code code="ECAT">
    <editdetail action="confirmed" attribution="Reuters BIP Coding Group" date="1997-04-10"/>
  </code>
  <code code="GCAT">
    <editdetail action="confirmed" attribution="Reuters BIP Coding Group" date="1997-04-10"/>
  </code>
  <code code="GJOB">
    <editdetail action="confirmed" attribution="Reuters BIP Coding Group" date="1997-04-10"/>
  </code>
</codes>
<dc element="dc.date.created" value="1997-04-10"/>
<dc element="dc.publisher" value="Reuters Holdings Plc"/>
<dc element="dc.date.published" value="1997-04-10"/>
<dc element="dc.source" value="Reuters"/>
<dc element="dc.creator.location" value="DETROIT"/>
<dc element="dc.creator.location.country.name" value="USA"/>
<dc element="dc.source" value="Reuters"/>
</metadata>
</newsitem>
