<?xml version="1.0" encoding="ISO-8859-1" standalone="no"?>
<newsitem date="1997-04-10" id="root" itemid="501289" xml:lang="en">
<title>USA: Wall Street stocks seen mixed to lower.</title>
<headline>Wall Street stocks seen mixed to lower.</headline>
<dateline>NEW YORK 1997-04-10</dateline>
<text>
<p>Wall Street stocks are expected to opened mixed to lower at the start of trading Thursday in a follow-through from Wednesday's fall.</p>
<p>Analysts said investors also would be looking past jobless claims due out at 1230 GMT to Friday's disclosure of March producer prices and retail sales figures.</p>
<p>Those numbers could help the Federal Reserve decide on its next move to raise interest rates.</p>
<p>"I would expect a slight down opening, pretty much in sympathy with yesterday," said Thom Brown, managing director of Rutherford Brown and Catherwood.</p>
<p>"Yesterday was not a very impressive performance at the end of the day."</p>
<p>The Dow industrials closed down 45.32 at 6,563.84, ending a three-day rebound. The Nasdaq composite index was off 7.94 at 1249.43.</p>
<p>Hildegard Zagorski, an analyst at Prudential Securities, said, "I think the bound kind of ran out of steam. That bounce that we had was on low volume, so it was a little bit suspicious."</p>
</text>
<copyright>(c) Reuters Limited 1997</copyright>
<metadata>
<codes class="bip:countries:1.0">
  <code code="USA">
    <editdetail action="confirmed" attribution="Reuters BIP Coding Group" date="1997-04-10"/>
  </code>
</codes>
<codes class="bip:topics:1.0">
  <code code="M11">
    <editdetail action="confirmed" attribution="Reuters BIP Coding Group" date="1997-04-10"/>
  </code>
</codes>
<dc element="dc.date.created" value="1997-04-10"/>
<dc element="dc.publisher" value="Reuters Holdings Plc"/>
<dc element="dc.date.published" value="1997-04-10"/>
<dc element="dc.source" value="Reuters"/>
<dc element="dc.creator.location" value="NEW YORK"/>
<dc element="dc.creator.location.country.name" value="USA"/>
<dc element="dc.source" value="Reuters"/>
</metadata>
</newsitem>
