<?xml version="1.0" encoding="ISO-8859-1" standalone="no"?>
<newsitem date="1997-04-10" id="root" itemid="500306" xml:lang="en">
<title>SWITZERLAND: WTO sets panel in Canada-Australia salmon row.</title>
<headline>WTO sets panel in Canada-Australia salmon row.</headline>
<dateline>GENEVA 1997-04-10</dateline>
<text>
<p>The World Trade Organisation (WTO) on Thursday agreed to set up a panel to look into Canadian charges that Australia was violating open trading rules with an import ban on Canadian salmon.</p>
<p>The dispute dates back to October 1995 when Canada first sought consultations under the WTO's dispute settlement procedures, but efforts for a bilateral solution have made little progress, diplomats say.</p>
<p>Trade sources said Canada told a meeting of the WTO's Dispute Settlement Body (DSB) it had been patient but now say no prospect for solving the dispute directly in talks with Australia.</p>
<p>Canberra says its import restrictions are based on strict quarantine regulations but insists these are consistent with WTO rules.</p>
<p>Under DSB procedures, creation of a panel was automatic. Australia blocked the first request at a DSB meeting last month but is not allowed to do so twice.</p>
<p>-- Geneva Newsroom  + (41-22) 733 38 31</p>
</text>
<copyright>(c) Reuters Limited 1997</copyright>
<metadata>
<codes class="bip:countries:1.0">
  <code code="AUSTR">
    <editdetail action="confirmed" attribution="Reuters BIP Coding Group" date="1997-04-10"/>
  </code>
  <code code="CANA">
    <editdetail action="confirmed" attribution="Reuters BIP Coding Group" date="1997-04-10"/>
  </code>
</codes>
<codes class="bip:industries:1.0">
  <code code="I03000">
    <editdetail action="confirmed" attribution="Reuters BIP Coding Group" date="1997-04-10"/>
  </code>
</codes>
<codes class="bip:topics:1.0">
  <code code="C13">
    <editdetail action="confirmed" attribution="Reuters BIP Coding Group" date="1997-04-10"/>
  </code>
  <code code="C31">
    <editdetail action="confirmed" attribution="Reuters BIP Coding Group" date="1997-04-10"/>
  </code>
  <code code="C311">
    <editdetail action="confirmed" attribution="Reuters BIP Coding Group" date="1997-04-10"/>
  </code>
  <code code="CCAT">
    <editdetail action="confirmed" attribution="Reuters BIP Coding Group" date="1997-04-10"/>
  </code>
  <code code="E51">
    <editdetail action="confirmed" attribution="Reuters BIP Coding Group" date="1997-04-10"/>
  </code>
  <code code="E512">
    <editdetail action="confirmed" attribution="Reuters BIP Coding Group" date="1997-04-10"/>
  </code>
  <code code="ECAT">
    <editdetail action="confirmed" attribution="Reuters BIP Coding Group" date="1997-04-10"/>
  </code>
</codes>
<dc element="dc.date.created" value="1997-04-10"/>
<dc element="dc.publisher" value="Reuters Holdings Plc"/>
<dc element="dc.date.published" value="1997-04-10"/>
<dc element="dc.source" value="Reuters"/>
<dc element="dc.creator.location" value="GENEVA"/>
<dc element="dc.creator.location.country.name" value="SWITZERLAND"/>
<dc element="dc.source" value="Reuters"/>
</metadata>
</newsitem>
