<?xml version="1.0" encoding="ISO-8859-1" standalone="no"?>
<newsitem date="1997-04-10" id="root" itemid="501481" xml:lang="en">
<title>CHINA: Shanghai T-bill repo rates, spots end mostly down.</title>
<headline>Shanghai T-bill repo rates, spots end mostly down.</headline>
<dateline>SHANGHAI 1997-04-10</dateline>
<text>
<p>Contracts on the treasury bill repurchase market in Shanghai closed mostly down on Thursday due to falls on the domestic A share markets, traders said.</p>
<p>The annual rate for the most active three-day contract fell to 6.70 percent from 7.99 percent on Wednesday.</p>
<p>Total turnover of the six-contract market soared to 7.4 million lots from 3.5 million.</p>
<p>One lot is 1,000 yuan face value of treasury bills.</p>
<p>Share prices on both the Shanghai and Shenzhen stock exchanges fell on Thursday, reducing demand for funds on the repo market, traders said.  </p>
<p>"The repo rates opened high and closed down just like the Shanghai A share market," one trader said.</p>
<p>But a new A share issue on the Shenzhen stock exchange supported the early-maturing contracts, traders said.</p>
<p>The contracts are likely to move around the current level on Friday with no fresh market-moving news in sight, they said.</p>
<p>Contracts on the T-bill spot market in Shanghai ended mostly down on Thursday on a technical correction with market sentiment remaining good, traders said.  </p>
<p>The most active 10-year bond maturing in June 2006 rose to 118.95 yuan from 118.79. The other six contracts ended down.</p>
<p>Combined volume of the seven-contract market fell to 1.6 million lots from 2.1 million lots.</p>
<p>Traders said sentiment was strong due to improvements in market fundamentals including ample money supply as a result of the recent heavy redemption of state debts.</p>
<p>They said they believed the spot contracts would recover soon.</p>
<p>-- Shanghai newsroom (86-21) 6279-7004</p>
</text>
<copyright>(c) Reuters Limited 1997</copyright>
<metadata>
<codes class="bip:countries:1.0">
  <code code="CHINA">
    <editdetail action="confirmed" attribution="Reuters BIP Coding Group" date="1997-04-10"/>
  </code>
</codes>
<codes class="bip:topics:1.0">
  <code code="M13">
    <editdetail action="confirmed" attribution="Reuters BIP Coding Group" date="1997-04-10"/>
  </code>
  <code code="M131">
    <editdetail action="confirmed" attribution="Reuters BIP Coding Group" date="1997-04-10"/>
  </code>
  <code code="MCAT">
    <editdetail action="confirmed" attribution="Reuters BIP Coding Group" date="1997-04-10"/>
  </code>
</codes>
<dc element="dc.date.created" value="1997-04-10"/>
<dc element="dc.publisher" value="Reuters Holdings Plc"/>
<dc element="dc.date.published" value="1997-04-10"/>
<dc element="dc.source" value="Reuters"/>
<dc element="dc.creator.location" value="SHANGHAI"/>
<dc element="dc.creator.location.country.name" value="CHINA"/>
<dc element="dc.source" value="Reuters"/>
</metadata>
</newsitem>
