<?xml version="1.0" encoding="ISO-8859-1" standalone="no"?>
<newsitem date="1997-04-10" id="root" itemid="501359" xml:lang="en">
<title>AUSTRALIA: Australian bonds benefit as labour market weakens.</title>
<headline>Australian bonds benefit as labour market weakens.</headline>
<dateline>SYDNEY 1997-04-10</dateline>
<text>
<p>----------(Snapshot at 4.35 P.M./0635 GMT)------------------</p>
<p>FUTURES					  CASH YIELD</p>
<p>90-DAY BILLS  (JUN) 93.91  (+ 0.07)     6.07   (- 0.04)</p>
<p>3-YR T-BONDS  (JUN) 92.99  (+ 0.11)     6.90   (- 0.09)</p>
<p>10-YR T-BONDS (JUN) 92.020 (+0.070)     7.94   (- 0.03)</p>
<p>AUD/USD  0.7805 (PREV 0.7810) US 30-YR  7.10   (7.10 NY)</p>
<p>---------------------(April 10)-----------------------------</p>
<p>*Australian bonds recoup early losses and move strongly into positive territory on unexpectedly weak jobs data for March.</p>
<p>*Bonds finish off their highs, but are seen as well positioned for further gains in month ahead.  </p>
<p>Australian bonds reversed early weakness to rally strongly on the release of unexpectedly weak employment data for March, ending the day off their highs but still in positive territory and positioned for further gains.</p>
<p>Bonds rallied across the curve, led by the short end which reached a six week high as the data revived faint hopes of an interest rate cut, although most analysts saw it as backing the view that local rates are on hold most likely into 1998.</p>
<p>Employment fell by 33,900 in March, of which 30,400 were full-time jobs, against median forecasts of a 13,500 rise. The unemployment rate of 8.7 percent was in line with expectations.  </p>
<p>HSBC Markets economists said the data "highlights the difference between the Australian and U.S. economies at present, emphasizing that we are a long way from a monetary policy tightening."</p>
<p>Although some profit-taking had pushed the market off the highs reached soon after the data, bonds were still seen as well positioned for further gains, as the jobs data confirmed the pace of recovery through 1997 would be moderate.</p>
<p>Citibank Australia economists said they had expected low inflation data later this month and next month's budget would be the catalyst for some correction in local bonds.  </p>
<p>"These are still expected to be a broad positive, but there is the added benefit for bonds that the lift in growth so evident in the first few months of 1997 has slipped a little," they said in a commentary.</p>
<p>The data had reinforced their view 10-year bonds would test under 7.75 percent in the next three months, with the spread to U.S. Treasuries possibly retesting its lows of 75 basis points.</p>
<p>While bonds rallied on the employment data, the slim prospect of another rate cut was a negative for the Australian dollar, which dropped half a cent to be at US$0.7805/10 when the bond market closed.  </p>
<p>In other news, the Treasury will offer A$300 million of October 2000 adjustable rate bonds at tender on Friday.</p>
<p>----------------------(SPREADS)---------------------------------</p>
<p> AUD VS   3-YR	   10-YR	* AUD 3-YR/10-YR SPREAD</p>
<p> USD	 35 (- 09)   107 (- 03) * FUTURES   97    (+ 08)</p>
<p> CAD	135 (- 11)   112 (- 04) * CASH     104    (+ 06)</p>
<p> NZD     -123 (- 09)   -30 (- 04) *</p>
<p>----------------------------------------------------------------</p>
<p>Spreads ended narrower across the baord after local rally, although off their narrowest point when spreads to U.S. short end were under 30 points and 10-year spread was challenging 100.  </p>
<p>With short end leading as expectations of a tightening pushed out, and some talking of outside chance of rate cut, curves at steepest since June futures became active contracts.</p>
<p>------------------------(TECHNICALS)--------------------------- FUTURES	*SUP/RES     *SUP/RES 2ND *RSI    *MA-10 *MA-20</p>
<p>10-YEAR (JUN)*92.02-92.05 *91.95-92.12 *50 PCT *91.91 *91.93</p>
<p>3-YEAR  (JUN)*92.97-93.05 *92.88-92.12 *59 PCT *92.81 *92.78</p>
<p>90-DAY  (JUN)*93.88-93.97 *93.86-94.00 *57 PCT *93.84 *93.84</p>
<p>----------------------------------------------------------------</p>
<p>-- John Mair 61-2 9373-1800</p>
</text>
<copyright>(c) Reuters Limited 1997</copyright>
<metadata>
<codes class="bip:countries:1.0">
  <code code="AUSTR">
    <editdetail action="confirmed" attribution="Reuters BIP Coding Group" date="1997-04-10"/>
  </code>
</codes>
<codes class="bip:topics:1.0">
  <code code="M12">
    <editdetail action="confirmed" attribution="Reuters BIP Coding Group" date="1997-04-10"/>
  </code>
  <code code="MCAT">
    <editdetail action="confirmed" attribution="Reuters BIP Coding Group" date="1997-04-10"/>
  </code>
</codes>
<dc element="dc.date.created" value="1997-04-10"/>
<dc element="dc.publisher" value="Reuters Holdings Plc"/>
<dc element="dc.date.published" value="1997-04-10"/>
<dc element="dc.source" value="Reuters"/>
<dc element="dc.creator.location" value="SYDNEY"/>
<dc element="dc.creator.location.country.name" value="AUSTRALIA"/>
<dc element="dc.source" value="Reuters"/>
</metadata>
</newsitem>
