<?xml version="1.0" encoding="ISO-8859-1" standalone="no"?>
<newsitem date="1997-04-10" id="root" itemid="501075" xml:lang="en">
<title>ITALY: Milan to publish April CPI data April 21, 1530 GMT.</title>
<headline>Milan to publish April CPI data April 21, 1530 GMT.</headline>
<dateline>MILAN 1997-04-10</dateline>
<text>
<p>The Italian city of Milan will publish its preliminary April consumer price inflation data at 1530 GMT on Monday, April 21, the city's press office said.</p>
<p>In March, Milan posted an unchanged zero monthly rise for an increase of 2.2 percent year-on-year compared to a national rise of 0.1 percent month-on-month and annual rate of 2.2 percent.</p>
<p>Milan is one of 11 Italian cities which publish their inflation data. The city's CPI has a weighting of 19.1 percent on the total national index.</p>
<p>The official national CPI figures will be published on May 6.</p>
<p>-- Milan newsroom +392 66129589</p>
</text>
<copyright>(c) Reuters Limited 1997</copyright>
<metadata>
<codes class="bip:countries:1.0">
  <code code="ITALY">
    <editdetail action="confirmed" attribution="Reuters BIP Coding Group" date="1997-04-10"/>
  </code>
</codes>
<codes class="bip:topics:1.0">
  <code code="E13">
    <editdetail action="confirmed" attribution="Reuters BIP Coding Group" date="1997-04-10"/>
  </code>
  <code code="E131">
    <editdetail action="confirmed" attribution="Reuters BIP Coding Group" date="1997-04-10"/>
  </code>
  <code code="ECAT">
    <editdetail action="confirmed" attribution="Reuters BIP Coding Group" date="1997-04-10"/>
  </code>
</codes>
<dc element="dc.date.created" value="1997-04-10"/>
<dc element="dc.publisher" value="Reuters Holdings Plc"/>
<dc element="dc.date.published" value="1997-04-10"/>
<dc element="dc.source" value="Reuters"/>
<dc element="dc.creator.location" value="MILAN"/>
<dc element="dc.creator.location.country.name" value="ITALY"/>
<dc element="dc.source" value="Reuters"/>
</metadata>
</newsitem>
