<?xml version="1.0" encoding="ISO-8859-1" standalone="no"?>
<newsitem date="1997-04-10" id="root" itemid="501724" xml:lang="en">
<title>LEBANON: Bank of Lebanon issues CDs worth 14 bln pounds.</title>
<headline>Bank of Lebanon issues CDs worth 14 bln pounds.</headline>
<dateline>BEIRUT 1997-04-10</dateline>
<text>
<p>The Bank of Lebanon issued on Thursday 60-day certificates of deposit dated April 11 to commercial banks worth 14 billion Lebanese pounds.</p>
<p>The CDs carry 12.75 percent annual interest. The bank made no sales of 45-day CDs at 12 percent for the second week.</p>
<p>Last week the bank sold 60-day CDs worth 71 billion pounds.</p>
<p>($1 = 1,545 Lebanese pounds)</p>
<p>-Beirut editorial (9611) 602057 345740 745308</p>
</text>
<copyright>(c) Reuters Limited 1997</copyright>
<metadata>
<codes class="bip:countries:1.0">
  <code code="LEBAN">
    <editdetail action="confirmed" attribution="Reuters BIP Coding Group" date="1997-04-10"/>
  </code>
</codes>
<codes class="bip:topics:1.0">
  <code code="M13">
    <editdetail action="confirmed" attribution="Reuters BIP Coding Group" date="1997-04-10"/>
  </code>
  <code code="M131">
    <editdetail action="confirmed" attribution="Reuters BIP Coding Group" date="1997-04-10"/>
  </code>
  <code code="MCAT">
    <editdetail action="confirmed" attribution="Reuters BIP Coding Group" date="1997-04-10"/>
  </code>
</codes>
<dc element="dc.date.created" value="1997-04-10"/>
<dc element="dc.publisher" value="Reuters Holdings Plc"/>
<dc element="dc.date.published" value="1997-04-10"/>
<dc element="dc.source" value="Reuters"/>
<dc element="dc.creator.location" value="BEIRUT"/>
<dc element="dc.creator.location.country.name" value="LEBANON"/>
<dc element="dc.source" value="Reuters"/>
</metadata>
</newsitem>
