<?xml version="1.0" encoding="ISO-8859-1" standalone="no"?>
<newsitem date="1997-04-10" id="root" itemid="500764" xml:lang="en">
<title>USA: Fritz Cos Q3 net, shr loss vs profit.</title>
<headline>Fritz Cos Q3 net, shr loss vs profit.</headline>
<dateline>SAN FRANCISCO 1997-04-09</dateline>
<text>
<p>3 Months Ended    9 Months Ended</p>
<p>				 Feb. 28,  Feb. 29, Feb. 28, Feb. 29,</p>
<p>					1997     1996     1997     1996</p>
<p> REVENUE			$270,341 $241,096 $847,295 $783,564</p>
<p>FREIGHT CONSOLIDATION</p>
<p>  COSTS			  152,370  137,285  468,830  445,054</p>
<p> NET REVENUE		   117,971  103,811  378,465  338,510</p>
<p>OPERATING EXPENSES:</p>
<p>Salaries and related</p>
<p>  costs			   80,048   56,725  225,554  180,777</p>
<p>General and administrative</p>
<p>				    62,651   36,919  150,577  109,245</p>
<p> Merger and related costs	 --    4,600	 --    4,600</p>
<p>Total operating expenses</p>
<p>				   142,699   98,244  376,131  294,622</p>
<p>INCOME (LOSS) FROM</p>
<p>  OPERATIONS		  (24,728)    5,567    2,334   43,888</p>
<p> OTHER EXPENSE		 (1,166)    (714)  (2,003)    (162)</p>
<p>INCOME (LOSS) BEFORE TAX</p>
<p>  EXPENSE (BENEFIT)	 (25,894)    4,853	331   43,726</p>
<p>INCOME TAX EXPENSE</p>
<p>  (BENEFIT)		    (9,063)    1,699	116   15,304</p>
<p> NET INCOME (LOSS)	  (16,831)    3,154	215   28,422</p>
<p>Earnings per share -</p>
<p>  fully diluted		 (0.48)     0.09     0.01     0.80</p>
<p>-- New York Newsdesk 212 859-1610</p>
</text>
<copyright>(c) Reuters Limited 1997</copyright>
<metadata>
<codes class="bip:countries:1.0">
  <code code="USA">
    <editdetail action="confirmed" attribution="Reuters BIP Coding Group" date="1997-04-10"/>
  </code>
</codes>
<codes class="bip:industries:1.0">
  <code code="I77002">
    <editdetail action="confirmed" attribution="Reuters BIP Coding Group" date="1997-04-10"/>
  </code>
</codes>
<codes class="bip:topics:1.0">
  <code code="C15">
    <editdetail action="confirmed" attribution="Reuters BIP Coding Group" date="1997-04-10"/>
  </code>
  <code code="C151">
    <editdetail action="confirmed" attribution="Reuters BIP Coding Group" date="1997-04-10"/>
  </code>
  <code code="CCAT">
    <editdetail action="confirmed" attribution="Reuters BIP Coding Group" date="1997-04-10"/>
  </code>
</codes>
<dc element="dc.date.created" value="1997-04-09"/>
<dc element="dc.publisher" value="Reuters Holdings Plc"/>
<dc element="dc.date.published" value="1997-04-10"/>
<dc element="dc.source" value="Reuters"/>
<dc element="dc.creator.location" value="SAN FRANCISCO"/>
<dc element="dc.creator.location.country.name" value="USA"/>
<dc element="dc.source" value="Reuters"/>
</metadata>
</newsitem>
