<?xml version="1.0" encoding="ISO-8859-1" standalone="no"?>
<newsitem date="1997-04-10" id="root" itemid="501022" xml:lang="en">
<title>USA: FGIC qualifies five issues for bond insurance.</title>
<headline>FGIC qualifies five issues for bond insurance.</headline>
<dateline>NEW YORK 1997-04-10</dateline>
<text>
<p>Financial Guaranty Insurance Co. said it has qualified for bond insurance the following five issues scheduled for competitive sale today.</p>
<p>--Winnebago County, Ill., $6.275 million refunding general obligation bonds.</p>
<p>--Alden CSD, N.Y., $7.710 million school district GOs.</p>
<p>--Westhill CSD, N.Y., $3.15 million school district GOs.</p>
<p>--Springettbury Township, Pa., $9.08 million GOs.</p>
<p>--Anderson, S.C., $3.8 million GOs.</p>
<p>((--U.S. Municipal Desk, 212-859-1650))</p>
</text>
<copyright>(c) Reuters Limited 1997</copyright>
<metadata>
<codes class="bip:countries:1.0">
  <code code="USA">
    <editdetail action="confirmed" attribution="Reuters BIP Coding Group" date="1997-04-10"/>
  </code>
</codes>
<codes class="bip:topics:1.0">
  <code code="E21">
    <editdetail action="confirmed" attribution="Reuters BIP Coding Group" date="1997-04-10"/>
  </code>
  <code code="E212">
    <editdetail action="confirmed" attribution="Reuters BIP Coding Group" date="1997-04-10"/>
  </code>
  <code code="ECAT">
    <editdetail action="confirmed" attribution="Reuters BIP Coding Group" date="1997-04-10"/>
  </code>
</codes>
<dc element="dc.date.created" value="1997-04-10"/>
<dc element="dc.publisher" value="Reuters Holdings Plc"/>
<dc element="dc.date.published" value="1997-04-10"/>
<dc element="dc.source" value="Reuters"/>
<dc element="dc.creator.location" value="NEW YORK"/>
<dc element="dc.creator.location.country.name" value="USA"/>
<dc element="dc.source" value="Reuters"/>
</metadata>
</newsitem>
