<?xml version="1.0" encoding="ISO-8859-1" standalone="no"?>
<newsitem date="1997-04-10" id="root" itemid="501058" xml:lang="en">
<title>USA: Asia Pulp &amp; Paper at 11-3/8 in New York.</title>
<headline>Asia Pulp &amp; Paper at 11-3/8 in New York.</headline>
<dateline>NEW YORK 1997-04-09</dateline>
<text>
<p>Asian Pulp &amp; Paper closed at 11-3/8 in New York on Wednesday. It recorded the day's low of 11-3/8 and the day's high of 11-1/2.</p>
<p>Volume was 15,300 American Depository Shares. Block volume was 10,800. Its previous close on Tuesday was 11-3/8.</p>
<p>One ADS represents four common shares.</p>
<p>-- Jakarta newsroom (Tel: 6221-3846364).</p>
</text>
<copyright>(c) Reuters Limited 1997</copyright>
<metadata>
<codes class="bip:countries:1.0">
  <code code="INDON">
    <editdetail action="confirmed" attribution="Reuters BIP Coding Group" date="1997-04-10"/>
  </code>
  <code code="USA">
    <editdetail action="confirmed" attribution="Reuters BIP Coding Group" date="1997-04-10"/>
  </code>
</codes>
<codes class="bip:industries:1.0">
  <code code="I47100">
    <editdetail action="confirmed" attribution="Reuters BIP Coding Group" date="1997-04-10"/>
  </code>
</codes>
<codes class="bip:topics:1.0">
  <code code="C15">
    <editdetail action="confirmed" attribution="Reuters BIP Coding Group" date="1997-04-10"/>
  </code>
  <code code="C152">
    <editdetail action="confirmed" attribution="Reuters BIP Coding Group" date="1997-04-10"/>
  </code>
  <code code="CCAT">
    <editdetail action="confirmed" attribution="Reuters BIP Coding Group" date="1997-04-10"/>
  </code>
</codes>
<dc element="dc.date.created" value="1997-04-09"/>
<dc element="dc.publisher" value="Reuters Holdings Plc"/>
<dc element="dc.date.published" value="1997-04-10"/>
<dc element="dc.source" value="Reuters"/>
<dc element="dc.creator.location" value="NEW YORK"/>
<dc element="dc.creator.location.country.name" value="USA"/>
<dc element="dc.source" value="Reuters"/>
</metadata>
</newsitem>
