<?xml version="1.0" encoding="ISO-8859-1" standalone="no"?>
<newsitem date="1997-04-10" id="root" itemid="500015" xml:lang="en">
<title>USA: Yields unchanged on Bond Buyer's weekly indices.</title>
<headline>Yields unchanged on Bond Buyer's weekly indices.</headline>
<dateline>NEW YORK 1997-04-10</dateline>
<text>
<p>Yields on all three of the Bond Buyer municipal bond indices are unchanged this week.</p>
<p>The yield on the 20-bond index of general obligation bonds calculated Thursday was 5.88 percent, unchanged from last week.</p>
<p>The yield on the 11-bond index of GO bonds was 5.79 percent.</p>
<p>The yield on the 30-year revenue bond index was 6.14 percent.</p>
<p>					Latest Previous Last Date</p>
<p>20 Bond Index			5.88%    5.88% 4/10/97</p>
<p>11 Bond index			5.79%    5.79% 4/10/97</p>
<p>Revenue Bond Index		 6.14%    6.14% 4/10/97</p>
<p>--U.S. Municipal Desk, 212-859-1650</p>
</text>
<copyright>(c) Reuters Limited 1997</copyright>
<metadata>
<codes class="bip:countries:1.0">
  <code code="USA">
    <editdetail action="confirmed" attribution="Reuters BIP Coding Group" date="1997-04-10"/>
  </code>
</codes>
<codes class="bip:topics:1.0">
  <code code="M12">
    <editdetail action="confirmed" attribution="Reuters BIP Coding Group" date="1997-04-10"/>
  </code>
  <code code="MCAT">
    <editdetail action="confirmed" attribution="Reuters BIP Coding Group" date="1997-04-10"/>
  </code>
</codes>
<dc element="dc.date.created" value="1997-04-10"/>
<dc element="dc.publisher" value="Reuters Holdings Plc"/>
<dc element="dc.date.published" value="1997-04-10"/>
<dc element="dc.source" value="Reuters"/>
<dc element="dc.creator.location" value="NEW YORK"/>
<dc element="dc.creator.location.country.name" value="USA"/>
<dc element="dc.source" value="Reuters"/>
</metadata>
</newsitem>
