<?xml version="1.0" encoding="ISO-8859-1" standalone="no"?>
<newsitem date="1997-04-10" id="root" itemid="500072" xml:lang="en">
<title>USA: Fund investors buy choppy US stock market on dip.</title>
<headline>Fund investors buy choppy US stock market on dip.</headline>
<byline>Michael Ellis</byline>
<dateline>BOSTON 1997-04-10</dateline>
<text>
<p>Mutual fund investors have so far played the U.S. stock market correction right, moving back into aggressive growth funds on the dip but also hedging by buying international and balanced funds, officials said.</p>
<p>"You're not seeing what everybody has feared, and that is a wholesale bailing by mutual fund investors despite some very, very choppy market activity," said Tracey Gordon, a spokeswoman for Charles Schwab &amp; Co.  </p>
<p>Investors appeared unfazed by the 10 percent market correction in the days after the Federal Reserve raised interest rates for the first time in two years on March 25, said Steven Norwitz, a spokesman for fund company T. Rowe Price Associates.</p>
<p>"We have actually seen some money flow into the technology funds in the last few days," he said. "People did not panic in the midst of the correction."</p>
<p>Many market observers had wondered if retail investors would cease plowing billions of dollars each month into stock funds and turn and run if the market corrected.  </p>
<p>Vanguard Group and other fund companies had issued warnings to investors, many of whom had never experienced a major correction or a bear market, not to become over-optimistic.</p>
<p>"Investors seemed to handle (the correction) with a greater sense of grace than many would have anticipated," Vanguard spokesman Brian Mattes said.</p>
<p>Charles Schwab, which sells more than 2,000 mutual funds from a wide variety of companies, saw investors move a modest $4.5 million into aggressive growth funds so far in April, Gordon said.  </p>
<p>In March, aggressive growth funds sold through Schwab lost about $209 million in sales as the market marched to record highs, she said.</p>
<p>Investors continued to seek a foreign shelter from the U.S. market volatility by buying international funds in early April, she said. And the more conservative balanced funds, which invest stocks and bonds, became more popular in recent weeks after more than a year of being out of favor, she said.  </p>
<p>Net sales of stock mutual funds offered by Schwab totalled $168 million in the first part of this month, with $33.6 million going towards balanced funds and $91 million going into index funds.</p>
<p>The Investment Company Institute, an industry trade group, reported on Thursday that net sales of all U.S. stock funds slowed in March to $9.5 billion from $18.45 billion in February.</p>
<p>The estimated flows to stock funds in March was the lowest since the $5.75 billion inflow in July 1996, when the U.S. market also suffered heavy losses.</p>
<p>ICI said bond and income funds had an estimated outflow of $1 billion in March, compared with an inflow of $2.17 billion in February.</p>
<p>Vanguard Group, whose flagship $34 billion Index 500 Portfolio has benefitted by the growing popularity of index funds, has also seen investment sentiments shift within the last week.</p>
<p>"We're seeing individuals move back into equities again in the last day or two," Mattes said. "Investors are moving eagerly towards equities now then they had in the prior two weeks."</p>
<p>((Boston bureau, (617) 367-4176))</p>
</text>
<copyright>(c) Reuters Limited 1997</copyright>
<metadata>
<codes class="bip:countries:1.0">
  <code code="USA">
    <editdetail action="confirmed" attribution="Reuters BIP Coding Group" date="1997-04-10"/>
  </code>
</codes>
<codes class="bip:topics:1.0">
  <code code="M11">
    <editdetail action="confirmed" attribution="Reuters BIP Coding Group" date="1997-04-10"/>
  </code>
  <code code="MCAT">
    <editdetail action="confirmed" attribution="Reuters BIP Coding Group" date="1997-04-10"/>
  </code>
</codes>
<dc element="dc.date.created" value="1997-04-10"/>
<dc element="dc.publisher" value="Reuters Holdings Plc"/>
<dc element="dc.date.published" value="1997-04-10"/>
<dc element="dc.source" value="Reuters"/>
<dc element="dc.creator.location" value="BOSTON"/>
<dc element="dc.creator.location.country.name" value="USA"/>
<dc element="dc.source" value="Reuters"/>
</metadata>
</newsitem>
