<?xml version="1.0" encoding="ISO-8859-1" standalone="no"?>
<newsitem date="1997-04-10" id="root" itemid="501003" xml:lang="en">
<title>USA: Limited asserts zero tolerance for fraud.</title>
<headline>Limited asserts zero tolerance for fraud.</headline>
<dateline>COLUMBUS, Ohio 1997-04-10</dateline>
<text>
<p>Limited Inc said Thursday that, though it has not had time to review details of a lawsuit filed against it by the American Textile Manufacturers Institute, the company has "zero tolerance for any violation of our policies or any law."</p>
<p>Tarrant Apparel Group said Thursday that it and Limited were named in the civil suit filed in U.S. District Court in Los Angeles.</p>
<p>The lawsuit alleges, among other things, that the defendants filed improper statements about the country of origin of imported merchandise with the United States Customs Service, Tarrant said.</p>
<p>"The Limited is committed to full compliance with the spirit and letter of all legal requirements relating to the importation of goods into the United Sattes," a statement issued by the company said.</p>
<p>The complaint seeks unspecified monetary damages, Tarrant said.</p>
<p>Tarrant said it has monitoring procedures to ensure strict compliance with requirements of the U.S. Customs Service and the company does not tolerate violation of any law.</p>
</text>
<copyright>(c) Reuters Limited 1997</copyright>
<metadata>
<codes class="bip:countries:1.0">
  <code code="USA">
    <editdetail action="confirmed" attribution="Reuters BIP Coding Group" date="1997-04-10"/>
  </code>
</codes>
<codes class="bip:industries:1.0">
  <code code="I45300">
    <editdetail action="confirmed" attribution="Reuters BIP Coding Group" date="1997-04-10"/>
  </code>
  <code code="I64500">
    <editdetail action="confirmed" attribution="Reuters BIP Coding Group" date="1997-04-10"/>
  </code>
</codes>
<codes class="bip:topics:1.0">
  <code code="C12">
    <editdetail action="confirmed" attribution="Reuters BIP Coding Group" date="1997-04-10"/>
  </code>
  <code code="CCAT">
    <editdetail action="confirmed" attribution="Reuters BIP Coding Group" date="1997-04-10"/>
  </code>
  <code code="GCAT">
    <editdetail action="confirmed" attribution="Reuters BIP Coding Group" date="1997-04-10"/>
  </code>
  <code code="GCRIM">
    <editdetail action="confirmed" attribution="Reuters BIP Coding Group" date="1997-04-10"/>
  </code>
</codes>
<dc element="dc.date.created" value="1997-04-10"/>
<dc element="dc.publisher" value="Reuters Holdings Plc"/>
<dc element="dc.date.published" value="1997-04-10"/>
<dc element="dc.source" value="Reuters"/>
<dc element="dc.creator.location" value="COLUMBUS, Ohio"/>
<dc element="dc.creator.location.country.name" value="USA"/>
<dc element="dc.source" value="Reuters"/>
</metadata>
</newsitem>
