<?xml version="1.0" encoding="ISO-8859-1" standalone="no"?>
<newsitem date="1997-04-10" id="root" itemid="501231" xml:lang="en">
<title>SWEDEN: Sweden Centre Party head to announce his future.</title>
<headline>Sweden Centre Party head to announce his future.</headline>
<dateline>STOCKHOLM 1997-04-10</dateline>
<text>
<p>The leader of Sweden's Centre Party, Olof Johansson, said on Thursday he would hold a press conference at 1330 GMT to announce his decision about whether he will stay on as leader of the party.</p>
<p>Johansson promised to make a decision about his future after Easter after heavy criticism about falling voter support for the Centre Party that has cooperated informally with the minority Social Democratic government.</p>
<p>At the last general election in September 1994 the Centre Party secured 7.7 percent of the vote, the third largest party in the seven party parliament.</p>
<p>But a poll in late March showed the party's support was now below six percent, falling 1.7 percentage points since January this year.</p>
<p>The Centre Party has cooperated informally with the ruling centre-left Social Democrats in the seven party Swedish parliament.</p>
<p>Earlier this year the Social Democrats, Centre and Left parties joined forces on a new energy agreement that will see the closure of one of Sweden's 12 nuclear reactors next year and a second closure in 2001.</p>
<p>Johansson has been leader of the Centre Party for 10 years and at 59 is the oldest of all Sweden's political party leaders.</p>
<p>-- Belinda Goldsmith, Stockholm newsroom +46-8-700 1017</p>
</text>
<copyright>(c) Reuters Limited 1997</copyright>
<metadata>
<codes class="bip:countries:1.0">
  <code code="SWED">
    <editdetail action="confirmed" attribution="Reuters BIP Coding Group" date="1997-04-10"/>
  </code>
</codes>
<codes class="bip:topics:1.0">
  <code code="GCAT">
    <editdetail action="confirmed" attribution="Reuters BIP Coding Group" date="1997-04-10"/>
  </code>
  <code code="GPOL">
    <editdetail action="confirmed" attribution="Reuters BIP Coding Group" date="1997-04-10"/>
  </code>
</codes>
<dc element="dc.date.created" value="1997-04-10"/>
<dc element="dc.publisher" value="Reuters Holdings Plc"/>
<dc element="dc.date.published" value="1997-04-10"/>
<dc element="dc.source" value="Reuters"/>
<dc element="dc.creator.location" value="STOCKHOLM"/>
<dc element="dc.creator.location.country.name" value="SWEDEN"/>
<dc element="dc.source" value="Reuters"/>
</metadata>
</newsitem>
