<?xml version="1.0" encoding="ISO-8859-1" standalone="no"?>
<newsitem date="1997-04-10" id="root" itemid="500596" xml:lang="en">
<title>USA: Interstate/Johnson Q2 revs up, net/shr down.</title>
<headline>Interstate/Johnson Q2 revs up, net/shr down.</headline>
<dateline>CHARLOTTE, N.C. 1997-04-10</dateline>
<text>
<p>For 3 months ended	 For 6 months ended</p>
<p>	     3/31/97    3/31/96	  3/31/97	3/31/96</p>
<p>Total Revenues</p>
<p>	    $57,580,243 $55,461,932   $109,846,058 $105,996,459</p>
<p>Net Income</p>
<p>	    $2,509,674  $2,806,998    $5,016,730   $4,877,197</p>
<p>Earnings Per Share:</p>
<p>     Primary   $0.40	 $0.46	   $0.82	  $0.80</p>
<p>     Diluted   $0.35	 $0.40	   $0.71	  $0.70</p>
<p>Weighted Average Shares:</p>
<p>  Primary  6,205,309   6,113,568     6,145,340     6,112,079</p>
<p>  Diluted  7,774,997   7,681,154     7,785,649     7,679,665</p>
<p>Full company name is Interstate Johnson/Lane Inc.</p>
</text>
<copyright>(c) Reuters Limited 1997</copyright>
<metadata>
<codes class="bip:countries:1.0">
  <code code="USA">
    <editdetail action="confirmed" attribution="Reuters BIP Coding Group" date="1997-04-10"/>
  </code>
</codes>
<codes class="bip:industries:1.0">
  <code code="I83100">
    <editdetail action="confirmed" attribution="Reuters BIP Coding Group" date="1997-04-10"/>
  </code>
</codes>
<codes class="bip:topics:1.0">
  <code code="C15">
    <editdetail action="confirmed" attribution="Reuters BIP Coding Group" date="1997-04-10"/>
  </code>
  <code code="C151">
    <editdetail action="confirmed" attribution="Reuters BIP Coding Group" date="1997-04-10"/>
  </code>
  <code code="CCAT">
    <editdetail action="confirmed" attribution="Reuters BIP Coding Group" date="1997-04-10"/>
  </code>
</codes>
<dc element="dc.date.created" value="1997-04-10"/>
<dc element="dc.publisher" value="Reuters Holdings Plc"/>
<dc element="dc.date.published" value="1997-04-10"/>
<dc element="dc.source" value="Reuters"/>
<dc element="dc.creator.location" value="CHARLOTTE, N.C."/>
<dc element="dc.creator.location.country.name" value="USA"/>
<dc element="dc.source" value="Reuters"/>
</metadata>
</newsitem>
