<?xml version="1.0" encoding="ISO-8859-1" standalone="no"?>
<newsitem date="1997-04-10" id="root" itemid="499797" xml:lang="en">
<title>BAHRAIN: Saudi's Tabuk Cement Co Q1 pre-tax profit drops.</title>
<headline>Saudi's Tabuk Cement Co Q1 pre-tax profit drops.</headline>
<dateline>MANAMA 1997-04-10</dateline>
<text>
<p>Three months to March 31, 1997</p>
<p>			   (million Saudi riyals)</p>
<p> Pre-tax profit	    4.2   vs    8.1</p>
<p> Operating income	  5.9   vs    9.8</p>
<p> Expenses		    1.7   vs    1.8</p>
<p> Shareholders' equity  780.6   vs  759.8</p>
<p> Assets		  1,082.9   vs  844.0</p>
<p>Full Name - Tabuk Cement Company.</p>
<p>Note - Mitsubishi Heavy Industries and Ube Industries Ltd are building a 1.1 million cement plant for the Saudi company.</p>
</text>
<copyright>(c) Reuters Limited 1997</copyright>
<metadata>
<codes class="bip:countries:1.0">
  <code code="SAARAB">
    <editdetail action="confirmed" attribution="Reuters BIP Coding Group" date="1997-04-10"/>
  </code>
</codes>
<codes class="bip:industries:1.0">
  <code code="I24200">
    <editdetail action="confirmed" attribution="Reuters BIP Coding Group" date="1997-04-10"/>
  </code>
</codes>
<codes class="bip:topics:1.0">
  <code code="C15">
    <editdetail action="confirmed" attribution="Reuters BIP Coding Group" date="1997-04-10"/>
  </code>
  <code code="C151">
    <editdetail action="confirmed" attribution="Reuters BIP Coding Group" date="1997-04-10"/>
  </code>
  <code code="CCAT">
    <editdetail action="confirmed" attribution="Reuters BIP Coding Group" date="1997-04-10"/>
  </code>
</codes>
<dc element="dc.date.created" value="1997-04-10"/>
<dc element="dc.publisher" value="Reuters Holdings Plc"/>
<dc element="dc.date.published" value="1997-04-10"/>
<dc element="dc.source" value="Reuters"/>
<dc element="dc.creator.location" value="MANAMA"/>
<dc element="dc.creator.location.country.name" value="BAHRAIN"/>
<dc element="dc.source" value="Reuters"/>
</metadata>
</newsitem>
