<?xml version="1.0" encoding="ISO-8859-1" standalone="no"?>
<newsitem date="1997-04-10" id="root" itemid="501655" xml:lang="en">
<title>SOUTH KOREA: S.Korea to extend one trillion won to banks.</title>
<headline>S.Korea to extend one trillion won to banks.</headline>
<dateline>SEOUL 1997-04-10</dateline>
<text>
<p>South Korea's finance and economy ministry said on Thursday it would extend one trillion won in soft loans to 33 domestic banks from April 28 to May 17.  </p>
<p>The loans will carry an annual interest rate of 10 percent, which is 2.5-3.0 percentage points lower than average lending rates in South Korea. A ministry official said the loans would help relieve a short-term liquidity shortage following value-added-tax payments during the period.</p>
<p>This is the first time the ministry has directly extended loans to domestic banks, as the central Bank of Korea has been the lender to those banks.  </p>
<p>The official said the ministry would extend 500 billion won in proportion to banks' loans to small and medium-sized companies. The rest will be allocated in accordance to the size of banks' purchases of state bonds with maturities of three to 10 years.</p>
<p>"We plan to release further soft loans to banks at the end of July, October and next January when tax payments are due," he added.</p>
<p>-- Seoul Newsroom (822) 727 5647</p>
</text>
<copyright>(c) Reuters Limited 1997</copyright>
<metadata>
<codes class="bip:countries:1.0">
  <code code="SKOREA">
    <editdetail action="confirmed" attribution="Reuters BIP Coding Group" date="1997-04-10"/>
  </code>
</codes>
<codes class="bip:industries:1.0">
  <code code="I81402">
    <editdetail action="confirmed" attribution="Reuters BIP Coding Group" date="1997-04-10"/>
  </code>
</codes>
<codes class="bip:topics:1.0">
  <code code="C17">
    <editdetail action="confirmed" attribution="Reuters BIP Coding Group" date="1997-04-10"/>
  </code>
  <code code="CCAT">
    <editdetail action="confirmed" attribution="Reuters BIP Coding Group" date="1997-04-10"/>
  </code>
</codes>
<dc element="dc.date.created" value="1997-04-10"/>
<dc element="dc.publisher" value="Reuters Holdings Plc"/>
<dc element="dc.date.published" value="1997-04-10"/>
<dc element="dc.source" value="Reuters"/>
<dc element="dc.creator.location" value="SEOUL"/>
<dc element="dc.creator.location.country.name" value="SOUTH KOREA"/>
<dc element="dc.source" value="Reuters"/>
</metadata>
</newsitem>
