<?xml version="1.0" encoding="ISO-8859-1" standalone="no"?>
<newsitem date="1997-04-10" id="root" itemid="501336" xml:lang="en">
<title>UK: INSIGHT - Notionnel more upbeat but 128.50 area key.</title>
<headline>INSIGHT - Notionnel more upbeat but 128.50 area key.</headline>
<dateline>LONDON 1997-04-10</dateline>
<text>
<p>June notionnel futures have scope for a renewed rally but they need to get back above the pivotal 128.50 area to signal that more downside price action is not on the cards, technical analysts said on Thursday.</p>
<p>Susan Rigg, technical analyst at Chart Analysis in London, said this price region represented the late March rally highs.</p>
<p>"We did manage to close above it yesterday but it has slipped back a little today," she said.</p>
<p>Rigg said the market had showed a "good dynamic" in the way it climbed off recent lows. "I do think it's got to clear this level (around 128.50), which it's got a good chance of doing."  </p>
<p>If the market did make a foray to the upside, it would encounter plenty of supply in the 129-130 region, Rigg said.</p>
<p>Richard Adcock, manager of technical research at HSBC Futures in London, said the short-term outlook was better.</p>
<p>"The break through the upper limits of the downtrend channel, in line with the other European markest, has materialised to abort the threat of downside developing at least over the short term," he said in note to clients.</p>
<p>"The bullish position has been strengthened with yesterday's move through the recent 128.44 high and a fresh buy signal in stochastics." He noted retracement targets at 128.80 and 129.32.</p>
</text>
<copyright>(c) Reuters Limited 1997</copyright>
<metadata>
<codes class="bip:countries:1.0">
  <code code="UK">
    <editdetail action="confirmed" attribution="Reuters BIP Coding Group" date="1997-04-10"/>
  </code>
</codes>
<codes class="bip:topics:1.0">
  <code code="M12">
    <editdetail action="confirmed" attribution="Reuters BIP Coding Group" date="1997-04-10"/>
  </code>
  <code code="MCAT">
    <editdetail action="confirmed" attribution="Reuters BIP Coding Group" date="1997-04-10"/>
  </code>
</codes>
<dc element="dc.date.created" value="1997-04-10"/>
<dc element="dc.publisher" value="Reuters Holdings Plc"/>
<dc element="dc.date.published" value="1997-04-10"/>
<dc element="dc.source" value="Reuters"/>
<dc element="dc.creator.location" value="LONDON"/>
<dc element="dc.creator.location.country.name" value="UK"/>
<dc element="dc.source" value="Reuters"/>
</metadata>
</newsitem>
