<?xml version="1.0" encoding="ISO-8859-1" standalone="no"?>
<newsitem date="1997-04-10" id="root" itemid="501440" xml:lang="en">
<title>AUSTRALIA: Reinsurance Australia targets premium rise.</title>
<headline>Reinsurance Australia targets premium rise.</headline>
<dateline>SYDNEY 1997-04-10</dateline>
<text>
<p>Reinsurance Australia Corp Ltd said on Thursday it expected to achieve modest premium growth in calendar 1997.</p>
<p>Chairman Peter Cadwallader told the annual general meeting that in spite of premium rate reductions and a stronger Australian dollar, there were many opportunities in world markets to generate new business at reasonable rates.</p>
<p>"As a result, we believe we can source sufficient new business to achieve modest premium growth in 1997," he said.  </p>
<p>Cadwallader said Reinsurance Australia was not immune to rate reductions in world markets and had declined to renew about A$60 million of business which did not meet its premium rating requirement.</p>
<p>"Premium growth has also been restricted by the strengthening of the Australian dollar which has reduced premium income by five percent," Cadwallader said.</p>
<p>However, he said the diversification and geographic spread of the company's business tended to minimise the overall impact of these factors.</p>
<p>Gross written premium in calendar 1996 was A$527.3 million.  </p>
<p>Reinsurance Australia said in February that it was targetting gross underwritten premium growth of 15 percent in 1997</p>
<p>The company reported a 31 percent rise in net profit to A$66.6 million for calendar 1996.</p>
<p>-- Sydney Newsroom 61-2 9373-1800</p>
</text>
<copyright>(c) Reuters Limited 1997</copyright>
<metadata>
<codes class="bip:countries:1.0">
  <code code="AUSTR">
    <editdetail action="confirmed" attribution="Reuters BIP Coding Group" date="1997-04-10"/>
  </code>
</codes>
<codes class="bip:industries:1.0">
  <code code="I82003">
    <editdetail action="confirmed" attribution="Reuters BIP Coding Group" date="1997-04-10"/>
  </code>
  <code code="I8200318">
    <editdetail action="confirmed" attribution="Reuters BIP Coding Group" date="1997-04-10"/>
  </code>
</codes>
<codes class="bip:topics:1.0">
  <code code="C15">
    <editdetail action="confirmed" attribution="Reuters BIP Coding Group" date="1997-04-10"/>
  </code>
  <code code="C152">
    <editdetail action="confirmed" attribution="Reuters BIP Coding Group" date="1997-04-10"/>
  </code>
  <code code="C31">
    <editdetail action="confirmed" attribution="Reuters BIP Coding Group" date="1997-04-10"/>
  </code>
  <code code="CCAT">
    <editdetail action="confirmed" attribution="Reuters BIP Coding Group" date="1997-04-10"/>
  </code>
</codes>
<dc element="dc.date.created" value="1997-04-10"/>
<dc element="dc.publisher" value="Reuters Holdings Plc"/>
<dc element="dc.date.published" value="1997-04-10"/>
<dc element="dc.source" value="Reuters"/>
<dc element="dc.creator.location" value="SYDNEY"/>
<dc element="dc.creator.location.country.name" value="AUSTRALIA"/>
<dc element="dc.source" value="Reuters"/>
</metadata>
</newsitem>
