<?xml version="1.0" encoding="ISO-8859-1" standalone="no"?>
<newsitem date="1997-04-10" id="root" itemid="500053" xml:lang="en">
<title>USA: Cubist hits Bristol-Myers pact milestones.</title>
<headline>Cubist hits Bristol-Myers pact milestones.</headline>
<dateline>CAMBRIDGE, Mass. 1997-04-10</dateline>
<text>
<p>Cubist Pharmaceuticals Inc said Thursday that it has achieved the second and third research milestones under its agreement with Bristol-Myers Squibb Co to develop and commercialize new antibacterial and antifungal pharmaceutical agents.</p>
<p>These milestones relate to Cubist successfully developing and transferring technology to Bristol-Myers to conduct high-throughput (rapid) screening of novel targets to identify new classes of potential drug leads.</p>
<p>In December, 1996 the two companies announced that they had entered into a research and licensing agreement with a potential value of $56 million and that Cubist had received its first milestone payment.</p>
<p>The milestone payment amounts were not disclosed.</p>
<p>Cubist said the focus of the collaboration is to develop novel drugs to treat bacterial and fungal infections including drug resistant microorganisms and tuberculosis.</p>
</text>
<copyright>(c) Reuters Limited 1997</copyright>
<metadata>
<codes class="bip:countries:1.0">
  <code code="USA">
    <editdetail action="confirmed" attribution="Reuters BIP Coding Group" date="1997-04-10"/>
  </code>
</codes>
<codes class="bip:industries:1.0">
  <code code="I25700">
    <editdetail action="confirmed" attribution="Reuters BIP Coding Group" date="1997-04-10"/>
  </code>
</codes>
<codes class="bip:topics:1.0">
  <code code="C23">
    <editdetail action="confirmed" attribution="Reuters BIP Coding Group" date="1997-04-10"/>
  </code>
  <code code="C33">
    <editdetail action="confirmed" attribution="Reuters BIP Coding Group" date="1997-04-10"/>
  </code>
  <code code="CCAT">
    <editdetail action="confirmed" attribution="Reuters BIP Coding Group" date="1997-04-10"/>
  </code>
</codes>
<dc element="dc.date.created" value="1997-04-10"/>
<dc element="dc.publisher" value="Reuters Holdings Plc"/>
<dc element="dc.date.published" value="1997-04-10"/>
<dc element="dc.source" value="Reuters"/>
<dc element="dc.creator.location" value="CAMBRIDGE, Mass."/>
<dc element="dc.creator.location.country.name" value="USA"/>
<dc element="dc.source" value="Reuters"/>
</metadata>
</newsitem>
