<?xml version="1.0" encoding="ISO-8859-1" standalone="no"?>
<newsitem date="1997-04-10" id="root" itemid="501328" xml:lang="en">
<title>UK: Toyota Auto Receivables prices asset-backed bond.</title>
<headline>Toyota Auto Receivables prices asset-backed bond.</headline>
<dateline>LONDON 1997-04-10</dateline>
<text>
<p>Toyota Auto Receivables Grantor Trust 97-A has priced its $755 million three-tranche asset-backed bond, joint lead managers Lehman Brothers and CSFB said.</p>
<p>* * * * *</p>
<p>CLASS A</p>
<p> AMT    $723 MLN	COUPON     6.45	LEGAL MAT   15.APR.02</p>
<p> TYPE	 STRAIGHT  ISS PRICE  99.968028 PAY DATE    17.APR.97</p>
<p> FULL FEES  18.50 BP  REOFFER    99.968028 SPREAD	+31 BP</p>
<p> MODDY/S&amp;P  AAA/AAA   AVE LIFE   1.3 YRS</p>
<p> MAN &amp; UND  6 BP	SELL CONC  12.5 BP</p>
<p>* * * * *</p>
<p>CLASS B</p>
<p> AMT    $21 MLN	 COUPON     6.6	 LEGAL MAT   15.APR.02</p>
<p> TYPE	 STRAIGHT  ISS PRICE  99.960818 PAY DATE    17.APR.97</p>
<p> FULL FEES  35 BP     REOFFER    99.960818 SPREAD	+47 BP</p>
<p> MOODY/S&amp;P  A2/A	MAN &amp; UND  15 BP     SELL CONC   20 BP</p>
<p>* * * * *</p>
<p>CLASS C</p>
<p> AMT    $11 MLN	 COUPON     6.8	 LEGAL MAT   15.APR.02</p>
<p> TYPE	 STRAIGHT  ISS PRICE  99.992572 PAY DATE    17.APR.97</p>
<p> FULL FEES  45 BP     REOFFER    99.992572 SPREAD	+65 BP</p>
<p> MOODY/S&amp;P  BAA3/BBB  MAN &amp; UND  20 BP     SELL CONC   25 BP</p>
<p>* * * * *</p>
<p>COMMON TERMS</p>
<p> LISTING    LUX/HK    DENOMS (K) ONE</p>
<p>-- London Newsroom +44 171 542 7658</p>
</text>
<copyright>(c) Reuters Limited 1997</copyright>
<metadata>
<codes class="bip:countries:1.0">
  <code code="JAP">
    <editdetail action="confirmed" attribution="Reuters BIP Coding Group" date="1997-04-10"/>
  </code>
  <code code="UK">
    <editdetail action="confirmed" attribution="Reuters BIP Coding Group" date="1997-04-10"/>
  </code>
</codes>
<codes class="bip:industries:1.0">
  <code code="I35101">
    <editdetail action="confirmed" attribution="Reuters BIP Coding Group" date="1997-04-10"/>
  </code>
  <code code="I81502">
    <editdetail action="confirmed" attribution="Reuters BIP Coding Group" date="1997-04-10"/>
  </code>
</codes>
<codes class="bip:topics:1.0">
  <code code="C17">
    <editdetail action="confirmed" attribution="Reuters BIP Coding Group" date="1997-04-10"/>
  </code>
  <code code="C172">
    <editdetail action="confirmed" attribution="Reuters BIP Coding Group" date="1997-04-10"/>
  </code>
  <code code="CCAT">
    <editdetail action="confirmed" attribution="Reuters BIP Coding Group" date="1997-04-10"/>
  </code>
</codes>
<dc element="dc.date.created" value="1997-04-10"/>
<dc element="dc.publisher" value="Reuters Holdings Plc"/>
<dc element="dc.date.published" value="1997-04-10"/>
<dc element="dc.source" value="Reuters"/>
<dc element="dc.creator.location" value="LONDON"/>
<dc element="dc.creator.location.country.name" value="UK"/>
<dc element="dc.source" value="Reuters"/>
</metadata>
</newsitem>
