<?xml version="1.0" encoding="ISO-8859-1" standalone="no"?>
<newsitem date="1997-04-10" id="root" itemid="501795" xml:lang="en">
<title>SWITZERLAND: Crossair sees steady 1997 net.</title>
<headline>Crossair sees steady 1997 net.</headline>
<dateline>BASLE, Switzerland 1997-04-10</dateline>
<text>
<p>Regional airline Crossair AG, a subsidiary of the SAirGroup, said 1997 net profit was likely to remain around 1996's 23 million Swiss francs ($1.4 billion).</p>
<p>Crossair said in its annual report that it was budgeting for 13 percent rise in flights and passengers transported in 1997 and a 12 percent increase in sales to around 800 million francs from a reported 738 million in 1996.</p>
<p>Crossair also said in its 1996 annual report the sales increase should lead to a significant improvement in operating results.</p>
<p>"However, with lower revenues likely to derive from ancillary sources, our net result is likely to remain largely at 1996 levels," it said. ($ = 1.471 Swiss Francs)</p>
</text>
<copyright>(c) Reuters Limited 1997</copyright>
<metadata>
<codes class="bip:countries:1.0">
  <code code="SWITZ">
    <editdetail action="confirmed" attribution="Reuters BIP Coding Group" date="1997-04-10"/>
  </code>
</codes>
<codes class="bip:industries:1.0">
  <code code="I75000">
    <editdetail action="confirmed" attribution="Reuters BIP Coding Group" date="1997-04-10"/>
  </code>
</codes>
<codes class="bip:topics:1.0">
  <code code="C15">
    <editdetail action="confirmed" attribution="Reuters BIP Coding Group" date="1997-04-10"/>
  </code>
  <code code="C152">
    <editdetail action="confirmed" attribution="Reuters BIP Coding Group" date="1997-04-10"/>
  </code>
  <code code="CCAT">
    <editdetail action="confirmed" attribution="Reuters BIP Coding Group" date="1997-04-10"/>
  </code>
</codes>
<dc element="dc.date.created" value="1997-04-10"/>
<dc element="dc.publisher" value="Reuters Holdings Plc"/>
<dc element="dc.date.published" value="1997-04-10"/>
<dc element="dc.source" value="Reuters"/>
<dc element="dc.creator.location" value="BASLE, Switzerland"/>
<dc element="dc.creator.location.country.name" value="SWITZERLAND"/>
<dc element="dc.source" value="Reuters"/>
</metadata>
</newsitem>
