<?xml version="1.0" encoding="ISO-8859-1" standalone="no"?>
<newsitem date="1997-04-10" id="root" itemid="501163" xml:lang="en">
<title>ITALY: MontePaschi okays stake purchase in SPaolo.</title>
<headline>MontePaschi okays stake purchase in SPaolo.</headline>
<dateline>ROME 1997-04-10</dateline>
<text>
<p>The board of Italy's Monte dei Paschi di Siena has approved the purchase of a three percent stake in Istituto Bancario San Paolo, a spokesman for MontePaschi said on Thursday.</p>
<p>MontePaschi aimed as a result of the purchase to become part of a hard core of shareholders with significant stakes in the Turin-based bank which is due to be privatised later this year.</p>
<p>The MontePaschi board also called a meeting of the executive committee on April 14 to look at the planned share purchase in detail.</p>
</text>
<copyright>(c) Reuters Limited 1997</copyright>
<metadata>
<codes class="bip:countries:1.0">
  <code code="ITALY">
    <editdetail action="confirmed" attribution="Reuters BIP Coding Group" date="1997-04-10"/>
  </code>
</codes>
<codes class="bip:industries:1.0">
  <code code="I81402">
    <editdetail action="confirmed" attribution="Reuters BIP Coding Group" date="1997-04-10"/>
  </code>
</codes>
<codes class="bip:topics:1.0">
  <code code="C18">
    <editdetail action="confirmed" attribution="Reuters BIP Coding Group" date="1997-04-10"/>
  </code>
  <code code="C181">
    <editdetail action="confirmed" attribution="Reuters BIP Coding Group" date="1997-04-10"/>
  </code>
  <code code="CCAT">
    <editdetail action="confirmed" attribution="Reuters BIP Coding Group" date="1997-04-10"/>
  </code>
</codes>
<dc element="dc.date.created" value="1997-04-10"/>
<dc element="dc.publisher" value="Reuters Holdings Plc"/>
<dc element="dc.date.published" value="1997-04-10"/>
<dc element="dc.source" value="Reuters"/>
<dc element="dc.creator.location" value="ROME"/>
<dc element="dc.creator.location.country.name" value="ITALY"/>
<dc element="dc.source" value="Reuters"/>
</metadata>
</newsitem>
