<?xml version="1.0" encoding="ISO-8859-1" standalone="no"?>
<newsitem date="1997-04-10" id="root" itemid="501528" xml:lang="en">
<title>TAIWAN: Taiwan Shipping - Grain/oilseed cargoes - April 10.</title>
<headline>Taiwan Shipping - Grain/oilseed cargoes - April 10.</headline>
<dateline>TAIPEI 1997-04-10</dateline>
<text>
<p>The following is the berthing schedule for major bulk vessels unloading at Taiwan's main grain ports at Taichung and Kaohsiung, as detailed on Thursday by Taiwanese surveyors:</p>
<p>The discharging cargoes are given in tonnes. Berthing dates are for arrival in port/expected completion of discharge.</p>
<p> Commodity    Tonnes  Vessel		 Buyer	Berthing</p>
<p>-------------------------------------------------------------</p>
<p>At Kaohsiung:</p>
<p> Corn/soy     32,424  Akka Tainarun	Hui Shung  April 10/12</p>
<p> Corn	   57,400  Zoodotis	     Cargill    April 06/11</p>
<p>At Taichung:</p>
<p> Corn	   29,219  Maersk Tapah	 Great Wall April 08/11</p>
<p> Corn	   55,700  New Hurzon	   CK Group   April 09/17</p>
<p> Corn/soy     59,100  North Princess     CK Group   March 27/11</p>
<p>==============================================================</p>
<p>Incoming Taiwan grain/oilseed shipments in tonnes with scheduled dates of arrival. K is Kaohsiung; T is Taichung.</p>
<p>Taiwan also has bulk offloading facilities at Keelung.</p>
<p> Commodity Tonnes  Port Vessel		 Buyer	Arrival</p>
<p>--------------------------------------------------------------</p>
<p> Wheat     26,000  T/K  Anangel Hunesty    Flour asso  April 10</p>
<p> Corn/soy  22,000  T    Akka Tainarun	Hui Shung   April 13</p>
<p> Corn	54,000  T/K  Argolis		MFIG	  April 14</p>
<p> Soybean   55,300  K    Flavia		 BSPA -K     April 15</p>
<p> Soybean   54,000  K    Mass Enterprise    BSPA -K     April 18</p>
<p> Soybean   54,000  T    Menmey Bay	   BSPA -T     April 18</p>
<p> Corn	54,000  K    Chung Jin	    Marubeni    April 19</p>
<p> Wheat     30,000  T/K  Ralla Star	   MFIG	  April 15</p>
<p> Corn/soy  35,000  T/K  Legiony Polsky     Flour asso  April 22</p>
<p> Corn/soy  54,000  K    Oinoussian Sky     Old Chicken April 22</p>
<p> Wheat     30,000  T    Hasan Yakdim	 Hui Shung   April 22</p>
<p> Corn	55,300  T    F. E. Progress     Flour asso  April 22</p>
<p> Wheat     35,000  T/K  Taichung	     CK Group    April 23</p>
<p> Corn	54,000  T/K  Crane		  Flour asso  April 23</p>
<p> Corn/soy  54,000  T    Kostrena	     CK Group    April 23</p>
<p>==============================================================</p>
<p>Estimated total corn/soybean tonnages projected to have arrived or to arrive in Taiwan in 1997:</p>
<p>			  Corn		    Soybeans</p>
<p> January	   740,000		     280,000</p>
<p> Feburary	  500,000		     155,000</p>
<p> March	     500,000		     260,000</p>
<p> April	     510,000		     285,000</p>
<p>-- Taipei Newsroom (George Hsu 886-2-508-0815)</p>
</text>
<copyright>(c) Reuters Limited 1997</copyright>
<metadata>
<codes class="bip:countries:1.0">
  <code code="TAIWAN">
    <editdetail action="confirmed" attribution="Reuters BIP Coding Group" date="1997-04-10"/>
  </code>
</codes>
<codes class="bip:industries:1.0">
  <code code="I74000">
    <editdetail action="confirmed" attribution="Reuters BIP Coding Group" date="1997-04-10"/>
  </code>
  <code code="I76300">
    <editdetail action="confirmed" attribution="Reuters BIP Coding Group" date="1997-04-10"/>
  </code>
  <code code="I77002">
    <editdetail action="confirmed" attribution="Reuters BIP Coding Group" date="1997-04-10"/>
  </code>
</codes>
<codes class="bip:topics:1.0">
  <code code="CCAT">
    <editdetail action="confirmed" attribution="Reuters BIP Coding Group" date="1997-04-10"/>
  </code>
</codes>
<dc element="dc.date.created" value="1997-04-10"/>
<dc element="dc.publisher" value="Reuters Holdings Plc"/>
<dc element="dc.date.published" value="1997-04-10"/>
<dc element="dc.source" value="Reuters"/>
<dc element="dc.creator.location" value="TAIPEI"/>
<dc element="dc.creator.location.country.name" value="TAIWAN"/>
<dc element="dc.source" value="Reuters"/>
</metadata>
</newsitem>
