<?xml version="1.0" encoding="ISO-8859-1" standalone="no"?>
<newsitem date="1997-04-10" id="root" itemid="499914" xml:lang="en">
<title>USA: California refiners see highest margins in a year.</title>
<headline>California refiners see highest margins in a year.</headline>
<dateline>LOS ANGELES 1997-04-10</dateline>
<text>
<p>Refinery margins in California rose to their highest level in a year in early April, according to the latest Salomon Brothers report on West Coast oil sector.</p>
<p>West Coast margins have already reached $8.80 a barrel, compared to an average of $9.00 a barrel for the entire second quarter 1996 .</p>
<p>"We expect to see continued strength in California refining," said Ting, head of Salomon's energy research, in his weekly refining report.</p>
<p>Margins benefited from low regional gasoline inventories, which last week stood 2.3 million barrels below year ago levels, according to a supply report from the American Petroleum Institute.</p>
<p>"Gasoline inventory is still relatively low," Ting told Reuters, noting that the year's heaviest demand lay ahead and that refiners were still bringing production up to full tilt following months of shutdowns for maintenance.</p>
<p>Ting expects California's margins to exceed the 1996 average of $6.42 a barrel, but doubts they will move into double-digit territory.</p>
<p>Since last year, price spikes have become more likely because of California's unique type of gasoline, an ultraclean blend that few other refiners in the world can send to the state should supplies suddenly drop, Ting said.</p>
<p>"During periods of planned and unplanned maintenance you're likely to see strong run-ups in margins," he said.</p>
<p>California refining profits have also strengthened following the end of a costly price war that was designed to boost market share late last year.</p>
<p>California's gasoline production has kept narrowly ahead of demand, with consumption of 980,000 barrels-per-day (bpd) of gasoline running just under the one million bpd produced.</p>
<p>That demand could attract shipments from the only two refiners outside California that make California-grade gasoline in the world, Amerada Hess Corp's 545,000 bpd plant at St. Croix in the Virgin Islands, and Valero's 29,900 bpd plant in Corpus Christi, Texas.</p>
<p>((David Brinkerhoff, Los Angeles bureau +1 213 380 2014))</p>
</text>
<copyright>(c) Reuters Limited 1997</copyright>
<metadata>
<codes class="bip:countries:1.0">
  <code code="USA">
    <editdetail action="confirmed" attribution="Reuters BIP Coding Group" date="1997-04-10"/>
  </code>
</codes>
<codes class="bip:industries:1.0">
  <code code="I14000">
    <editdetail action="confirmed" attribution="Reuters BIP Coding Group" date="1997-04-10"/>
  </code>
</codes>
<codes class="bip:topics:1.0">
  <code code="C15">
    <editdetail action="confirmed" attribution="Reuters BIP Coding Group" date="1997-04-10"/>
  </code>
  <code code="C152">
    <editdetail action="confirmed" attribution="Reuters BIP Coding Group" date="1997-04-10"/>
  </code>
  <code code="C21">
    <editdetail action="confirmed" attribution="Reuters BIP Coding Group" date="1997-04-10"/>
  </code>
  <code code="CCAT">
    <editdetail action="confirmed" attribution="Reuters BIP Coding Group" date="1997-04-10"/>
  </code>
</codes>
<dc element="dc.date.created" value="1997-04-10"/>
<dc element="dc.publisher" value="Reuters Holdings Plc"/>
<dc element="dc.date.published" value="1997-04-10"/>
<dc element="dc.source" value="Reuters"/>
<dc element="dc.creator.location" value="LOS ANGELES"/>
<dc element="dc.creator.location.country.name" value="USA"/>
<dc element="dc.source" value="Reuters"/>
</metadata>
</newsitem>
