<?xml version="1.0" encoding="ISO-8859-1" standalone="no"?>
<newsitem date="1997-04-10" id="root" itemid="500941" xml:lang="en">
<title>EGYPT: Egypt paper firm H1 96/7 profits lower.</title>
<headline>Egypt paper firm H1 96/7 profits lower.</headline>
<dateline>CAIRO 1997-04-10</dateline>
<text>
<p>Rakta/General Paper Industry said on Thursday its net pre-tax profits for the first six months of the 1996/7 financial year plummeted to 7.43 million pounds ($2.19 million) from 40.22 million in the same period of the previous year.</p>
<p>The financial year begins on July 1.</p>
<p>The firm said in a published advertisement that net sales had fallen to 70.58 million from 119.16 million in the first half of financial 1995/6.</p>
<p>The company said in November it made net after-tax profits of 36.82 million pounds ($10.83 million) in 1995/6, against 34.43 million in the previous year. It also gave out a 1.10 pound dividend for each of its 10.868 million shares.</p>
<p>-- Cairo newsroom +20 2 578 3290/1</p>
</text>
<copyright>(c) Reuters Limited 1997</copyright>
<metadata>
<codes class="bip:countries:1.0">
  <code code="EGYPT">
    <editdetail action="confirmed" attribution="Reuters BIP Coding Group" date="1997-04-10"/>
  </code>
</codes>
<codes class="bip:industries:1.0">
  <code code="I47100">
    <editdetail action="confirmed" attribution="Reuters BIP Coding Group" date="1997-04-10"/>
  </code>
</codes>
<codes class="bip:topics:1.0">
  <code code="C15">
    <editdetail action="confirmed" attribution="Reuters BIP Coding Group" date="1997-04-10"/>
  </code>
  <code code="C151">
    <editdetail action="confirmed" attribution="Reuters BIP Coding Group" date="1997-04-10"/>
  </code>
  <code code="CCAT">
    <editdetail action="confirmed" attribution="Reuters BIP Coding Group" date="1997-04-10"/>
  </code>
</codes>
<dc element="dc.date.created" value="1997-04-10"/>
<dc element="dc.publisher" value="Reuters Holdings Plc"/>
<dc element="dc.date.published" value="1997-04-10"/>
<dc element="dc.source" value="Reuters"/>
<dc element="dc.creator.location" value="CAIRO"/>
<dc element="dc.creator.location.country.name" value="EGYPT"/>
<dc element="dc.source" value="Reuters"/>
</metadata>
</newsitem>
