<?xml version="1.0" encoding="ISO-8859-1" standalone="no"?>
<newsitem date="1997-04-10" id="root" itemid="500185" xml:lang="en">
<title>USA: Sotheby's stake raised by Bass Group.</title>
<headline>Sotheby's stake raised by Bass Group.</headline>
<dateline>WASHINGTON 1997-04-10</dateline>
<text>
<p>A group led by the Bass Family of Fort Worth, Texas, said Thursday it raised its stake in Sotheby's Holdings Inc to 4,732,900 Class A shares or 12.2 percent from 10.3 percent previously held.</p>
<p>In a filing with Securities and Exchange Commission, the group said it bought 644,000 shares between March 3 and April 9 at $14.80 to $16.56 a share.</p>
<p>The group holds the stake for investment.</p>
<p>Sotheby's, based in New York, is an auctioneer of fine art, jewelry and decorative art. It is also in the financing and real estate business.</p>
</text>
<copyright>(c) Reuters Limited 1997</copyright>
<metadata>
<codes class="bip:countries:1.0">
  <code code="USA">
    <editdetail action="confirmed" attribution="Reuters BIP Coding Group" date="1997-04-10"/>
  </code>
</codes>
<codes class="bip:industries:1.0">
  <code code="I83954">
    <editdetail action="confirmed" attribution="Reuters BIP Coding Group" date="1997-04-10"/>
  </code>
</codes>
<codes class="bip:topics:1.0">
  <code code="C18">
    <editdetail action="confirmed" attribution="Reuters BIP Coding Group" date="1997-04-10"/>
  </code>
  <code code="C181">
    <editdetail action="confirmed" attribution="Reuters BIP Coding Group" date="1997-04-10"/>
  </code>
  <code code="CCAT">
    <editdetail action="confirmed" attribution="Reuters BIP Coding Group" date="1997-04-10"/>
  </code>
</codes>
<dc element="dc.date.created" value="1997-04-10"/>
<dc element="dc.publisher" value="Reuters Holdings Plc"/>
<dc element="dc.date.published" value="1997-04-10"/>
<dc element="dc.source" value="Reuters"/>
<dc element="dc.creator.location" value="WASHINGTON"/>
<dc element="dc.creator.location.country.name" value="USA"/>
<dc element="dc.source" value="Reuters"/>
</metadata>
</newsitem>
