<?xml version="1.0" encoding="ISO-8859-1" standalone="no"?>
<newsitem date="1997-04-10" id="root" itemid="499862" xml:lang="en">
<title>USA: PRESALE - Beckham Co Ind Sch Dist 6, Okla..</title>
<headline>PRESALE - Beckham Co Ind Sch Dist 6, Okla..</headline>
<text>
<p>AMT: 3,000,000	DATE: 04/15/97	NYC Time: 1300	CUSIP: 075707</p>
<p>ISSUER: Beckham Co Independent School District 6		ST: OK</p>
<p>ISSUE: 1997 building						   TAX STAT: Exempt-ULT</p>
<p>M/SP/F: NA/NA/NA							  BOOK ENTRY: N</p>
<p>ENHANCEMENTS: None							BANK QUAL: Y</p>
<p>DTD: 06/01/97							     SURE BID: N</p>
<p>DUE: 6/1/99-05						SR MGR:</p>
<p>1ST CPN: 06/01/98</p>
<p>CALL: Non-Callable					  NIC</p>
<p>DELIVERY: 6/12/97 approx				  ORDERS:</p>
<p>PAYING AGENT: Bank of Oklahoma, Oklahoma City</p>
<p>L.O.: Attorney General of Oklahoma, Oklahoma City</p>
<p>F.A.: Stephen H. McDonald &amp; Associates, Oklahoma City</p>
<p>LAST SALE: None</p>
<p>Year		     Amount    Coupon     Yield     Price  Conc.</p>
<p>1999		    425,000</p>
<p>2000		    425,000</p>
<p>2001		    425,000</p>
<p>2002		    425,000</p>
<p>2003		    425,000</p>
<p>2004		    425,000</p>
<p>2005		    450,000</p>
<p>COMPETITIVE PRE-SALE CONTRIBUTED BY J.J. KENNY K-SHEETS:</p>
</text>
<copyright>(c) Reuters Limited 1997</copyright>
<metadata>
<codes class="bip:countries:1.0">
  <code code="USA">
    <editdetail action="confirmed" attribution="Reuters BIP Coding Group" date="1997-04-10"/>
  </code>
</codes>
<codes class="bip:topics:1.0">
  <code code="E21">
    <editdetail action="confirmed" attribution="Reuters BIP Coding Group" date="1997-04-10"/>
  </code>
  <code code="E212">
    <editdetail action="confirmed" attribution="Reuters BIP Coding Group" date="1997-04-10"/>
  </code>
  <code code="ECAT">
    <editdetail action="confirmed" attribution="Reuters BIP Coding Group" date="1997-04-10"/>
  </code>
</codes>
<dc element="dc.publisher" value="Reuters Holdings Plc"/>
<dc element="dc.date.published" value="1997-04-10"/>
<dc element="dc.source" value="Reuters"/>
<dc element="dc.creator.location.country.name" value="USA"/>
<dc element="dc.source" value="Reuters"/>
</metadata>
</newsitem>
