<?xml version="1.0" encoding="ISO-8859-1" standalone="no"?>
<newsitem date="1997-04-10" id="root" itemid="499812" xml:lang="en">
<title>USA: CME Lean Hogs Index, Pork Belly Weighted Average.</title>
<headline>CME Lean Hogs Index, Pork Belly Weighted Average.</headline>
<text>
<p>The Chicago Mercantile Exchange Lean Hog Index for the two-day period ending Wednesday, April 9 -</p>
<p>    Index			   73.14 up  0.19</p>
<p>    Live Hog equivalent -     54.12</p>
<p>--</p>
<p>The Chicago Mercantile Exchange fresh pork belly weighted average settlement price for  Thursday, April 10 -</p>
<p>    Price			   73.81 up  0.34</p>
<p>((Source: Chicago Mercantile Exchange))</p>
</text>
<copyright>(c) Reuters Limited 1997</copyright>
<metadata>
<codes class="bip:countries:1.0">
  <code code="USA">
    <editdetail action="confirmed" attribution="Reuters BIP Coding Group" date="1997-04-10"/>
  </code>
</codes>
<codes class="bip:topics:1.0">
  <code code="M14">
    <editdetail action="confirmed" attribution="Reuters BIP Coding Group" date="1997-04-10"/>
  </code>
  <code code="M141">
    <editdetail action="confirmed" attribution="Reuters BIP Coding Group" date="1997-04-10"/>
  </code>
  <code code="MCAT">
    <editdetail action="confirmed" attribution="Reuters BIP Coding Group" date="1997-04-10"/>
  </code>
</codes>
<dc element="dc.publisher" value="Reuters Holdings Plc"/>
<dc element="dc.date.published" value="1997-04-10"/>
<dc element="dc.source" value="Reuters"/>
<dc element="dc.creator.location.country.name" value="USA"/>
<dc element="dc.source" value="Reuters"/>
</metadata>
</newsitem>
