<?xml version="1.0" encoding="ISO-8859-1" standalone="no"?>
<newsitem date="1997-04-10" id="root" itemid="501775" xml:lang="en">
<title>ITALY: Sirti firms in Milan on sale talk.</title>
<headline>Sirti firms in Milan on sale talk.</headline>
<dateline>MILAN 1997-04-10</dateline>
<text>
<p>Sirti, Italian state-controlled telecom holding Stet's cable-making unit, rose sharply on a weaker Milan bourse on a press report of an imminent sale.</p>
<p>At 0815 GMT Sirti stock was 3.89 percent up at 10,780 lire after opening at 10,900 lire and touching an early 10,920 high.</p>
<p>Financial daily Il Sole 24 Ore said that Stet, to be privatised in autumn after merging with telephone operator Telecom Italia, would put its 48.93 percent stake in Sirti on the market by the summer.</p>
<p>Pirelli SpA's cable-making unit Pirelli Cavi SpA, which with 3.07 percent is part of the shareholder syndicate which holds 52 percent of Sirti, has preemptive rights on the Stet stake.</p>
<p>Stet sources said the company had no comment to make on the press report.</p>
<p>Stet was 0.17 percent off at 7,795 lire while Pirelli SpA was 0.98 percent down at 3,730 lire.</p>
<p>The all-share Mibtel index was 0.5 percent down at 12,018.</p>
<p>-- Milan newsroom +392 66129589</p>
</text>
<copyright>(c) Reuters Limited 1997</copyright>
<metadata>
<codes class="bip:countries:1.0">
  <code code="ITALY">
    <editdetail action="confirmed" attribution="Reuters BIP Coding Group" date="1997-04-10"/>
  </code>
</codes>
<codes class="bip:industries:1.0">
  <code code="I34400">
    <editdetail action="confirmed" attribution="Reuters BIP Coding Group" date="1997-04-10"/>
  </code>
  <code code="I48100">
    <editdetail action="confirmed" attribution="Reuters BIP Coding Group" date="1997-04-10"/>
  </code>
  <code code="I79020">
    <editdetail action="confirmed" attribution="Reuters BIP Coding Group" date="1997-04-10"/>
  </code>
</codes>
<codes class="bip:topics:1.0">
  <code code="C15">
    <editdetail action="confirmed" attribution="Reuters BIP Coding Group" date="1997-04-10"/>
  </code>
  <code code="C152">
    <editdetail action="confirmed" attribution="Reuters BIP Coding Group" date="1997-04-10"/>
  </code>
  <code code="C18">
    <editdetail action="confirmed" attribution="Reuters BIP Coding Group" date="1997-04-10"/>
  </code>
  <code code="C181">
    <editdetail action="confirmed" attribution="Reuters BIP Coding Group" date="1997-04-10"/>
  </code>
  <code code="CCAT">
    <editdetail action="confirmed" attribution="Reuters BIP Coding Group" date="1997-04-10"/>
  </code>
</codes>
<dc element="dc.date.created" value="1997-04-10"/>
<dc element="dc.publisher" value="Reuters Holdings Plc"/>
<dc element="dc.date.published" value="1997-04-10"/>
<dc element="dc.source" value="Reuters"/>
<dc element="dc.creator.location" value="MILAN"/>
<dc element="dc.creator.location.country.name" value="ITALY"/>
<dc element="dc.source" value="Reuters"/>
</metadata>
</newsitem>
