<?xml version="1.0" encoding="ISO-8859-1" standalone="no"?>
<newsitem date="1997-04-10" id="root" itemid="501031" xml:lang="en">
<title>USA: Aplle eyes selling newton unit to Sun-Paper.</title>
<headline>Aplle eyes selling newton unit to Sun-Paper.</headline>
<dateline>NEW YORK 1997-04-10</dateline>
<text>
<p>Apple Computer and Sun Microsystems are in talks over possibly selling Apple's Newton unit to Sun, USA Today said Thursday.</p>
<p>The newspaper said Sun could be a tough sell and no deal was imminent. Talks appeared centred on Newton and Sun's programming language, Java, it said.</p>
<p>Newton is the operating system for Apple's hand-held MessagePad computer and its eMate portable computer for children, the newspaper said.</p>
<p>The unit has yet to make money, USA Today said.</p>
<p>Neither company was immediately available to comment on the report.</p>
</text>
<copyright>(c) Reuters Limited 1997</copyright>
<metadata>
<codes class="bip:countries:1.0">
  <code code="USA">
    <editdetail action="confirmed" attribution="Reuters BIP Coding Group" date="1997-04-10"/>
  </code>
</codes>
<codes class="bip:industries:1.0">
  <code code="I33020">
    <editdetail action="confirmed" attribution="Reuters BIP Coding Group" date="1997-04-10"/>
  </code>
  <code code="I3302003">
    <editdetail action="confirmed" attribution="Reuters BIP Coding Group" date="1997-04-10"/>
  </code>
</codes>
<codes class="bip:topics:1.0">
  <code code="C18">
    <editdetail action="confirmed" attribution="Reuters BIP Coding Group" date="1997-04-10"/>
  </code>
  <code code="C181">
    <editdetail action="confirmed" attribution="Reuters BIP Coding Group" date="1997-04-10"/>
  </code>
  <code code="CCAT">
    <editdetail action="confirmed" attribution="Reuters BIP Coding Group" date="1997-04-10"/>
  </code>
</codes>
<dc element="dc.date.created" value="1997-04-10"/>
<dc element="dc.publisher" value="Reuters Holdings Plc"/>
<dc element="dc.date.published" value="1997-04-10"/>
<dc element="dc.source" value="Reuters"/>
<dc element="dc.creator.location" value="NEW YORK"/>
<dc element="dc.creator.location.country.name" value="USA"/>
<dc element="dc.source" value="Reuters"/>
</metadata>
</newsitem>
