<?xml version="1.0" encoding="ISO-8859-1" standalone="no"?>
<newsitem date="1997-04-10" id="root" itemid="501836" xml:lang="en">
<title>NETHERLANDS: FORECAST - Dutch company results April 7-11.</title>
<headline>FORECAST - Dutch company results April 7-11.</headline>
<dateline>AMSTERDAM 1997-04-10</dateline>
<text>
<p>Analysts' estimates of Dutch company results for the week of April 7-11:</p>
<p>DATE--COMPANY-----PERIOD-----PROFIT----CONSENSUS---RANGE-----PVS</p>
<p>10/4  Stad R'dam  YR 96     net ord ops  155	153/157   133</p>
<p>10/4  NBM Amstel  YR 96     net ord ops   79	 70/83     41</p>
<p>NOTES - Profit figures exclude extraordinary items and are in millions of guilders unless otherwise stated. They are stated before deduction of preference dividends where applicable.</p>
<p>* NBM Amstelland profit estimates for 1996 include a preference dividend of 27.3 million guilders which is being paid for the first time this year.</p>
<p>REUTER INSTRUMENT CODES (RICs) for other companies mentioned in the table: Stad Rotterdam.</p>
<p>FORECASTS CONTRIBUTED BY: Amstgeld, Bangert Pontier, Delta Lloyd Bank, Generale Bank, ING, Kempen &amp; Co, Van Lanschot, Rabo/IRIS, SNS Securities, Wesselius.</p>
<p>-- Amsterdam newsroom +31 20 504 5000, Fax +31 20 504 5040</p>
</text>
<copyright>(c) Reuters Limited 1997</copyright>
<metadata>
<codes class="bip:countries:1.0">
  <code code="NETH">
    <editdetail action="confirmed" attribution="Reuters BIP Coding Group" date="1997-04-10"/>
  </code>
</codes>
<codes class="bip:industries:1.0">
  <code code="I50100">
    <editdetail action="confirmed" attribution="Reuters BIP Coding Group" date="1997-04-10"/>
  </code>
  <code code="I82001">
    <editdetail action="confirmed" attribution="Reuters BIP Coding Group" date="1997-04-10"/>
  </code>
</codes>
<codes class="bip:topics:1.0">
  <code code="C15">
    <editdetail action="confirmed" attribution="Reuters BIP Coding Group" date="1997-04-10"/>
  </code>
  <code code="C152">
    <editdetail action="confirmed" attribution="Reuters BIP Coding Group" date="1997-04-10"/>
  </code>
  <code code="CCAT">
    <editdetail action="confirmed" attribution="Reuters BIP Coding Group" date="1997-04-10"/>
  </code>
</codes>
<dc element="dc.date.created" value="1997-04-10"/>
<dc element="dc.publisher" value="Reuters Holdings Plc"/>
<dc element="dc.date.published" value="1997-04-10"/>
<dc element="dc.source" value="Reuters"/>
<dc element="dc.creator.location" value="AMSTERDAM"/>
<dc element="dc.creator.location.country.name" value="NETHERLANDS"/>
<dc element="dc.source" value="Reuters"/>
</metadata>
</newsitem>
