<?xml version="1.0" encoding="ISO-8859-1" standalone="no"?>
<newsitem date="1997-04-10" id="root" itemid="500126" xml:lang="en">
<title>USA: Chrysler sees reasonable launch costs.</title>
<headline>Chrysler sees reasonable launch costs.</headline>
<dateline>DETROIT 1997-04-10</dateline>
<text>
<p>Chrysler Corp does not anticipate that new model production launches in the second half of 1997 will reduce earnings as much as the 1995 launch of its current minivans did, Chief Financial Officer Gary Valade said on Thursday.</p>
<p>Valade told reporters in a conference call that Chrysler plans to shut down its Bramalea, Ontario, car plant for three to four weeks this summer to launch production of the next-generation LH large car.  </p>
<p>It also will begin production of the new Dodge Durango sport utility vehicle in Newark, Del., in September, but that startup will not involve any lost production because the plant is currently idle.</p>
<p>"Those launches are nothing compared to the minivan launch," Valade said. "We will lose very few units on the Bramalea launch -- it's in the range of 40,000 units -- and not a lot of profit associated with it."</p>
<p>He said Chrysler is not making much profit on the LH cars, which include the Dodge Intrepid, Chrysler Concorde and Chrysler LHS, because Chrysler is offering incentives of $1,500 on each of the cars.</p>
<p>He said Chrysler's car lines are generally profitable, but declined to talk about the profitability of specific models.</p>
<p>The minivan launch in 1995 took longer than anticipated, affecting about 25 percent of Chrysler's volume.</p>
</text>
<copyright>(c) Reuters Limited 1997</copyright>
<metadata>
<codes class="bip:countries:1.0">
  <code code="CANA">
    <editdetail action="confirmed" attribution="Reuters BIP Coding Group" date="1997-04-10"/>
  </code>
  <code code="USA">
    <editdetail action="confirmed" attribution="Reuters BIP Coding Group" date="1997-04-10"/>
  </code>
</codes>
<codes class="bip:industries:1.0">
  <code code="I35101">
    <editdetail action="confirmed" attribution="Reuters BIP Coding Group" date="1997-04-10"/>
  </code>
</codes>
<codes class="bip:topics:1.0">
  <code code="C15">
    <editdetail action="confirmed" attribution="Reuters BIP Coding Group" date="1997-04-10"/>
  </code>
  <code code="C152">
    <editdetail action="confirmed" attribution="Reuters BIP Coding Group" date="1997-04-10"/>
  </code>
  <code code="CCAT">
    <editdetail action="confirmed" attribution="Reuters BIP Coding Group" date="1997-04-10"/>
  </code>
</codes>
<dc element="dc.date.created" value="1997-04-10"/>
<dc element="dc.publisher" value="Reuters Holdings Plc"/>
<dc element="dc.date.published" value="1997-04-10"/>
<dc element="dc.source" value="Reuters"/>
<dc element="dc.creator.location" value="DETROIT"/>
<dc element="dc.creator.location.country.name" value="USA"/>
<dc element="dc.source" value="Reuters"/>
</metadata>
</newsitem>
