<?xml version="1.0" encoding="ISO-8859-1" standalone="no"?>
<newsitem date="1997-04-10" id="root" itemid="501387" xml:lang="en">
<title>AUSTRALIA: Australia wheat exports hit record 2.4 MT in March.</title>
<headline>Australia wheat exports hit record 2.4 MT in March.</headline>
<dateline>SYDNEY 1997-04-10</dateline>
<text>
<p>Australian wheat exports jumped to a record 2.4 million tonnes in March, boosting the country's balance of payments by A$500 million, Australian Wheat Board (AWB) managing director John Lawrenson said on Thursday.</p>
<p>Describing the performance as "staggering", Lawrenson said March shipments were 200,000 tonnes better than the previous monthly best set in February this year.</p>
<p>Australian wheat exports would be worth just over A$4 billion for 1996/97 (October-September), he said in a statement.  </p>
<p>This was a greater value than any previous crop, even taking into account the smaller but higher-value export crop in 1995/96, which was worth A$3.75 billion, he said.</p>
<p>This year's 23.5 million tonne record crop had resulted in a series of other records, the latest being wheat exported in March, he said.</p>
<p>They included record sales into new markets, record wheat loadings and unstinting efforts in the industry, he said.</p>
<p>December shipments of 1.8 million tonnes were followed by a record 2.1 million tonnes in January, 2.2 million tonnes in February and the 2.4 million tonnes in March, he said.  </p>
<p>New markets continued to be developed and South America was expected to buy more than 200,000 tonnes of Australian wheat this year, having bought 170,000 tonnes so far, he said.</p>
<p>"We are also well on track in South Africa, where deregulation is coming up. They have a good crop but we expect to be doing business there later this year and to continue to expand into that region," he said.</p>
<p>Lawrenson said record sales to Iran and Indonesia had been made and these markets were expected to grow.</p>
<p>India had already bought 1.3 million tonnes of Australian wheat and was "talking about more", he said.  </p>
<p>Record sales had been achieved without any purchases by China, which this year had a good crop of its own but which normally would buy one to two million tonnes a year, he said.</p>
<p>Nigeria was a new market for Australian wheat, Sudan was doing regular business with the AWB and 100,000 tonnes of durum had been sold to North Africa and Europe, he said.</p>
<p>AWB had also sold and would soon ship about 500,000 tonnes of wheat to Yemen.</p>
<p>"That signals a solid return to this market where our involvement has been fractured by subsidised wheat sales from the U.S. and Europe in recent years," he said.  </p>
<p>Turkey would also buy 500,000 tonnes of Australian wheat this year. That was another new market which had responded to targeted promotional strategies, he said.</p>
<p>AWB additionally had sold 2.8 million tonnes of freight so far this year, he said.</p>
<p>AWB was 70 percent committed for the record crop just four months into the selling programme, "a fantastic achievement", he said.</p>
<p>"A lot of what is not priced is earmarked for regular buyers and we are well ahead of schedule," he said.</p>
<p>-- Sydney Newsroom 61-2 9373-1800</p>
</text>
<copyright>(c) Reuters Limited 1997</copyright>
<metadata>
<codes class="bip:countries:1.0">
  <code code="AUSTR">
    <editdetail action="confirmed" attribution="Reuters BIP Coding Group" date="1997-04-10"/>
  </code>
</codes>
<codes class="bip:industries:1.0">
  <code code="I01001">
    <editdetail action="confirmed" attribution="Reuters BIP Coding Group" date="1997-04-10"/>
  </code>
  <code code="I0100132">
    <editdetail action="confirmed" attribution="Reuters BIP Coding Group" date="1997-04-10"/>
  </code>
</codes>
<codes class="bip:topics:1.0">
  <code code="C31">
    <editdetail action="confirmed" attribution="Reuters BIP Coding Group" date="1997-04-10"/>
  </code>
  <code code="C312">
    <editdetail action="confirmed" attribution="Reuters BIP Coding Group" date="1997-04-10"/>
  </code>
  <code code="CCAT">
    <editdetail action="confirmed" attribution="Reuters BIP Coding Group" date="1997-04-10"/>
  </code>
  <code code="M14">
    <editdetail action="confirmed" attribution="Reuters BIP Coding Group" date="1997-04-10"/>
  </code>
  <code code="M141">
    <editdetail action="confirmed" attribution="Reuters BIP Coding Group" date="1997-04-10"/>
  </code>
  <code code="MCAT">
    <editdetail action="confirmed" attribution="Reuters BIP Coding Group" date="1997-04-10"/>
  </code>
</codes>
<dc element="dc.date.created" value="1997-04-10"/>
<dc element="dc.publisher" value="Reuters Holdings Plc"/>
<dc element="dc.date.published" value="1997-04-10"/>
<dc element="dc.source" value="Reuters"/>
<dc element="dc.creator.location" value="SYDNEY"/>
<dc element="dc.creator.location.country.name" value="AUSTRALIA"/>
<dc element="dc.source" value="Reuters"/>
</metadata>
</newsitem>
