<?xml version="1.0" encoding="ISO-8859-1" standalone="no"?>
<newsitem date="1997-04-10" id="root" itemid="500548" xml:lang="en">
<title>USA: Party City Q1 same-store sales rise.</title>
<headline>Party City Q1 same-store sales rise.</headline>
<text>
<p>ROCKAWAY, N.J. April 10 (Reuter)</p>
<p>							 Percent change</p>
<p>		    1997	 1996	     Total     Same-Store</p>
<p>Q1		   $12.6		$4.6     +177   +17.7</p>
<p>NOTE: Figures in millions except percentage.</p>
<p>NOTE: Figures are for company-owned stores</p>
<p>NOTE: Quarter ended March 31</p>
<p>NOTE: Full company name is Party City Corp.</p>
</text>
<copyright>(c) Reuters Limited 1997</copyright>
<metadata>
<codes class="bip:countries:1.0">
  <code code="USA">
    <editdetail action="confirmed" attribution="Reuters BIP Coding Group" date="1997-04-10"/>
  </code>
</codes>
<codes class="bip:industries:1.0">
  <code code="I64000">
    <editdetail action="confirmed" attribution="Reuters BIP Coding Group" date="1997-04-10"/>
  </code>
</codes>
<codes class="bip:topics:1.0">
  <code code="C31">
    <editdetail action="confirmed" attribution="Reuters BIP Coding Group" date="1997-04-10"/>
  </code>
  <code code="CCAT">
    <editdetail action="confirmed" attribution="Reuters BIP Coding Group" date="1997-04-10"/>
  </code>
</codes>
<dc element="dc.publisher" value="Reuters Holdings Plc"/>
<dc element="dc.date.published" value="1997-04-10"/>
<dc element="dc.source" value="Reuters"/>
<dc element="dc.creator.location.country.name" value="USA"/>
<dc element="dc.source" value="Reuters"/>
</metadata>
</newsitem>
