<?xml version="1.0" encoding="ISO-8859-1" standalone="no"?>
<newsitem date="1997-04-10" id="root" itemid="501133" xml:lang="en">
<title>NETHERLANDS: Robeco group launches string of sub-funds.</title>
<headline>Robeco group launches string of sub-funds.</headline>
<dateline>ROTTERDAM 1997-04-10</dateline>
<text>
<p>The Robeco NV Group of investment funds said on Thursday it was introducing five new sub-funds of its Interest Plus Funds, aimed at the introduction of the single European currency.</p>
<p>The five new sub-funds, to be listed on the stock exchange from April 15, have been awarded an Aaa rating by Moody's Investors Service.</p>
<p>"The new sub-funds have been set up with an eye on the introduction of the euro and the associated growth in demand for investment in hard currencies," Robeco said in a statement.</p>
<p>The new sub-funds  -- RG Money Plus Funds in dollars and Swiss francs and RG Bond Plus Funds in dollars, Swiss francs and Belgian francs -- will be managed by Robeco Groep in Rotterdam.</p>
<p>The Money Plus funds aim to generate a return in excess of that generated by six month deposits without currency risk.</p>
<p>The Bond Plus funds invest in fixed interest securities and aim to generate a higher return than that on two-year deposits.</p>
<p>The risk profile is low and the investments have an international spread.</p>
<p>Investors can subscribe to the shares free of charge during the introduction period, which runs from April 15 to May 30.</p>
<p>-- Amsterdam newsroom +31 20 504 5000, Fax +31 20 504 5040</p>
</text>
<copyright>(c) Reuters Limited 1997</copyright>
<metadata>
<codes class="bip:countries:1.0">
  <code code="NETH">
    <editdetail action="confirmed" attribution="Reuters BIP Coding Group" date="1997-04-10"/>
  </code>
</codes>
<codes class="bip:industries:1.0">
  <code code="I81502">
    <editdetail action="confirmed" attribution="Reuters BIP Coding Group" date="1997-04-10"/>
  </code>
  <code code="I8150206">
    <editdetail action="confirmed" attribution="Reuters BIP Coding Group" date="1997-04-10"/>
  </code>
</codes>
<codes class="bip:topics:1.0">
  <code code="C22">
    <editdetail action="confirmed" attribution="Reuters BIP Coding Group" date="1997-04-10"/>
  </code>
  <code code="CCAT">
    <editdetail action="confirmed" attribution="Reuters BIP Coding Group" date="1997-04-10"/>
  </code>
</codes>
<dc element="dc.date.created" value="1997-04-10"/>
<dc element="dc.publisher" value="Reuters Holdings Plc"/>
<dc element="dc.date.published" value="1997-04-10"/>
<dc element="dc.source" value="Reuters"/>
<dc element="dc.creator.location" value="ROTTERDAM"/>
<dc element="dc.creator.location.country.name" value="NETHERLANDS"/>
<dc element="dc.source" value="Reuters"/>
</metadata>
</newsitem>
