<?xml version="1.0" encoding="ISO-8859-1" standalone="no"?>
<newsitem date="1997-04-10" id="root" itemid="500258" xml:lang="en">
<title>LUXEMBOURG: Commission organised consumer-EMU conference.</title>
<headline>Commission organised consumer-EMU conference.</headline>
<dateline>LUXEMBOURG 1997-04-10</dateline>
<text>
<p>The European Commission will hold a round table on May 15 on the consumer policy aspects of economic and monetary union, Consumer Affairs Commissioner Emma Bonino said on Thursday.</p>
<p>She told a news conference after a meeting of the Consumer Council it would cover issues like continuity of contracts under the third stage of EMU.</p>
</text>
<copyright>(c) Reuters Limited 1997</copyright>
<metadata>
<codes class="bip:countries:1.0">
  <code code="EEC">
    <editdetail action="confirmed" attribution="Reuters BIP Coding Group" date="1997-04-10"/>
  </code>
</codes>
<codes class="bip:topics:1.0">
  <code code="G15">
    <editdetail action="confirmed" attribution="Reuters BIP Coding Group" date="1997-04-10"/>
  </code>
  <code code="G151">
    <editdetail action="confirmed" attribution="Reuters BIP Coding Group" date="1997-04-10"/>
  </code>
  <code code="G155">
    <editdetail action="confirmed" attribution="Reuters BIP Coding Group" date="1997-04-10"/>
  </code>
  <code code="GCAT">
    <editdetail action="confirmed" attribution="Reuters BIP Coding Group" date="1997-04-10"/>
  </code>
</codes>
<dc element="dc.date.created" value="1997-04-10"/>
<dc element="dc.publisher" value="Reuters Holdings Plc"/>
<dc element="dc.date.published" value="1997-04-10"/>
<dc element="dc.source" value="Reuters"/>
<dc element="dc.creator.location" value="LUXEMBOURG"/>
<dc element="dc.creator.location.country.name" value="LUXEMBOURG"/>
<dc element="dc.source" value="Reuters"/>
</metadata>
</newsitem>
