<?xml version="1.0" encoding="ISO-8859-1" standalone="no"?>
<newsitem date="1997-04-10" id="root" itemid="501673" xml:lang="en">
<title>INDONESIA: East Timor guerrillas kill six in ambush - report.</title>
<headline>East Timor guerrillas kill six in ambush - report.</headline>
<dateline>JAKARTA 1997-04-10</dateline>
<text>
<p>East Timorese guerrillas killed a senior local government official, an aide and four security guards in an ambush in the Indonesian-ruled territory, the Jakarta Post newspaper reported on Thursday.</p>
<p>The daily quoted Indonesian military officials as saying that at least five people were wounded in the attack and in another ambush on Monday at a village near Viqueque town, some 120 km (75 miles) south of Dili, the capital of East Timor.</p>
<p>It identified one of the victims as Eugenio da Costa, the head of the Viqueque regency's administrative affairs department. It said the others killed included another government official and four of da Costa's bodyguards.</p>
<p>Authorities in East Timor were not immediately available for comment.</p>
<p>Military officials were quoted as saying the attackers were part of a small band of guerrillas fighting for the independence of East Timor.</p>
<p>Indonesia invaded East Timor in 1975 and annexed it the following year in an act not recognised by the United Nations, which still considers former colonial ruler Portugal as the administering power.</p>
<p>The officials said the attackers fired at a pickup da Costa was driving. The vehicle spun out of control into a ditch and at least one of the victims died of stab wounds, indicating the rebels then attacked the survivors, the officers said.</p>
<p>Later, the guerrillas ambushed another vehicle in the same area, wounding three employees of a company working on a development project in the region, the newspaper said.</p>
<p>Military officials have in the past said the number of armed rebels in the territory is dwindling and that they do not number more than 200 poorly equipped fighters.</p>
<p>Reported attacks by the rebels are rare.</p>
</text>
<copyright>(c) Reuters Limited 1997</copyright>
<metadata>
<codes class="bip:countries:1.0">
  <code code="INDON">
    <editdetail action="confirmed" attribution="Reuters BIP Coding Group" date="1997-04-10"/>
  </code>
  <code code="TIMOR">
    <editdetail action="confirmed" attribution="Reuters BIP Coding Group" date="1997-04-10"/>
  </code>
</codes>
<codes class="bip:topics:1.0">
  <code code="GCAT">
    <editdetail action="confirmed" attribution="Reuters BIP Coding Group" date="1997-04-10"/>
  </code>
  <code code="GVIO">
    <editdetail action="confirmed" attribution="Reuters BIP Coding Group" date="1997-04-10"/>
  </code>
</codes>
<dc element="dc.date.created" value="1997-04-10"/>
<dc element="dc.publisher" value="Reuters Holdings Plc"/>
<dc element="dc.date.published" value="1997-04-10"/>
<dc element="dc.source" value="Reuters"/>
<dc element="dc.creator.location" value="JAKARTA"/>
<dc element="dc.creator.location.country.name" value="INDONESIA"/>
<dc element="dc.source" value="Reuters"/>
</metadata>
</newsitem>
