<?xml version="1.0" encoding="ISO-8859-1" standalone="no"?>
<newsitem date="1997-04-10" id="root" itemid="501448" xml:lang="en">
<title>INDONESIA: Indonesia launches search after East Timor ambush.</title>
<headline>Indonesia launches search after East Timor ambush.</headline>
<dateline>JAKARTA 1997-04-10</dateline>
<text>
<p>Indonesian soldiers have launched a search for East Timorese guerrillas who killed a senior government official, an aide and four security guards in an ambush in the territory, a military official said on Thursday.</p>
<p>"We have launched a search to capture them. Four platoons of troops have been deployed in Viqueque to find the rebels," the official told Reuters by telephone from Dili, the capital of troubled East Timor.</p>
<p>The official, who declined to be identified, said at least five people were wounded in the attack and in another ambush on Monday at a village near Viqueque town, some 120 km (75 miles) south of Dili.</p>
<p>"We believe there are 15 of them who conducted the attack and their rifles include M-16s. The rebels stole the rifles from military posts," he said.</p>
<p>The official declined to give further details but said Viqueque was calm on Thursday and there were no fresh attacks overnight.</p>
<p>The military has said one of the victims was Eugenio da Costa, the head of the Viqueque regency's administrative affairs department. It said the others killed included another government official and four of da Costa's bodyguards.</p>
<p>The military said the attackers fired at a pickup truck da Costa was driving. The vehicle spun out of control into a ditch and at least one of the victims died of stab wounds, indicating the rebels then attacked the survivors, it said.</p>
<p>Three occupants of the pickup escaped but were wounded, the military said.</p>
<p>Later, the guerrillas ambushed another vehicle in the same area, wounding three employees of a company working on a development project in the region.</p>
<p>Military officials have in the past said the number of armed rebels in East Timor is dwindling and that they do not number more than 200 poorly equipped fighters.</p>
<p>Reported attacks by the rebels are rare. The Viqueque ambush comes more than one year after the killing of two people in Ermera regency, 65 km (40 miles) south of Dili. That attack, in January 1996, was blamed on the guerrillas.</p>
<p>Indonesia invaded East Timor in 1975 and annexed it the following year in an act not recognised by the United Nations, which still considers former colonial ruler Portugal as the administering power.</p>
</text>
<copyright>(c) Reuters Limited 1997</copyright>
<metadata>
<codes class="bip:countries:1.0">
  <code code="INDON">
    <editdetail action="confirmed" attribution="Reuters BIP Coding Group" date="1997-04-10"/>
  </code>
  <code code="TIMOR">
    <editdetail action="confirmed" attribution="Reuters BIP Coding Group" date="1997-04-10"/>
  </code>
</codes>
<codes class="bip:topics:1.0">
  <code code="GCAT">
    <editdetail action="confirmed" attribution="Reuters BIP Coding Group" date="1997-04-10"/>
  </code>
  <code code="GVIO">
    <editdetail action="confirmed" attribution="Reuters BIP Coding Group" date="1997-04-10"/>
  </code>
</codes>
<dc element="dc.date.created" value="1997-04-10"/>
<dc element="dc.publisher" value="Reuters Holdings Plc"/>
<dc element="dc.date.published" value="1997-04-10"/>
<dc element="dc.source" value="Reuters"/>
<dc element="dc.creator.location" value="JAKARTA"/>
<dc element="dc.creator.location.country.name" value="INDONESIA"/>
<dc element="dc.source" value="Reuters"/>
</metadata>
</newsitem>
