<?xml version="1.0" encoding="ISO-8859-1" standalone="no"?>
<newsitem date="1997-04-10" id="root" itemid="500401" xml:lang="en">
<title>INDIA: India Ranbaxy 96/97 net up 11 pct, sales to grow.</title>
<headline>India Ranbaxy 96/97 net up 11 pct, sales to grow.</headline>
<byline>Sonali Verma</byline>
<dateline>NEW DELHI 1997-04-10</dateline>
<text>
<p>Indian pharmaceuticals firm Ranbaxy Laboratories Ltd on Friday announced an 11 percent increase in 196/97 (April-March) net profit, a dramatic drop from a 20.6 percent jump in first-half earnings.</p>
<p>The sharp slowdown was due to a decrease in income from the firm's activities in money markets, which the company had ploughed into its core pharmaceuticals business, chairman Parvinder Singh said.</p>
<p>"But our operating income has continued to rise, and our operating margins are significantly higher than the 22 percent increase in sales," Singh told a news conference to announce Ranbaxy's annual results without elaborating.</p>
<p>Ranbaxy said its net profit grew to 1.50 billion rupees in 1996/97 compared with 1.35 billion rupees in the previous year.</p>
<p>It said earnings per share on an increased equity base of 494 million rupees was 30.27 rupees against 30.42 rupees in the last year. Equity share capital in 1995/96 was 444 million rupees.</p>
<p>The firm's shares closed 3.25 rupees down at 644 rupees on the Bombay Stock Exchange.</p>
<p>Analysts said the results were positive.</p>
<p>"We expected a net profit of 1.54 billion rupees, helped by a sharp rise in the company's other income. But, it (other income) is lower, thus improving the quality of earnings," said Alroy Lobo, pharmaceuticals analyst at Kotak Securities.</p>
<p>Company president Davinder Singh Brar said he expected sales to grow by at least 20 percent in 1997/98 after reaching 10.66 billion rupees in 1996/97 from 8.77 billion the previous year.</p>
<p>The firm's chairman said earnings growth had been throttled by government controls on drug pricing, which cover 76 drugs and half of Ranbaxy's sales.</p>
<p>"Our earning ability is restricted by the government," Singh said. "The government's focus in on prices, while we maintain the first criteria must be availability and quality."</p>
<p>Brar said the firm, which earns more than half its revenue from exports, was focusing on selling dosage formulations rather than bulk drugs, where sales margins were low.</p>
<p>"Bulk drug sales in the domestic market after this year will be very, very negligible. Eventually, we would like all our business to be in dosages formulations, but we don't see that situation within the next five years," Brar said.</p>
<p>In 1996/97, the firm consolidated its presence in Russia, China, South Africa, Britain and the United States, Singh said.</p>
<p>Ranbaxy, which sells its products in 45 countries, controls a five percent share of the Indian pharmaceuticals market -- the largest after a seven percent share held by a subsidiary of Glaxo Wellcome Plc.</p>
<p>-- New Delhi newsroom +91-11-301 2024</p>
</text>
<copyright>(c) Reuters Limited 1997</copyright>
<metadata>
<codes class="bip:countries:1.0">
  <code code="INDIA">
    <editdetail action="confirmed" attribution="Reuters BIP Coding Group" date="1997-04-10"/>
  </code>
</codes>
<codes class="bip:industries:1.0">
  <code code="I25700">
    <editdetail action="confirmed" attribution="Reuters BIP Coding Group" date="1997-04-10"/>
  </code>
</codes>
<codes class="bip:topics:1.0">
  <code code="C15">
    <editdetail action="confirmed" attribution="Reuters BIP Coding Group" date="1997-04-10"/>
  </code>
  <code code="C151">
    <editdetail action="confirmed" attribution="Reuters BIP Coding Group" date="1997-04-10"/>
  </code>
  <code code="C1511">
    <editdetail action="confirmed" attribution="Reuters BIP Coding Group" date="1997-04-10"/>
  </code>
  <code code="CCAT">
    <editdetail action="confirmed" attribution="Reuters BIP Coding Group" date="1997-04-10"/>
  </code>
</codes>
<dc element="dc.date.created" value="1997-04-10"/>
<dc element="dc.publisher" value="Reuters Holdings Plc"/>
<dc element="dc.date.published" value="1997-04-10"/>
<dc element="dc.source" value="Reuters"/>
<dc element="dc.creator.location" value="NEW DELHI"/>
<dc element="dc.creator.location.country.name" value="INDIA"/>
<dc element="dc.source" value="Reuters"/>
</metadata>
</newsitem>
