<?xml version="1.0" encoding="ISO-8859-1" standalone="no"?>
<newsitem date="1997-04-10" id="root" itemid="500301" xml:lang="en">
<title>DENMARK: Danish shares close up on Moeller, falls ahead.</title>
<headline>Danish shares close up on Moeller, falls ahead.</headline>
<dateline>COPENHAGEN 1997-04-10</dateline>
<text>
<p>Danish share prices closed slightly higher on Thursday, buoyed by shipping and oil group A.P. Moeller rises on its 1996 result, but dealers expected falls ahead up to the weekend.</p>
<p>"It was a dull day. Had it not been for Moeller stock rises, we would have closed lower. Falls are inevitable tomorrow, though Moeller should continue up," one dealer said.</p>
<p>The KFX top-20 index closed 0.14 point up at 154.18 in overall bourse turnover of 916 million crowns. The KFX June future fell 0.90 point to 152.80 with 70 contracts each worth 100,000 crowns traded.  </p>
<p>Moeller's D/S 1912 and D/S Svendborg shares rose 6,400 and 13,500 crowns respectively to finish at 190,400 and 277,500 crowns.</p>
<p>Sophus Berendsen closed two crowns down at 825 after delivering as expected a disappointing 1996 result.</p>
<p>--Chris Follett, Copenhagen newsroom, 45-33-969652</p>
</text>
<copyright>(c) Reuters Limited 1997</copyright>
<metadata>
<codes class="bip:countries:1.0">
  <code code="DEN">
    <editdetail action="confirmed" attribution="Reuters BIP Coding Group" date="1997-04-10"/>
  </code>
</codes>
<codes class="bip:topics:1.0">
  <code code="M11">
    <editdetail action="confirmed" attribution="Reuters BIP Coding Group" date="1997-04-10"/>
  </code>
  <code code="MCAT">
    <editdetail action="confirmed" attribution="Reuters BIP Coding Group" date="1997-04-10"/>
  </code>
</codes>
<dc element="dc.date.created" value="1997-04-10"/>
<dc element="dc.publisher" value="Reuters Holdings Plc"/>
<dc element="dc.date.published" value="1997-04-10"/>
<dc element="dc.source" value="Reuters"/>
<dc element="dc.creator.location" value="COPENHAGEN"/>
<dc element="dc.creator.location.country.name" value="DENMARK"/>
<dc element="dc.source" value="Reuters"/>
</metadata>
</newsitem>
