<?xml version="1.0" encoding="ISO-8859-1" standalone="no"?>
<newsitem date="1997-04-10" id="root" itemid="499946" xml:lang="en">
<title>USA: North American bunkers up, Houston barge mishap.</title>
<headline>North American bunkers up, Houston barge mishap.</headline>
<dateline>NEW YORK 1997-04-10</dateline>
<text>
<p>North American bunker prices were mostly higher late this week amid an increase in demand and tight supplies, players said on Thursday.</p>
<p>In the East Coast, demand increased in New York Harbor, pushing up prices by about $5 to between $98 and $99 a tonne. 180 CST was pegged $4 higher from Tuesday at $103/104 a tonne.</p>
<p>Values in the Gulf Coast also rose about $5 partially due to suppliers trying to increase their prices, although buyers did not follow. Shipping was also restricted Thursday on the Houston Ship Channel because of a capsized barge, which could have impacted prices, players said.</p>
</text>
<copyright>(c) Reuters Limited 1997</copyright>
<metadata>
<codes class="bip:countries:1.0">
  <code code="USA">
    <editdetail action="confirmed" attribution="Reuters BIP Coding Group" date="1997-04-10"/>
  </code>
</codes>
<codes class="bip:topics:1.0">
  <code code="M14">
    <editdetail action="confirmed" attribution="Reuters BIP Coding Group" date="1997-04-10"/>
  </code>
  <code code="M143">
    <editdetail action="confirmed" attribution="Reuters BIP Coding Group" date="1997-04-10"/>
  </code>
  <code code="MCAT">
    <editdetail action="confirmed" attribution="Reuters BIP Coding Group" date="1997-04-10"/>
  </code>
</codes>
<dc element="dc.date.created" value="1997-04-10"/>
<dc element="dc.publisher" value="Reuters Holdings Plc"/>
<dc element="dc.date.published" value="1997-04-10"/>
<dc element="dc.source" value="Reuters"/>
<dc element="dc.creator.location" value="NEW YORK"/>
<dc element="dc.creator.location.country.name" value="USA"/>
<dc element="dc.source" value="Reuters"/>
</metadata>
</newsitem>
