<?xml version="1.0" encoding="ISO-8859-1" standalone="no"?>
<newsitem date="1997-04-10" id="root" itemid="501634" xml:lang="en">
<title>HONG KONG: PRESS DIGEST - Hong Kong Newspaper Editorials - Apr 10.</title>
<headline>PRESS DIGEST - Hong Kong Newspaper Editorials - Apr 10.</headline>
<dateline>HONG KONG 1997-04-10</dateline>
<text>
<p>There are 82 days to go before the British colony reverts to China. These are highlights of comments in the Hong Kong press. The views expressed are those of the newspapers quoted and do not represent an editorial viewpoint of Reuters.</p>
<p>-- The ECONOMIC JOURNAL said that banning foreign donations to local political parties, as suggested by Chief Executive-designate Tung Chee-hwa's office, should include those from China and Taiwan. China could remain unchanged by criticism from foreign countries, but it would be a deadly blow if Hong Kong lost its good reputation internationally. The paper urged the post-handover government to be careful passing laws which restrict the right to hold demonstrations and other rights.</p>
<p>-- The Beijing-backed WEN WEI PO said the proposed plan by Tung's office to restrict demonstrations and ban overseas donations to local political parties was a good balance between public interest and individual rights. The paper said that after consulting Hong Kong people, the proposal should be able to be passed smoothly by the provisional legislative council before the handover.</p>
<p>-- The English-language SOUTH CHINA MORNING POST said that Hnng Kong had been remarkably peaceful and law abiding, and a wide degree of tolerance went hand-in-hand with general respect for the boundaries of civil liberties. The paper said that it was time for serious debate during the consultation period for the proposal to change two human rights ordinances. The fact that the changes were felt to be so important by the future authorities could only be seen as a sign of a more restrictive approach which placed insufficient faith in the civic sense of the people of the territory.</p>
<p>-- Hong Kong Newsroom (852) 2843 6441</p>
</text>
<copyright>(c) Reuters Limited 1997</copyright>
<metadata>
<codes class="bip:countries:1.0">
  <code code="HKONG">
    <editdetail action="confirmed" attribution="Reuters BIP Coding Group" date="1997-04-10"/>
  </code>
</codes>
<codes class="bip:topics:1.0">
  <code code="GCAT">
    <editdetail action="confirmed" attribution="Reuters BIP Coding Group" date="1997-04-10"/>
  </code>
</codes>
<dc element="dc.date.created" value="1997-04-10"/>
<dc element="dc.publisher" value="Reuters Holdings Plc"/>
<dc element="dc.date.published" value="1997-04-10"/>
<dc element="dc.source" value="Reuters"/>
<dc element="dc.creator.location" value="HONG KONG"/>
<dc element="dc.creator.location.country.name" value="HONG KONG"/>
<dc element="dc.source" value="Reuters"/>
</metadata>
</newsitem>
