<?xml version="1.0" encoding="ISO-8859-1" standalone="no"?>
<newsitem date="1997-04-10" id="root" itemid="501718" xml:lang="en">
<title>MOROCCO: PRESS DIGEST - Morocco - April 10.</title>
<headline>PRESS DIGEST - Morocco - April 10.</headline>
<dateline>RABAT 1997-04-10</dateline>
<text>
<p>These are the leading stories in the Moroccan press on Thursday. Reuters has not verified these stories and does not vouch for their accuracy.</p>
<p>LE MATIN DU SAHARA</p>
<p>- Cabinet discusses recent meeting of the Libyan-Moroccan commission and its decision to increase trade and investment exchanges.</p>
<p>- Former French Prime Minister Pierre Mauroy hails consolidation of Morocco's democratic institutions.</p>
<p>L'OPINION</p>
<p>- The European Union and Morocco differ on judicial, technical and administrative aspects of the framework accord to upgrade the North African country's firms.</p>
<p>- Fuel station workers and suply companies set up two commissions in charge of solving differences.</p>
<p>ALMAGHRIB</p>
<p>- Prime Minister Abdellatif Filali and German Economics Minister Guenter Rexrodt stress willingness to expand cooperation notably through joint ventures.</p>
<p>LE QUOTIDIEN</p>
<p>- State-owned airline Royal Air Maroc and Air France to improve quality and reduce costs.</p>
<p>LIBERATION</p>
<p>- Association of Fruit and Vegetable Producers alarmed by drought in the southern region of Morocco.</p>
<p>L'ECONOMISTE</p>
<p>- Casablanca urban commune expected to give the go-ahead to France's Lyonnaise des Eaux takeover of water and electricity distribution.</p>
</text>
<copyright>(c) Reuters Limited 1997</copyright>
<metadata>
<codes class="bip:countries:1.0">
  <code code="MOROC">
    <editdetail action="confirmed" attribution="Reuters BIP Coding Group" date="1997-04-10"/>
  </code>
</codes>
<codes class="bip:topics:1.0">
  <code code="GCAT">
    <editdetail action="confirmed" attribution="Reuters BIP Coding Group" date="1997-04-10"/>
  </code>
</codes>
<dc element="dc.date.created" value="1997-04-10"/>
<dc element="dc.publisher" value="Reuters Holdings Plc"/>
<dc element="dc.date.published" value="1997-04-10"/>
<dc element="dc.source" value="Reuters"/>
<dc element="dc.creator.location" value="RABAT"/>
<dc element="dc.creator.location.country.name" value="MOROCCO"/>
<dc element="dc.source" value="Reuters"/>
</metadata>
</newsitem>
