<?xml version="1.0" encoding="ISO-8859-1" standalone="no"?>
<newsitem date="1997-04-10" id="root" itemid="501822" xml:lang="en">
<title>SWEDEN: Air China jumbo makes emergency landing.</title>
<headline>Air China jumbo makes emergency landing.</headline>
<dateline>STOCKHOLM 1997-04-10</dateline>
<text>
<p>An Air China Boeing 747 flying between Shanghai and Paris was forced to make an emergency landing in Sweden due to engine problems, a spokesman for Stockholm's international airport Arlanda said on Thursday.</p>
<p>The jet, carrying 181 people, requested permission to land at Arlanda late on Wednesday after a large sheet of metal was seen flapping from one of the wings and the aircraft started to experience problems with one engine.</p>
<p>"This sheet of metal covers a section under the wing and eye witnesses say it had come loose," spokesman Andris Zvejnieks said.</p>
<p>"The airline reported problems with one engine and it landed at Arlanda. There was never any danger to the passengers."</p>
<p>He said the aircraft would remain in Sweden for repairs but the passengers had been put onto other flights bound for Paris.</p>
<p>Zvejnieks said Air China will prepare a report on the incident for the Swedish authorities.</p>
</text>
<copyright>(c) Reuters Limited 1997</copyright>
<metadata>
<codes class="bip:countries:1.0">
  <code code="CHINA">
    <editdetail action="confirmed" attribution="Reuters BIP Coding Group" date="1997-04-10"/>
  </code>
  <code code="FRA">
    <editdetail action="confirmed" attribution="Reuters BIP Coding Group" date="1997-04-10"/>
  </code>
  <code code="SWED">
    <editdetail action="confirmed" attribution="Reuters BIP Coding Group" date="1997-04-10"/>
  </code>
</codes>
<codes class="bip:industries:1.0">
  <code code="I75000">
    <editdetail action="confirmed" attribution="Reuters BIP Coding Group" date="1997-04-10"/>
  </code>
</codes>
<codes class="bip:topics:1.0">
  <code code="C24">
    <editdetail action="confirmed" attribution="Reuters BIP Coding Group" date="1997-04-10"/>
  </code>
  <code code="CCAT">
    <editdetail action="confirmed" attribution="Reuters BIP Coding Group" date="1997-04-10"/>
  </code>
  <code code="GCAT">
    <editdetail action="confirmed" attribution="Reuters BIP Coding Group" date="1997-04-10"/>
  </code>
  <code code="GDIS">
    <editdetail action="confirmed" attribution="Reuters BIP Coding Group" date="1997-04-10"/>
  </code>
</codes>
<dc element="dc.date.created" value="1997-04-10"/>
<dc element="dc.publisher" value="Reuters Holdings Plc"/>
<dc element="dc.date.published" value="1997-04-10"/>
<dc element="dc.source" value="Reuters"/>
<dc element="dc.creator.location" value="STOCKHOLM"/>
<dc element="dc.creator.location.country.name" value="SWEDEN"/>
<dc element="dc.source" value="Reuters"/>
</metadata>
</newsitem>
