<?xml version="1.0" encoding="ISO-8859-1" standalone="no"?>
<newsitem date="1997-04-10" id="root" itemid="500220" xml:lang="en">
<title>SWITZERLAND: Two hurt when plane crashes into house near Zurich.</title>
<headline>Two hurt when plane crashes into house near Zurich.</headline>
<dateline>ZURICH 1997-04-10</dateline>
<text>
<p>At least two people were hurt when a light aircraft crashed into an apartment block near Zurich Airport in the suburb of Kloten on Thursday night, Swiss police said.</p>
<p>"A twin-engine Cessna crashed into the upper floor of an apartment building in Kloten," a police spokesman told Reuters.</p>
<p>Two people in the plane, which an airport spokesman said was coming from the the Swiss city of Basle, were hurt in the crash shortly after 9 p.m. (1900 GMT).</p>
<p>"As far as we know there were no victims among the residents," the police spokesman said.</p>
<p>Firefighters were on the scene to put out a fire that broke out in the building, which houses several families.</p>
<p>The cause of the crash is being investigated.</p>
</text>
<copyright>(c) Reuters Limited 1997</copyright>
<metadata>
<codes class="bip:countries:1.0">
  <code code="SWITZ">
    <editdetail action="confirmed" attribution="Reuters BIP Coding Group" date="1997-04-10"/>
  </code>
</codes>
<codes class="bip:topics:1.0">
  <code code="GCAT">
    <editdetail action="confirmed" attribution="Reuters BIP Coding Group" date="1997-04-10"/>
  </code>
  <code code="GDIS">
    <editdetail action="confirmed" attribution="Reuters BIP Coding Group" date="1997-04-10"/>
  </code>
</codes>
<dc element="dc.date.created" value="1997-04-10"/>
<dc element="dc.publisher" value="Reuters Holdings Plc"/>
<dc element="dc.date.published" value="1997-04-10"/>
<dc element="dc.source" value="Reuters"/>
<dc element="dc.creator.location" value="ZURICH"/>
<dc element="dc.creator.location.country.name" value="SWITZERLAND"/>
<dc element="dc.source" value="Reuters"/>
</metadata>
</newsitem>
