<?xml version="1.0" encoding="ISO-8859-1" standalone="no"?>
<newsitem date="1997-04-10" id="root" itemid="500084" xml:lang="en">
<title>USA: Congress moves to stop reverse mortgage scams.</title>
<headline>Congress moves to stop reverse mortgage scams.</headline>
<dateline>WASHINGTON 1997-04-10</dateline>
<text>
<p>U.S. lawmakers introduced legislation on Thursday to stop reverse mortgage scams that have bilked elderly homeowners of millions of dollars.</p>
<p>Telemarketers have preyed on the elderly by charging fees to provide information available for free from the federal government on reverse mortgages -- loans to homeowners that are not repaid until the owner dies or moves out of the house.</p>
<p>"Excessive reverse mortgage servicing fees are gouging low-income seniors," said Senate Banking Committee Chairman Alfonse D'Amato, who is sponsoring one of the bills. "That is just plain wrong."  </p>
<p>The bills will "help rid these unconscionable practices and maintain a valuable instrument of security for our nation's senior homeowners," said Rep Rick Lazio, Republican of New York and House sponsor of the legislation.</p>
<p>Housing Secretary Andrew Cuomo, who had moved to curtail the scams at the Department of Housing and Urban Development (HUD), welcomed the legislation.</p>
<p>Cuomo's effort to crack down on the scams -- limiting HUD reverse mortgage insurance on loans arranged by so-called estate-planning services -- was blocked last month by a temporary restraining order from a federal judge in Washington.  </p>
<p>"We must act as quickly as possible, to prevent any more senior citizens from being victimized," Cuomo said.</p>
<p>In a typical transaction, a telemarketer might charge a homeowner a fee of eight to 10 percent of the amount of the reverse mortgage loan, or $5,000 to $10,000, the lawmakers said.</p>
<p>The legislation would make permanent the HUD policy barring lender dealings with companies charging "exorbitant fees," the lawmakers said.</p>
<p>--Aaron Pressman((202-898-8312))</p>
</text>
<copyright>(c) Reuters Limited 1997</copyright>
<metadata>
<codes class="bip:countries:1.0">
  <code code="USA">
    <editdetail action="confirmed" attribution="Reuters BIP Coding Group" date="1997-04-10"/>
  </code>
</codes>
<codes class="bip:industries:1.0">
  <code code="I81501">
    <editdetail action="confirmed" attribution="Reuters BIP Coding Group" date="1997-04-10"/>
  </code>
  <code code="I8150103">
    <editdetail action="confirmed" attribution="Reuters BIP Coding Group" date="1997-04-10"/>
  </code>
</codes>
<codes class="bip:topics:1.0">
  <code code="C12">
    <editdetail action="confirmed" attribution="Reuters BIP Coding Group" date="1997-04-10"/>
  </code>
  <code code="C13">
    <editdetail action="confirmed" attribution="Reuters BIP Coding Group" date="1997-04-10"/>
  </code>
  <code code="CCAT">
    <editdetail action="confirmed" attribution="Reuters BIP Coding Group" date="1997-04-10"/>
  </code>
  <code code="GCAT">
    <editdetail action="confirmed" attribution="Reuters BIP Coding Group" date="1997-04-10"/>
  </code>
  <code code="GCRIM">
    <editdetail action="confirmed" attribution="Reuters BIP Coding Group" date="1997-04-10"/>
  </code>
  <code code="GPOL">
    <editdetail action="confirmed" attribution="Reuters BIP Coding Group" date="1997-04-10"/>
  </code>
</codes>
<dc element="dc.date.created" value="1997-04-10"/>
<dc element="dc.publisher" value="Reuters Holdings Plc"/>
<dc element="dc.date.published" value="1997-04-10"/>
<dc element="dc.source" value="Reuters"/>
<dc element="dc.creator.location" value="WASHINGTON"/>
<dc element="dc.creator.location.country.name" value="USA"/>
<dc element="dc.source" value="Reuters"/>
</metadata>
</newsitem>
