<?xml version="1.0" encoding="ISO-8859-1" standalone="no"?>
<newsitem date="1997-04-10" id="root" itemid="499839" xml:lang="en">
<title>USA: BALANCE -- Virginia Public School at $23.6 mln.</title>
<headline>BALANCE -- Virginia Public School at $23.6 mln.</headline>
<text>
<p>VIRGINIA PUBLIC SCHOOL AUTHORITY</p>
<p>RE: $92,175,000</p>
<p>SCHOOL FINANCING BONDS (1991 RESOLUTION)</p>
<p>SERIES 1997A</p>
<p>MOODY'S: Aa2		   S&amp;P: AA		    FITCH: AA</p>
<p>Delivery Date: 05/01/1997 Expected</p>
<p>Maturity	   Balance     Coupon    List</p>
<p>08/01/2001	   2,500M    5.00	  4.70</p>
<p>08/01/2003	   3,180M    5.00	  4.90</p>
<p>08/01/2004	   4,180M    6.00	  5.00</p>
<p>08/01/2008	   1,430M    5.25	  5.30</p>
<p>08/01/2009	   3,510M    5.30	  5.40</p>
<p>08/01/2010	   4,415M    5.375	 5.45</p>
<p>08/01/2011	   4,475M    5.375	 5.50</p>
<p>  Total:	    23,690M</p>
<p>Morgan Stanley &amp; Co. Incorporated</p>
<p>Bear, Stearns &amp; Co. Inc.</p>
<p>PaineWebber Incorporated</p>
<p>Scott &amp; Stringfellow, Inc.</p>
<p>--U.S. Municipal Desk, 212-859-1650</p>
</text>
<copyright>(c) Reuters Limited 1997</copyright>
<metadata>
<codes class="bip:countries:1.0">
  <code code="USA">
    <editdetail action="confirmed" attribution="Reuters BIP Coding Group" date="1997-04-10"/>
  </code>
</codes>
<codes class="bip:topics:1.0">
  <code code="E21">
    <editdetail action="confirmed" attribution="Reuters BIP Coding Group" date="1997-04-10"/>
  </code>
  <code code="E212">
    <editdetail action="confirmed" attribution="Reuters BIP Coding Group" date="1997-04-10"/>
  </code>
  <code code="ECAT">
    <editdetail action="confirmed" attribution="Reuters BIP Coding Group" date="1997-04-10"/>
  </code>
</codes>
<dc element="dc.publisher" value="Reuters Holdings Plc"/>
<dc element="dc.date.published" value="1997-04-10"/>
<dc element="dc.source" value="Reuters"/>
<dc element="dc.creator.location.country.name" value="USA"/>
<dc element="dc.source" value="Reuters"/>
</metadata>
</newsitem>
