<?xml version="1.0" encoding="ISO-8859-1" standalone="no"?>
<newsitem date="1997-04-10" id="root" itemid="500948" xml:lang="en">
<title>ISRAEL: Home Centers seeks 25 pct profit growth.</title>
<headline>Home Centers seeks 25 pct profit growth.</headline>
<byline>Tova Cohen</byline>
<dateline>TEL AVIV 1997-04-10</dateline>
<text>
<p>Home Centers (DIY) Ltd, Israel's leading home improvement chain, plans to achieve 25 percent annual growth in net profit through the year 2000, president and chief executive Aharon Meidan said on Thursday.</p>
<p>"My plan is to have each year growth of 25 percent in net profit and earnings per share to the year 2000," Meidan told Reuters in an interview. "This is high-tech growth in a low-tech industry."</p>
<p>Last year the retailer, which went public on Nasdaq in December 1995, earned $2.1 million or $0.43 a share. In 1995, the company did not pay income tax but its earnings would have totalled $0.39 a share on a fully taxed basis.</p>
<p>Revenues in 1996 rose 20.3 percent to $83.9 million.</p>
<p>Home Centers is styled after American warehouse home improvement centers like Home Depot.</p>
<p>The four-year-old company is expanding rapidly, benefiting from a population boom and growing demand for housing and do-it- yourself home improvement.</p>
<p>The company has 10 retail operations and plans to add four more this year, including a 4,000 square meter (43,000 square feet) store next week.</p>
<p>Another four to five stores will be added in 1998 and five Home Centers is also expanding its existing shops and growing vertically by developing stores within its stores. It is starting with a home textiles supermarket based on the concept of the American "Bed, Bath and Beyond".</p>
<p>"It is a very unique concept where we have 60 bedrooms of textiles," Meidan said.</p>
<p>Home Centers has also set its sights on the regional market. It is finalising a 50-50 joint venture agreement with a partner in Cyprus to open at least three stores there for a total investment of $5 million.</p>
<p>It plans, along with Israeli conglomerate Koor Industries and retailer Blue Square Israel, which owns 15.5 percent of Home Centers, to open a shopping mall in Amman, Jordan. "This is still in the planning process," Meidan said.</p>
<p>"We are working hard to find partners in Turkey and Greece as well," he added.</p>
<p>Expansion in Jordan and elsewhere in the region hinges on continuation of the Middle East peace process, Meidan said. "All of us (Koor, Blue Square and Home Centers) believe peace will prevail," Meidan said.</p>
<p>For the domestic market, Home Centers is exploring other marketing niches such as a large nursery based on the European "Garden Center".</p>
<p>Home Centers has a market capitalisation of $28.2 million. Though Nasdaq has become the preferred market for Israeli high-tech issues, an Israeli retailer there is a rarity.</p>
<p>"We felt our kind of business was more suited for the American commmunity. We see big success in our industry for such companies as Home Depot," Meidan said.</p>
<p>"Also, we try to compare ourselves to world leaders in our area in terms of service, management, sales per square foot. We think our management structure will take a step up if we have to work to please Nasdaq. The moment you're there you have to be much better," he said.</p>
<p>Home Centers' shares are trading at $5-1/2, off a 52-week high of $7-5/8. Meidan said the current price does not reflect the shares' true value.</p>
<p>The shares "should be trading at a multiple of 14, and they are now at eight or nine. They are attractive to buy," he said.</p>
<p>-Tel Aviv newsroom, 972-3-537-2211</p>
</text>
<copyright>(c) Reuters Limited 1997</copyright>
<metadata>
<codes class="bip:countries:1.0">
  <code code="ISRAEL">
    <editdetail action="confirmed" attribution="Reuters BIP Coding Group" date="1997-04-10"/>
  </code>
  <code code="USA">
    <editdetail action="confirmed" attribution="Reuters BIP Coding Group" date="1997-04-10"/>
  </code>
</codes>
<codes class="bip:industries:1.0">
  <code code="I65400">
    <editdetail action="confirmed" attribution="Reuters BIP Coding Group" date="1997-04-10"/>
  </code>
</codes>
<codes class="bip:topics:1.0">
  <code code="C11">
    <editdetail action="confirmed" attribution="Reuters BIP Coding Group" date="1997-04-10"/>
  </code>
  <code code="C15">
    <editdetail action="confirmed" attribution="Reuters BIP Coding Group" date="1997-04-10"/>
  </code>
  <code code="C152">
    <editdetail action="confirmed" attribution="Reuters BIP Coding Group" date="1997-04-10"/>
  </code>
  <code code="CCAT">
    <editdetail action="confirmed" attribution="Reuters BIP Coding Group" date="1997-04-10"/>
  </code>
</codes>
<dc element="dc.date.created" value="1997-04-10"/>
<dc element="dc.publisher" value="Reuters Holdings Plc"/>
<dc element="dc.date.published" value="1997-04-10"/>
<dc element="dc.source" value="Reuters"/>
<dc element="dc.creator.location" value="TEL AVIV"/>
<dc element="dc.creator.location.country.name" value="ISRAEL"/>
<dc element="dc.source" value="Reuters"/>
</metadata>
</newsitem>
