<?xml version="1.0" encoding="ISO-8859-1" standalone="no"?>
<newsitem date="1997-04-10" id="root" itemid="501770" xml:lang="en">
<title>MALTA: PRESS DIGEST - Malta - April 10.</title>
<headline>PRESS DIGEST - Malta - April 10.</headline>
<dateline>VALLETTA 1997-04-10</dateline>
<text>
<p>The following are the leading stories in the Maltese press on Thursday. Reuters has not verified these stories and does not vouch for their accuracy.</p>
<p>THE TIMES</p>
<p>- Man dies in fireworks factory explosion. The explosion took place in an illegal fireworks factory in a farm at Lija in the centre of Malta on Wednesday.</p>
<p>- Constituted bodies agree to join government in technical talks on new taxation system to replace VAT.</p>
<p>L-ORIZZONT</p>
<p>- Fireworks factory explosion.</p>
<p>IN-NAZZJON</p>
<p>- Opposition leader to meet constituted bodies over proposed new tax system.</p>
</text>
<copyright>(c) Reuters Limited 1997</copyright>
<metadata>
<codes class="bip:countries:1.0">
  <code code="MALTA">
    <editdetail action="confirmed" attribution="Reuters BIP Coding Group" date="1997-04-10"/>
  </code>
</codes>
<codes class="bip:topics:1.0">
  <code code="GCAT">
    <editdetail action="confirmed" attribution="Reuters BIP Coding Group" date="1997-04-10"/>
  </code>
</codes>
<dc element="dc.date.created" value="1997-04-10"/>
<dc element="dc.publisher" value="Reuters Holdings Plc"/>
<dc element="dc.date.published" value="1997-04-10"/>
<dc element="dc.source" value="Reuters"/>
<dc element="dc.creator.location" value="VALLETTA"/>
<dc element="dc.creator.location.country.name" value="MALTA"/>
<dc element="dc.source" value="Reuters"/>
</metadata>
</newsitem>
