<?xml version="1.0" encoding="ISO-8859-1" standalone="no"?>
<newsitem date="1997-04-10" id="root" itemid="500063" xml:lang="en">
<title>USA: Morgan trader dismisses heatoil squeeze talk.</title>
<headline>Morgan trader dismisses heatoil squeeze talk.</headline>
<dateline>NEW YORK 1997-04-10</dateline>
<text>
<p>Morgan Stanley is not hoarding heating oil in the New York Harbor market in an effort to drive prices higher, according to a trader at the Wall Street brokerage.</p>
<p>He confirmed that Morgan Stanley took delivery on about a 500,000 barrels in heating oil on the April New York Mercantile Exchange (NYMEX) contract, which expired on March 31, and that the firm settled for cash on a smaller April position.</p>
<p>However, he said Morgan Stanley had recently been a willing seller in the cash market.</p>
<p>"A 'squeeze' is only if you refuse to sell. Every party that has called us we have sold to. We have not refused to sell to a single party," said the trader, who asked not to be quoted by name.</p>
<p>"In fact, we have been the best offer in the (New York) Harbor every day," he added.</p>
<p>The New York Harbor and the U.S. Gulf are the two major U.S. cash markets for heating oil.</p>
<p>"We always have requirement for No. 2 oil (heating oil). We do sizeable New York volume," he said, explaining that the size of the April delivery is fairly typical and was meant to supply Morgan Stanley's wholesale and retail operation in New Haven, Connecticut.</p>
<p>The talk of the squeeze comes at a time when an unseasonal cold snap in the northeastern United States is lifting heating oil prices. The region is the largest heating oil market in the world.</p>
<p>"What we have is a situation with a 10-day period of cold weather that was unexpected. My luck," the Morgan trader said.</p>
<p>The talk that Morgan was "squeezing" the market may have stemmed in part from its history of sometimes taking particularly large heating oil deliveries when many in the market were selling "short."</p>
<p>Last August, for example, the firm took delivery of three million barrels when heating oil supply was at record low levels in New England.</p>
<p>At that time, the price of the spot heating oil contract jumped two cents, or about four percent, in the sessions leading up to the delivery.</p>
<p>A number of other firms have followed a similar strategy.</p>
<p>At 1342 EDT, May heating oil was up 0.44 cent a gallon at 53.55 cents while May crude was off a penny at $19.25 a barrel. May heating oil has risen 0.55 cent a gallon since Monday while May crude has lost 29 cents a barrel in that time.</p>
<p>((Harry Milling, New York Energy Desk, +1 212 859 1761))</p>
</text>
<copyright>(c) Reuters Limited 1997</copyright>
<metadata>
<codes class="bip:countries:1.0">
  <code code="USA">
    <editdetail action="confirmed" attribution="Reuters BIP Coding Group" date="1997-04-10"/>
  </code>
</codes>
<codes class="bip:industries:1.0">
  <code code="I81402">
    <editdetail action="confirmed" attribution="Reuters BIP Coding Group" date="1997-04-10"/>
  </code>
</codes>
<codes class="bip:topics:1.0">
  <code code="C21">
    <editdetail action="confirmed" attribution="Reuters BIP Coding Group" date="1997-04-10"/>
  </code>
  <code code="CCAT">
    <editdetail action="confirmed" attribution="Reuters BIP Coding Group" date="1997-04-10"/>
  </code>
  <code code="M14">
    <editdetail action="confirmed" attribution="Reuters BIP Coding Group" date="1997-04-10"/>
  </code>
  <code code="M143">
    <editdetail action="confirmed" attribution="Reuters BIP Coding Group" date="1997-04-10"/>
  </code>
  <code code="MCAT">
    <editdetail action="confirmed" attribution="Reuters BIP Coding Group" date="1997-04-10"/>
  </code>
</codes>
<dc element="dc.date.created" value="1997-04-10"/>
<dc element="dc.publisher" value="Reuters Holdings Plc"/>
<dc element="dc.date.published" value="1997-04-10"/>
<dc element="dc.source" value="Reuters"/>
<dc element="dc.creator.location" value="NEW YORK"/>
<dc element="dc.creator.location.country.name" value="USA"/>
<dc element="dc.source" value="Reuters"/>
</metadata>
</newsitem>
