<?xml version="1.0" encoding="ISO-8859-1" standalone="no"?>
<newsitem date="1997-04-10" id="root" itemid="500923" xml:lang="en">
<title>TURKEY: Private Turkish hospital floats part capital. [CORRECTED 13:30 GMT]</title>
<headline>Private Turkish hospital floats part capital. [CORRECTED 13:30 GMT]</headline>
<dateline>ISTANBUL 1997-04-10</dateline>
<text>
<p>Turkey's private hospital Sevgi Ozel Saglik Hizmetleri A.S. floated part of its share capital on Thursday in a two-day public offer, the first time a health institution has gone on the market.</p>
<p>For each 1,000 lira nominal-valued share, the fixed offer price is 8,950 lira, the company said in newspaper circulars.</p>
<p>Sevgi is offering 125 billion lira of new shares and 35 billion lira of old shares to the public when raising its capital to 825 billion lira from 700 billion.</p>
<p>The offer is managed by a consortium led by Global Securities and including six other brokerages as members.</p>
<p>The Ankara-based hospital's net profits jumped to 239 billion lira and net sales to 1.28 (corrects figure from 2.28) trillion lira in 1996 from 61.9 billion and 531.9 billion, respectively the previous year.</p>
<p>Its total assets surged to 1.55 trillion lira last year, from 663.4 billion in 1995. Total sales reached to 1.3 trillion lira when compared to 532 billion lira in the same period.</p>
<p>Of the total 160 billion lira share offer, 104 billion lira was allocated to foreign investors, eight billion to domestic investment funds and trusts and the rest to domestic individual investors.</p>
<p>Sevgi Hospital belongs to Orhan Ozcanl who is also the owner of Sevgi Holding.</p>
<p>The circular said income from the public offer would be used to finance a new hospital building project in Ankara.</p>
<p>-- Tulin Aygunes, Istanbul newsroom +90-212-2750875.</p>
</text>
<copyright>(c) Reuters Limited 1997</copyright>
<metadata>
<codes class="bip:countries:1.0">
  <code code="TURK">
    <editdetail action="confirmed" attribution="Reuters BIP Coding Group" date="1997-04-10"/>
  </code>
</codes>
<codes class="bip:industries:1.0">
  <code code="I95100">
    <editdetail action="confirmed" attribution="Reuters BIP Coding Group" date="1997-04-10"/>
  </code>
</codes>
<codes class="bip:topics:1.0">
  <code code="C14">
    <editdetail action="confirmed" attribution="Reuters BIP Coding Group" date="1997-04-10"/>
  </code>
  <code code="C17">
    <editdetail action="confirmed" attribution="Reuters BIP Coding Group" date="1997-04-10"/>
  </code>
  <code code="C171">
    <editdetail action="confirmed" attribution="Reuters BIP Coding Group" date="1997-04-10"/>
  </code>
  <code code="CCAT">
    <editdetail action="confirmed" attribution="Reuters BIP Coding Group" date="1997-04-10"/>
  </code>
</codes>
<dc element="dc.date.created" value="1997-04-10"/>
<dc element="dc.publisher" value="Reuters Holdings Plc"/>
<dc element="dc.date.published" value="1997-04-10"/>
<dc element="dc.source" value="Reuters"/>
<dc element="dc.creator.location" value="ISTANBUL"/>
<dc element="dc.creator.location.country.name" value="TURKEY"/>
<dc element="dc.source" value="Reuters"/>
</metadata>
</newsitem>
