<?xml version="1.0" encoding="ISO-8859-1" standalone="no"?>
<newsitem date="1997-04-10" id="root" itemid="501235" xml:lang="en">
<title>GERMANY: Dresdner says had good start in 1997.</title>
<headline>Dresdner says had good start in 1997.</headline>
<dateline>FRANKFURT 1997-04-10</dateline>
<text>
<p>Dresdner Bank AG said on Thursday it had a good start to 1997 with net commission income up significantly and net interest income also up compared with year-earlier levels.</p>
<p>Dresdner Bank chief executive Juergen Sarrazin told the bank's annual news conference that own-account trading income in the first two months matched the disproportionately high level reached in the year-earlier period.</p>
<p>"Dresdner Bank had a good start," Sarrazin said. He said earnings in the first two months were boosted by special factors and could not be extrapolated into a full-year forecast.</p>
<p>Net interest income had been boosted by income relating to trading activities which may not be repeated during the course of the year.</p>
<p>Sarrazin also said risk provisions in 1997 would continue to be burdened by the large number of corporate insolvencies. "We expect risk quotas to remain unchanged," Sarrazin said.  </p>
<p>Sarrazin also said Dresdner was able to realise price gains from securities held in its liquidity portfolio in the first two months of 1997, especially from sales of bonds.</p>
<p>"This laid a solid foundation for the rest of the year," Sarrazin said.</p>
<p>Personnel costs rose year-on-year and Dresdner had also budgeted for a disproportionately high rise in non-labour costs since considerable investment is still needed to strengthen the bank's competitive position and secure its earnings potential in the long term, Sarrazin said.</p>
<p>"The business environment will remain difficult for German banks in 1997," Sarrazin said.</p>
<p>"Competition and the trend towards higher interest on deposits will keep the interest rate margin under pressure. On the other hand the good state of the capital markets should continue to benefit commision income business from securities."</p>
<p>Sarrazin predicted that the 1997 result "will enable the bank both to pay an appropriate dividend and continue strengthening reserves."</p>
<p>-- David Crossland, Frankfurt Newsroom, +49 69 756525</p>
</text>
<copyright>(c) Reuters Limited 1997</copyright>
<metadata>
<codes class="bip:countries:1.0">
  <code code="GFR">
    <editdetail action="confirmed" attribution="Reuters BIP Coding Group" date="1997-04-10"/>
  </code>
</codes>
<codes class="bip:industries:1.0">
  <code code="I81402">
    <editdetail action="confirmed" attribution="Reuters BIP Coding Group" date="1997-04-10"/>
  </code>
</codes>
<codes class="bip:topics:1.0">
  <code code="C15">
    <editdetail action="confirmed" attribution="Reuters BIP Coding Group" date="1997-04-10"/>
  </code>
  <code code="C151">
    <editdetail action="confirmed" attribution="Reuters BIP Coding Group" date="1997-04-10"/>
  </code>
  <code code="CCAT">
    <editdetail action="confirmed" attribution="Reuters BIP Coding Group" date="1997-04-10"/>
  </code>
</codes>
<dc element="dc.date.created" value="1997-04-10"/>
<dc element="dc.publisher" value="Reuters Holdings Plc"/>
<dc element="dc.date.published" value="1997-04-10"/>
<dc element="dc.source" value="Reuters"/>
<dc element="dc.creator.location" value="FRANKFURT"/>
<dc element="dc.creator.location.country.name" value="GERMANY"/>
<dc element="dc.source" value="Reuters"/>
</metadata>
</newsitem>
