<?xml version="1.0" encoding="ISO-8859-1" standalone="no"?>
<newsitem date="1997-04-10" id="root" itemid="500374" xml:lang="en">
<title>INDIA: INDIA GOVERNMENT SECURITIES - April 10.</title>
<headline>INDIA GOVERNMENT SECURITIES - April 10.</headline>
<text>
<p>Government	Indicative    Coupon	  Yield to   Year</p>
<p> Securities	Market Price  Dates		Mat     to</p>
<p>			(Range)			  Apprx pct  Mat.</p>
<p>  13.50% 1997     102.00/10  Mar   1/Sep  1     -.--    0.39</p>
<p>  13.50% 1998     102.85/95  Apr  18/Oct 18     -.--    1.00</p>
<p>  13.62% 1998     104.00/20  Jan  31/Jul 31    --.--    1.31</p>
<p>  12.00% 1999     100.75/95  Oct   7/Apr  7    --.--    1.99</p>
<p>  00.00% 1999	82.40/60  --------------    --.--    1.77</p>
<p>  13.40% 1999     104.50/70  Jun  24/Dec 24    --.--    2.71</p>
<p>  13.65% 1999     104.10/30  Aug   7/Feb  7    --.--    1.83</p>
<p>  13.70% 1999     104.60/80  Dec   6/Jun  6    --.--    2.15</p>
<p>  00.00% 2000	68.50/60  --------------    --.--    3.26</p>
<p>  11.64% 2000	99.30/40  Jan  26/Jul 26    --.--    3.29</p>
<p>  11.75% 2001	97.50/70  Feb  25/Aug 25    --.--    4.38</p>
<p>  11.00% 2002	94.70/90  Nov  11/May 11    --.--    5.09</p>
<p>  13.82% 2002     104.50/70  Mar  19/Sep 19    --.--    5.44</p>
<p>  12.50% 2004	98.20/40  Sep  23/Mar 23    --.--    6.95</p>
<p>  14.00% 2006     104.60/80  Sep  25/Mar 25    --.--    8.96</p>
<p>* Note: These rates are based on a consensus of rates being</p>
<p>offered by leading banks, corporates.</p>
<p># To contribute to this daily composite rate, please telephone</p>
<p>Money Desk on (022) 265-9000.</p>
<p>Mat - Maturity</p>
</text>
<copyright>(c) Reuters Limited 1997</copyright>
<metadata>
<codes class="bip:countries:1.0">
  <code code="INDIA">
    <editdetail action="confirmed" attribution="Reuters BIP Coding Group" date="1997-04-10"/>
  </code>
</codes>
<codes class="bip:topics:1.0">
  <code code="M12">
    <editdetail action="confirmed" attribution="Reuters BIP Coding Group" date="1997-04-10"/>
  </code>
  <code code="MCAT">
    <editdetail action="confirmed" attribution="Reuters BIP Coding Group" date="1997-04-10"/>
  </code>
</codes>
<dc element="dc.publisher" value="Reuters Holdings Plc"/>
<dc element="dc.date.published" value="1997-04-10"/>
<dc element="dc.source" value="Reuters"/>
<dc element="dc.creator.location.country.name" value="INDIA"/>
<dc element="dc.source" value="Reuters"/>
</metadata>
</newsitem>
