<?xml version="1.0" encoding="ISO-8859-1" standalone="no"?>
<newsitem date="1997-04-10" id="root" itemid="500461" xml:lang="en">
<title>INDIA: India Congress tells deputies to vote out PM - PTI.</title>
<headline>India Congress tells deputies to vote out PM - PTI.</headline>
<dateline>NEW DELHI 1997-04-10</dateline>
<text>
<p>India's Congress party on Thursday ordered its lawmakers in parliament to vote against Prime Minister H.D. Deve Gowda in a confidence motion on Friday, the Press Trust of India (PTI) said.  </p>
<p>"All Congress members of (the lower house of parliament) are requested to be present without fail, cancelling all their other engagements of whatever importance or urgency they might be on tomorrow, defeat the motion of confidence and support the party stand," PTI quoted the text of the Congress order as saying.</p>
<p>"They should remain present in the house from 11 a.m. (0530 GMT) throughout the day, till the motion is defeated," the order said.</p>
<p>The move followed a second round of talks between representatives of the ruling United Front and Congress earlier on Thursday. On Wednesday the Congress unsuccessfully demanded its party chief Sitaram Kesri be made prime minister.</p>
<p>The Congress party withdrew its make-or-break support to Deve Gowda on March 30, citing a drift in the economy and alleged failure to check communalism.</p>
</text>
<copyright>(c) Reuters Limited 1997</copyright>
<metadata>
<codes class="bip:countries:1.0">
  <code code="INDIA">
    <editdetail action="confirmed" attribution="Reuters BIP Coding Group" date="1997-04-10"/>
  </code>
</codes>
<codes class="bip:topics:1.0">
  <code code="GCAT">
    <editdetail action="confirmed" attribution="Reuters BIP Coding Group" date="1997-04-10"/>
  </code>
  <code code="GPOL">
    <editdetail action="confirmed" attribution="Reuters BIP Coding Group" date="1997-04-10"/>
  </code>
</codes>
<dc element="dc.date.created" value="1997-04-10"/>
<dc element="dc.publisher" value="Reuters Holdings Plc"/>
<dc element="dc.date.published" value="1997-04-10"/>
<dc element="dc.source" value="Reuters"/>
<dc element="dc.creator.location" value="NEW DELHI"/>
<dc element="dc.creator.location.country.name" value="INDIA"/>
<dc element="dc.source" value="Reuters"/>
</metadata>
</newsitem>
