<?xml version="1.0" encoding="ISO-8859-1" standalone="no"?>
<newsitem date="1997-04-10" id="root" itemid="500289" xml:lang="en">
<title>FRANCE: EU flour refund still five Ecus after tender.</title>
<headline>EU flour refund still five Ecus after tender.</headline>
<dateline>PARIS 1997-04-10</dateline>
<text>
<p>The European Union left its export refund for the leading class of wheat flour at five Ecus per tonne at a grain tender on Thursday, EU officials said.</p>
<p>Flour firms have complained the subsidy is too low to satisfy export requirements for the end of the season, but say talks have been set for mid-April in Brussels to review the industry's needs.</p>
<p>French cereals office ONIC said, however, that licence export validity had been limited to the end of June.</p>
<p>Millers aim to negotiate a special stop-gap refund for July until the new wheat crop arrives.</p>
</text>
<copyright>(c) Reuters Limited 1997</copyright>
<metadata>
<codes class="bip:countries:1.0">
  <code code="EEC">
    <editdetail action="confirmed" attribution="Reuters BIP Coding Group" date="1997-04-10"/>
  </code>
  <code code="FRA">
    <editdetail action="confirmed" attribution="Reuters BIP Coding Group" date="1997-04-10"/>
  </code>
</codes>
<codes class="bip:topics:1.0">
  <code code="M14">
    <editdetail action="confirmed" attribution="Reuters BIP Coding Group" date="1997-04-10"/>
  </code>
  <code code="M141">
    <editdetail action="confirmed" attribution="Reuters BIP Coding Group" date="1997-04-10"/>
  </code>
  <code code="MCAT">
    <editdetail action="confirmed" attribution="Reuters BIP Coding Group" date="1997-04-10"/>
  </code>
</codes>
<dc element="dc.date.created" value="1997-04-10"/>
<dc element="dc.publisher" value="Reuters Holdings Plc"/>
<dc element="dc.date.published" value="1997-04-10"/>
<dc element="dc.source" value="Reuters"/>
<dc element="dc.creator.location" value="PARIS"/>
<dc element="dc.creator.location.country.name" value="FRANCE"/>
<dc element="dc.source" value="Reuters"/>
</metadata>
</newsitem>
