<?xml version="1.0" encoding="ISO-8859-1" standalone="no"?>
<newsitem date="1997-04-10" id="root" itemid="501175" xml:lang="en">
<title>ITALY: Hard left seen backing Italy's Prodi after speech.</title>
<headline>Hard left seen backing Italy's Prodi after speech.</headline>
<dateline>ROME 1997-04-10</dateline>
<text>
<p>Senior politicians from Italy's hard left Communist Refoundation party said on Thursday that they expected the party to back Prime Minister Romano Prodi in a confidence vote that will decide the future of his government.</p>
<p>They spoke after Prodi addressed the Senate (upper house) at the start of a confidence test called after Refoundation refused to back him on Wednesday in a separate vote on sending an Italian-led security force to Albania.  </p>
<p>"It is a speech that gives us the basis to vote our confidence in him," said Leonardo Caponi, chairman of the Senate industry commission and a senior Refoundation member.</p>
<p>Another Refoundation politician, Enrica Salvati, said she also expected to vote 'yes' but added: "Our leadership will have to decide".</p>
<p>Prodi's centre-left government has a majority in its own right in the Senate but relies for survival on Refoundation in the lower Chamber of Deputies, where a similar confidence vote is scheduled for Saturday. The party is not in government.</p>
<p>Prodi called in his speech on all parties that back him in the confidence vote to support his programme. The remark was a clear reference to Refoundation, which is at odds with the government on key economic issues, including welfare reforms.</p>
</text>
<copyright>(c) Reuters Limited 1997</copyright>
<metadata>
<codes class="bip:countries:1.0">
  <code code="ITALY">
    <editdetail action="confirmed" attribution="Reuters BIP Coding Group" date="1997-04-10"/>
  </code>
</codes>
<codes class="bip:topics:1.0">
  <code code="GCAT">
    <editdetail action="confirmed" attribution="Reuters BIP Coding Group" date="1997-04-10"/>
  </code>
  <code code="GPOL">
    <editdetail action="confirmed" attribution="Reuters BIP Coding Group" date="1997-04-10"/>
  </code>
</codes>
<dc element="dc.date.created" value="1997-04-10"/>
<dc element="dc.publisher" value="Reuters Holdings Plc"/>
<dc element="dc.date.published" value="1997-04-10"/>
<dc element="dc.source" value="Reuters"/>
<dc element="dc.creator.location" value="ROME"/>
<dc element="dc.creator.location.country.name" value="ITALY"/>
<dc element="dc.source" value="Reuters"/>
</metadata>
</newsitem>
