<?xml version="1.0" encoding="ISO-8859-1" standalone="no"?>
<newsitem date="1997-04-10" id="root" itemid="500055" xml:lang="en">
<title>USA: US Midwest floods force rerouting in rail traffic.</title>
<headline>US Midwest floods force rerouting in rail traffic.</headline>
<dateline>CHICAGO 1997-04-10</dateline>
<text>
<p>Railroads have rerouted traffic around the flooded Minneapolis area as well as the Red River area on the North Dakota-Minnesota border, and as yet, there has been no loss of equipment, railroad officials said.</p>
<p>"One of two of our Chicago-Twin Cities main lines was closed at 1230 (CDT) Wednesday," said Mike Martin, Burlington Northern Santa Fe Corp spokesman. "The other main line is expected to be closed due to high water sometime later today."</p>
<p>The rerouting of rail traffic around the area was causing delays of 24 to 48 hours.  </p>
<p>Power outages near Fargo, N.D, has Burlington Northern using portable generators to supply power to train and road crossing signals, Martin said.</p>
<p>Flooding and deep snow forced the closure of Burlington Northern branch lines in the Dakotas and western Minnesota, he added. One section was closed near Harwood, Minn., because a dike was built across the tracks to prevent flood waters from the Sheyenne River from reaching the town.</p>
<p>Canadian Pacific Ltd said it closed a large maintenance yard in St Paul this week because of rising Mississippi River water. The company relocated the staff to other facilities.</p>
<p>"The main lines are still ok," said Canadian Pacific spokesman John Bergene. "We are rapidly approaching a point in St Paul where our main line could be affected by high water."</p>
<p>Union Pacific Corp officials were unavailable for comment Thursday, but on Tuesday had said some branch lines in the Twin Cities' area were closed because of flooding.</p>
<p>((Chicago newsdesk 312-408-8720))</p>
</text>
<copyright>(c) Reuters Limited 1997</copyright>
<metadata>
<codes class="bip:countries:1.0">
  <code code="USA">
    <editdetail action="confirmed" attribution="Reuters BIP Coding Group" date="1997-04-10"/>
  </code>
</codes>
<codes class="bip:industries:1.0">
  <code code="I71000">
    <editdetail action="confirmed" attribution="Reuters BIP Coding Group" date="1997-04-10"/>
  </code>
  <code code="I83960">
    <editdetail action="confirmed" attribution="Reuters BIP Coding Group" date="1997-04-10"/>
  </code>
</codes>
<codes class="bip:topics:1.0">
  <code code="C21">
    <editdetail action="confirmed" attribution="Reuters BIP Coding Group" date="1997-04-10"/>
  </code>
  <code code="CCAT">
    <editdetail action="confirmed" attribution="Reuters BIP Coding Group" date="1997-04-10"/>
  </code>
  <code code="GCAT">
    <editdetail action="confirmed" attribution="Reuters BIP Coding Group" date="1997-04-10"/>
  </code>
  <code code="GDIS">
    <editdetail action="confirmed" attribution="Reuters BIP Coding Group" date="1997-04-10"/>
  </code>
  <code code="GWEA">
    <editdetail action="confirmed" attribution="Reuters BIP Coding Group" date="1997-04-10"/>
  </code>
</codes>
<dc element="dc.date.created" value="1997-04-10"/>
<dc element="dc.publisher" value="Reuters Holdings Plc"/>
<dc element="dc.date.published" value="1997-04-10"/>
<dc element="dc.source" value="Reuters"/>
<dc element="dc.creator.location" value="CHICAGO"/>
<dc element="dc.creator.location.country.name" value="USA"/>
<dc element="dc.source" value="Reuters"/>
</metadata>
</newsitem>
