<?xml version="1.0" encoding="ISO-8859-1" standalone="no"?>
<newsitem date="1997-04-10" id="root" itemid="501485" xml:lang="en">
<title>JAPAN: INSIGHT - Japan stocks' April SQ seen smooth.</title>
<headline>INSIGHT - Japan stocks' April SQ seen smooth.</headline>
<dateline>TOKYO 1997-04-10</dateline>
<text>
<p>The settlement of Japan's April stock options, called special quotations (SQ), on Friday is likely to go smoothly, and the impact on cash stocks should be limited, traders said on Thursday.</p>
<p>Open interest for the April contract stands at a relatively low level, with the amount of net sales slightly outnumbering that of net purchases, they said.</p>
<p>The net sales per component of the 225-share Nikkei average, the stock market's key index, is expected to be around 100,000 shares at most, they added.</p>
<p>"The market conditions are quite comfortable for stock prices right now," said a futures trader at a medium-sized securities house.</p>
<p>"Cash stocks are likely to see slight net sales per issue, as is the case for the Nikkei 225 issues," said a futures and options trader at a major securities house.</p>
<p>"We expect sales to amount to 40,000 to 50,000 shares," said a trader at a foreign securities house.</p>
<p>-- Tokyo Equities Desk +81-3-3432-8027</p>
</text>
<copyright>(c) Reuters Limited 1997</copyright>
<metadata>
<codes class="bip:countries:1.0">
  <code code="JAP">
    <editdetail action="confirmed" attribution="Reuters BIP Coding Group" date="1997-04-10"/>
  </code>
</codes>
<codes class="bip:topics:1.0">
  <code code="M11">
    <editdetail action="confirmed" attribution="Reuters BIP Coding Group" date="1997-04-10"/>
  </code>
  <code code="MCAT">
    <editdetail action="confirmed" attribution="Reuters BIP Coding Group" date="1997-04-10"/>
  </code>
</codes>
<dc element="dc.date.created" value="1997-04-10"/>
<dc element="dc.publisher" value="Reuters Holdings Plc"/>
<dc element="dc.date.published" value="1997-04-10"/>
<dc element="dc.source" value="Reuters"/>
<dc element="dc.creator.location" value="TOKYO"/>
<dc element="dc.creator.location.country.name" value="JAPAN"/>
<dc element="dc.source" value="Reuters"/>
</metadata>
</newsitem>
