<?xml version="1.0" encoding="ISO-8859-1" standalone="no"?>
<newsitem date="1997-04-10" id="root" itemid="499923" xml:lang="en">
<title>USA: Emerging debt slides on dealer selling, rate fears.</title>
<headline>Emerging debt slides on dealer selling, rate fears.</headline>
<dateline>NEW YORK 1997-04-10</dateline>
<text>
<p>Emerging market debt prices followed U.S. Treasuries lower in a nervous market on Thursday ahead of the release of two key U.S. economic reports.</p>
<p>March retail sales and March producer price index will be reported at 0830 EDT/1230 GMT Friday, which may give clues as to whether the Federal Reserve Board would further tighten credit at its May meeting, traders said.</p>
<p>Some dealers sold into the market on the heel of Wednesday's slight price improvement in emerging market bonds, and the supply weighed on a thin market, traders said.  </p>
<p>Spreads of major Brady bonds widened by 15 to 20 basis points, although spreads on Brazil managed to limit the losses to five to 10 basis points, traders said.</p>
<p>Although the Treasuries trimmed losses later in the day, emerging market debt remained under pressure, they said.</p>
<p>"There were no buyers around," said a trader with a European bank.</p>
<p>Domestic selling, in addition to dealer liquidation, weakened Argentina Bradies, he said, adding that fear of a liquidity squeeze in Argentine peso debt hit the financial sector. Argentine bank shares came under pressure on the Buenos Aires stock exchange.</p>
<p>Argentina FRBs was off 3/8 at 89-1/4 bid.</p>
<p>There was also a lot of movement from Bradies into eurobonds, especially into Arg 07 and UMS 16, another trader said. Arg 17 and UMS 26 also stayed steady in spread terms.</p>
<p>Argentina GLB-17 was unchanged at 102-3/4 bid. and Mexico UMS-26 edged up 1/8 at 103-7/8 bid.</p>
<p>Brazil O1 performed in line with Bradies, he said.</p>
<p>(( -- Nailene Chou Wiest - 212-859-1674))</p>
</text>
<copyright>(c) Reuters Limited 1997</copyright>
<metadata>
<codes class="bip:countries:1.0">
  <code code="USA">
    <editdetail action="confirmed" attribution="Reuters BIP Coding Group" date="1997-04-10"/>
  </code>
</codes>
<codes class="bip:topics:1.0">
  <code code="M12">
    <editdetail action="confirmed" attribution="Reuters BIP Coding Group" date="1997-04-10"/>
  </code>
  <code code="MCAT">
    <editdetail action="confirmed" attribution="Reuters BIP Coding Group" date="1997-04-10"/>
  </code>
</codes>
<dc element="dc.date.created" value="1997-04-10"/>
<dc element="dc.publisher" value="Reuters Holdings Plc"/>
<dc element="dc.date.published" value="1997-04-10"/>
<dc element="dc.source" value="Reuters"/>
<dc element="dc.creator.location" value="NEW YORK"/>
<dc element="dc.creator.location.country.name" value="USA"/>
<dc element="dc.source" value="Reuters"/>
</metadata>
</newsitem>
