<?xml version="1.0" encoding="ISO-8859-1" standalone="no"?>
<newsitem date="1997-04-10" id="root" itemid="500492" xml:lang="en">
<title>USA: Sears to refund payments from some debtors.</title>
<headline>Sears to refund payments from some debtors.</headline>
<byline>Brad Dorfman</byline>
<dateline>CHICAGO 1997-04-10</dateline>
<text>
<p>Sears, Roebuck and Co. said Thursday it will refund millions of dollars to some of it credit card holders who filed for bankruptcy but still made payments under agreements the retailer handled improperly.</p>
<p>The nation's second largest retailer said the repayments, announced after the filing of a class-action lawsuit, may have a material impact on its 1997 earnings, but could not say how much of an impact that might be.</p>
<p>Sears stock fell $3.625 to $47.25 Thursday and with more than 5 million shares traded was the second most active stock on the New York Stock Exchange.</p>
<p>Analysts estimated the repayments could cost Sears at least $70 million in 1997 net income, but also stressed it was too early to quantify the impact on earnings.</p>
<p>"They (Sears officials) don't know," said Karen Sack, analyst at S &amp; P Equity Group. "They can't quantify it until they do a full investigation."</p>
<p>The issue at hand is the retailer's efforts to persuade Sears credit card holders who filed for bankruptcy to continue making payments to Sears, rather than having the debt and their Sears credit wiped out in bankruptcy court.</p>
<p>Sears also has been able to threaten debtors with repossession of products if they do not make payments.</p>
<p>While Sears did not give a number for the impact on its profits, it said the effect could be material, which it later defined as anything over 5 percent of annual net income. Sears reported net income of $1.3 billion, or $3.12 a share, in 1996.</p>
<p>The 1997 earnings impact "could end up being 50 cents to $1 a share, and that's a lot," said Peter Schaeffer, analyst at the Dillon, Read &amp; Co. investment bank.</p>
<p>The mean analysts' estimate calls for earnings of $3.61 a share for Sears in 1997, according to the First Call service, which tracks analyst forecasts.</p>
<p>Schaeffer said he was lowering his recommendation on Sears to hold from buy until he got a better sense of how much the earnings impact would be.</p>
<p>Sears has previously trumpeted to analysts its ability to reach these payment agreements, called reaffirmations, with holders of Sears credit cards.</p>
<p>The reaffirmation agreements, however, also must be filed with the bankruptcy court, which Sears said Thursday it did not do properly. The company is now facing a class-action lawsuit filed by two debtors in Massachusetts over the credit card issues.</p>
<p>Sears said in a statement "it exercised flawed legal judgment in the execution and handling of some debt reaffirmations."</p>
<p>The company said it has filed a voluntary restitution plan in a motion with U.S. Bankruptcy Court in Boston and was conducting a nationwide audit of the agreements.</p>
<p>Sears said it reached about $400 million in reaffirmation agreements from 1992 through February 1997. Sears said it has agreed to repay, with finance charges and interest, any improperly handled reaffirmations, and will also offer affected debtors a $100 gift certificate.</p>
<p>Not all the reaffirmations were improperly filed.</p>
<p>The repayments do not involve purchases made with other credit cards, including Discover, Visa and Mastercard.</p>
<p>The company also said Thursday that same-store sales, or sales from stores open at least a year, rose 1 percent in March, slightly below estimates.</p>
<p>But it was the credit card problem that was hurting the stock, analysts said.</p>
<p>While the credit card repayment issue will affect earnings, analysts gave Sears high marks for taking the initiative in dealing with the problem. They contrasted this with problems Sears had earlier this decade in its automobile service unit that tarnished the company's reputation.</p>
<p>"They spent three years trying to bring the Sears name back," Sack said of the management team headed by Chief Executive Officer Arthur Martinez. "They're going to be doing everything they can now to make sure they maintain the name."</p>
</text>
<copyright>(c) Reuters Limited 1997</copyright>
<metadata>
<codes class="bip:countries:1.0">
  <code code="USA">
    <editdetail action="confirmed" attribution="Reuters BIP Coding Group" date="1997-04-10"/>
  </code>
</codes>
<codes class="bip:industries:1.0">
  <code code="I83960">
    <editdetail action="confirmed" attribution="Reuters BIP Coding Group" date="1997-04-10"/>
  </code>
</codes>
<codes class="bip:topics:1.0">
  <code code="C12">
    <editdetail action="confirmed" attribution="Reuters BIP Coding Group" date="1997-04-10"/>
  </code>
  <code code="C31">
    <editdetail action="confirmed" attribution="Reuters BIP Coding Group" date="1997-04-10"/>
  </code>
  <code code="CCAT">
    <editdetail action="confirmed" attribution="Reuters BIP Coding Group" date="1997-04-10"/>
  </code>
  <code code="GCAT">
    <editdetail action="confirmed" attribution="Reuters BIP Coding Group" date="1997-04-10"/>
  </code>
  <code code="GCRIM">
    <editdetail action="confirmed" attribution="Reuters BIP Coding Group" date="1997-04-10"/>
  </code>
</codes>
<dc element="dc.date.created" value="1997-04-10"/>
<dc element="dc.publisher" value="Reuters Holdings Plc"/>
<dc element="dc.date.published" value="1997-04-10"/>
<dc element="dc.source" value="Reuters"/>
<dc element="dc.creator.location" value="CHICAGO"/>
<dc element="dc.creator.location.country.name" value="USA"/>
<dc element="dc.source" value="Reuters"/>
</metadata>
</newsitem>
