<?xml version="1.0" encoding="ISO-8859-1" standalone="no"?>
<newsitem date="1997-04-10" id="root" itemid="500934" xml:lang="en">
<title>TUNISIA: Tunisia plans $3.3 billion bond issues by 2001.</title>
<headline>Tunisia plans $3.3 billion bond issues by 2001.</headline>
<byline>Abdelaziz Barrouhi</byline>
<dateline>TUNIS 1997-04-10</dateline>
<text>
<p>Tunisia plans to launch 10 and 15-year bond issues on the international markets totalling 3.040 billion dinars ($3.313 billion) between 1997 and the year 2001, an official report showed on Thursday.</p>
<p>The report on financings needed by the 9th Development Plan 1997-2001 obtained by Reuters showed that in addition, Tunisia plans to seek syndicated loans totalling 600 million dinars ($654 million) during the same period.</p>
<p>This puts the total to be borrowed on the financial markets at 3.64 billion dinars of which some 660 million dinars are to be contracted by the local banks between 1997 and 2001, and the remainder by the Tunisian state, the report showed.</p>
<p>Tunisia started looking at international capital markets in 1994 because international development agencies found that it had reached a degree of development which made it non-eligible for concessional loans.</p>
<p>Since then, it successfully made five Samurai bonds totalling 985 million dinars on the Japanese market for a five to 15-year maturity, and three syndicated loans on the London place worth 460 million dinars.</p>
<p>Its last ratings were BBB+ by the Japan Bond Reserach Institute (JBRI), BBB3 by Moody's, and BBB-minus for the long term and A3 for the short term by IBCA.</p>
<p>"Rating firm Standard and Poor's would also rate Tunisia soon ahead of the country's possible bond issues on the European and U.S. markets," a banker told Reuters.</p>
<p>Tunisia forecasts also to get credit line facilities totalling 910 million dinars during the same period through bilateral trade agreements, it says.</p>
<p>Other external financings for Tunisian development and reform projects between 1997 and 2001 will come through loans or donations totalling 4.55 billion dinars from the World Bank, the European Union and its subsidiary European Investment Bank, and the African Development Bank, the report says.</p>
<p>The donations would amount 750 million dinars and would come from the E.U. to support the modernisation of the Tunisian economy to help it adapt to a free trade zone agreement Tunisia signed with it in 1995.</p>
<p>The report forecasts that Tunisia's external debt as a proportion of gross domestic product (GDP) would drop to 40.8 percent in 2001 from 51.5 percent in 1996, and the debt servicing ratio to the current receipts would also fall to 16.2 percent from 18.3 percent in 1996. ($=1.09 dinar)</p>
<p>Tunis newsroom, 2161-787538</p>
</text>
<copyright>(c) Reuters Limited 1997</copyright>
<metadata>
<codes class="bip:countries:1.0">
  <code code="TUNIS">
    <editdetail action="confirmed" attribution="Reuters BIP Coding Group" date="1997-04-10"/>
  </code>
</codes>
<codes class="bip:topics:1.0">
  <code code="E21">
    <editdetail action="confirmed" attribution="Reuters BIP Coding Group" date="1997-04-10"/>
  </code>
  <code code="E212">
    <editdetail action="confirmed" attribution="Reuters BIP Coding Group" date="1997-04-10"/>
  </code>
  <code code="ECAT">
    <editdetail action="confirmed" attribution="Reuters BIP Coding Group" date="1997-04-10"/>
  </code>
</codes>
<dc element="dc.date.created" value="1997-04-10"/>
<dc element="dc.publisher" value="Reuters Holdings Plc"/>
<dc element="dc.date.published" value="1997-04-10"/>
<dc element="dc.source" value="Reuters"/>
<dc element="dc.creator.location" value="TUNIS"/>
<dc element="dc.creator.location.country.name" value="TUNISIA"/>
<dc element="dc.source" value="Reuters"/>
</metadata>
</newsitem>
