<?xml version="1.0" encoding="ISO-8859-1" standalone="no"?>
<newsitem date="1997-04-10" id="root" itemid="501672" xml:lang="en">
<title>INDONESIA: INDONESIAN STOCKS - factors to watch - April 10.</title>
<headline>INDONESIAN STOCKS - factors to watch - April 10.</headline>
<dateline>JAKARTA 1997-04-10</dateline>
<text>
<p>Following are some of the main factors likely to affect Indonesian stocks on Thursday:</p>
<p>* On Wednesday, the Dow Jones industrial average closed down 45.32 points at 6,563.84 as blue-chip stocks fell on profit-taking.</p>
<p>* The Jakarta stock exchange suspended trading of minor-sized Bank Pikko late on Tuesday following a 207.69 percent rise in the stock. An exchange official said on Thursday the stock was expected to resume trading in the afternoon session depending on the final results of the exchange's investigation.</p>
<p>MARKET</p>
<p>* On Tuesday, the Jakarta composite index rose 1.58 points, or 0.25 percent, to close at 638.22 points. The market was closed on Wednesday for a public holiday</p>
<p>* On Thursday, the rupiah was quoted at 2,406.40/06.75 at 0200 GMT, compared with an opening of 2,405.50/06.25.</p>
<p>STOCKS TO WATCH</p>
<p>* Bank Pikko as it was expected to resume trading in the afternoon session on Thursday.</p>
<p>* Sampoerna after reports it had raised the retail (banderol) price of its leading Dji Sam Soe brand.</p>
<p>* Banks PDFCI and Bank Panin after announcements on Thursday of rises in their 1996 net profits.</p>
<p>* Second-liner property firm Bhuwanatala on reports business tycoon Johannes Kotjo had bought a 36 percent stake in a large Surabaya property firm Darmo Satelite through Bhuwanatala.</p>
<p>-- Jakarta newsroom +6221 384-6364</p>
</text>
<copyright>(c) Reuters Limited 1997</copyright>
<metadata>
<codes class="bip:countries:1.0">
  <code code="INDON">
    <editdetail action="confirmed" attribution="Reuters BIP Coding Group" date="1997-04-10"/>
  </code>
</codes>
<codes class="bip:topics:1.0">
  <code code="M11">
    <editdetail action="confirmed" attribution="Reuters BIP Coding Group" date="1997-04-10"/>
  </code>
  <code code="MCAT">
    <editdetail action="confirmed" attribution="Reuters BIP Coding Group" date="1997-04-10"/>
  </code>
</codes>
<dc element="dc.date.created" value="1997-04-10"/>
<dc element="dc.publisher" value="Reuters Holdings Plc"/>
<dc element="dc.date.published" value="1997-04-10"/>
<dc element="dc.source" value="Reuters"/>
<dc element="dc.creator.location" value="JAKARTA"/>
<dc element="dc.creator.location.country.name" value="INDONESIA"/>
<dc element="dc.source" value="Reuters"/>
</metadata>
</newsitem>
