<?xml version="1.0" encoding="ISO-8859-1" standalone="no"?>
<newsitem date="1997-04-10" id="root" itemid="499915" xml:lang="en">
<title>USA: Compaq on deal spree but rumors discounted.</title>
<headline>Compaq on deal spree but rumors discounted.</headline>
<byline>Therese Poletti</byline>
<dateline>NEW YORK 1997-04-10</dateline>
<text>
<p>Compaq Computer Corp's deal to buy Microcom Inc Thursday exemplifies the kind of strategic deals the PC giant will continue to make with its big cash pile, as it seeks to be more than just a PC maker.</p>
<p>At the same time, rumors have been swirling in the market this week that Compaq was in talks to acquire a direct seller of PCs, Micron Electronics Inc. Analysts said another recent rumor was that Compaq talked to another direct PC firm, Gateway 2000 Inc, a few months ago about a deal.</p>
<p>But they said it is unlikely Compaq would buy either firm.</p>
<p>Analysts said that the rumors have likely crept up because Compaq has said that it is moving to embrace a build-to-order manufacturing strategy to address some of its business, a technique successfully adopted by direct marketers of PCs such as Gateway and Dell Computer Corp.</p>
<p>They said that because Compaq now has a cash pile of about $4 billion, as of fourth quarter, the PC maker is looking to do strategic acquisitions with some of it.</p>
<p>"Clearly Compaq has the cash, they have a whole organization looking at acquisitions," said John Dean, a Salomon Brothers analyst.</p>
<p>But Dean and other analysts said that Compaq's $280 million pact for Microcom, a developer of remote access technologies and modems, fits more with Compaq's strategy to offer more to customers than just PCs and servers.</p>
<p>"They want to be a major enterprise company," Dean added. "They have a lot of piece parts so they have to go out and find things that will tie them all together."</p>
<p>Analysts said the Microcom deal fits this bill because Compaq will be able to provide remote access capabilities and modems with products called remote access servers, which are in great demand by Internet access providers.</p>
<p>Other acquisitions by Compaq were also in the networking area, to add to its portfolio of products it can offer a corporation to help it build its network infrastructure.</p>
<p>Analysts said that Compaq is under some pressure from Dell and Gateway and less from Micron, all of whom sell their systems directly to customers, through mail and phone orders. These companies have built up manufacturing systems where they can build-to-order, and they don't have the added costs that Compaq has by going through distributors or resellers.</p>
<p>"(Compaq) will set up their own organization," said Daniel Ries, a Nomura Research analyst.</p>
<p>"(Direct sales) will only be a small portion of their sales," Ries said, adding that Compaq will continue to sell PCs, servers and other products through resellers, who reach the samll to medium corporate market which relies on resellers for servicing, maintenance.</p>
<p>He said Compaq is also developing a build-to-order model for its resellers, not just for direct sales. Compaq said it is creating a configure-to-order program at its Houston manufacturing site for its resllers and its customers, a move that will translate into lower prices and increased demand.</p>
<p>A Compaq spokeswoman declined to comment on merger rumors.</p>
<p>Gateway 2000 did not return calls seeking comment and Micron Electronics declined to comment on rumors. Micron Electronics is majority owned by Micron Technology Inc, the memory chip maker, which owns about 65 percent.</p>
<p>On Wednesday, PC Week Online reported that Micron Technology has held preliminary discussions to sell Micron Electronics business to Compaq, Hewlett-Packard Co, Sanyo Electric, Gateway 2000.</p>
<p>Analysts said Micron Electronics could be up for sale, but it is not a match for Compaq. "Micron is too small to benefit Compaq," said Louis Mazzucchelli of Gerard Klauer Mattison.</p>
</text>
<copyright>(c) Reuters Limited 1997</copyright>
<metadata>
<codes class="bip:countries:1.0">
  <code code="USA">
    <editdetail action="confirmed" attribution="Reuters BIP Coding Group" date="1997-04-10"/>
  </code>
</codes>
<codes class="bip:industries:1.0">
  <code code="I33020">
    <editdetail action="confirmed" attribution="Reuters BIP Coding Group" date="1997-04-10"/>
  </code>
  <code code="I3302003">
    <editdetail action="confirmed" attribution="Reuters BIP Coding Group" date="1997-04-10"/>
  </code>
  <code code="I3302004">
    <editdetail action="confirmed" attribution="Reuters BIP Coding Group" date="1997-04-10"/>
  </code>
</codes>
<codes class="bip:topics:1.0">
  <code code="C11">
    <editdetail action="confirmed" attribution="Reuters BIP Coding Group" date="1997-04-10"/>
  </code>
  <code code="C18">
    <editdetail action="confirmed" attribution="Reuters BIP Coding Group" date="1997-04-10"/>
  </code>
  <code code="C181">
    <editdetail action="confirmed" attribution="Reuters BIP Coding Group" date="1997-04-10"/>
  </code>
  <code code="CCAT">
    <editdetail action="confirmed" attribution="Reuters BIP Coding Group" date="1997-04-10"/>
  </code>
</codes>
<dc element="dc.date.created" value="1997-04-10"/>
<dc element="dc.publisher" value="Reuters Holdings Plc"/>
<dc element="dc.date.published" value="1997-04-10"/>
<dc element="dc.source" value="Reuters"/>
<dc element="dc.creator.location" value="NEW YORK"/>
<dc element="dc.creator.location.country.name" value="USA"/>
<dc element="dc.source" value="Reuters"/>
</metadata>
</newsitem>
