<?xml version="1.0" encoding="ISO-8859-1" standalone="no"?>
<newsitem date="1997-04-10" id="root" itemid="500314" xml:lang="en">
<title>PORTUGAL: Escudo tests three-month highs against mark.</title>
<headline>Escudo tests three-month highs against mark.</headline>
<dateline>LISBON 1997-04-10</dateline>
<text>
<p>The escudo was at three-month highs against the mark on Thursday, testing the psychological barrier of 100 to the German currency.</p>
<p>Traders said that the barrier could even be broken later in the session for the first time since mid-January with the market betting on the Bank of Portugal cutting interest rates on Friday.</p>
<p>The currency was at 100.09/12 at 1500 GMT, having touched a high of 100.02, compared with its 100.23/33 opening.</p>
<p>"The figure (100.00 escudos per mark) is now the objective and if there is a fresh push it is going to happen," said one trader. Traders said that non-residents had been active buyers of the Portuguese currency.</p>
<p>--Jose Barata, Lisbon bureau 3511-3113121</p>
</text>
<copyright>(c) Reuters Limited 1997</copyright>
<metadata>
<codes class="bip:countries:1.0">
  <code code="PORL">
    <editdetail action="confirmed" attribution="Reuters BIP Coding Group" date="1997-04-10"/>
  </code>
</codes>
<codes class="bip:topics:1.0">
  <code code="M13">
    <editdetail action="confirmed" attribution="Reuters BIP Coding Group" date="1997-04-10"/>
  </code>
  <code code="M132">
    <editdetail action="confirmed" attribution="Reuters BIP Coding Group" date="1997-04-10"/>
  </code>
  <code code="MCAT">
    <editdetail action="confirmed" attribution="Reuters BIP Coding Group" date="1997-04-10"/>
  </code>
</codes>
<dc element="dc.date.created" value="1997-04-10"/>
<dc element="dc.publisher" value="Reuters Holdings Plc"/>
<dc element="dc.date.published" value="1997-04-10"/>
<dc element="dc.source" value="Reuters"/>
<dc element="dc.creator.location" value="LISBON"/>
<dc element="dc.creator.location.country.name" value="PORTUGAL"/>
<dc element="dc.source" value="Reuters"/>
</metadata>
</newsitem>
