<?xml version="1.0" encoding="ISO-8859-1" standalone="no"?>
<newsitem date="1997-04-10" id="root" itemid="500004" xml:lang="en">
<title>USA: CBOT soy products end higher, exports cited.</title>
<headline>CBOT soy products end higher, exports cited.</headline>
<dateline>CHICAGO 1997-04-10</dateline>
<text>
<p>CBOT soy product futures ended higher Thursday, supported by ideas the U.S. export pace was too strong and prices needed to rise to ration demand, traders said.</p>
<p>USDA's weekly export sales report showed soymeal net exports during the week ended April 3 totaled 85,700 tonnes, near the high end of expectations for 50,000 to 100,000 tonnes. Soyoil net export sales totaled 7,900 tonnes, near the high end of expectations for 5,000 to 10,000 tonnes.</p>
<p>Traders said the pace needed to slow to ensure adequate year-end supplies.</p>
<p>Volume was said to be thin ahead of Friday's USDA supply and demand report. Analysts expected the report to show a five million to 10 million bushel drop in ending soybean stocks.</p>
<p>Despite Thursday's strength, some analysts and traders said the bullish mentality on the floor was weakening.</p>
<p>"There's been a change in psychology and it happened last Friday," said John Kleist, director of agricultural research for ING Futures and Options. "People want to see rallies extended so they can get out of longs."</p>
<p>Soymeal closed $6.50 to $1.80 per ton higher while soyoil closed 0.08 cent per lb higher to unchanged.  </p>
<p>On the day, FCC bought 300 lots July soymeal, Smith Barney bought 100 May, 500 July and 100 August and Continental Grain bought 200 May and 100 July, traders said.</p>
<p>Cargill Inc reportedly sold 200 May and 300 July while Refco Inc sold 200 lots each May and July.</p>
<p>In soyoil, Cargill Inc bought 300 May and 200 July but sold 300 May and 100 July. Produce Grain bought 100 May, 200 July and 100 December, traders said.</p>
<p>Dean Witter reportedly sold 300 July while Prudential Securities bought 200 July.</p>
<p>Soymeal volume was estimated by CBOT at 25,000 lots, compared with Wednesday's actual volume of 33,928 lots. Soyoil volume was pegged at 12,000 lots, against Wednesday's actual of 21,688 lots.</p>
<p>((Emily Kaiser 312-408-8749))</p>
</text>
<copyright>(c) Reuters Limited 1997</copyright>
<metadata>
<codes class="bip:countries:1.0">
  <code code="USA">
    <editdetail action="confirmed" attribution="Reuters BIP Coding Group" date="1997-04-10"/>
  </code>
</codes>
<codes class="bip:topics:1.0">
  <code code="M14">
    <editdetail action="confirmed" attribution="Reuters BIP Coding Group" date="1997-04-10"/>
  </code>
  <code code="M141">
    <editdetail action="confirmed" attribution="Reuters BIP Coding Group" date="1997-04-10"/>
  </code>
  <code code="MCAT">
    <editdetail action="confirmed" attribution="Reuters BIP Coding Group" date="1997-04-10"/>
  </code>
</codes>
<dc element="dc.date.created" value="1997-04-10"/>
<dc element="dc.publisher" value="Reuters Holdings Plc"/>
<dc element="dc.date.published" value="1997-04-10"/>
<dc element="dc.source" value="Reuters"/>
<dc element="dc.creator.location" value="CHICAGO"/>
<dc element="dc.creator.location.country.name" value="USA"/>
<dc element="dc.source" value="Reuters"/>
</metadata>
</newsitem>
