<?xml version="1.0" encoding="ISO-8859-1" standalone="no"?>
<newsitem date="1997-04-10" id="root" itemid="500326" xml:lang="en">
<title>NETHERLANDS: Dutch closing share market report.</title>
<headline>Dutch closing share market report.</headline>
<dateline>AMSTERDAM 1997-04-10</dateline>
<text>
<p>Dutch shares ended lower after the index had been lingering at a depressed level all day on Thursday.</p>
<p>The AEX blue chip index closed 5.22 points lower at 733.47 and the AMX midcap index was also down 11.86 points at 1,133.38.</p>
<p>"Business was very thin and there were only very few buyers," said one dealer. He added that the undertone in the market was still good, particularly as the dollar was steady in afternoon trade.</p>
<p>Lower prices in the bond market had pressured financials, but dealers said there was still potential for those stocks.  </p>
<p>Bank-insurer ING, seen as a good buy by dealers, was 0.10 guilders lower at 74.10.</p>
<p>Other financials were hit harder by the lower bond market. ABN AMRO fell 2.30 guilders to 124.80.</p>
<p>Insurer Stad Rotterdam was 1.90 guilders lower after it had earlier released almost 18 percent higher 1996 net profits at 156.9 million guilders.</p>
<p>The figures were in line with analysts' expectations.</p>
<p>Building firm NBM Amstelland closed 0.50 guilders lower at 44.40, after announcing that 1996 net had doubled and giving an upbeat forecast for earnings per share in 1997.  </p>
<p>Smallcap Reesink fell sharply after announcing a 40 percent fall in first quarter 1997 profits, but the stock recovered a little near the close.</p>
<p>Reesink closed 7.80 guilders lower at 145.00, after hitting a day's low of 140.00.</p>
<p>-- Amsterdam newsroom +31 20 504 5000</p>
</text>
<copyright>(c) Reuters Limited 1997</copyright>
<metadata>
<codes class="bip:countries:1.0">
  <code code="NETH">
    <editdetail action="confirmed" attribution="Reuters BIP Coding Group" date="1997-04-10"/>
  </code>
</codes>
<codes class="bip:topics:1.0">
  <code code="M11">
    <editdetail action="confirmed" attribution="Reuters BIP Coding Group" date="1997-04-10"/>
  </code>
  <code code="MCAT">
    <editdetail action="confirmed" attribution="Reuters BIP Coding Group" date="1997-04-10"/>
  </code>
</codes>
<dc element="dc.date.created" value="1997-04-10"/>
<dc element="dc.publisher" value="Reuters Holdings Plc"/>
<dc element="dc.date.published" value="1997-04-10"/>
<dc element="dc.source" value="Reuters"/>
<dc element="dc.creator.location" value="AMSTERDAM"/>
<dc element="dc.creator.location.country.name" value="NETHERLANDS"/>
<dc element="dc.source" value="Reuters"/>
</metadata>
</newsitem>
