<?xml version="1.0" encoding="ISO-8859-1" standalone="no"?>
<newsitem date="1997-04-10" id="root" itemid="500197" xml:lang="en">
<title>FRANCE: France calls for orderly transition in Zaire.</title>
<headline>France calls for orderly transition in Zaire.</headline>
<dateline>PARIS 1997-04-10</dateline>
<text>
<p>France called on Thursday for an orderly transition towards elections in Zaire and questioned the democratic credentials of rebel leader Laurent Kabila.</p>
<p>Prime Minister Alain Juppe, in an interview to be published on Saturday in the weekly Le Figaro-Magazine, cast doubts over the rebels' intentions to call elections.</p>
<p>"Who seriously thinks that the choice is between a tired dictator, Mr Mobutu, and a young, dynamic and modern democrat, Mr Kabila?" Juppe asked.</p>
<p>"When you hear (Kabila) say there won't be an election, that the people must first 'become sensitive to the doctrine', you can only worry about what it means."</p>
<p>Kabila on Thursday gave President Mobutu Sese Seko three days to start talks on standing down or face a fresh offensive on all fronts.</p>
<p>The French Foreign Ministry earlier called for an orderly transition of power in Zaire, signalling that Paris believes Mobutu is increasingly unlikely to halt the rebels. Kabila's forces now control about half the country.</p>
<p>"We want, as does the international community, an orderly and consensual transition towards national reconciliation and elections," Foreign Ministry spokesman Yves Doutriaux said.</p>
<p>He said France, formerly a strong Mobutu's backer, believed it was essential to apply the U.N. peace plan agreed on February 18.</p>
<p>Doutriaux told reporters it was up to the people of Zaire to decide whether Mobutu, who has ruled for more than 31 years and is suffering from prostate cancer, remains in power.</p>
<p>"We strongly urge all Zairean authorities to search together for a peaceful way out of the current political crisis and devote their energies to the recovery of the country," he said.</p>
<p>"France will support without reservation all those who take this path with resolve."</p>
<p>Juppe dismissed reports that the successes of Kabila, a long-time opponent of Mobutu, were a setback for France. Paris has only in the past few days distanced itself from Mobutu.</p>
<p>"What is at stake is complex. Presenting the developments in Zaire as a setback for France would be an extraordinary simplification," he said.</p>
<p>Kabila's rebels captured the capital of the mineral-rich Shaba province, Lubumbashi, on Wednesday.</p>
<p>The capture of Lubumbashi was the most spectacular success of the six-month rebellion, which began when the rebels took up arms in October in a dispute over Zairean nationality for ethnic Tutsis.</p>
</text>
<copyright>(c) Reuters Limited 1997</copyright>
<metadata>
<codes class="bip:countries:1.0">
  <code code="FRA">
    <editdetail action="confirmed" attribution="Reuters BIP Coding Group" date="1997-04-10"/>
  </code>
  <code code="ZAIRE">
    <editdetail action="confirmed" attribution="Reuters BIP Coding Group" date="1997-04-10"/>
  </code>
</codes>
<codes class="bip:topics:1.0">
  <code code="GCAT">
    <editdetail action="confirmed" attribution="Reuters BIP Coding Group" date="1997-04-10"/>
  </code>
  <code code="GDIP">
    <editdetail action="confirmed" attribution="Reuters BIP Coding Group" date="1997-04-10"/>
  </code>
  <code code="GVIO">
    <editdetail action="confirmed" attribution="Reuters BIP Coding Group" date="1997-04-10"/>
  </code>
</codes>
<dc element="dc.date.created" value="1997-04-10"/>
<dc element="dc.publisher" value="Reuters Holdings Plc"/>
<dc element="dc.date.published" value="1997-04-10"/>
<dc element="dc.source" value="Reuters"/>
<dc element="dc.creator.location" value="PARIS"/>
<dc element="dc.creator.location.country.name" value="FRANCE"/>
<dc element="dc.source" value="Reuters"/>
</metadata>
</newsitem>
