<?xml version="1.0" encoding="ISO-8859-1" standalone="no"?>
<newsitem date="1997-04-10" id="root" itemid="499779" xml:lang="en">
<title>DUBAI: Iran recalls ambassador from Germany over verdict.</title>
<headline>Iran recalls ambassador from Germany over verdict.</headline>
<dateline>DUBAI 1997-04-10</dateline>
<text>
<p>Iran on Thursday withdrew its ambassador from Germany in response to the ruling by a German court that Tehran ordered the 1992 killings of four Kurdish dissidents, Iranian state television said.</p>
<p>"A spokesman for the foreign ministry in a response to the court's political move announced: 'we have recalled our ambassador for certain consultations,'" said the television, monitored by the British Broadcasting Corporation.</p>
<p>A Berlin court in its Thursday ruling avoided citing names but gave the positions of the Iranian officials it believed were behind the murders as members of a committee which included the state president and Iran's religious leader.</p>
<p>Iran's ties with Germany, Tehran's main trade partner, were strained by German charges that spiritual leader Ayatollah Ali Khamenei and President Akbar Hashemi Rafsanjani ordered the murders.</p>
<p>Iran denies all responsibility for the killings which it blamed on infighting among opposition groups.</p>
<p>There was no immediate reaction from Iran to the ruling and residents in the Iranian capital said they did not see any extra security measures at the German embassy in central Tehran.</p>
<p>But the speaker of the Iranian parliament, Ali Akbar Nateq-Nouri, dismissed as "political" the court ruling, saying it was untrue and demanding evidence. Nateq-Nouri spoke while on a visit to Moscow.</p>
<p>Iran's state news agency IRNA reported the verdicts against the defendants, but made no mention of the ruling on who ordered the murders.</p>
</text>
<copyright>(c) Reuters Limited 1997</copyright>
<metadata>
<codes class="bip:countries:1.0">
  <code code="DUBAI">
    <editdetail action="confirmed" attribution="Reuters BIP Coding Group" date="1997-04-10"/>
  </code>
  <code code="GFR">
    <editdetail action="confirmed" attribution="Reuters BIP Coding Group" date="1997-04-10"/>
  </code>
  <code code="IRAN">
    <editdetail action="confirmed" attribution="Reuters BIP Coding Group" date="1997-04-10"/>
  </code>
</codes>
<codes class="bip:topics:1.0">
  <code code="GCAT">
    <editdetail action="confirmed" attribution="Reuters BIP Coding Group" date="1997-04-10"/>
  </code>
  <code code="GCRIM">
    <editdetail action="confirmed" attribution="Reuters BIP Coding Group" date="1997-04-10"/>
  </code>
  <code code="GDIP">
    <editdetail action="confirmed" attribution="Reuters BIP Coding Group" date="1997-04-10"/>
  </code>
</codes>
<dc element="dc.date.created" value="1997-04-10"/>
<dc element="dc.publisher" value="Reuters Holdings Plc"/>
<dc element="dc.date.published" value="1997-04-10"/>
<dc element="dc.source" value="Reuters"/>
<dc element="dc.creator.location" value="DUBAI"/>
<dc element="dc.creator.location.country.name" value="DUBAI"/>
<dc element="dc.source" value="Reuters"/>
</metadata>
</newsitem>
