<?xml version="1.0" encoding="ISO-8859-1" standalone="no"?>
<newsitem date="1997-04-10" id="root" itemid="500949" xml:lang="en">
<title>CYPRUS: Bank of Cyprus offers rate derivatives.</title>
<headline>Bank of Cyprus offers rate derivatives.</headline>
<dateline>NICOSIA 1997-04-10</dateline>
<text>
<p>The Bank of Cyprus has launched interest rate derivatives to Cypriot corporations that borrow or invest in large amounts of foreign currency, the bank said on Thursday.</p>
<p>"We are beginning to offer the products as from today," said Chris Patsalides, manager of the Financial Management Department at the Bank of Cyprus.</p>
<p>Through the use of interest rate derivatives companies that borrow or invest in large amounts of foreign currency can choose the form of interest rate as well as the band in which it moves.</p>
<p>The bank is offering fixed interest rates and interest rate options which are divided into three categories: the interest rate cap, floor, and collar.</p>
<p>The introduction of interest rate derivatives is the outcome of an increasing demand for foreign borrowing by Cypriot firms, a rise in foreign currency deposits by non-residents, and the expected further liberalisation of the financial sector, the bank said.</p>
<p>The newly-created financial management department at the bank provides advisory services on financial risks and can inform clients on developments in international markets and the forthcoming liberalisation of the Cyprus financial sector, a bank press release said.</p>
<p>--- Nicosia newsroom 357 2 365089</p>
</text>
<copyright>(c) Reuters Limited 1997</copyright>
<metadata>
<codes class="bip:countries:1.0">
  <code code="CYPR">
    <editdetail action="confirmed" attribution="Reuters BIP Coding Group" date="1997-04-10"/>
  </code>
</codes>
<codes class="bip:industries:1.0">
  <code code="I81402">
    <editdetail action="confirmed" attribution="Reuters BIP Coding Group" date="1997-04-10"/>
  </code>
</codes>
<codes class="bip:topics:1.0">
  <code code="C22">
    <editdetail action="confirmed" attribution="Reuters BIP Coding Group" date="1997-04-10"/>
  </code>
  <code code="CCAT">
    <editdetail action="confirmed" attribution="Reuters BIP Coding Group" date="1997-04-10"/>
  </code>
</codes>
<dc element="dc.date.created" value="1997-04-10"/>
<dc element="dc.publisher" value="Reuters Holdings Plc"/>
<dc element="dc.date.published" value="1997-04-10"/>
<dc element="dc.source" value="Reuters"/>
<dc element="dc.creator.location" value="NICOSIA"/>
<dc element="dc.creator.location.country.name" value="CYPRUS"/>
<dc element="dc.source" value="Reuters"/>
</metadata>
</newsitem>
