<?xml version="1.0" encoding="ISO-8859-1" standalone="no"?>
<newsitem date="1997-04-10" id="root" itemid="499787" xml:lang="en">
<title>TURKEY: Turk leftist party wins Is Bank case.</title>
<headline>Turk leftist party wins Is Bank case.</headline>
<dateline>ANKARA 1997-04-10</dateline>
<text>
<p>A Turkish leftist party won a court case against the Treasury on Thursday enabling it to take over 20 percent of shares in T. Is Bankasi A.S., one of the country's largest commercial banks.</p>
<p>State-run Anatolian news agency said the Republican People's Party (CHP) will under the ruling gain control of 19.8 percent of the bank's shares, which had been owned by the founder of modern Turkey and the CHP, Mustafa Kemal Ataturk.</p>
<p>"As a result of the case heard in the Ankara Commercial Court today, the decision was given that Ataturk's shares be passed on to the CHP," the CHP's lawyer Erbasar Ozsoy was quoted as saying by Anatolian.</p>
<p>It said an 8.2 percent stake of the bank's shares owned by Ataturk had already been transferred to the CHP.</p>
<p>After Thursday's verdict 45 percent of the bank's shares were held by the bank's pension fund, 28 percent by the CHP, 15 percent by third parties and 12 percent by the Treasury, it said.</p>
<p>The CHP was created by Ataturk in 1923 and was reformed in 1992 after being banned 12 years earlier in a military coup.</p>
</text>
<copyright>(c) Reuters Limited 1997</copyright>
<metadata>
<codes class="bip:countries:1.0">
  <code code="TURK">
    <editdetail action="confirmed" attribution="Reuters BIP Coding Group" date="1997-04-10"/>
  </code>
</codes>
<codes class="bip:industries:1.0">
  <code code="I81402">
    <editdetail action="confirmed" attribution="Reuters BIP Coding Group" date="1997-04-10"/>
  </code>
</codes>
<codes class="bip:topics:1.0">
  <code code="C12">
    <editdetail action="confirmed" attribution="Reuters BIP Coding Group" date="1997-04-10"/>
  </code>
  <code code="C18">
    <editdetail action="confirmed" attribution="Reuters BIP Coding Group" date="1997-04-10"/>
  </code>
  <code code="C181">
    <editdetail action="confirmed" attribution="Reuters BIP Coding Group" date="1997-04-10"/>
  </code>
  <code code="CCAT">
    <editdetail action="confirmed" attribution="Reuters BIP Coding Group" date="1997-04-10"/>
  </code>
  <code code="GCAT">
    <editdetail action="confirmed" attribution="Reuters BIP Coding Group" date="1997-04-10"/>
  </code>
  <code code="GCRIM">
    <editdetail action="confirmed" attribution="Reuters BIP Coding Group" date="1997-04-10"/>
  </code>
</codes>
<dc element="dc.date.created" value="1997-04-10"/>
<dc element="dc.publisher" value="Reuters Holdings Plc"/>
<dc element="dc.date.published" value="1997-04-10"/>
<dc element="dc.source" value="Reuters"/>
<dc element="dc.creator.location" value="ANKARA"/>
<dc element="dc.creator.location.country.name" value="TURKEY"/>
<dc element="dc.source" value="Reuters"/>
</metadata>
</newsitem>
