<?xml version="1.0" encoding="ISO-8859-1" standalone="no"?>
<newsitem date="1997-04-10" id="root" itemid="500825" xml:lang="en">
<title>UK: Investcorp looking for finance - banker.</title>
<headline>Investcorp looking for finance - banker.</headline>
<dateline>LONDON 1997-04-10</dateline>
<text>
<p>Bahrain-based Investcorp is looking at a number of ways to finance its acquisition of a chain of British motorway service stations, an official at Bankers Trust said on Thursday.</p>
<p>Earlier the Evening Standard newspaper said Investcorp could raise up to 350 million stg through a bond issue backed by the cashflows and assets of the Welcome Break chain.</p>
<p>"Investcorp with Welcome Break is considering a number of financing options, but that is all we are able to say at the moment," an official at Bankers Trust, advisor to Investcorp, told Reuters.</p>
<p>Investcorp paid Granada Plc 476 million stg for Welcome Break in February.</p>
<p>-- London newsroom +44 171 542 7748</p>
</text>
<copyright>(c) Reuters Limited 1997</copyright>
<metadata>
<codes class="bip:countries:1.0">
  <code code="BAHRN">
    <editdetail action="confirmed" attribution="Reuters BIP Coding Group" date="1997-04-10"/>
  </code>
  <code code="UK">
    <editdetail action="confirmed" attribution="Reuters BIP Coding Group" date="1997-04-10"/>
  </code>
</codes>
<codes class="bip:industries:1.0">
  <code code="I81502">
    <editdetail action="confirmed" attribution="Reuters BIP Coding Group" date="1997-04-10"/>
  </code>
</codes>
<codes class="bip:topics:1.0">
  <code code="C17">
    <editdetail action="confirmed" attribution="Reuters BIP Coding Group" date="1997-04-10"/>
  </code>
  <code code="C172">
    <editdetail action="confirmed" attribution="Reuters BIP Coding Group" date="1997-04-10"/>
  </code>
  <code code="CCAT">
    <editdetail action="confirmed" attribution="Reuters BIP Coding Group" date="1997-04-10"/>
  </code>
</codes>
<dc element="dc.date.created" value="1997-04-10"/>
<dc element="dc.publisher" value="Reuters Holdings Plc"/>
<dc element="dc.date.published" value="1997-04-10"/>
<dc element="dc.source" value="Reuters"/>
<dc element="dc.creator.location" value="LONDON"/>
<dc element="dc.creator.location.country.name" value="UK"/>
<dc element="dc.source" value="Reuters"/>
</metadata>
</newsitem>
