<?xml version="1.0" encoding="ISO-8859-1" standalone="no"?>
<newsitem date="1997-04-10" id="root" itemid="499939" xml:lang="en">
<title>USA: Iowa-S Minn fed cattle lightly trade steady - USDA.</title>
<headline>Iowa-S Minn fed cattle lightly trade steady - USDA.</headline>
<dateline>DES MOINES 1997-04-10</dateline>
<text>
<p>Slaughter steers and heifers on live basis were steady in a light test. Trade slow. Demand moderate. Seller interest light to moderate.</p>
<p>Offerings current.</p>
<p>Steers: Select to mostly Choice 2-4 1200-1300 lbs 68.00.</p>
<p>Heifers: Select to mostly Choice 2-4 no sales</p>
<p>Carcass Basis (weight only). Slaughter steers and heifers steady in a light test.</p>
<p>Steers: Select to mostly Choice 2-4 1200-1300 lbs 109.00-110.00</p>
<p>Holstein: (weight only)</p>
<p>Select and Choice 2-3 1250-1400 lbs  no sales</p>
<p>Holsteins: ( grade &amp; weight)</p>
<p>Choice 2-3 1250-1450 lbs		 no sales</p>
<p>Select 2-3 1250-1450 lbs		 no sales</p>
<p>Heifers: Select to mostly Choice 2-4 1150 lbs ld  109.00</p>
<p>Confirmed Sales:     800 Week Ago:   7,200 Year Ago:    2,000</p>
<p>Week to Date:     22,700 Week Ago:  21,400 Year Ago:   28,500</p>
<p>((Chicago newsdesk 312-408-8720))</p>
</text>
<copyright>(c) Reuters Limited 1997</copyright>
<metadata>
<codes class="bip:countries:1.0">
  <code code="USA">
    <editdetail action="confirmed" attribution="Reuters BIP Coding Group" date="1997-04-10"/>
  </code>
</codes>
<codes class="bip:topics:1.0">
  <code code="M14">
    <editdetail action="confirmed" attribution="Reuters BIP Coding Group" date="1997-04-10"/>
  </code>
  <code code="M141">
    <editdetail action="confirmed" attribution="Reuters BIP Coding Group" date="1997-04-10"/>
  </code>
  <code code="MCAT">
    <editdetail action="confirmed" attribution="Reuters BIP Coding Group" date="1997-04-10"/>
  </code>
</codes>
<dc element="dc.date.created" value="1997-04-10"/>
<dc element="dc.publisher" value="Reuters Holdings Plc"/>
<dc element="dc.date.published" value="1997-04-10"/>
<dc element="dc.source" value="Reuters"/>
<dc element="dc.creator.location" value="DES MOINES"/>
<dc element="dc.creator.location.country.name" value="USA"/>
<dc element="dc.source" value="Reuters"/>
</metadata>
</newsitem>
