<?xml version="1.0" encoding="ISO-8859-1" standalone="no"?>
<newsitem date="1997-04-10" id="root" itemid="501362" xml:lang="en">
<title>NEW ZEALAND: NZ shares close stronger, defy global trend.</title>
<headline>NZ shares close stronger, defy global trend.</headline>
<text>
<p>* NZ share market defied weakness in U.S. and Australia</p>
<p>* Turnover light, as has been all week</p>
<p>* Warehouse shoots ahead after surprise result</p>
<p>---------------------------(April 10)--------------------------</p>
<p>Price movements at close</p>
<p>  LAST CHG</p>
<p>  127   -1  * NZSE-40 cap index +13.15 at 2,233.85</p>
<p>  308   -1  * NZSC cap index +5.44 at 4,968.86</p>
<p>  286   +4  * NZSE-10 cap index +3.91 at 1,098.79   340   +1  * Volume NZ$42 million. Futures 1116, +4</p>
<p>  654   +4  * Other movers - +52 -15</p>
</text>
<copyright>(c) Reuters Limited 1997</copyright>
<metadata>
<codes class="bip:countries:1.0">
  <code code="NZ">
    <editdetail action="confirmed" attribution="Reuters BIP Coding Group" date="1997-04-10"/>
  </code>
</codes>
<codes class="bip:topics:1.0">
  <code code="M11">
    <editdetail action="confirmed" attribution="Reuters BIP Coding Group" date="1997-04-10"/>
  </code>
  <code code="MCAT">
    <editdetail action="confirmed" attribution="Reuters BIP Coding Group" date="1997-04-10"/>
  </code>
</codes>
<dc element="dc.publisher" value="Reuters Holdings Plc"/>
<dc element="dc.date.published" value="1997-04-10"/>
<dc element="dc.source" value="Reuters"/>
<dc element="dc.creator.location.country.name" value="NEW ZEALAND"/>
<dc element="dc.source" value="Reuters"/>
</metadata>
</newsitem>
