<?xml version="1.0" encoding="ISO-8859-1" standalone="no"?>
<newsitem date="1997-04-10" id="root" itemid="500693" xml:lang="en">
<title>USA: Nat'l Quality Care had no Fresenius talks.</title>
<headline>Nat'l Quality Care had no Fresenius talks.</headline>
<dateline>LOS ANGELES 1997-04-10</dateline>
<text>
<p>National Quality Care Inc said Thursday it has held no discussions regarding a possible acquisition, or combination/joint venture of any form with Fresenius AG.</p>
<p>The company also said it withheld comment as to its interest or intent in pursuing such discussions, either now, or in the future.</p>
<p>National Quality Care said its comment is in response to a statement issued Wednesday in which Fresenius, headquartered in Bad Homburg, Germany, said it would sell two million shares of preferred stock to fund its expansion into the $65 billion dollar market for dialysis services in the United States.</p>
<p>Following its acquisition of W.R. Grace &amp; Co's dialysis unit in 1996, Fresenius is believed to be the world's largest manufacturer of dialysis equipment.</p>
<p>National Quality Care noted the Fresenius' statement did not mention any acquisition candidates by name.</p>
<p>However, it continued, analysts pointed to several publicly traded companies as potential takeover candidates, including National Quality Care, which has received numerous inquiries regarding this subject.</p>
<p>((-- New York Newsdesk 212-859-1610.))</p>
</text>
<copyright>(c) Reuters Limited 1997</copyright>
<metadata>
<codes class="bip:countries:1.0">
  <code code="USA">
    <editdetail action="confirmed" attribution="Reuters BIP Coding Group" date="1997-04-10"/>
  </code>
</codes>
<codes class="bip:industries:1.0">
  <code code="I01002">
    <editdetail action="confirmed" attribution="Reuters BIP Coding Group" date="1997-04-10"/>
  </code>
  <code code="I0100216">
    <editdetail action="confirmed" attribution="Reuters BIP Coding Group" date="1997-04-10"/>
  </code>
  <code code="I25100">
    <editdetail action="confirmed" attribution="Reuters BIP Coding Group" date="1997-04-10"/>
  </code>
  <code code="I37200">
    <editdetail action="confirmed" attribution="Reuters BIP Coding Group" date="1997-04-10"/>
  </code>
</codes>
<codes class="bip:topics:1.0">
  <code code="C11">
    <editdetail action="confirmed" attribution="Reuters BIP Coding Group" date="1997-04-10"/>
  </code>
  <code code="CCAT">
    <editdetail action="confirmed" attribution="Reuters BIP Coding Group" date="1997-04-10"/>
  </code>
</codes>
<dc element="dc.date.created" value="1997-04-10"/>
<dc element="dc.publisher" value="Reuters Holdings Plc"/>
<dc element="dc.date.published" value="1997-04-10"/>
<dc element="dc.source" value="Reuters"/>
<dc element="dc.creator.location" value="LOS ANGELES"/>
<dc element="dc.creator.location.country.name" value="USA"/>
<dc element="dc.source" value="Reuters"/>
</metadata>
</newsitem>
