<?xml version="1.0" encoding="ISO-8859-1" standalone="no"?>
<newsitem date="1997-04-10" id="root" itemid="499825" xml:lang="en">
<title>USA: BALANCE -- Georgia GOs at $22 mln.</title>
<headline>BALANCE -- Georgia GOs at $22 mln.</headline>
<text>
<p>STATE OF GEORGIA</p>
<p>RE: $307,195,000</p>
<p>GENERAL OBLIGATION BONDS, 1997A</p>
<p>MOODY'S: Aaa		   S&amp;P: AA+</p>
<p>Delivery Date: 04/24/1997</p>
<p>Maturity	   Balance     Coupon    List</p>
<p>04/01/2002	   9,380M    6.25	  4.70</p>
<p>04/01/2003	   9,755M    6.25	  4.80</p>
<p>04/01/2004	   3,135M    6.25	  4.90</p>
<p>  Total:	    22,270M</p>
<p>Goldman, Sachs &amp; Co.</p>
<p>J.P. Morgan Securities Inc.</p>
<p>Lehman Brothers</p>
<p>Interstate/Johnson Lane Corporation</p>
<p>First Union Capital Markets Corp.</p>
<p>Raymond, James &amp; Associates</p>
<p>IN ASSOCIATION WITH:</p>
<p>Bear, Stearns &amp; Co. Inc.</p>
<p>IN ASSOCIATION WITH:</p>
<p>Prudential Securities Incorporated</p>
<p>IN ASSOCIATION WITH:</p>
<p>Morgan Stanley &amp; Co. Incorporated</p>
<p>--U.S. Municipal Desk, 212-859-1650</p>
</text>
<copyright>(c) Reuters Limited 1997</copyright>
<metadata>
<codes class="bip:countries:1.0">
  <code code="USA">
    <editdetail action="confirmed" attribution="Reuters BIP Coding Group" date="1997-04-10"/>
  </code>
</codes>
<codes class="bip:topics:1.0">
  <code code="E21">
    <editdetail action="confirmed" attribution="Reuters BIP Coding Group" date="1997-04-10"/>
  </code>
  <code code="E212">
    <editdetail action="confirmed" attribution="Reuters BIP Coding Group" date="1997-04-10"/>
  </code>
  <code code="ECAT">
    <editdetail action="confirmed" attribution="Reuters BIP Coding Group" date="1997-04-10"/>
  </code>
</codes>
<dc element="dc.publisher" value="Reuters Holdings Plc"/>
<dc element="dc.date.published" value="1997-04-10"/>
<dc element="dc.source" value="Reuters"/>
<dc element="dc.creator.location.country.name" value="USA"/>
<dc element="dc.source" value="Reuters"/>
</metadata>
</newsitem>
