<?xml version="1.0" encoding="ISO-8859-1" standalone="no"?>
<newsitem date="1997-04-10" id="root" itemid="500788" xml:lang="en">
<title>UK: British parties trade blows on jobs and taxes.</title>
<headline>British parties trade blows on jobs and taxes.</headline>
<byline>Alan Wheatley</byline>
<dateline>LONDON 1997-04-10</dateline>
<text>
<p>Britain's two main politicial parties tried on Thursday to punch holes in each other's economic policies to win over voters on the central question of the election -- who can be trusted to run the country?</p>
<p>As the six-week campaign for the May 1 election reached its half-way stage, Prime Minister John Major's Conservatives took heart from a rise in its opinion poll rating to attack one of their Labour opponents' core manifesto commitments.</p>
<p>Labour leader Tony Blair has promised to get 250,000 young unemployed people off welfare and into work by offering employers a 60 pound ($98) a week subsidy.</p>
<p>But Prime Minister John Major, in a relaxed performance at his daily news conference, said companies would simply sack existing workers to make room for others who would cost less because of the subsidy.</p>
<p>Furthermore, Labour's pledge to introduce a minimum wage and to sign the European Union's social chapter on workers' rights would throw more young people out of work, he claimed.</p>
<p>"The truth is: Labour would need to have an employment scheme funded by the taxpayer merely to scoop up the young people thrown out of work by their other policies," Major said.</p>
<p>"If you are a young person and you want a job, do not trust Labour. If you are a parent and you want your son and daughter to have a job, do not trust Labour," he added.</p>
<p>Earlier, Blair had kept up the attack on Major's tax record, charging that the Conservatives had repeatedly broken the promise they made at the 1992 election not to raise taxes.</p>
<p>He challenged Major to confirm the conclusion of a study by the Institute of Fiscal Studies, a respected indepedent think tank, that taxes had risen since 1992 and that the average family was at least seven pounds ($11.36) a week worse off.</p>
<p>"The Tories will not be believed on their promises for the next five years until they have admitted the truth about the last five years," said Blair, who looked at times to be feeling the pressure.</p>
<p>Blair shrugged off a MORI poll in Thursday's Times newspaper showing the Conservatives just 15 points adrift of Labour, compared with 27 points last week. The survey gave the ruling party 34 percent support against 49 percent for Labour.</p>
<p>Repeating his mantra that he had never been complacent, Blair said only one poll mattered -- the real one on May 1.</p>
<p>Blair's aides said they had always expected their huge poll lead to narrow in the heat of battle. But they also pointed to a separate Gallup poll for Thursday's Daily Telegraph newspaper giving Labour 53 percent and the Conservatives 30 percent.</p>
<p>Blair, whose party has been in opposition since 1979, is convinced he needs to put across a positive case for change and not rely solely on trying to torpedo the Conservatives' record.</p>
<p>With signs that voters are tiring of the daily slanging matches, Blair ordered Labour's 10-point "Contract with the British people" to be delivered to every home in the country.</p>
<p>"The Tory Lie Machine is now moving up a gear, so it is vital that we move up a gear in our positive campaigning. The contract is the key to that," he said.</p>
</text>
<copyright>(c) Reuters Limited 1997</copyright>
<metadata>
<codes class="bip:countries:1.0">
  <code code="UK">
    <editdetail action="confirmed" attribution="Reuters BIP Coding Group" date="1997-04-10"/>
  </code>
</codes>
<codes class="bip:topics:1.0">
  <code code="GCAT">
    <editdetail action="confirmed" attribution="Reuters BIP Coding Group" date="1997-04-10"/>
  </code>
  <code code="GPOL">
    <editdetail action="confirmed" attribution="Reuters BIP Coding Group" date="1997-04-10"/>
  </code>
  <code code="GVOTE">
    <editdetail action="confirmed" attribution="Reuters BIP Coding Group" date="1997-04-10"/>
  </code>
</codes>
<dc element="dc.date.created" value="1997-04-10"/>
<dc element="dc.publisher" value="Reuters Holdings Plc"/>
<dc element="dc.date.published" value="1997-04-10"/>
<dc element="dc.source" value="Reuters"/>
<dc element="dc.creator.location" value="LONDON"/>
<dc element="dc.creator.location.country.name" value="UK"/>
<dc element="dc.source" value="Reuters"/>
</metadata>
</newsitem>
