<?xml version="1.0" encoding="ISO-8859-1" standalone="no"?>
<newsitem date="1997-04-10" id="root" itemid="501266" xml:lang="en">
<title>BELGIUM: Designer Versace loses trademark case in Belgium.</title>
<headline>Designer Versace loses trademark case in Belgium.</headline>
<dateline>BRUSSELS 1997-04-10</dateline>
<text>
<p>Leading Italian fashion house Gianni Versace on Thursday lost a court case against a woman who had been selling fashion accessories with its world registered trademark, the head of the snake-haired gorgon Medusa.</p>
<p>It was unclear immediately if the decision by the court in the port city of Antwerp would have implications outside Belgium and, if so, how much it could eventually cost Versace.</p>
<p>Companies spend heavily on creating trademarks and fight strenuously to protect them. A conspicuous trademark is a strong selling point.</p>
<p>The Milan-based Versace took a court case through the Belgian copyright protection association against a woman for selling scarves, bags and belts carrying a Medusa logo that were not made by or licensed to Versace.</p>
<p>But the Antwerp court threw out the company's case. It gave no reasons for its decision.</p>
<p>The woman had argued that mythological characters were part of world culture and therefore could not be appropriated for the exclusive use of private businesses.</p>
</text>
<copyright>(c) Reuters Limited 1997</copyright>
<metadata>
<codes class="bip:countries:1.0">
  <code code="BELG">
    <editdetail action="confirmed" attribution="Reuters BIP Coding Group" date="1997-04-10"/>
  </code>
</codes>
<codes class="bip:industries:1.0">
  <code code="I45300">
    <editdetail action="confirmed" attribution="Reuters BIP Coding Group" date="1997-04-10"/>
  </code>
</codes>
<codes class="bip:topics:1.0">
  <code code="C12">
    <editdetail action="confirmed" attribution="Reuters BIP Coding Group" date="1997-04-10"/>
  </code>
  <code code="C13">
    <editdetail action="confirmed" attribution="Reuters BIP Coding Group" date="1997-04-10"/>
  </code>
  <code code="CCAT">
    <editdetail action="confirmed" attribution="Reuters BIP Coding Group" date="1997-04-10"/>
  </code>
  <code code="GCAT">
    <editdetail action="confirmed" attribution="Reuters BIP Coding Group" date="1997-04-10"/>
  </code>
  <code code="GCRIM">
    <editdetail action="confirmed" attribution="Reuters BIP Coding Group" date="1997-04-10"/>
  </code>
  <code code="GFAS">
    <editdetail action="confirmed" attribution="Reuters BIP Coding Group" date="1997-04-10"/>
  </code>
</codes>
<dc element="dc.date.created" value="1997-04-10"/>
<dc element="dc.publisher" value="Reuters Holdings Plc"/>
<dc element="dc.date.published" value="1997-04-10"/>
<dc element="dc.source" value="Reuters"/>
<dc element="dc.creator.location" value="BRUSSELS"/>
<dc element="dc.creator.location.country.name" value="BELGIUM"/>
<dc element="dc.source" value="Reuters"/>
</metadata>
</newsitem>
