<?xml version="1.0" encoding="ISO-8859-1" standalone="no"?>
<newsitem date="1997-04-10" id="root" itemid="500473" xml:lang="en">
<title>INDIA: India rulers, Congress resume talks on eve of vote.</title>
<headline>India rulers, Congress resume talks on eve of vote.</headline>
<byline>Sabyasachi Mitra</byline>
<dateline>NEW DELHI 1997-04-10</dateline>
<text>
<p>India's governing coalition and the Congress party on Thursday began a second round of crucial talks on the eve of a vote of confidence, after a split on who should lead the nation.</p>
<p>The first round of talks on Wednesday failed to make headway after Congress, which has threatened to help topple Prime Minister H.D. Deve Gowda in Friday's vote, insisted its leader, Sitaram Kesri, be named prime minister.</p>
<p>Kesri, citing a drifting economy and rising communal tensions, withdrew his party's support for Deve Gowda on March 30, triggering the political crisis and raising the prospect of mid-term elections.</p>
<p>Deve Gowda proposed the confidence vote after President Shankar Dayal Sharma asked him to prove his majority in parliament.</p>
<p>The centre-left coalition has insisted that Deve Gowda remain Prime Minister. "The United Front delegates summarily rejected the (Congress) suggestion," a senior United Front official said on Wednesday.</p>
<p>Each side was represented by five members at the first round of talks at the New Delhi residence of Jammu and Kashmir state chief Farooq Abdullah.</p>
<p>"Let us see how the discussion goes on," senior Congress leader Ved Prakash told Reuters on Thursday when asked whether Congress would continue to insist on Kesri's elevation to the prime ministership.</p>
<p>Kesri hosted a dinner on Wednesday for Congress deputies in parliament in a bid to display party unity.</p>
<p>"There will be a revolt in Congress if the negotiations fail," the United Front official said.</p>
<p>Both United Front and Congress leaders said they were hopeful a solution would be found to avert snap polls which opinion surveys show would likely strengthen the rightwing opposition Bharatiya Janata Party (BJP).</p>
<p>"Both sides are keen that a solution should evolve," said Prakash. "Nobody wants elections. They feel that secular forces should come together otherwise the advantage would go to the BJP."</p>
<p>The Hindu nationalist BJP emerged as the largest single party in parliament in inconclusive elections last year. With its allies, it controls 193 seats.</p>
<p>The 15-member United Front has 180 deputies in the 542-member lower house of parliament, the Lok Sabha, while the Congress has 140 legislators.</p>
<p>The Lok Sabha was set to convene on Friday at 11 a.m. (0530 GMT) and was expected to debate the confidence motion before taking a vote. The prime minister would need a simple majority of those present and voting to win.</p>
<p>Many politicians feel President Sharma would invite the BJP to form a government if Deve Gowda lost the vote.</p>
<p>The BJP ruled for 12 days last May, then quit after it failed to muster a majority, paving the way for Deve Gowda to assume power.</p>
</text>
<copyright>(c) Reuters Limited 1997</copyright>
<metadata>
<codes class="bip:countries:1.0">
  <code code="INDIA">
    <editdetail action="confirmed" attribution="Reuters BIP Coding Group" date="1997-04-10"/>
  </code>
</codes>
<codes class="bip:topics:1.0">
  <code code="GCAT">
    <editdetail action="confirmed" attribution="Reuters BIP Coding Group" date="1997-04-10"/>
  </code>
  <code code="GPOL">
    <editdetail action="confirmed" attribution="Reuters BIP Coding Group" date="1997-04-10"/>
  </code>
</codes>
<dc element="dc.date.created" value="1997-04-10"/>
<dc element="dc.publisher" value="Reuters Holdings Plc"/>
<dc element="dc.date.published" value="1997-04-10"/>
<dc element="dc.source" value="Reuters"/>
<dc element="dc.creator.location" value="NEW DELHI"/>
<dc element="dc.creator.location.country.name" value="INDIA"/>
<dc element="dc.source" value="Reuters"/>
</metadata>
</newsitem>
