<?xml version="1.0" encoding="ISO-8859-1" standalone="no"?>
<newsitem date="1997-04-10" id="root" itemid="501407" xml:lang="en">
<title>AUSTRALIA: Australia sees Indonesia as growing beef market.</title>
<headline>Australia sees Indonesia as growing beef market.</headline>
<dateline>SYDNEY 1997-04-10</dateline>
<text>
<p>Indonesia was steadily becoming a significant market for Australian beef and strong export growth was set to continue, the Australian Meat and Livestock Corp (AMLC) said on Thursday.</p>
<p>After five years of strong growth, Australian beef sales to Indonesia in calendar 1997 were projected to rise to 18,000 tonnes from 16,615 tonnes in 1996, the AMLC said in its latest Meat and Livestock Review.  </p>
<p>Indonesia's growing demand for Australian meat had been driven by increased demand for red meat as a result of increasing disposable income, AMLC marketing assistant Southeast Asia Michelle Reich said in the monthly review.</p>
<p>It had also been driven by domestic production which could not keep pace with increases in consumer demand, she said.</p>
<p>Higher incomes and a growing middle class in Indonesia were providing many opportunities for Australian beef, heightened by the market's geographical location and competitive pricing by the Australian industry.  </p>
<p>Economic growth of six percent to seven percent a year in Indonesia over the past six years had resulted in an emerging substantial middle class, with 10 percent of Indonesia's population of 192 million reported to have an average income above that of Australians, she said.</p>
<p>For many commodities, relatively high duties or other access restrictions tended to result in high prices for imported products, restricting sales generally to middle to upper class Indonesians or expatriates and visitors.  </p>
<p>This was slightly different for beef and there were opportunities for different beef products to penetrate the various market sectors.</p>
<p>Australian frozen beef exports to Indonesia were primarily destined for the manufacturing sector, the wet market and, to a lesser extent, supermarkets.</p>
<p>Chilled product, however, was primarily utilised in supermarkets and foodservice sectors.</p>
<p>Strongly rising Indonesian beef demand had occurred in conjunction with substantial increases in live cattle exports.  </p>
<p>"Although there are informal controls being utilised by the Indonesian authorities to manage imports, these are infrequent and do not appear to have unduly prevented imports from growing," Reich said.</p>
<p>Indonesia now had about 30 commercial feedlots with total capacity of about 360,000 tonnes of finished beef a year, especially from Australian feeder steers.</p>
<p>"Indonesia's proximity, strengthening economy and large population all combine to create a unique trading customer for Australian beef and lamb," she said.  </p>
<p>"Currently the Indonesian agricultural industry is struggling to satisfy the growth in consumer demand for these red meat products. Opportunities are evident at all levels, including retail, the hotel, restaurant and institution trade and the manufacturing sector," Reich said.</p>
<p>Australia exported 738,000 tonnes of beef and veal world-wide in 1995/96 ended June 30.</p>
<p>-- Sydney Newsroom 61-2 9373-1800</p>
</text>
<copyright>(c) Reuters Limited 1997</copyright>
<metadata>
<codes class="bip:countries:1.0">
  <code code="AUSTR">
    <editdetail action="confirmed" attribution="Reuters BIP Coding Group" date="1997-04-10"/>
  </code>
  <code code="INDON">
    <editdetail action="confirmed" attribution="Reuters BIP Coding Group" date="1997-04-10"/>
  </code>
</codes>
<codes class="bip:industries:1.0">
  <code code="I01001">
    <editdetail action="confirmed" attribution="Reuters BIP Coding Group" date="1997-04-10"/>
  </code>
  <code code="I0100105">
    <editdetail action="confirmed" attribution="Reuters BIP Coding Group" date="1997-04-10"/>
  </code>
  <code code="I41220">
    <editdetail action="confirmed" attribution="Reuters BIP Coding Group" date="1997-04-10"/>
  </code>
</codes>
<codes class="bip:topics:1.0">
  <code code="C31">
    <editdetail action="confirmed" attribution="Reuters BIP Coding Group" date="1997-04-10"/>
  </code>
  <code code="C312">
    <editdetail action="confirmed" attribution="Reuters BIP Coding Group" date="1997-04-10"/>
  </code>
  <code code="CCAT">
    <editdetail action="confirmed" attribution="Reuters BIP Coding Group" date="1997-04-10"/>
  </code>
  <code code="M14">
    <editdetail action="confirmed" attribution="Reuters BIP Coding Group" date="1997-04-10"/>
  </code>
  <code code="M141">
    <editdetail action="confirmed" attribution="Reuters BIP Coding Group" date="1997-04-10"/>
  </code>
  <code code="MCAT">
    <editdetail action="confirmed" attribution="Reuters BIP Coding Group" date="1997-04-10"/>
  </code>
</codes>
<dc element="dc.date.created" value="1997-04-10"/>
<dc element="dc.publisher" value="Reuters Holdings Plc"/>
<dc element="dc.date.published" value="1997-04-10"/>
<dc element="dc.source" value="Reuters"/>
<dc element="dc.creator.location" value="SYDNEY"/>
<dc element="dc.creator.location.country.name" value="AUSTRALIA"/>
<dc element="dc.source" value="Reuters"/>
</metadata>
</newsitem>
