<?xml version="1.0" encoding="ISO-8859-1" standalone="no"?>
<newsitem date="1997-04-10" id="root" itemid="501827" xml:lang="en">
<title>SPAIN: Telefonica says no U.S. partner chosen yet.</title>
<headline>Telefonica says no U.S. partner chosen yet.</headline>
<dateline>MADRID 1997-04-10</dateline>
<text>
<p>The board of Spain's Telefonica met on Wednesday to discuss its international alliances, but has not yet decided on a U.S. partner, a spokesman for the firm said on Thursday.</p>
<p>"It's true that the board met yesterday to study the issue of an international partner, but it wasn't the only subject and we haven't made any decision yet," the spokesman told Reuters.</p>
<p>Local press reports today said the firm could be putting the final touches on a tie-up with MCI.</p>
<p>Telefonica chairman Juan Villalonga said in March that the firm would announce a U.S. partner within weeks, adding it was in talks with practically all operators.</p>
<p>Market analysts consider the most likely partners to be AT&amp;T or MCI, giving Telefonica access to the hispanic market in the U.S..</p>
<p>-- Madrid newsroom +341 585 2160</p>
</text>
<copyright>(c) Reuters Limited 1997</copyright>
<metadata>
<codes class="bip:countries:1.0">
  <code code="SPAIN">
    <editdetail action="confirmed" attribution="Reuters BIP Coding Group" date="1997-04-10"/>
  </code>
  <code code="USA">
    <editdetail action="confirmed" attribution="Reuters BIP Coding Group" date="1997-04-10"/>
  </code>
</codes>
<codes class="bip:industries:1.0">
  <code code="I79020">
    <editdetail action="confirmed" attribution="Reuters BIP Coding Group" date="1997-04-10"/>
  </code>
</codes>
<codes class="bip:topics:1.0">
  <code code="C11">
    <editdetail action="confirmed" attribution="Reuters BIP Coding Group" date="1997-04-10"/>
  </code>
  <code code="CCAT">
    <editdetail action="confirmed" attribution="Reuters BIP Coding Group" date="1997-04-10"/>
  </code>
</codes>
<dc element="dc.date.created" value="1997-04-10"/>
<dc element="dc.publisher" value="Reuters Holdings Plc"/>
<dc element="dc.date.published" value="1997-04-10"/>
<dc element="dc.source" value="Reuters"/>
<dc element="dc.creator.location" value="MADRID"/>
<dc element="dc.creator.location.country.name" value="SPAIN"/>
<dc element="dc.source" value="Reuters"/>
</metadata>
</newsitem>
