<?xml version="1.0" encoding="ISO-8859-1" standalone="no"?>
<newsitem date="1997-04-10" id="root" itemid="500614" xml:lang="en">
<title>USA: Cato March same-store sales up 7 pct.</title>
<headline>Cato March same-store sales up 7 pct.</headline>
<dateline>CHARLOTTE, N.C. 1997-04-10</dateline>
<text>
<p>Cato Corp said Thursday its sales for the five weeks ended April 5 were $53.8 million, an increase of six percent versus sales of $50.8 million for the five weeks ended April 6, 1996.</p>
<p>It said same-store sales for March, or sales in stores that were open and were not relocated or expanded during the last 15 months, increased seven percent.</p>
<p>Sales for the nine weeks ended April 5 were $91.3 million, an increase of six percent versus sales of $86.1 million a year ago. Year-to-date same-store sales increased seven percent.</p>
<p>((--New York Newsdesk 212 859-1610))</p>
</text>
<copyright>(c) Reuters Limited 1997</copyright>
<metadata>
<codes class="bip:countries:1.0">
  <code code="USA">
    <editdetail action="confirmed" attribution="Reuters BIP Coding Group" date="1997-04-10"/>
  </code>
</codes>
<codes class="bip:industries:1.0">
  <code code="I65400">
    <editdetail action="confirmed" attribution="Reuters BIP Coding Group" date="1997-04-10"/>
  </code>
</codes>
<codes class="bip:topics:1.0">
  <code code="C31">
    <editdetail action="confirmed" attribution="Reuters BIP Coding Group" date="1997-04-10"/>
  </code>
  <code code="CCAT">
    <editdetail action="confirmed" attribution="Reuters BIP Coding Group" date="1997-04-10"/>
  </code>
</codes>
<dc element="dc.date.created" value="1997-04-10"/>
<dc element="dc.publisher" value="Reuters Holdings Plc"/>
<dc element="dc.date.published" value="1997-04-10"/>
<dc element="dc.source" value="Reuters"/>
<dc element="dc.creator.location" value="CHARLOTTE, N.C."/>
<dc element="dc.creator.location.country.name" value="USA"/>
<dc element="dc.source" value="Reuters"/>
</metadata>
</newsitem>
