<?xml version="1.0" encoding="ISO-8859-1" standalone="no"?>
<newsitem date="1997-04-10" id="root" itemid="501671" xml:lang="en">
<title>JAPAN: Japan posts Y2.93 trln appraised forex profits - MOF.</title>
<headline>Japan posts Y2.93 trln appraised forex profits - MOF.</headline>
<dateline>TOKYO 1997-04-10</dateline>
<text>
<p>Japan posted 2.932 trillion yen in appraisal profits in its special foreign exchange accounts in the 1996/97 fiscal year, a senior Ministry of Finance official said on Thursday.</p>
<p>Eisuke Sakakibara, director-general of the Finance Ministry's International Finance Bureau, told a parliamentary committee that as the result of the gains, accumulated appraisal losses in the accounts shrank to 7.1603 trillion yen by the end of the 1996/97 fiscal year from 10.0923 trillion yen in the previous fiscal year-end.</p>
<p>-- Tokyo Treasury Desk +81-3-3432-1396</p>
</text>
<copyright>(c) Reuters Limited 1997</copyright>
<metadata>
<codes class="bip:countries:1.0">
  <code code="JAP">
    <editdetail action="confirmed" attribution="Reuters BIP Coding Group" date="1997-04-10"/>
  </code>
</codes>
<codes class="bip:topics:1.0">
  <code code="E21">
    <editdetail action="confirmed" attribution="Reuters BIP Coding Group" date="1997-04-10"/>
  </code>
  <code code="E211">
    <editdetail action="confirmed" attribution="Reuters BIP Coding Group" date="1997-04-10"/>
  </code>
  <code code="ECAT">
    <editdetail action="confirmed" attribution="Reuters BIP Coding Group" date="1997-04-10"/>
  </code>
</codes>
<dc element="dc.date.created" value="1997-04-10"/>
<dc element="dc.publisher" value="Reuters Holdings Plc"/>
<dc element="dc.date.published" value="1997-04-10"/>
<dc element="dc.source" value="Reuters"/>
<dc element="dc.creator.location" value="TOKYO"/>
<dc element="dc.creator.location.country.name" value="JAPAN"/>
<dc element="dc.source" value="Reuters"/>
</metadata>
</newsitem>
