<?xml version="1.0" encoding="ISO-8859-1" standalone="no"?>
<newsitem date="1997-04-10" id="root" itemid="501271" xml:lang="en">
<title>USA: USA-STOCKS-OPEN.</title>
<headline>USA-STOCKS-OPEN.</headline>
<dateline>NEW YORK 1997-04-10</dateline>
<text>
<p>Wall Street stocks were mixed in early trading on Thursday with investors looking to producer prices and retail sales data out tomorrow.</p>
<p>The Dow industrials were up 11.33 at 6575.17 and the Nasdaq composite was off 1.93 at 1247.50.</p>
<p>Decliners lead advancers eight to six on the New York Stock Exchange.</p>
</text>
<copyright>(c) Reuters Limited 1997</copyright>
<metadata>
<codes class="bip:countries:1.0">
  <code code="USA">
    <editdetail action="confirmed" attribution="Reuters BIP Coding Group" date="1997-04-10"/>
  </code>
</codes>
<codes class="bip:topics:1.0">
  <code code="E143">
    <editdetail action="confirmed" attribution="Reuters BIP Coding Group" date="1997-04-10"/>
  </code>
</codes>
<dc element="dc.date.created" value="1997-04-10"/>
<dc element="dc.publisher" value="Reuters Holdings Plc"/>
<dc element="dc.date.published" value="1997-04-10"/>
<dc element="dc.source" value="Reuters"/>
<dc element="dc.creator.location" value="NEW YORK"/>
<dc element="dc.creator.location.country.name" value="USA"/>
<dc element="dc.source" value="Reuters"/>
</metadata>
</newsitem>
