<?xml version="1.0" encoding="ISO-8859-1" standalone="no"?>
<newsitem date="1997-04-10" id="root" itemid="501389" xml:lang="en">
<title>NEW ZEALAND: Result restores faith in NZ's The Warehouse.</title>
<headline>Result restores faith in NZ's The Warehouse.</headline>
<byline>James Gray</byline>
<dateline>AUCKLAND 1997-04-10</dateline>
<text>
<p>A big earnings turnaround in The Warehouse Group Ltd has restored the share market's faith in the retailer, and analysts said on Thursday they had full year profits of above NZ$30 million (US$21 million) in their sights.</p>
<p>The discount chain reported net profit of NZ$25.3 million for the six months to January late on Wednesday. Most analysts had expected a result under $20 million.</p>
<p>The company, which has changed to a January 31 balance date from a March 31 date, reported earnings of NZ$5.26 million in the four months to July 31.</p>
<p>"There is probably some conjecture on what it means for the full year result still, but it definitely restores the company's credibility," said one analyst, who declined to be identified.</p>
<p>The company had historically enjoyed strong growth since its start-up in 1982, as New Zealanders flocked to its bright red stores in search of a bargain.</p>
<p>But The Warehouse was caned by the market when it last year reported an annual result of NZ$23.11 million, down sharply from $35.23 million a year earlier, and well under market forecasts.</p>
<p>Its shares were driven as low as NZ$2.00 last June -- their lowest point since listing in November, 1994.</p>
<p>Overstocking and systems problems were blamed for the poor outcome at that time and the doubts lingered into this year.</p>
<p>"It's a continuation of the rebuilding of its credibility after the hiccup of 1996 and the market loves them again," the analyst said of the improved result.</p>
<p>"There had been a lot of doubters in the market. I guess they've got their act together a little quicker than people thought in terms of manning costs and other such things."</p>
<p>Some analysts said there was some suggestion the period may have been more buoyant seasonally than originally thought.</p>
<p>Most analysts have now marked up their forecasts for the full-year profit to over NZ$30 million. The range of forecasts remains fairly wide, though an outcome in the high $30 millions was seen as unlikely.</p>
<p>A clearer picture for the full year is expected to emerge after the company holds briefings during Friday.</p>
<p>The positive earnings surprise boosted the stock to a new year high of NZ$3.75, later easing to NZ$3.67, nevertheless up 47 cents on Wednesday's close.</p>
<p>The Warehouse is 53 percent owned by its principal, Stephen Tindall, and the Tindall foundation.</p>
<p>The AMP Society revealed on Monday this week that it held 8.09 percent of the shares, but brokers said sharp share price gains was purely linked to results and not liquidity-driven.</p>
<p>Warren Couillault, retail analyst at SBC Warburg, said The Warehouse had gone through a restoration process over the last six months.</p>
<p>"I suppose the surprise is that margins have rebounded quite strongly. Most people were forecasting pretty strong gains but it was a bit of a surprise across the board," he said.</p>
<p>"None of that result is assistance from the economy. It's 100 percent them getting their act together and taking out costs they incurred last year," he added.</p>
<p>(US$1 = NZ$1.46)</p>
</text>
<copyright>(c) Reuters Limited 1997</copyright>
<metadata>
<codes class="bip:countries:1.0">
  <code code="NZ">
    <editdetail action="confirmed" attribution="Reuters BIP Coding Group" date="1997-04-10"/>
  </code>
</codes>
<codes class="bip:industries:1.0">
  <code code="I65600">
    <editdetail action="confirmed" attribution="Reuters BIP Coding Group" date="1997-04-10"/>
  </code>
</codes>
<codes class="bip:topics:1.0">
  <code code="C15">
    <editdetail action="confirmed" attribution="Reuters BIP Coding Group" date="1997-04-10"/>
  </code>
  <code code="C151">
    <editdetail action="confirmed" attribution="Reuters BIP Coding Group" date="1997-04-10"/>
  </code>
  <code code="C1511">
    <editdetail action="confirmed" attribution="Reuters BIP Coding Group" date="1997-04-10"/>
  </code>
  <code code="C152">
    <editdetail action="confirmed" attribution="Reuters BIP Coding Group" date="1997-04-10"/>
  </code>
  <code code="CCAT">
    <editdetail action="confirmed" attribution="Reuters BIP Coding Group" date="1997-04-10"/>
  </code>
</codes>
<dc element="dc.date.created" value="1997-04-10"/>
<dc element="dc.publisher" value="Reuters Holdings Plc"/>
<dc element="dc.date.published" value="1997-04-10"/>
<dc element="dc.source" value="Reuters"/>
<dc element="dc.creator.location" value="AUCKLAND"/>
<dc element="dc.creator.location.country.name" value="NEW ZEALAND"/>
<dc element="dc.source" value="Reuters"/>
</metadata>
</newsitem>
