<?xml version="1.0" encoding="ISO-8859-1" standalone="no"?>
<newsitem date="1997-04-10" id="root" itemid="501288" xml:lang="en">
<title>INDIA: Bombay shares end lower, political worries remain.</title>
<headline>Bombay shares end lower, political worries remain.</headline>
<dateline>BOMBAY 1997-04-10</dateline>
<text>
<p>Bombay blue chips ended lower in nervous trade on Thursday with market players awaiting political developments, dealers said.</p>
<p>The ruling United Front coalition, which is in a minority in parliament, faces a vote of confidence on Friday.</p>
<p>Stocks dipped on news the Congress party had instructed its deputies to vote against the ruling coalition in the vote but the political situation remained unclear, dealers said.</p>
<p>Bombay's benchmark 30-share index ends 52.98 points, or 1.45 percent, down at a provisional 3,597.90.</p>
<p>"Yes, there is confusion, but everybody is hopeful that there will be some way out," Brij Gopal Daga, chief general manager (market operations) at Unit Trust of India told Reuters.</p>
<p>The Congress decision to vote against the government, after two rounds of talks, was bad news for the market, but traders said they were still hopeful of a patch-up.</p>
<p>"The market came off, but is off its lows. Perhaps, most people are still not convinced about the news," Prashant Purker, head of institutional sales at Peregrine Securities said.</p>
<p>"The market thinks there is still hope for conciliation."</p>
<p>The Congress on March 30 withdrew crucial support for Prime Minister H.D. Deve Gowda's 15-party centre-left coalition sparking off the current political crisis and raising the prospect of mid-term elections.</p>
<p>Senior United Front leader Laloo Prasad Yadav on Thursday said India will have to hold fresh general elections as talks with the Congress party had failed.</p>
<p>"Read my lips. There will be elections. Let the people decide," Laloo told reporters in New Delhi after the close of trade.</p>
<p>The Bombay Stock Exchange (BSE) is open for trading on Saturday between 10:00 a.m. and 1:30 p.m. (0430-0800 GMT) because of political developments, the BSE said on Thursday.</p>
</text>
<copyright>(c) Reuters Limited 1997</copyright>
<metadata>
<codes class="bip:countries:1.0">
  <code code="INDIA">
    <editdetail action="confirmed" attribution="Reuters BIP Coding Group" date="1997-04-10"/>
  </code>
</codes>
<codes class="bip:topics:1.0">
  <code code="GPOL">
    <editdetail action="confirmed" attribution="Reuters BIP Coding Group" date="1997-04-10"/>
  </code>
  <code code="GVOTE">
    <editdetail action="confirmed" attribution="Reuters BIP Coding Group" date="1997-04-10"/>
  </code>
  <code code="M11">
    <editdetail action="confirmed" attribution="Reuters BIP Coding Group" date="1997-04-10"/>
  </code>
</codes>
<dc element="dc.date.created" value="1997-04-10"/>
<dc element="dc.publisher" value="Reuters Holdings Plc"/>
<dc element="dc.date.published" value="1997-04-10"/>
<dc element="dc.source" value="Reuters"/>
<dc element="dc.creator.location" value="BOMBAY"/>
<dc element="dc.creator.location.country.name" value="INDIA"/>
<dc element="dc.source" value="Reuters"/>
</metadata>
</newsitem>
