<?xml version="1.0" encoding="ISO-8859-1" standalone="no"?>
<newsitem date="1997-04-10" id="root" itemid="500013" xml:lang="en">
<title>USA: Duff &amp; Phelps rates Mexican yen bond as Double-B.</title>
<headline>Duff &amp; Phelps rates Mexican yen bond as Double-B.</headline>
<dateline>CHICAGO 1997-04-10</dateline>
<text>
<p>Duff &amp; Phelps Credit Rating Co said Thursday it has assigned a Double-B rating to the 100 billion yen Samurai bond issue from Mexico.</p>
<p>The five-year bonds have a 3.1 percent coupon.</p>
<p>The rating is supported by Mexico's "fiscal discipline and monetary policies, which successfully abated inflation and interest rates in 1996," Duff &amp; Phelps said in a statement.</p>
<p>Duff &amp; Phelps said it believes the country's vulnerability to unexpected shocks has been considerably reduced.</p>
<p>The rating also reflects the lingering effects of the 1994 peso crisis and Mexico's low domestic savings.</p>
<p>"However, DCR recognizes progress in each of these areas," it said.</p>
<p>((--Chicago newsdesk, 312-408-8787))</p>
</text>
<copyright>(c) Reuters Limited 1997</copyright>
<metadata>
<codes class="bip:countries:1.0">
  <code code="MEX">
    <editdetail action="confirmed" attribution="Reuters BIP Coding Group" date="1997-04-10"/>
  </code>
  <code code="USA">
    <editdetail action="confirmed" attribution="Reuters BIP Coding Group" date="1997-04-10"/>
  </code>
</codes>
<codes class="bip:topics:1.0">
  <code code="C17">
    <editdetail action="confirmed" attribution="Reuters BIP Coding Group" date="1997-04-10"/>
  </code>
  <code code="C174">
    <editdetail action="confirmed" attribution="Reuters BIP Coding Group" date="1997-04-10"/>
  </code>
  <code code="CCAT">
    <editdetail action="confirmed" attribution="Reuters BIP Coding Group" date="1997-04-10"/>
  </code>
  <code code="E21">
    <editdetail action="confirmed" attribution="Reuters BIP Coding Group" date="1997-04-10"/>
  </code>
  <code code="E212">
    <editdetail action="confirmed" attribution="Reuters BIP Coding Group" date="1997-04-10"/>
  </code>
  <code code="ECAT">
    <editdetail action="confirmed" attribution="Reuters BIP Coding Group" date="1997-04-10"/>
  </code>
</codes>
<dc element="dc.date.created" value="1997-04-10"/>
<dc element="dc.publisher" value="Reuters Holdings Plc"/>
<dc element="dc.date.published" value="1997-04-10"/>
<dc element="dc.source" value="Reuters"/>
<dc element="dc.creator.location" value="CHICAGO"/>
<dc element="dc.creator.location.country.name" value="USA"/>
<dc element="dc.source" value="Reuters"/>
</metadata>
</newsitem>
