<?xml version="1.0" encoding="ISO-8859-1" standalone="no"?>
<newsitem date="1997-04-10" id="root" itemid="501614" xml:lang="en">
<title>SOUTH KOREA: Gas pipeline explodes in central Seoul.</title>
<headline>Gas pipeline explodes in central Seoul.</headline>
<dateline>SEOUL 1997-04-10</dateline>
<text>
<p>An underground gas pipeline exploded in central Seoul on Thursday and residents were being evacuated, state radio said.</p>
<p>There were no immediate reports of casualties, the radio added. A police official confirmed the explosion, but gave no more details.  </p>
<p>Korea Broadcasting System said a flame from the explosion reached up to 50 metres (160 feet) before it was brought under control about 30 minutes later.</p>
<p>It said an excavator at a subway construction site hit the gas pipe before the blast.</p>
<p>Police later said there were no casualties from the explosion.</p>
</text>
<copyright>(c) Reuters Limited 1997</copyright>
<metadata>
<codes class="bip:countries:1.0">
  <code code="SKOREA">
    <editdetail action="confirmed" attribution="Reuters BIP Coding Group" date="1997-04-10"/>
  </code>
</codes>
<codes class="bip:topics:1.0">
  <code code="GCAT">
    <editdetail action="confirmed" attribution="Reuters BIP Coding Group" date="1997-04-10"/>
  </code>
  <code code="GDIS">
    <editdetail action="confirmed" attribution="Reuters BIP Coding Group" date="1997-04-10"/>
  </code>
</codes>
<dc element="dc.date.created" value="1997-04-10"/>
<dc element="dc.publisher" value="Reuters Holdings Plc"/>
<dc element="dc.date.published" value="1997-04-10"/>
<dc element="dc.source" value="Reuters"/>
<dc element="dc.creator.location" value="SEOUL"/>
<dc element="dc.creator.location.country.name" value="SOUTH KOREA"/>
<dc element="dc.source" value="Reuters"/>
</metadata>
</newsitem>
