<?xml version="1.0" encoding="ISO-8859-1" standalone="no"?>
<newsitem date="1997-04-10" id="root" itemid="501491" xml:lang="en">
<title>MALAYSIA: Malaysia's Amanah introduces Islamic factoring.</title>
<headline>Malaysia's Amanah introduces Islamic factoring.</headline>
<dateline>KUALA LUMPUR 1997-04-10</dateline>
<text>
<p>Amanah Factors Sdn Bhd said on Thursday it was starting Islamic factoring services to serve a niche in the fast-growing Malaysian market.</p>
<p>Amanah said in a statement that it would ensure compliance for the services with Islamic law by making several structural modifications.</p>
<p>These include removing all elements of interest payment and ensuring invoices and debts would involve transactions for the supply of goods and services sanctioned under Islamic law.</p>
<p>Amanah is a wholly-owned subsidiary of Komplek Kewangan Malaysia Bhd, itself a unit of Malaysia's state-owned fund Permodalan Nasional Bhd (PNB).</p>
<p>Malaysia's total factoring volume grew at an annual rate of 30 percent in the last five years to 7.5 billion ringgit in 1996.</p>
<p>Factoring is a financial instrument which enables clients to raise funds by selling their invoices to a factoring company. Under conventional factoring, the factoring company would advance up to 80 percent of the invoice's value factored by the client.</p>
<p>Amanah said its current client list comprises companies and entrepreneurs who are suppliers to the government and established companies such as power firm Tenaga Nasional Bhd, Telekom Malaysia Bhd and Malaysian Airline System Bhd.</p>
</text>
<copyright>(c) Reuters Limited 1997</copyright>
<metadata>
<codes class="bip:countries:1.0">
  <code code="MALAY">
    <editdetail action="confirmed" attribution="Reuters BIP Coding Group" date="1997-04-10"/>
  </code>
</codes>
<codes class="bip:industries:1.0">
  <code code="I81501">
    <editdetail action="confirmed" attribution="Reuters BIP Coding Group" date="1997-04-10"/>
  </code>
  <code code="I81502">
    <editdetail action="confirmed" attribution="Reuters BIP Coding Group" date="1997-04-10"/>
  </code>
</codes>
<codes class="bip:topics:1.0">
  <code code="C22">
    <editdetail action="confirmed" attribution="Reuters BIP Coding Group" date="1997-04-10"/>
  </code>
  <code code="CCAT">
    <editdetail action="confirmed" attribution="Reuters BIP Coding Group" date="1997-04-10"/>
  </code>
</codes>
<dc element="dc.date.created" value="1997-04-10"/>
<dc element="dc.publisher" value="Reuters Holdings Plc"/>
<dc element="dc.date.published" value="1997-04-10"/>
<dc element="dc.source" value="Reuters"/>
<dc element="dc.creator.location" value="KUALA LUMPUR"/>
<dc element="dc.creator.location.country.name" value="MALAYSIA"/>
<dc element="dc.source" value="Reuters"/>
</metadata>
</newsitem>
