<?xml version="1.0" encoding="ISO-8859-1" standalone="no"?>
<newsitem date="1997-04-10" id="root" itemid="500668" xml:lang="en">
<title>USA: House of Fabrics Q4 shr profit $0.08.</title>
<headline>House of Fabrics Q4 shr profit $0.08.</headline>
<dateline>SHERMAN OAKS, Calif. 1997-04-10</dateline>
<text>
<p>Three Months	    Six Months</p>
<p>Twelve Mont hs</p>
<p>			 Ended		   Ended		Ended</p>
<p>	   Jan. 31,   Jan. 31,   Jan. 31,   Jul 31,    Jan. 31,</p>
<p>		 1997	1996	 1997	1996	  1996</p>
<p>Successor Predecessor Successor Predecessor  Predecesso r</p>
<p>		   Co.	 Co.	  Co.	 Co.	   Co.</p>
<p> Sales	73,371    95,526    143,324   111,355     333,501</p>
<p>Expenses:</p>
<p>Cost of Sales  </p>
<p>	    43,400    62,350     83,600    62,000     192,763</p>
<p>Selling, General and Administrative</p>
<p>		28,772    38,630     56,308    53,952     152,293</p>
<p>   Interest  1,093     3,274	2,412     4,911	14,062</p>
<p>Total Expenses</p>
<p>		73,265   104,254    142,320   120,863     359,118</p>
<p>Earnings (Loss) Before Income Taxes and</p>
<p>Reorganization Costs</p>
<p>		   106   (8,728)	1,004   (9,508)    (25,617)</p>
<p>Reorganization: (603) (37,416)    (603)     1,440	44,915</p>
<p>Earnings (Loss) Before Income Taxes  </p>
<p>		   709  (46,144)	1,607  (10,948)    (70,532)</p>
<p> Income Taxes  304     (315)	  682	  48	 (165)</p>
<p>Net Income (Loss)</p>
<p>		   405  (45,829)	  925  (10,996)    (70,367)</p>
<p>Net Income (Loss) Per</p>
<p>   Share	0.08	 N/A	 0.18	 N/A	   N/A</p>
<p>Weighted Average Number of Shares Outstanding</p>
<p>	   5,178,463	 N/A  5,181,538	 N/A	   N/A</p>
<p>(In $000 -- except per share data)</p>
<p>Note: Full company name is House of Fabrics Inc.</p>
<p>((-- New York Newsdesk 212 859-1610))</p>
</text>
<copyright>(c) Reuters Limited 1997</copyright>
<metadata>
<codes class="bip:countries:1.0">
  <code code="USA">
    <editdetail action="confirmed" attribution="Reuters BIP Coding Group" date="1997-04-10"/>
  </code>
</codes>
<codes class="bip:industries:1.0">
  <code code="I65400">
    <editdetail action="confirmed" attribution="Reuters BIP Coding Group" date="1997-04-10"/>
  </code>
</codes>
<codes class="bip:topics:1.0">
  <code code="C15">
    <editdetail action="confirmed" attribution="Reuters BIP Coding Group" date="1997-04-10"/>
  </code>
  <code code="C151">
    <editdetail action="confirmed" attribution="Reuters BIP Coding Group" date="1997-04-10"/>
  </code>
  <code code="C1511">
    <editdetail action="confirmed" attribution="Reuters BIP Coding Group" date="1997-04-10"/>
  </code>
  <code code="CCAT">
    <editdetail action="confirmed" attribution="Reuters BIP Coding Group" date="1997-04-10"/>
  </code>
</codes>
<dc element="dc.date.created" value="1997-04-10"/>
<dc element="dc.publisher" value="Reuters Holdings Plc"/>
<dc element="dc.date.published" value="1997-04-10"/>
<dc element="dc.source" value="Reuters"/>
<dc element="dc.creator.location" value="SHERMAN OAKS, Calif."/>
<dc element="dc.creator.location.country.name" value="USA"/>
<dc element="dc.source" value="Reuters"/>
</metadata>
</newsitem>
