<?xml version="1.0" encoding="ISO-8859-1" standalone="no"?>
<newsitem date="1997-04-10" id="root" itemid="500700" xml:lang="en">
<title>USA: In Focus Q1 shr $0.40 vs $0.61.</title>
<headline>In Focus Q1 shr $0.40 vs $0.61.</headline>
<dateline>WILSONVILLE, Ore. 1997-04-10</dateline>
<text>
<p>(In thousands, except share amounts)</p>
<p>					   Three months ended March 31,</p>
<p>							  1997	  1996</p>
<p> Revenue				 $	  64,764 $     67,698</p>
<p> Cost of sales				    45,997	 44,282</p>
<p> Gross profit				     18,767	 23,416</p>
<p>Operating expenses:</p>
<p>     Marketing and sales			 6,964	  7,020</p>
<p>     Engineering				   3,998	  4,645</p>
<p>     General and administrative		1,766	  1,970</p>
<p>							12,728	 13,635</p>
<p> Income from operations			  6,039	  9,781</p>
<p>Other income (expense):</p>
<p>     Interest expense			     (17)		-</p>
<p>     Interest income				 515	    514</p>
<p>     Other, net					 36	    125</p>
<p>							   534	    639</p>
<p>Income before equity</p>
<p>in income (loss) of</p>
<p>joint venture and</p>
<p>  provision for income taxes		   6,573	 10,420</p>
<p> Provision for income taxes		    2,169	  3,699</p>
<p>Income before equity</p>
<p>in income (loss)</p>
<p>  of joint venture				 4,404	  6,721</p>
<p>Equity in income</p>
<p> (loss) of joint venture			   (4)	    270</p>
<p> Net income					  4,400	  6,991</p>
<p> Net income per share			     0.40	   0.61</p>
<p>Shares used in per</p>
<p>  share calculations			11,056,691   11,510,614</p>
<p>-- New York Newsdesk 212 859-1610</p>
</text>
<copyright>(c) Reuters Limited 1997</copyright>
<metadata>
<codes class="bip:countries:1.0">
  <code code="USA">
    <editdetail action="confirmed" attribution="Reuters BIP Coding Group" date="1997-04-10"/>
  </code>
</codes>
<codes class="bip:industries:1.0">
  <code code="I33020">
    <editdetail action="confirmed" attribution="Reuters BIP Coding Group" date="1997-04-10"/>
  </code>
  <code code="I3302017">
    <editdetail action="confirmed" attribution="Reuters BIP Coding Group" date="1997-04-10"/>
  </code>
</codes>
<codes class="bip:topics:1.0">
  <code code="C15">
    <editdetail action="confirmed" attribution="Reuters BIP Coding Group" date="1997-04-10"/>
  </code>
  <code code="C151">
    <editdetail action="confirmed" attribution="Reuters BIP Coding Group" date="1997-04-10"/>
  </code>
  <code code="CCAT">
    <editdetail action="confirmed" attribution="Reuters BIP Coding Group" date="1997-04-10"/>
  </code>
</codes>
<dc element="dc.date.created" value="1997-04-10"/>
<dc element="dc.publisher" value="Reuters Holdings Plc"/>
<dc element="dc.date.published" value="1997-04-10"/>
<dc element="dc.source" value="Reuters"/>
<dc element="dc.creator.location" value="WILSONVILLE, Ore."/>
<dc element="dc.creator.location.country.name" value="USA"/>
<dc element="dc.source" value="Reuters"/>
</metadata>
</newsitem>
