<?xml version="1.0" encoding="ISO-8859-1" standalone="no"?>
<newsitem date="1997-04-10" id="root" itemid="499806" xml:lang="en">
<title>USA: SEC official pushes for decimal pricing of stocks.</title>
<headline>SEC official pushes for decimal pricing of stocks.</headline>
<byline>Joanne Morrison</byline>
<dateline>WASHINGTON 1997-04-10</dateline>
<text>
<p>Securities and Exchange Commissioner Steven Wallman told lawmakers Thursday the time is ripe to move stock quoting in the United States to dollars and cents rather than fractions.</p>
<p>"If we wait for a time when nothing is happening in the markets, we will wait forever," Wallman told members of the House Commerce Committee's Subcommittee on Finance and Hazardous Materials.</p>
<p>"While we could continue to study the issue, I doubt we will learn much more than we already know. In the meantime, we know that the studies to date, and the experience of other markets, support moving to decimals as soon as possible," Wallman said.</p>
<p>Last month, subcommittee chairman Michael Oxley, an Ohio Republican, and Massachusetts Democrat Edward Markey introduced legislation that would require the SEC to develop a plan within a year to move stock and options markets away from trading in fractions.</p>
<p>Such a shift would enable investors to save money in transaction costs because there would be a narrower difference between the prices at which they buy and sell stocks, supporters of the legislation say.</p>
<p>Separately, the National Association of Securities Dealers, which runs the Nasdaq stock market, said it approved a proposal to use smaller fractions for stocks that are bid at The proposal calls for the increments to be cut to 1/16th of a dollar (6.25 cents) from 1/8th of a dollar (12.5 cents). Stocks under $10 are already quoted in increments of 1/16ths, the trade group said in a statement.</p>
<p>The proposal must be approved by the SEC before it can become effective.</p>
<p>Some lawmakers, at the first of two hearings to be held on the legislation, agreed that a shift to decimals is needed.</p>
<p>"The United States is about the only nation still trading stocks in fractions," Oxley said. He called the current system antiquated and noted that it dates back to the 1700s, "when trading was done under an oak tree and one-eighth of a Spanish dollar was the common currency."</p>
<p>However, there were some reservations among members of the congressional panel.</p>
<p>"While it may be inevitable, I would like to better understand the need for Congress and the SEC to intervene," said Representative Thomas Manton, a New York Democrat and the ranking minority member on the subcommittee.</p>
<p>Also echoing concerns raised by the securities industry, Representative Rick Lazio, R.-N.Y., warned that imposing such a move could be highly disruptive to the markets. He said the panel will ask the agency for a study on the proposal.</p>
<p>Investors, including big pension funds and state and local governments, lauded the plan.</p>
<p>"We believe the savings that may be realised by investors is so sizable as to command reform by the Securities and Exchange Commission and the New York Stock Exchange," Bartlett Naylor, of the International Brotherhood of Teamsters, told the committee.</p>
<p>Naylor said a switch from fractions to decimals would save Teamster funds $21 million a year. "A survey of our money managers reveals a diversity of views, but most conclude that we will save money and that the sky will not collapse upon Wall Street," he said.</p>
</text>
<copyright>(c) Reuters Limited 1997</copyright>
<metadata>
<codes class="bip:countries:1.0">
  <code code="USA">
    <editdetail action="confirmed" attribution="Reuters BIP Coding Group" date="1997-04-10"/>
  </code>
</codes>
<codes class="bip:industries:1.0">
  <code code="I83100">
    <editdetail action="confirmed" attribution="Reuters BIP Coding Group" date="1997-04-10"/>
  </code>
</codes>
<codes class="bip:topics:1.0">
  <code code="C13">
    <editdetail action="confirmed" attribution="Reuters BIP Coding Group" date="1997-04-10"/>
  </code>
  <code code="CCAT">
    <editdetail action="confirmed" attribution="Reuters BIP Coding Group" date="1997-04-10"/>
  </code>
  <code code="M11">
    <editdetail action="confirmed" attribution="Reuters BIP Coding Group" date="1997-04-10"/>
  </code>
  <code code="MCAT">
    <editdetail action="confirmed" attribution="Reuters BIP Coding Group" date="1997-04-10"/>
  </code>
</codes>
<dc element="dc.date.created" value="1997-04-10"/>
<dc element="dc.publisher" value="Reuters Holdings Plc"/>
<dc element="dc.date.published" value="1997-04-10"/>
<dc element="dc.source" value="Reuters"/>
<dc element="dc.creator.location" value="WASHINGTON"/>
<dc element="dc.creator.location.country.name" value="USA"/>
<dc element="dc.source" value="Reuters"/>
</metadata>
</newsitem>
