<?xml version="1.0" encoding="ISO-8859-1" standalone="no"?>
<newsitem date="1997-04-10" id="root" itemid="500520" xml:lang="en">
<title>BELGIUM: Consumer safety comes first, EU farmers chief says.</title>
<headline>Consumer safety comes first, EU farmers chief says.</headline>
<dateline>BRUSSELS 1997-04-10</dateline>
<text>
<p>Consumers must have guarantees and information about food containing genetically modified organisms, Luc Guyau, the new French president of the EU farmers' organisation, COPA, said on Thursday.</p>
<p>"The consumer must be above all protected and informed," Guyau told a news conference marking the start of a two-year term as leader of the EU's eight million farmers.</p>
<p>Guyau, head of the main French farmers' union FNSEA, stressed that economic interests must take second place.</p>
<p>The public health scare over mad cow disease had fuelled concern about food safety and demands for tighter controls, he noted.</p>
<p>But farmers must not block progress provided the scientific research is carried out responsibly, he added.</p>
<p>Guyau condemned what he described as the "incoherent attitude" of the French government which in the same week in February accepted GMO maize but refused to let farmers grow it.</p>
<p>"Either one says it's dangerous for everyone or one authorises it for everyone," Guyau said.</p>
<p>The European Commission is planning to demand the labelling of all genetically modified farm products, including two strains of GMO maize and soybeans already cleared for sale in the EU.</p>
<p>((--Peter Blackburn Brussels Bureau 322 2876830))</p>
</text>
<copyright>(c) Reuters Limited 1997</copyright>
<metadata>
<codes class="bip:countries:1.0">
  <code code="EEC">
    <editdetail action="confirmed" attribution="Reuters BIP Coding Group" date="1997-04-10"/>
  </code>
  <code code="FRA">
    <editdetail action="confirmed" attribution="Reuters BIP Coding Group" date="1997-04-10"/>
  </code>
</codes>
<codes class="bip:topics:1.0">
  <code code="C24">
    <editdetail action="confirmed" attribution="Reuters BIP Coding Group" date="1997-04-10"/>
  </code>
  <code code="G153">
    <editdetail action="confirmed" attribution="Reuters BIP Coding Group" date="1997-04-10"/>
  </code>
</codes>
<dc element="dc.date.created" value="1997-04-10"/>
<dc element="dc.publisher" value="Reuters Holdings Plc"/>
<dc element="dc.date.published" value="1997-04-10"/>
<dc element="dc.source" value="Reuters"/>
<dc element="dc.creator.location" value="BRUSSELS"/>
<dc element="dc.creator.location.country.name" value="BELGIUM"/>
<dc element="dc.source" value="Reuters"/>
</metadata>
</newsitem>
