<?xml version="1.0" encoding="ISO-8859-1" standalone="no"?>
<newsitem date="1997-04-10" id="root" itemid="501732" xml:lang="en">
<title>SYRIA: PRESS DIGEST - Syria - April 10.</title>
<headline>PRESS DIGEST - Syria - April 10.</headline>
<dateline>DAMASCUS 1997-04-10</dateline>
<text>
<p>These are some of the leading stories in Syrian newspapers on Thursday. Reuters has not verified these stories and does not vouch for their accuracy.</p>
<p>AL-THAWRA</p>
<p>- Syrian Vice President Abdel-Halim Khaddam carries a letter from President Hafez al-assad to Chinese President Jiang Zemin.</p>
<p>- Lebanon stresses coordination of policies with Syria in peace process.</p>
<p>AL-BAATH</p>
<p>- Arabs to coordinate policies in the financial, political, social and economic issues to be discussed in forthcoming EU-Mediterranean conference.</p>
</text>
<copyright>(c) Reuters Limited 1997</copyright>
<metadata>
<codes class="bip:countries:1.0">
  <code code="SYRIA">
    <editdetail action="confirmed" attribution="Reuters BIP Coding Group" date="1997-04-10"/>
  </code>
</codes>
<codes class="bip:topics:1.0">
  <code code="GCAT">
    <editdetail action="confirmed" attribution="Reuters BIP Coding Group" date="1997-04-10"/>
  </code>
</codes>
<dc element="dc.date.created" value="1997-04-10"/>
<dc element="dc.publisher" value="Reuters Holdings Plc"/>
<dc element="dc.date.published" value="1997-04-10"/>
<dc element="dc.source" value="Reuters"/>
<dc element="dc.creator.location" value="DAMASCUS"/>
<dc element="dc.creator.location.country.name" value="SYRIA"/>
<dc element="dc.source" value="Reuters"/>
</metadata>
</newsitem>
