<?xml version="1.0" encoding="ISO-8859-1" standalone="no"?>
<newsitem date="1997-04-10" id="root" itemid="499877" xml:lang="en">
<title>USA: Three killed in Minnesota school bus accident.</title>
<headline>Three killed in Minnesota school bus accident.</headline>
<dateline>MONTICELLO, Minn. 1997-04-10</dateline>
<text>
<p>Two children and an adult were killed and a number of others critically injured on Thursday when a school bus and a gravel truck collided at an intersection, police said.</p>
<p>The Wright County sheriff's office said road conditions were clear at the time and the cause of the accident was not known.</p>
<p>One student on the Monticello School District bus was killed in the crash and a second died later at a hospital. The truck driver was pronounced dead at the scene.</p>
<p>There were 14 to 16 students on the bus and "there were a number of injuries, some critical," the sheriff's office said. Some of the victims were airlifted to area hospitals.</p>
<p>Investigators said the truck pulled into the intersection of two county roads as the bus approached and was struck in the passenger side of the cab by the bus. Initial reports said the truck had a stop sign while the bus was on a through road.</p>
<p>Monticello is a village on Interstate 94 about 40 miles northwest of Minneapolis.</p>
</text>
<copyright>(c) Reuters Limited 1997</copyright>
<metadata>
<codes class="bip:countries:1.0">
  <code code="USA">
    <editdetail action="confirmed" attribution="Reuters BIP Coding Group" date="1997-04-10"/>
  </code>
</codes>
<codes class="bip:topics:1.0">
  <code code="GCAT">
    <editdetail action="confirmed" attribution="Reuters BIP Coding Group" date="1997-04-10"/>
  </code>
  <code code="GDIS">
    <editdetail action="confirmed" attribution="Reuters BIP Coding Group" date="1997-04-10"/>
  </code>
</codes>
<dc element="dc.date.created" value="1997-04-10"/>
<dc element="dc.publisher" value="Reuters Holdings Plc"/>
<dc element="dc.date.published" value="1997-04-10"/>
<dc element="dc.source" value="Reuters"/>
<dc element="dc.creator.location" value="MONTICELLO, Minn."/>
<dc element="dc.creator.location.country.name" value="USA"/>
<dc element="dc.source" value="Reuters"/>
</metadata>
</newsitem>
