<?xml version="1.0" encoding="ISO-8859-1" standalone="no"?>
<newsitem date="1997-04-10" id="root" itemid="500739" xml:lang="en">
<title>USA: Atmel Corp Q1 net lower.</title>
<headline>Atmel Corp Q1 net lower.</headline>
<dateline>SAN JOSE, Calif. 1997-04-10</dateline>
<text>
<p>(In thousands, except per share amounts)</p>
<p>						   Three Months Ended</p>
<p>				    Mar. 31,			Mar. 31</p>
<p>					  1997			   1996</p>
<p> Net revenues		    $252,946		    $240,096</p>
<p>Expenses</p>
<p> Cost of sales		    136,377		     120,643</p>
<p> Research and development	29,171			23,856</p>
<p>Selling, general and</p>
<p>  administrative		   25,943			27,609</p>
<p> Total expenses		   191,491		     172,108</p>
<p> Operating income		  61,455			67,988</p>
<p>Interest income (expense),</p>
<p>  net				 (1,858)			 1,102</p>
<p> Income before taxes	     59,597			69,090</p>
<p> Taxes on income		   20,859			24,181</p>
<p> Net income			  38,738			44,909</p>
<p> Earnings per share		  0.38			  0.45</p>
<p> Common shares and equivalents 101,844		    100,371</p>
</text>
<copyright>(c) Reuters Limited 1997</copyright>
<metadata>
<codes class="bip:countries:1.0">
  <code code="USA">
    <editdetail action="confirmed" attribution="Reuters BIP Coding Group" date="1997-04-10"/>
  </code>
</codes>
<codes class="bip:industries:1.0">
  <code code="I34531">
    <editdetail action="confirmed" attribution="Reuters BIP Coding Group" date="1997-04-10"/>
  </code>
</codes>
<codes class="bip:topics:1.0">
  <code code="C15">
    <editdetail action="confirmed" attribution="Reuters BIP Coding Group" date="1997-04-10"/>
  </code>
  <code code="C151">
    <editdetail action="confirmed" attribution="Reuters BIP Coding Group" date="1997-04-10"/>
  </code>
  <code code="CCAT">
    <editdetail action="confirmed" attribution="Reuters BIP Coding Group" date="1997-04-10"/>
  </code>
</codes>
<dc element="dc.date.created" value="1997-04-10"/>
<dc element="dc.publisher" value="Reuters Holdings Plc"/>
<dc element="dc.date.published" value="1997-04-10"/>
<dc element="dc.source" value="Reuters"/>
<dc element="dc.creator.location" value="SAN JOSE, Calif."/>
<dc element="dc.creator.location.country.name" value="USA"/>
<dc element="dc.source" value="Reuters"/>
</metadata>
</newsitem>
