<?xml version="1.0" encoding="ISO-8859-1" standalone="no"?>
<newsitem date="1997-04-10" id="root" itemid="500143" xml:lang="en">
<title>USA: Eastern direct hogs steady/up $0.50-1.00 - USDA.</title>
<headline>Eastern direct hogs steady/up $0.50-1.00 - USDA.</headline>
<dateline>COLUMBIA, S.C. 1997-04-10</dateline>
<text>
<p>Values for US 1-2 and US</p>
<p>1-3, 220-260 lb barrows and gilts, in dollars per cwt. - USDA</p>
<p>Area	  Price Trend     Country	Plants	Est Rcpts</p>
<p>Georgia     steady	    unq	    unq	    1,300</p>
<p>Tennessee   up 0.50-1.00    51.00-52.00  unq	    1,600</p>
<p>S Carolina  steady	    49.00-51.00  unq	    1,600</p>
<p>Kentucky    steady-up 0.75  49.50-50.00  53.50-54.00  1,500</p>
<p>   Today's estimate:  6,000	  Last week actual:   7,300</p>
<p>Previous day actual:  6,000	  Year ago actual:    8,200</p>
</text>
<copyright>(c) Reuters Limited 1997</copyright>
<metadata>
<codes class="bip:countries:1.0">
  <code code="USA">
    <editdetail action="confirmed" attribution="Reuters BIP Coding Group" date="1997-04-10"/>
  </code>
</codes>
<codes class="bip:topics:1.0">
  <code code="M14">
    <editdetail action="confirmed" attribution="Reuters BIP Coding Group" date="1997-04-10"/>
  </code>
  <code code="M141">
    <editdetail action="confirmed" attribution="Reuters BIP Coding Group" date="1997-04-10"/>
  </code>
  <code code="MCAT">
    <editdetail action="confirmed" attribution="Reuters BIP Coding Group" date="1997-04-10"/>
  </code>
</codes>
<dc element="dc.date.created" value="1997-04-10"/>
<dc element="dc.publisher" value="Reuters Holdings Plc"/>
<dc element="dc.date.published" value="1997-04-10"/>
<dc element="dc.source" value="Reuters"/>
<dc element="dc.creator.location" value="COLUMBIA, S.C."/>
<dc element="dc.creator.location.country.name" value="USA"/>
<dc element="dc.source" value="Reuters"/>
</metadata>
</newsitem>
