<?xml version="1.0" encoding="ISO-8859-1" standalone="no"?>
<newsitem date="1997-04-10" id="root" itemid="501542" xml:lang="en">
<title>SOUTH KOREA: Yonhap TV reports shots exchange at Korean border.</title>
<headline>Yonhap TV reports shots exchange at Korean border.</headline>
<dateline>SEOUL 1997-04-10</dateline>
<text>
<p>Shots were exchanged across the border dividing North and South Korea on Thursday, Yonhap Television News reported.  </p>
<p>About 10 shots were exchanged within the Demilitarized Zone (DMZ) by soldiers firing into the air, Yonhap said.</p>
<p>U.S. Defence Secretary William Cohen was at the DMZ on Thursday. It was not clear whether the shots were fired while he toured the heavily-fortified area.</p>
<p>Yonhap gave no other details. South Korean defence ministry officials were not immediately available for comment.</p>
</text>
<copyright>(c) Reuters Limited 1997</copyright>
<metadata>
<codes class="bip:countries:1.0">
  <code code="NKOREA">
    <editdetail action="confirmed" attribution="Reuters BIP Coding Group" date="1997-04-10"/>
  </code>
  <code code="SKOREA">
    <editdetail action="confirmed" attribution="Reuters BIP Coding Group" date="1997-04-10"/>
  </code>
  <code code="USA">
    <editdetail action="confirmed" attribution="Reuters BIP Coding Group" date="1997-04-10"/>
  </code>
</codes>
<codes class="bip:topics:1.0">
  <code code="GCAT">
    <editdetail action="confirmed" attribution="Reuters BIP Coding Group" date="1997-04-10"/>
  </code>
  <code code="GDIP">
    <editdetail action="confirmed" attribution="Reuters BIP Coding Group" date="1997-04-10"/>
  </code>
  <code code="GVIO">
    <editdetail action="confirmed" attribution="Reuters BIP Coding Group" date="1997-04-10"/>
  </code>
</codes>
<dc element="dc.date.created" value="1997-04-10"/>
<dc element="dc.publisher" value="Reuters Holdings Plc"/>
<dc element="dc.date.published" value="1997-04-10"/>
<dc element="dc.source" value="Reuters"/>
<dc element="dc.creator.location" value="SEOUL"/>
<dc element="dc.creator.location.country.name" value="SOUTH KOREA"/>
<dc element="dc.source" value="Reuters"/>
</metadata>
</newsitem>
