<?xml version="1.0" encoding="ISO-8859-1" standalone="no"?>
<newsitem date="1997-04-10" id="root" itemid="499860" xml:lang="en">
<title>USA: PRESALE - Southbridge, Mass..</title>
<headline>PRESALE - Southbridge, Mass..</headline>
<text>
<p>AMT: 3,375,000	DATE: 04/15/97	NYC Time: 1100	CUSIP: 841246</p>
<p>ISSUER: Southbridge						     ST: MA</p>
<p>ISSUE: General obligation					     TAX STAT: Exempt-LT</p>
<p>M/SP/F: NA/NA/NA							  BOOK ENTRY: Y</p>
<p>ENHANCEMENTS: None							BANK QUAL: Y</p>
<p>DTD: 04/15/97							     SURE BID: N</p>
<p>DUE: 4/15/98-17					     SR MGR:</p>
<p>1ST CPN: 10/15/97</p>
<p>CALL: 4/15/07 @ 102, dtp 4/15/09			TIC</p>
<p>DELIVERY: 4/29/97 approx				  ORDERS:</p>
<p>PAYING AGENT: Finance Director/Treasurer's Office, Southbridge</p>
<p>L.O.: Palmer &amp; Dodge, Boston</p>
<p>F.A.: Evensen Dodge, Inc., Boston</p>
<p>LAST SALE: $5,325,000 MBIA 8/22/91 @ 6.5799% TIC; 10yrs 7mos avg; BBI- 6.88%</p>
<p>Year		     Amount    Coupon     Yield     Price  Conc.</p>
<p>1998		    280,000</p>
<p>1999		    280,000</p>
<p>2000		    280,000</p>
<p>2001		    285,000</p>
<p>2002		    160,000</p>
<p>2003		    160,000</p>
<p>2004		    160,000</p>
<p>2005		    160,000</p>
<p>2006		    160,000</p>
<p>2007		    160,000</p>
<p>2008		    140,000</p>
<p>2009		    150,000</p>
<p>2010		    150,000</p>
<p>2011		    150,000</p>
<p>2012		    150,000</p>
<p>2013		    110,000</p>
<p>2014		    110,000</p>
<p>2015		    110,000</p>
<p>2016		    110,000</p>
<p>2017		    110,000</p>
<p>COMPETITIVE PRE-SALE CONTRIBUTED BY J.J. KENNY K-SHEETS:</p>
</text>
<copyright>(c) Reuters Limited 1997</copyright>
<metadata>
<codes class="bip:countries:1.0">
  <code code="USA">
    <editdetail action="confirmed" attribution="Reuters BIP Coding Group" date="1997-04-10"/>
  </code>
</codes>
<codes class="bip:topics:1.0">
  <code code="E21">
    <editdetail action="confirmed" attribution="Reuters BIP Coding Group" date="1997-04-10"/>
  </code>
  <code code="E212">
    <editdetail action="confirmed" attribution="Reuters BIP Coding Group" date="1997-04-10"/>
  </code>
  <code code="ECAT">
    <editdetail action="confirmed" attribution="Reuters BIP Coding Group" date="1997-04-10"/>
  </code>
</codes>
<dc element="dc.publisher" value="Reuters Holdings Plc"/>
<dc element="dc.date.published" value="1997-04-10"/>
<dc element="dc.source" value="Reuters"/>
<dc element="dc.creator.location.country.name" value="USA"/>
<dc element="dc.source" value="Reuters"/>
</metadata>
</newsitem>
