<?xml version="1.0" encoding="ISO-8859-1" standalone="no"?>
<newsitem date="1997-04-10" id="root" itemid="501752" xml:lang="en">
<title>SWEDEN: Iceland airport cargo volumes rise 28 pct March.</title>
<headline>Iceland airport cargo volumes rise 28 pct March.</headline>
<dateline>STOCKHOLM 1997-04-10</dateline>
<text>
<p>Iceland's international airport at Keflavik handled 2,535 tonnes of freight in March this year, a 28 percent rise from the same month in 1996, Iceland's civil aviation administration said on Thursday.</p>
<p>The administration published the following figures about airport activity for the month.</p>
<p>				     March '97	   March '96</p>
<p> Cargo: export (in tonnes)     1,568		  1,359</p>
<p>	  import			 967		    628</p>
<p> TOTAL				 2,535		  1,987</p>
<p> Mail: export			   48		     45</p>
<p>	 import			  118		    126</p>
<p> TOTAL				   166		    171</p>
<p> Passengers			 70,709		 60,853</p>
<p>-- Stockholm newsroom +46-8-700 1045</p>
</text>
<copyright>(c) Reuters Limited 1997</copyright>
<metadata>
<codes class="bip:countries:1.0">
  <code code="ICEL">
    <editdetail action="confirmed" attribution="Reuters BIP Coding Group" date="1997-04-10"/>
  </code>
  <code code="SWED">
    <editdetail action="confirmed" attribution="Reuters BIP Coding Group" date="1997-04-10"/>
  </code>
</codes>
<codes class="bip:industries:1.0">
  <code code="I75000">
    <editdetail action="confirmed" attribution="Reuters BIP Coding Group" date="1997-04-10"/>
  </code>
  <code code="I76400">
    <editdetail action="confirmed" attribution="Reuters BIP Coding Group" date="1997-04-10"/>
  </code>
  <code code="I77002">
    <editdetail action="confirmed" attribution="Reuters BIP Coding Group" date="1997-04-10"/>
  </code>
</codes>
<codes class="bip:topics:1.0">
  <code code="C31">
    <editdetail action="confirmed" attribution="Reuters BIP Coding Group" date="1997-04-10"/>
  </code>
  <code code="CCAT">
    <editdetail action="confirmed" attribution="Reuters BIP Coding Group" date="1997-04-10"/>
  </code>
</codes>
<dc element="dc.date.created" value="1997-04-10"/>
<dc element="dc.publisher" value="Reuters Holdings Plc"/>
<dc element="dc.date.published" value="1997-04-10"/>
<dc element="dc.source" value="Reuters"/>
<dc element="dc.creator.location" value="STOCKHOLM"/>
<dc element="dc.creator.location.country.name" value="SWEDEN"/>
<dc element="dc.source" value="Reuters"/>
</metadata>
</newsitem>
