<?xml version="1.0" encoding="ISO-8859-1" standalone="no"?>
<newsitem date="1997-04-10" id="root" itemid="501340" xml:lang="en">
<title>UK: Fannie Mae sets $500 mln 5-year global bond.</title>
<headline>Fannie Mae sets $500 mln 5-year global bond.</headline>
<dateline>LONDON 1997-04-10</dateline>
<text>
<p>The following bond was announced by joint lead managers Merrill Lynch and Morgan Stanley.</p>
<p> BORROWER   FEDERAL NATIONAL MORTGAGE ASSOCIATION</p>
<p> AMT   $500 MLN	 COUPON     **	  MATURITY    19.APR.02</p>
<p> TYPE	 STRAIGHT  ISS PRICE  **	  PAY DATE   S18.APR.97</p>
<p> FULL FEES  0.25	REOFFER    **	  SPREAD	+34 BP</p>
<p> NOTES	**TO BE PRICED LATER. S-SHORT FIRST COUPON</p>
<p>		CALLABLE 19.ARP.99 AT PAR</p>
<p> MOODY	AAA	 LISTING    LUX	 PAY FREQ    =</p>
<p> S&amp;P	  AAA	 DENOMS (K) 10	  SALE LIMITS US</p>
<p> NEG PLG    NO	  CRS DEFLT  NO	  FORCE MAJ   YES</p>
<p> GOV LAW    COLUMBIA  HOME CTRY  U.S	 TAX PROVS   =</p>
<p> MGT/UND    0.05	SELL CONC  0.20	PRAECIPUUM  =</p>
<p> UNDERLYING GOVT BOND 5-YEAR US TREASURY</p>
<p>-- London Newsroom +44 171 542 7658</p>
</text>
<copyright>(c) Reuters Limited 1997</copyright>
<metadata>
<codes class="bip:countries:1.0">
  <code code="UK">
    <editdetail action="confirmed" attribution="Reuters BIP Coding Group" date="1997-04-10"/>
  </code>
  <code code="USA">
    <editdetail action="confirmed" attribution="Reuters BIP Coding Group" date="1997-04-10"/>
  </code>
</codes>
<codes class="bip:industries:1.0">
  <code code="I81501">
    <editdetail action="confirmed" attribution="Reuters BIP Coding Group" date="1997-04-10"/>
  </code>
  <code code="I8150103">
    <editdetail action="confirmed" attribution="Reuters BIP Coding Group" date="1997-04-10"/>
  </code>
</codes>
<codes class="bip:topics:1.0">
  <code code="C17">
    <editdetail action="confirmed" attribution="Reuters BIP Coding Group" date="1997-04-10"/>
  </code>
  <code code="C172">
    <editdetail action="confirmed" attribution="Reuters BIP Coding Group" date="1997-04-10"/>
  </code>
  <code code="CCAT">
    <editdetail action="confirmed" attribution="Reuters BIP Coding Group" date="1997-04-10"/>
  </code>
</codes>
<dc element="dc.date.created" value="1997-04-10"/>
<dc element="dc.publisher" value="Reuters Holdings Plc"/>
<dc element="dc.date.published" value="1997-04-10"/>
<dc element="dc.source" value="Reuters"/>
<dc element="dc.creator.location" value="LONDON"/>
<dc element="dc.creator.location.country.name" value="UK"/>
<dc element="dc.source" value="Reuters"/>
</metadata>
</newsitem>
