<?xml version="1.0" encoding="ISO-8859-1" standalone="no"?>
<newsitem date="1997-04-10" id="root" itemid="500342" xml:lang="en">
<title>ITALY: Olivetti says Telemedia issue is in budget.</title>
<headline>Olivetti says Telemedia issue is in budget.</headline>
<dateline>MILAN 1997-04-10</dateline>
<text>
<p>Italian information technology group Olivetti said a capital restructuring of its Telemedia company was already included in the group's budget and was aimed at consolidating the company's activities.</p>
<p>Earlier, a newspaper report said Telemedia, which contains the fixed line telecoms and media interests of Olivetti, had shown a loss of over 50 billion lire in 1996.</p>
<p>An Olivetti spokesman said that Telemedia contained businesses in start-up phases and therefore it was normal for it not to show a profit. But he declined to comment on the 50 billion lire loss figure.</p>
<p>Olivetti's full 1996 profit figures are due to be released on April 15 after a group board meeting.</p>
<p>Telemedia includes Olivetti's 67-percent owned joint venture Infostrada, with U.S. group Bell Atlantic holding the remaining 33 percent. Olivetti and France Telecom earlier this month signed a joint venture deal under which the French group would acquire 49 percent of Infostrada by subscribing to a 165 billion lire capital increase.</p>
<p>-- Milan newsroom +392 66129502</p>
</text>
<copyright>(c) Reuters Limited 1997</copyright>
<metadata>
<codes class="bip:countries:1.0">
  <code code="ITALY">
    <editdetail action="confirmed" attribution="Reuters BIP Coding Group" date="1997-04-10"/>
  </code>
</codes>
<codes class="bip:industries:1.0">
  <code code="I33020">
    <editdetail action="confirmed" attribution="Reuters BIP Coding Group" date="1997-04-10"/>
  </code>
  <code code="I3302003">
    <editdetail action="confirmed" attribution="Reuters BIP Coding Group" date="1997-04-10"/>
  </code>
  <code code="I97400">
    <editdetail action="confirmed" attribution="Reuters BIP Coding Group" date="1997-04-10"/>
  </code>
</codes>
<codes class="bip:topics:1.0">
  <code code="C15">
    <editdetail action="confirmed" attribution="Reuters BIP Coding Group" date="1997-04-10"/>
  </code>
  <code code="C151">
    <editdetail action="confirmed" attribution="Reuters BIP Coding Group" date="1997-04-10"/>
  </code>
  <code code="C1511">
    <editdetail action="confirmed" attribution="Reuters BIP Coding Group" date="1997-04-10"/>
  </code>
  <code code="C17">
    <editdetail action="confirmed" attribution="Reuters BIP Coding Group" date="1997-04-10"/>
  </code>
  <code code="CCAT">
    <editdetail action="confirmed" attribution="Reuters BIP Coding Group" date="1997-04-10"/>
  </code>
</codes>
<dc element="dc.date.created" value="1997-04-10"/>
<dc element="dc.publisher" value="Reuters Holdings Plc"/>
<dc element="dc.date.published" value="1997-04-10"/>
<dc element="dc.source" value="Reuters"/>
<dc element="dc.creator.location" value="MILAN"/>
<dc element="dc.creator.location.country.name" value="ITALY"/>
<dc element="dc.source" value="Reuters"/>
</metadata>
</newsitem>
