<?xml version="1.0" encoding="ISO-8859-1" standalone="no"?>
<newsitem date="1997-04-10" id="root" itemid="499885" xml:lang="en">
<title>USA: Clinton to unveil plan to hire people off welfare.</title>
<headline>Clinton to unveil plan to hire people off welfare.</headline>
<byline>Arshad Mohammed</byline>
<dateline>WASHINGTON 1997-04-10</dateline>
<text>
<p>President Clinton Thursday will unveil plans for the federal government to hire as many as 10,000 people off welfare by 2000 in an effort to cope with last year's law curbing the programme.</p>
<p>White House officials said the plans would be discussed at a special Cabinet meeting at 1:30 p.m. EDT (1730 GMT) and were part of an effort to focus attention on the task of moving 2 million people off the welfare rolls over the next four years.</p>
<p>Based on the federal government's size within the overall economy, the White House estimates the government's share of that total would come to roughly 10,000 hires over the period, White House spokesman Mike McCurry said.</p>
<p>"The president will get firm commitments for something less than that today, but we'll lay out a plan between now and the year 2000 where we could come in pretty close to that figure," he told reporters.</p>
<p>Another administration official said the Cabinet would provide plans to hire specific numbers over the next two years, and make less detailed commitments to hire more over the following two years.</p>
<p>He said the White House itself would commit to hiring some people, including on its Domestic Policy Council, which is responsible for the administration's policy on welfare.</p>
<p>On March 8, Clinton asked the Cabinet within a month to draft plans to hire welfare recipients and called Thursday's meeting to discuss them and focus the spotlight on the effort.</p>
<p>The plans were drawn up in response to the controversial law the president signed last year that ended the federal entitlement to welfare, limited benefits to five years and required people to work after two.</p>
<p>Since signing the law, which split his Democratic Party, Clinton repeatedly has called for businesses, non-profit groups and religious organisations to hire welfare recipients.</p>
<p>One U.S. official said Thursday's announcements were an effort to set an example: "This is the federal government doing its share to fulfil the president's commitment to move people from welfare to work."</p>
<p>Some Republicans have criticised any efforts to hire welfare recipients that could make it harder for the working poor to get jobs.</p>
<p>The administration official said the plans would take that issue into consideration. "We are obviously well aware of that concern," he said. "This will be done with that in mind."</p>
</text>
<copyright>(c) Reuters Limited 1997</copyright>
<metadata>
<codes class="bip:countries:1.0">
  <code code="USA">
    <editdetail action="confirmed" attribution="Reuters BIP Coding Group" date="1997-04-10"/>
  </code>
</codes>
<codes class="bip:topics:1.0">
  <code code="E21">
    <editdetail action="confirmed" attribution="Reuters BIP Coding Group" date="1997-04-10"/>
  </code>
  <code code="E211">
    <editdetail action="confirmed" attribution="Reuters BIP Coding Group" date="1997-04-10"/>
  </code>
  <code code="ECAT">
    <editdetail action="confirmed" attribution="Reuters BIP Coding Group" date="1997-04-10"/>
  </code>
  <code code="GCAT">
    <editdetail action="confirmed" attribution="Reuters BIP Coding Group" date="1997-04-10"/>
  </code>
  <code code="GPOL">
    <editdetail action="confirmed" attribution="Reuters BIP Coding Group" date="1997-04-10"/>
  </code>
  <code code="GWELF">
    <editdetail action="confirmed" attribution="Reuters BIP Coding Group" date="1997-04-10"/>
  </code>
</codes>
<dc element="dc.date.created" value="1997-04-10"/>
<dc element="dc.publisher" value="Reuters Holdings Plc"/>
<dc element="dc.date.published" value="1997-04-10"/>
<dc element="dc.source" value="Reuters"/>
<dc element="dc.creator.location" value="WASHINGTON"/>
<dc element="dc.creator.location.country.name" value="USA"/>
<dc element="dc.source" value="Reuters"/>
</metadata>
</newsitem>
