<?xml version="1.0" encoding="ISO-8859-1" standalone="no"?>
<newsitem date="1997-04-10" id="root" itemid="501040" xml:lang="en">
<title>USA: PRESS DIGEST - Washington Post front - April 10.</title>
<headline>PRESS DIGEST - Washington Post front - April 10.</headline>
<dateline>WASHINGTON 1997-04-09</dateline>
<text>
<p>The Washington Post carried the following stories on its front page on April 10:</p>
<p>---</p>
<p>WASHINGTON - The CIA revealed it had received numerous warnings starting in 1984 that chemical weapons were stored in a remote Iraqi ammunition depot that U.S. troops blew up shortly after the Persian Gulf War, but said it had failed to adequately alert the military to the danger.</p>
<p>---</p>
<p>ABIDJAN, Ivory Coast - Zairian rebels pushed into the country's second-largest city and President Mobutu Sese Seko turned to the military in an attempt to maintain his slipping hold on power.</p>
<p>---</p>
<p>WASHINGTON - A vast ocean once flowed beneath the icy surface of Jupiter's moon Europa and might still be flowing today as an incubator of extra-terrestrial life, scientists reported.</p>
<p>---</p>
<p>WASHINGTON - With a passionate vision of Washington as a "good city getting better", Mayor Marion Barry defended his administration's efforts to fix the broken gears of the government and boost the spirits of District residents.</p>
<p>---</p>
<p>WASHINGTON - The District government has budgeted nearly $7.3 million over the past three years for job-training programs, but not a single person has received training because city officials used the money to pay for salaries, benefits and outside contracts.</p>
<p>---</p>
<p>WASHINGTON - Hoping to jump-start the nation's effort to move large waves of welfare recipients into the work force, President Clinton will announce that the federal government will hire thousands of new employees off public assistance rolls.</p>
</text>
<copyright>(c) Reuters Limited 1997</copyright>
<metadata>
<codes class="bip:countries:1.0">
  <code code="USA">
    <editdetail action="confirmed" attribution="Reuters BIP Coding Group" date="1997-04-10"/>
  </code>
</codes>
<codes class="bip:topics:1.0">
  <code code="GCAT">
    <editdetail action="confirmed" attribution="Reuters BIP Coding Group" date="1997-04-10"/>
  </code>
</codes>
<dc element="dc.date.created" value="1997-04-09"/>
<dc element="dc.publisher" value="Reuters Holdings Plc"/>
<dc element="dc.date.published" value="1997-04-10"/>
<dc element="dc.source" value="Reuters"/>
<dc element="dc.creator.location" value="WASHINGTON"/>
<dc element="dc.creator.location.country.name" value="USA"/>
<dc element="dc.source" value="Reuters"/>
</metadata>
</newsitem>
