<?xml version="1.0" encoding="ISO-8859-1" standalone="no"?>
<newsitem date="1997-04-10" id="root" itemid="500836" xml:lang="en">
<title>UK: Rank AGM clears way for future buy back.</title>
<headline>Rank AGM clears way for future buy back.</headline>
<dateline>LONDON 1997-04-10</dateline>
<text>
<p>Rank Group Plc shareholders approved a move on Thursday to give the company the right to purchase up to 10 percent of its Ordinary shares.</p>
<p>A resolution clearing the way for a future share repurchase was passed at the British leisure company's annual general meeting.</p>
<p>The company has said it would exercise the power only if it was in the best interests of shareholders and could be expected to boost earnings per share.</p>
<p>There has been market speculation that Rank might fund a repurchase from the proceeds of the planned sale of its remaining 20 percent stake in Rank Xerox, its office equipment joint venture with Xerox Corp.</p>
<p>The stake is valued in Rank's accounts at 930 million stg. Rank has said it does not intend to hold on to the stake but has set no timetable for its disposal.</p>
<p>-- London Newsroom +44 171 542 7717</p>
</text>
<copyright>(c) Reuters Limited 1997</copyright>
<metadata>
<codes class="bip:countries:1.0">
  <code code="UK">
    <editdetail action="confirmed" attribution="Reuters BIP Coding Group" date="1997-04-10"/>
  </code>
</codes>
<codes class="bip:industries:1.0">
  <code code="I83960">
    <editdetail action="confirmed" attribution="Reuters BIP Coding Group" date="1997-04-10"/>
  </code>
</codes>
<codes class="bip:topics:1.0">
  <code code="C17">
    <editdetail action="confirmed" attribution="Reuters BIP Coding Group" date="1997-04-10"/>
  </code>
  <code code="C171">
    <editdetail action="confirmed" attribution="Reuters BIP Coding Group" date="1997-04-10"/>
  </code>
  <code code="C18">
    <editdetail action="confirmed" attribution="Reuters BIP Coding Group" date="1997-04-10"/>
  </code>
  <code code="C181">
    <editdetail action="confirmed" attribution="Reuters BIP Coding Group" date="1997-04-10"/>
  </code>
  <code code="CCAT">
    <editdetail action="confirmed" attribution="Reuters BIP Coding Group" date="1997-04-10"/>
  </code>
</codes>
<dc element="dc.date.created" value="1997-04-10"/>
<dc element="dc.publisher" value="Reuters Holdings Plc"/>
<dc element="dc.date.published" value="1997-04-10"/>
<dc element="dc.source" value="Reuters"/>
<dc element="dc.creator.location" value="LONDON"/>
<dc element="dc.creator.location.country.name" value="UK"/>
<dc element="dc.source" value="Reuters"/>
</metadata>
</newsitem>
