<?xml version="1.0" encoding="ISO-8859-1" standalone="no"?>
<newsitem date="1997-04-10" id="root" itemid="499849" xml:lang="en">
<title>USA: CUSIPS -- Oregon GO bonds.</title>
<headline>CUSIPS -- Oregon GO bonds.</headline>
<text>
<p>STATE OF OREGON</p>
<p>RE: $40,000,000</p>
<p>GENERAL OBLIGATION BONDS</p>
<p>VETERAN'S WELFARE BONDS SERIES 76A</p>
<p>This issue is book entry through DTC.</p>
<p>     Award:		  04/10/1997</p>
<p>     Delivery:	     04/24/1997 (Firm)</p>
<p>     Initial trade:	04/10/1997</p>
<p>Date of Execution:  04/10/1997</p>
<p>     Time of Execution:   9:00AM</p>
<p>	     MATURITY			     CUSIP</p>
<p>	     --------			     -----</p>
<p>	    04/01/1999			  68607FHM5</p>
<p>	    10/01/1999			  68607FHN3</p>
<p>	    04/01/2000			  68607FHP8</p>
<p>	    10/01/2000			  68607FHQ6</p>
<p>	    04/01/2001			  68607FHR4</p>
<p>	    ----------------------------------------</p>
<p>	    10/01/2001			  68607FHS2</p>
<p>	    04/01/2002			  68607FHT0</p>
<p>	    10/01/2002			  68607FHU7</p>
<p>	    04/01/2003			  68607FHV5</p>
<p>	    10/01/2003			  68607FHW3</p>
<p>	    ----------------------------------------</p>
<p>	    04/01/2004			  68607FHX1</p>
<p>	    10/01/2004			  68607FHY9</p>
<p>	    04/01/2005			  68607FHZ6</p>
<p>	    10/01/2005			  68607FJA9</p>
<p>	    04/01/2006			  68607FJB7</p>
<p>	    ----------------------------------------</p>
<p>	    10/01/2006			  68607FJC5</p>
<p>	    04/01/2007			  68607FJD3</p>
<p>	    10/01/2007			  68607FJE1</p>
<p>	    04/01/2008			  68607FJF8</p>
<p>	    10/01/2008			  68607FJG6</p>
<p>	    ----------------------------------------</p>
<p>	    04/01/2009			  68607FJH4</p>
<p>	    10/01/2009			  68607FJJ0</p>
<p>	    04/01/2010			  68607FJK7</p>
<p>	    10/01/2010			  68607FJL5</p>
<p>	    04/01/2011			  68607FJM3</p>
<p>	    ----------------------------------------</p>
<p>	    10/01/2011			  68607FJN1</p>
<p>	    10/01/2017			  68607FJP6</p>
<p>	    10/01/2028			  68607FJQ4</p>
<p>Bear, Stearns &amp; Co. Inc.</p>
<p>U.S. National Bank of Oregon</p>
<p>Prudential Securities Incorporated</p>
<p>Dain Bosworth Incorporated</p>
<p>--U.S. Municipal Desk, 212-859-1650</p>
</text>
<copyright>(c) Reuters Limited 1997</copyright>
<metadata>
<codes class="bip:countries:1.0">
  <code code="USA">
    <editdetail action="confirmed" attribution="Reuters BIP Coding Group" date="1997-04-10"/>
  </code>
</codes>
<codes class="bip:topics:1.0">
  <code code="E21">
    <editdetail action="confirmed" attribution="Reuters BIP Coding Group" date="1997-04-10"/>
  </code>
  <code code="E212">
    <editdetail action="confirmed" attribution="Reuters BIP Coding Group" date="1997-04-10"/>
  </code>
  <code code="ECAT">
    <editdetail action="confirmed" attribution="Reuters BIP Coding Group" date="1997-04-10"/>
  </code>
</codes>
<dc element="dc.publisher" value="Reuters Holdings Plc"/>
<dc element="dc.date.published" value="1997-04-10"/>
<dc element="dc.source" value="Reuters"/>
<dc element="dc.creator.location.country.name" value="USA"/>
<dc element="dc.source" value="Reuters"/>
</metadata>
</newsitem>
