<?xml version="1.0" encoding="ISO-8859-1" standalone="no"?>
<newsitem date="1997-04-10" id="root" itemid="499917" xml:lang="en">
<title>USA: U.S. Republicans recommend two for FCC posts.</title>
<headline>U.S. Republicans recommend two for FCC posts.</headline>
<dateline>WASHINGTON 1997-04-10</dateline>
<text>
<p>Senate Republican Leader Trent Lott said Thursday he had recommended Michael Powell and Harold Furchtgott-Roth to President Clinton as Republican members of the Federal Communications Commission.</p>
<p>Powell, chief of staff for the Justice Department's anti-trust division, is the son of retired Gen. Colin Powell, former chairman of the Joint Chiefs of Staff at the Defense Department. Furchtgott-Roth is chief economist for the House Commerce Committee.</p>
<p>"Mr. Furchtgott-Roth and Mr. Powell bring the expertise the FCC so badly needs at this time," Lott said in a statement. "I hope the president will act expeditiously on them."</p>
<p>Clinton must formally send the nominations to the Senate for approval.</p>
<p>Sen. John McCain, an Arizona Republican, also endorsed the recommendations. He is chairman of the Commerce Committee, which would hold confirmation hearings on the nominees.</p>
<p>Terms of two of the five FCC commissioners have expired and the term of a third commissioner is due to end in June. No one party by law can have more than a 3-2 majority.</p>
<p>The commission regulates telecommunications and broadcasting. Its current chairman is Reed Hundt, a Democrat.</p>
</text>
<copyright>(c) Reuters Limited 1997</copyright>
<metadata>
<codes class="bip:countries:1.0">
  <code code="USA">
    <editdetail action="confirmed" attribution="Reuters BIP Coding Group" date="1997-04-10"/>
  </code>
</codes>
<codes class="bip:topics:1.0">
  <code code="GCAT">
    <editdetail action="confirmed" attribution="Reuters BIP Coding Group" date="1997-04-10"/>
  </code>
  <code code="GPOL">
    <editdetail action="confirmed" attribution="Reuters BIP Coding Group" date="1997-04-10"/>
  </code>
</codes>
<dc element="dc.date.created" value="1997-04-10"/>
<dc element="dc.publisher" value="Reuters Holdings Plc"/>
<dc element="dc.date.published" value="1997-04-10"/>
<dc element="dc.source" value="Reuters"/>
<dc element="dc.creator.location" value="WASHINGTON"/>
<dc element="dc.creator.location.country.name" value="USA"/>
<dc element="dc.source" value="Reuters"/>
</metadata>
</newsitem>
