<?xml version="1.0" encoding="ISO-8859-1" standalone="no"?>
<newsitem date="1997-04-10" id="root" itemid="501648" xml:lang="en">
<title>VIETNAM: PRESS DIGEST - Vietnam - April 10.</title>
<headline>PRESS DIGEST - Vietnam - April 10.</headline>
<dateline>HANOI 1997-04-10</dateline>
<text>
<p>These are some of the leading stories in the official Vietnamese press on Thursday. Reuters has not verified these stories and does not vouch for their accuracy.</p>
<p>- - - -</p>
<p>VIETNAM NEWS</p>
<p>-- Party Secretary-General, Do Muoi, says Vietnam needs youth volunteers for major infrastructure construction, reforestration and anti-flood work.</p>
<p>-- The Ministry of Finance says organizations renting land from the government will be allowed to use its value as capital contribution in any joint-venture project.</p>
<p>-- Vietnam and Slovakia have reiterated their commitment to boosting economic and trade ties.</p>
<p>- - - -</p>
<p>SAIGON TIMES DAILY</p>
<p>-- The Government will adopt a statute authorizing the position of a Cabinet spokesperson to provide information to the media and public.</p>
<p>-- Investors involved in build-operate-transfer projects may be exempted from tax on imports of machinery and other goods.</p>
<p>- - - -</p>
<p>NHAN DAN</p>
<p>-- Vietnam has specified new functions and organization of its border guard force.</p>
<p>-- North Korean Deputy Prime Minister Kong Jin-tae met with Vietnamese Vice President Nguyen Thi Binh and senior politburo member Le Kha Phieu on Wednesday, and discussed measures to strengthen the relationship between the two countries.</p>
<p>- - - -</p>
<p>HA NOI MOI</p>
<p>-- The Prime Minister has signed a directive aimed at improving the Government's administrative management.</p>
<p>-- The visiting French Secretary of State for Francophonie has expressed satisfaction at the progress in Vietnam's preparations for the Francophonie Summit in November.</p>
<p>- - - -</p>
<p>SAIGON GIAI PHONG</p>
<p>-- Ho Chi Minh City expects to invest over $8.5 million from the city's budget in infrastructure for industrial zones in 1997.</p>
<p>-- A major drugs trial involving police and other suspects has been postponed until May.</p>
<p>- - - -</p>
</text>
<copyright>(c) Reuters Limited 1997</copyright>
<metadata>
<codes class="bip:countries:1.0">
  <code code="VIETN">
    <editdetail action="confirmed" attribution="Reuters BIP Coding Group" date="1997-04-10"/>
  </code>
</codes>
<codes class="bip:topics:1.0">
  <code code="GCAT">
    <editdetail action="confirmed" attribution="Reuters BIP Coding Group" date="1997-04-10"/>
  </code>
</codes>
<dc element="dc.date.created" value="1997-04-10"/>
<dc element="dc.publisher" value="Reuters Holdings Plc"/>
<dc element="dc.date.published" value="1997-04-10"/>
<dc element="dc.source" value="Reuters"/>
<dc element="dc.creator.location" value="HANOI"/>
<dc element="dc.creator.location.country.name" value="VIETNAM"/>
<dc element="dc.source" value="Reuters"/>
</metadata>
</newsitem>
