<?xml version="1.0" encoding="ISO-8859-1" standalone="no"?>
<newsitem date="1997-04-10" id="root" itemid="499998" xml:lang="en">
<title>USA: Western Digital Q3 shr rises.</title>
<headline>Western Digital Q3 shr rises.</headline>
<dateline>IRVINE, Calif. 1997-04-10</dateline>
<text>
<p>WESTERN DIGITAL CORPORATION</p>
<p>		     CONSOLIDATED STATEMENTS OF OPERATIONS</p>
<p>		    (in thousands, except per share amounts)</p>
<p>		  Three Months Ended		Nine Months Ended</p>
<p>	    Mar. 29,  Mar. 30,   Dec. 28,   Mar. 29,   Mar. 30,</p>
<p>		  1997	1996	1996	 1997	 1996</p>
<p>Revenues, net</p>
<p>	   $1,096,212 $728,362 $1,118,647 $3,097,974 $2,044,503</p>
<p>Costs and expenses:</p>
<p>Cost of revenues  </p>
<p>		911,357  635,038    955,258  2,636,841  1,767,008</p>
<p>Research and</p>
<p>development</p>
<p>		 39,672   36,682     36,001    109,933    116,070</p>
<p>Selling, general</p>
<p>and administrative</p>
<p>		 51,121   37,628     55,553    149,534    115,071</p>
<p>Total costs and</p>
<p>expenses</p>
<p>	    1,002,150  709,348  1,046,812  2,896,308  1,998,149</p>
<p>Operating income</p>
<p>		 94,062   19,014     71,835    201,666     46,354</p>
<p>Net interest and</p>
<p>other income</p>
<p>		  3,109    3,328	3,729	9,749     10,115</p>
<p>Gain on sale of</p>
<p>Multimedia Business</p>
<p>		     --	 --	   --	   --     17,275</p>
<p>Income before</p>
<p>income taxes</p>
<p>		 97,171   22,342     75,564    211,415     73,744</p>
<p>Provision for</p>
<p>income taxes</p>
<p>		 14,576    2,904     11,335     31,713	9,586</p>
<p> Net income  82,595   19,438     64,229    179,702     64,158</p>
<p>Earnings per</p>
<p>common and common</p>
<p>equivalent share:</p>
<p>    Primary    1.76	.42	 1.36	 3.83	 1.31</p>
<p>Fully diluted</p>
<p>		   1.76	.42	 1.35	 3.81	 1.31</p>
<p>Common and common</p>
<p>equivalent shares</p>
<p>used in computing</p>
<p>per share amounts:</p>
<p>    Primary  47,017   46,592     47,380     46,900     48,890</p>
<p>Fully diluted</p>
<p>		 47,018   46,710     47,543     47,128     49,014</p>
</text>
<copyright>(c) Reuters Limited 1997</copyright>
<metadata>
<codes class="bip:countries:1.0">
  <code code="USA">
    <editdetail action="confirmed" attribution="Reuters BIP Coding Group" date="1997-04-10"/>
  </code>
</codes>
<codes class="bip:industries:1.0">
  <code code="I34531">
    <editdetail action="confirmed" attribution="Reuters BIP Coding Group" date="1997-04-10"/>
  </code>
</codes>
<codes class="bip:topics:1.0">
  <code code="C15">
    <editdetail action="confirmed" attribution="Reuters BIP Coding Group" date="1997-04-10"/>
  </code>
  <code code="C151">
    <editdetail action="confirmed" attribution="Reuters BIP Coding Group" date="1997-04-10"/>
  </code>
  <code code="CCAT">
    <editdetail action="confirmed" attribution="Reuters BIP Coding Group" date="1997-04-10"/>
  </code>
</codes>
<dc element="dc.date.created" value="1997-04-10"/>
<dc element="dc.publisher" value="Reuters Holdings Plc"/>
<dc element="dc.date.published" value="1997-04-10"/>
<dc element="dc.source" value="Reuters"/>
<dc element="dc.creator.location" value="IRVINE, Calif."/>
<dc element="dc.creator.location.country.name" value="USA"/>
<dc element="dc.source" value="Reuters"/>
</metadata>
</newsitem>
