<?xml version="1.0" encoding="ISO-8859-1" standalone="no"?>
<newsitem date="1997-04-10" id="root" itemid="500927" xml:lang="en">
<title>ISRAEL: Carrier buys 26 pct of Tadiran Electric.</title>
<headline>Carrier buys 26 pct of Tadiran Electric.</headline>
<dateline>TEL AVIV 1997-04-10</dateline>
<text>
<p>Carrier Corp, a subsidiary of United Technologies, has closed a deal to purchase 26 percent of Tadiran Electrical Appliances from Tadiran Ltd, Israel's Tadiran Ltd said on Thursday.</p>
<p>Tadiran said the U.S. company paid $17.5 million for the holding, which followed an earlier purchase of three percent of Tadiran Electric's shares in an off-the-market deal.</p>
<p>For the 26 percent stake, Carrier paid a premium of roughly $5.8 million on Tadiran Electric's market valuation. Based on the company's Wednesday closing price on the Tel Aviv Stock Exchange, the stake is worth approximately $11.7 million.</p>
<p>Tadiran said Carrier had an option to purchase a controlling 51 percent of Tadiran Electric in three to six years time. Tadiran maintains a 60 percent stake in Tadiran Electric after the sale.</p>
<p>Tadiran Electric and Carrier, which both manufacture air conditioners, also signed an agreement on joint management and future strategic cooperation.</p>
<p>The Carrier sale is in line with Tadiran's efforts to find multinational strategic partners for its operating units.</p>
<p>($1 = 3.39 shekels)</p>
<p>- Tel Aviv newsroom, 972-2-537-2211</p>
</text>
<copyright>(c) Reuters Limited 1997</copyright>
<metadata>
<codes class="bip:countries:1.0">
  <code code="ISRAEL">
    <editdetail action="confirmed" attribution="Reuters BIP Coding Group" date="1997-04-10"/>
  </code>
  <code code="USA">
    <editdetail action="confirmed" attribution="Reuters BIP Coding Group" date="1997-04-10"/>
  </code>
</codes>
<codes class="bip:industries:1.0">
  <code code="I34430">
    <editdetail action="confirmed" attribution="Reuters BIP Coding Group" date="1997-04-10"/>
  </code>
  <code code="I36400">
    <editdetail action="confirmed" attribution="Reuters BIP Coding Group" date="1997-04-10"/>
  </code>
</codes>
<codes class="bip:topics:1.0">
  <code code="C18">
    <editdetail action="confirmed" attribution="Reuters BIP Coding Group" date="1997-04-10"/>
  </code>
  <code code="C181">
    <editdetail action="confirmed" attribution="Reuters BIP Coding Group" date="1997-04-10"/>
  </code>
  <code code="CCAT">
    <editdetail action="confirmed" attribution="Reuters BIP Coding Group" date="1997-04-10"/>
  </code>
</codes>
<dc element="dc.date.created" value="1997-04-10"/>
<dc element="dc.publisher" value="Reuters Holdings Plc"/>
<dc element="dc.date.published" value="1997-04-10"/>
<dc element="dc.source" value="Reuters"/>
<dc element="dc.creator.location" value="TEL AVIV"/>
<dc element="dc.creator.location.country.name" value="ISRAEL"/>
<dc element="dc.source" value="Reuters"/>
</metadata>
</newsitem>
