<?xml version="1.0" encoding="ISO-8859-1" standalone="no"?>
<newsitem date="1997-04-10" id="root" itemid="500341" xml:lang="en">
<title>SWEDEN: Sweden's April 15 budget - summary of media reports.</title>
<headline>Sweden's April 15 budget - summary of media reports.</headline>
<dateline>STOCKHOLM 1997-04-10</dateline>
<text>
<p>Following is a summary of what the Swedish media has reported on the likely contents of the minority Social Democratic government's April 15 budget proposal.</p>
<p>This summary will be repeated daily ahead of the budget and new or expanded items will be marked with an asterisk *.</p>
<p>			  - - - -</p>
<p>-- Forecast for the 1998 budget surplus raised to 12 billion crowns from 10 billion crowns.</p>
<p>-- Municipalities to get six billion crowns and regional authorities two billion of the 10 billion crowns that Prime Minister Goran Persson has promised annually in extra measures for health, care of the elderly and schools.</p>
<p>-- Early retirement for people close to the current retirement age of 65 and for longterm unemployed aged over 60.</p>
<p>-- Unemployed to be allowed to work in health care, elderly care and child care with 90 percent of a regular salary, paid mostly by the government.</p>
<p>-- Small companies to be given support. Currently small companies pay five percent less in employment taxes on staff with total wages of less than 600,000 crowns and the government will propose to raise this to between 800,000 and 900,000 crowns.</p>
<p>-- 15,000 new university places to boost number of students.</p>
<p>-- A new trainee system.</p>
<p>-- Several large construction projects.</p>
<p>-- Lower electricity taxes for power intensive industries.</p>
<p>-- Downscaling of plans for large cutbacks on dental care expenses.</p>
<p>-- No cutback on personal assistants for the disabled.</p>
<p>*-- The government to allocate 1.1 billion crowns annually to expand Stockholm's traffic system.</p>
<p>-- Stockholm newsroom +46-8-700 1017</p>
</text>
<copyright>(c) Reuters Limited 1997</copyright>
<metadata>
<codes class="bip:countries:1.0">
  <code code="SWED">
    <editdetail action="confirmed" attribution="Reuters BIP Coding Group" date="1997-04-10"/>
  </code>
</codes>
<codes class="bip:topics:1.0">
  <code code="E21">
    <editdetail action="confirmed" attribution="Reuters BIP Coding Group" date="1997-04-10"/>
  </code>
  <code code="E211">
    <editdetail action="confirmed" attribution="Reuters BIP Coding Group" date="1997-04-10"/>
  </code>
  <code code="ECAT">
    <editdetail action="confirmed" attribution="Reuters BIP Coding Group" date="1997-04-10"/>
  </code>
</codes>
<dc element="dc.date.created" value="1997-04-10"/>
<dc element="dc.publisher" value="Reuters Holdings Plc"/>
<dc element="dc.date.published" value="1997-04-10"/>
<dc element="dc.source" value="Reuters"/>
<dc element="dc.creator.location" value="STOCKHOLM"/>
<dc element="dc.creator.location.country.name" value="SWEDEN"/>
<dc element="dc.source" value="Reuters"/>
</metadata>
</newsitem>
