<?xml version="1.0" encoding="ISO-8859-1" standalone="no"?>
<newsitem date="1997-04-10" id="root" itemid="500253" xml:lang="en">
<title>ITALY: Italy 3rd mobile phone licence offered by June.</title>
<headline>Italy 3rd mobile phone licence offered by June.</headline>
<dateline>ROME 1997-04-10</dateline>
<text>
<p>Italy will offer its third licence to operate a mobile telephone service for tender by June, deputy posts and telecommunications minister Michele Lauria said.</p>
<p>In a statement Lauria said Posts and Telecoms Minister Antonio Maccanico had sent a draft of urgent measures to Prime Minister Romano Prodi establishing the procedure for the licence tender.</p>
<p>The measures, which are due to be examined by the cabinet as soon as possible, will allow the start of the tender by June, Lauria said.  </p>
<p>The measures also envisaged the introduction of a DECT (Digital European Cordless Telephony) supercordless telephone service for urban areas, the posts ministry statement said.</p>
<p>"The government confirms its willingness to proceed quickly with the start of the tender for choosing the third mobile phone operator," it said.</p>
<p>Italy's third mobile phone licence is expected to be for a PCN standard mobile phone service.</p>
<p>Several companies have expressed interested in competing for the licence including Italian broadcaster Mediaset together with British Telecom and Banca Nazionale del Lavoro, under their Albacom joint venture.</p>
<p>A newspaper reported this week that Deutsche Telekom was also interested in competing in conjunction with Italian state electricity utility Enel.</p>
<p>Italy currently has two GSM standard mobile phone service operators, state-controlled Telecom Italia Mobile (TIM) and Olivetti-controlled Omnitel Pronto Italia.</p>
<p>--Milan bureau +392 66129507</p>
</text>
<copyright>(c) Reuters Limited 1997</copyright>
<metadata>
<codes class="bip:countries:1.0">
  <code code="ITALY">
    <editdetail action="confirmed" attribution="Reuters BIP Coding Group" date="1997-04-10"/>
  </code>
</codes>
<codes class="bip:industries:1.0">
  <code code="I16100">
    <editdetail action="confirmed" attribution="Reuters BIP Coding Group" date="1997-04-10"/>
  </code>
  <code code="I79020">
    <editdetail action="confirmed" attribution="Reuters BIP Coding Group" date="1997-04-10"/>
  </code>
  <code code="I81402">
    <editdetail action="confirmed" attribution="Reuters BIP Coding Group" date="1997-04-10"/>
  </code>
</codes>
<codes class="bip:topics:1.0">
  <code code="C13">
    <editdetail action="confirmed" attribution="Reuters BIP Coding Group" date="1997-04-10"/>
  </code>
  <code code="C33">
    <editdetail action="confirmed" attribution="Reuters BIP Coding Group" date="1997-04-10"/>
  </code>
  <code code="CCAT">
    <editdetail action="confirmed" attribution="Reuters BIP Coding Group" date="1997-04-10"/>
  </code>
</codes>
<dc element="dc.date.created" value="1997-04-10"/>
<dc element="dc.publisher" value="Reuters Holdings Plc"/>
<dc element="dc.date.published" value="1997-04-10"/>
<dc element="dc.source" value="Reuters"/>
<dc element="dc.creator.location" value="ROME"/>
<dc element="dc.creator.location.country.name" value="ITALY"/>
<dc element="dc.source" value="Reuters"/>
</metadata>
</newsitem>
