<?xml version="1.0" encoding="ISO-8859-1" standalone="no"?>
<newsitem date="1997-04-10" id="root" itemid="500604" xml:lang="en">
<title>USA: US shares Japan concern on recent yen moves -- Rubin.</title>
<headline>US shares Japan concern on recent yen moves -- Rubin.</headline>
<dateline>WASHINGTON 1997-04-10</dateline>
<text>
<p>The United States shares Japan's concern about the recent weakening of the yen, U.S. Treasury Secretary Robert Rubin said Thursday.</p>
<p>"We share the concern expressed by the Japanese authorities last night about recent movements in the yen because of the impact on Japan's external surplus," Rubin said in a statement.</p>
<p>A weaker yen makes Japanese products more competitive on world markets, tending to boost the country's trade surplus.  </p>
<p>Rubin, who visited Tokyo last Friday, noted that Japanese Prime Minister Ryutaro Hashimoto stated last week that Japan needs strong domestic demand-led economic growth and had to avoid a significant rise in its surplus.</p>
<p>"The challenge for Japan is how to achieve these objectives," Rubin said. He said that U.S. dollar policy is unchanged and that exchange rates over time reflect fundamentals.  </p>
<p>"Our policy on the dollar is unchanged," Rubin said.</p>
<p>"Over time, exchange rates generally reflect fundamentals and the fundamentals of the U.S. economy have been relatively strong for the past four years," he added.</p>
</text>
<copyright>(c) Reuters Limited 1997</copyright>
<metadata>
<codes class="bip:countries:1.0">
  <code code="JAP">
    <editdetail action="confirmed" attribution="Reuters BIP Coding Group" date="1997-04-10"/>
  </code>
  <code code="USA">
    <editdetail action="confirmed" attribution="Reuters BIP Coding Group" date="1997-04-10"/>
  </code>
</codes>
<codes class="bip:topics:1.0">
  <code code="E12">
    <editdetail action="confirmed" attribution="Reuters BIP Coding Group" date="1997-04-10"/>
  </code>
  <code code="ECAT">
    <editdetail action="confirmed" attribution="Reuters BIP Coding Group" date="1997-04-10"/>
  </code>
  <code code="M13">
    <editdetail action="confirmed" attribution="Reuters BIP Coding Group" date="1997-04-10"/>
  </code>
  <code code="M132">
    <editdetail action="confirmed" attribution="Reuters BIP Coding Group" date="1997-04-10"/>
  </code>
  <code code="MCAT">
    <editdetail action="confirmed" attribution="Reuters BIP Coding Group" date="1997-04-10"/>
  </code>
</codes>
<dc element="dc.date.created" value="1997-04-10"/>
<dc element="dc.publisher" value="Reuters Holdings Plc"/>
<dc element="dc.date.published" value="1997-04-10"/>
<dc element="dc.source" value="Reuters"/>
<dc element="dc.creator.location" value="WASHINGTON"/>
<dc element="dc.creator.location.country.name" value="USA"/>
<dc element="dc.source" value="Reuters"/>
</metadata>
</newsitem>
