<?xml version="1.0" encoding="ISO-8859-1" standalone="no"?>
<newsitem date="1997-04-10" id="root" itemid="500624" xml:lang="en">
<title>USA: North Fork Bancorp Q1 March 31 net rises.</title>
<headline>North Fork Bancorp Q1 March 31 net rises.</headline>
<dateline>MELVILLE, N.Y. 1997-04-10</dateline>
<text>
<p>(In thousands, except ratios and per share amounts)</p>
<p>							 Three Months Ended</p>
<p>							     March 31,</p>
<p>							    1997    1996(a)</p>
<p> Interest income				  $109,881   $ 93,115</p>
<p> Interest expense				   43,811     41,761</p>
<p> Net interest income				66,070     51,354</p>
<p> Provision for loan losses			 1,500	1,700</p>
<p>Net interest income after provision for</p>
<p>  loan losses					 64,570     49,654</p>
<p>Non-Interest Income:</p>
<p>Fees and service charges on deposit accounts</p>
<p>							   4,391	3,205</p>
<p> Broker commissions and trust fees	     1,947	1,209</p>
<p> Mortgage banking operations			 411	  666</p>
<p> Other operating income			    1,056	1,137</p>
<p> Net securities gains				  161	1,397</p>
<p> Total non-interest income			 7,966	7,614</p>
<p>Non-Interest Expense:</p>
<p>  Operating expenses				28,142     23,284</p>
<p>  Amortization of intangible assets	    1,840	  518</p>
<p>  Other real estate				     46	  782</p>
<p>   Total non-interest expense		   30,028     24,584</p>
<p> Income before income taxes		     42,508     32,684</p>
<p> Provision for income taxes		     16,793     13,961</p>
<p>    Net income					25,715     18,723</p>
<p> Earnings per share				   0.78	 0.57</p>
<p> Cash dividends per share (b)		     0.25	 0.20</p>
<p> Average equivalent shares outstanding	32,913     32,850</p>
<p> Return on average total assets		  1.77%	1.48%</p>
<p> Return on average stockholders' equity     22.09%     17.42%</p>
<p> Yield on interest earning assets (c)	  8.16%	7.79%</p>
<p> Cost of funds					 3.98%	4.11%</p>
<p> Net interest margin (c)			   4.95%	4.32%</p>
<p> Core efficiency ratio (d)			39.80%     40.97%</p>
<p>(a) On Dec. 31, 1996, North Side Savings Bank was merged with and into the company. The merger has been accounted for as a pooling-of-interests. The company utilizes a fiscal year which ends on Dec. 31 for reporting purposes, whereas North Side used a fiscal year which ends on Sept. 30 for such purposes. The financial results of North Side for 1996 have been adjusted to conform to that of the company.</p>
<p>(b) Cash dividends do not reflect dividends declared by North Side prior to the merger.</p>
<p>(c) Presented on a tax equivalent basis.</p>
<p>(d) The core efficiency ratio is defined as the ratio of non-interest expense, net of other real estate related costs and other non-recurring charges, to net interest income on a taxable equivalent basis and other non-interest income, net of securities gains.</p>
<p>-- New York Newsdesk 212 859-1610</p>
</text>
<copyright>(c) Reuters Limited 1997</copyright>
<metadata>
<codes class="bip:countries:1.0">
  <code code="USA">
    <editdetail action="confirmed" attribution="Reuters BIP Coding Group" date="1997-04-10"/>
  </code>
</codes>
<codes class="bip:industries:1.0">
  <code code="I81402">
    <editdetail action="confirmed" attribution="Reuters BIP Coding Group" date="1997-04-10"/>
  </code>
</codes>
<codes class="bip:topics:1.0">
  <code code="C15">
    <editdetail action="confirmed" attribution="Reuters BIP Coding Group" date="1997-04-10"/>
  </code>
  <code code="C151">
    <editdetail action="confirmed" attribution="Reuters BIP Coding Group" date="1997-04-10"/>
  </code>
  <code code="CCAT">
    <editdetail action="confirmed" attribution="Reuters BIP Coding Group" date="1997-04-10"/>
  </code>
</codes>
<dc element="dc.date.created" value="1997-04-10"/>
<dc element="dc.publisher" value="Reuters Holdings Plc"/>
<dc element="dc.date.published" value="1997-04-10"/>
<dc element="dc.source" value="Reuters"/>
<dc element="dc.creator.location" value="MELVILLE, N.Y."/>
<dc element="dc.creator.location.country.name" value="USA"/>
<dc element="dc.source" value="Reuters"/>
</metadata>
</newsitem>
