<?xml version="1.0" encoding="ISO-8859-1" standalone="no"?>
<newsitem date="1997-04-10" id="root" itemid="500523" xml:lang="en">
<title>BELGIUM: EU farm leader says U.S. must improve meat safety.</title>
<headline>EU farm leader says U.S. must improve meat safety.</headline>
<dateline>BRUSSELS 1997-04-10</dateline>
<text>
<p>Luc Guyau, the new French president of the European Union farmers' lobby, COPA, said on Thursday he backed the EU's insistence on higher meat hygiene standards in veterinary negotiations with the United States.</p>
<p>The EU on April 1 blocked imports of U.S. chicken meat, saying that U.S. abattoirs did not meet EU sanitary standards.</p>
<p>"I think it's quite right that in such circumstances the EU says 'We cant continue to import from the U.S.," Guyau, leader of France's main farmers' union, FNSEA, told a news conference.</p>
<p>Guyau, starting a two-year term as leader of the EU's eight million farmers, said the EU was right to take risks in resisting the Americans and their tendency to say "What's good for the Americans must be good for the world."</p>
<p>Guyau suggested it would be more logical for Washington to ask for more time to adapt to EU rules, rather than talk about retaliation.</p>
<p>In Washington, EU and U.S. negotiators had scheduled a short meeting on Thursday to discuss unresolved issues in a dispute over meat imports but sources said that little progress had been made this week.</p>
<p>((-Peter Blackburn +Brussels Bureau 322 287 6830))</p>
</text>
<copyright>(c) Reuters Limited 1997</copyright>
<metadata>
<codes class="bip:countries:1.0">
  <code code="EEC">
    <editdetail action="confirmed" attribution="Reuters BIP Coding Group" date="1997-04-10"/>
  </code>
  <code code="FRA">
    <editdetail action="confirmed" attribution="Reuters BIP Coding Group" date="1997-04-10"/>
  </code>
  <code code="USA">
    <editdetail action="confirmed" attribution="Reuters BIP Coding Group" date="1997-04-10"/>
  </code>
</codes>
<codes class="bip:topics:1.0">
  <code code="C21">
    <editdetail action="confirmed" attribution="Reuters BIP Coding Group" date="1997-04-10"/>
  </code>
  <code code="G153">
    <editdetail action="confirmed" attribution="Reuters BIP Coding Group" date="1997-04-10"/>
  </code>
  <code code="G158">
    <editdetail action="confirmed" attribution="Reuters BIP Coding Group" date="1997-04-10"/>
  </code>
</codes>
<dc element="dc.date.created" value="1997-04-10"/>
<dc element="dc.publisher" value="Reuters Holdings Plc"/>
<dc element="dc.date.published" value="1997-04-10"/>
<dc element="dc.source" value="Reuters"/>
<dc element="dc.creator.location" value="BRUSSELS"/>
<dc element="dc.creator.location.country.name" value="BELGIUM"/>
<dc element="dc.source" value="Reuters"/>
</metadata>
</newsitem>
