<?xml version="1.0" encoding="ISO-8859-1" standalone="no"?>
<newsitem date="1997-04-10" id="root" itemid="500839" xml:lang="en">
<title>UK: I won't be bullied, says UK Labour's Blair.</title>
<headline>I won't be bullied, says UK Labour's Blair.</headline>
<dateline>LONDON 1997-04-10</dateline>
<text>
<p>British opposition Labour leader Tony Blair said on Thursday he would not be bullied by trade unions or other interest groups seeking special favours if he becomes prime minister after the May 1 election .</p>
<p>"People will not be able to threaten or bully any government I lead," he told BBC Radio in an interview.</p>
<p>"I will be as tough as anyone has ever been. Nobody, no interest group, no pressure group, no trade union, no vested interest of any kind is going to stand in the way of me giving the British people the deal I have promised."</p>
<p>The Labour Party was born out of the trade union movement, but Blair has sought loosen ties with them despite the fact they are still major financiers of the party.</p>
<p>Blair said he had changed the party so it could resist outside pressures from interest groups.</p>
<p>"I have changed the Labour Party so it is not susceptible to pressures from any (groups). We changed the way our Members of Parliament are elected, we changed our relations with the trade unions, changed our policy making process...and the party is going to resist pressure from them (unions) or anybody else."</p>
<p>--London newsroom +44 171 542 7950</p>
</text>
<copyright>(c) Reuters Limited 1997</copyright>
<metadata>
<codes class="bip:countries:1.0">
  <code code="UK">
    <editdetail action="confirmed" attribution="Reuters BIP Coding Group" date="1997-04-10"/>
  </code>
</codes>
<codes class="bip:topics:1.0">
  <code code="GCAT">
    <editdetail action="confirmed" attribution="Reuters BIP Coding Group" date="1997-04-10"/>
  </code>
  <code code="GPOL">
    <editdetail action="confirmed" attribution="Reuters BIP Coding Group" date="1997-04-10"/>
  </code>
  <code code="GVOTE">
    <editdetail action="confirmed" attribution="Reuters BIP Coding Group" date="1997-04-10"/>
  </code>
</codes>
<dc element="dc.date.created" value="1997-04-10"/>
<dc element="dc.publisher" value="Reuters Holdings Plc"/>
<dc element="dc.date.published" value="1997-04-10"/>
<dc element="dc.source" value="Reuters"/>
<dc element="dc.creator.location" value="LONDON"/>
<dc element="dc.creator.location.country.name" value="UK"/>
<dc element="dc.source" value="Reuters"/>
</metadata>
</newsitem>
