<?xml version="1.0" encoding="ISO-8859-1" standalone="no"?>
<newsitem date="1997-04-10" id="root" itemid="501364" xml:lang="en">
<title>AUSTRALIA: Australian wool indicator rises 3 cents to 626c/kg.</title>
<headline>Australian wool indicator rises 3 cents to 626c/kg.</headline>
<dateline>MELBOURNE 1997-04-10</dateline>
<text>
<p>The Australian wool market eastern indicator rose three cents to 626 cents a kg clean on Thursday at sales in Sydney and Melbourne, Wool International said.</p>
<p>Merino fleece was dearer, with 19/24 microns up slightly, 20/23/25/26m 0.5 percent dearer, and 21/22m one percent dearer, it said.</p>
<p>Merino skirtings were generally unchanged while crossbeds of 27-31m were 0.5 percent dearer.</p>
<p>In cardings, lambs were fully firm but carbonising locks and crutchings were up to three percent cheaper.  </p>
<p>WI said Japanese interests, including China, were principal buyers with support from Taiwan and Western Europe.</p>
<p>Of the 24,381 bales offered, 9.7 percent were passed in.</p>
<p>Sales continue next week in Sydney, Adelaide and Fremantle with about 103,100 bales to be offered.</p>
<p>-- Sydney newsroom 61-2 9373-1800</p>
</text>
<copyright>(c) Reuters Limited 1997</copyright>
<metadata>
<codes class="bip:countries:1.0">
  <code code="AUSTR">
    <editdetail action="confirmed" attribution="Reuters BIP Coding Group" date="1997-04-10"/>
  </code>
</codes>
<codes class="bip:topics:1.0">
  <code code="M14">
    <editdetail action="confirmed" attribution="Reuters BIP Coding Group" date="1997-04-10"/>
  </code>
  <code code="M141">
    <editdetail action="confirmed" attribution="Reuters BIP Coding Group" date="1997-04-10"/>
  </code>
  <code code="MCAT">
    <editdetail action="confirmed" attribution="Reuters BIP Coding Group" date="1997-04-10"/>
  </code>
</codes>
<dc element="dc.date.created" value="1997-04-10"/>
<dc element="dc.publisher" value="Reuters Holdings Plc"/>
<dc element="dc.date.published" value="1997-04-10"/>
<dc element="dc.source" value="Reuters"/>
<dc element="dc.creator.location" value="MELBOURNE"/>
<dc element="dc.creator.location.country.name" value="AUSTRALIA"/>
<dc element="dc.source" value="Reuters"/>
</metadata>
</newsitem>
