<?xml version="1.0" encoding="ISO-8859-1" standalone="no"?>
<newsitem date="1997-04-10" id="root" itemid="501013" xml:lang="en">
<title>USA: Apogee Enterprises Inc Q4 March 1 net up.</title>
<headline>Apogee Enterprises Inc Q4 March 1 net up.</headline>
<dateline>MINNEAPOLIS 1997-04-10</dateline>
<text>
<p>13 Weeks Ended   13 Weeks Ended	%</p>
<p>			     Mar 1, 1997     Mar 2, 1996	Change</p>
<p> Net sales		$240,234,000    $214,442,000	 12%</p>
<p> Cost of goods sold    207,252,000     187,932,000	 10%</p>
<p>   Gross profit	   32,982,000	26,510,000	 24%</p>
<p>Selling, general</p>
<p>and administrative</p>
<p>   expenses		 23,849,000	20,786,000	 15%</p>
<p>   Operating income	9,133,000	 5,724,000	 60%</p>
<p> Interest expense, net     796,000	 1,089,000     (27%)</p>
<p> Other expense, net		---	   310,000    (100%)</p>
<p>Earnings before</p>
<p>income taxes</p>
<p>and other items</p>
<p>   below		     8,337,000	 4,325,000	 93%</p>
<p> Income taxes		2,552,000	 1,613,000	 58%</p>
<p>Equity in net loss</p>
<p>(earnings) of</p>
<p>   affiliates		  278,000	 (372,000)	 N/M</p>
<p> Minority interest	 (155,000)	 (452,000)     (66%)</p>
<p>			    52 Weeks Ended  53 Weeks Ended     %</p>
<p>			     Mar 1, 1997     Mar 2, 1996    Change</p>
<p> Net sales		$950,777,000    $871,147,000	  9%</p>
<p> Cost of goods sold    798,975,000     752,624,000	  6%</p>
<p>   Gross profit	  151,802,000     118,523,000	 28%</p>
<p>Selling, general</p>
<p>and administrative</p>
<p>   expenses		105,305,000	86,066,000	 22%</p>
<p>   Operating income     46,497,000	32,457,000	 43%</p>
<p> Interest expense, net   6,964,000	 5,697,000	 22%</p>
<p> Other expense, net		---	   149,000    (100%)</p>
<p>Earnings before</p>
<p>income taxes</p>
<p>and other items</p>
<p>   below		    39,533,000	26,611,000	 49%</p>
<p> Income taxes	     13,802,000	 9,820,000	 41%</p>
<p>Equity in net</p>
<p>loss (earnings)</p>
<p>   of affiliates	     338,000	 (528,000)	 N/M</p>
<p> Minority interest	 (827,000)	 (516,000)	 60%</p>
<p>   Net earnings	   26,220,000	17,835,000	 47%</p>
<p>   Earnings per share	   0.93		0.65	 43%</p>
<p>Average common and common</p>
<p>equivalent shares</p>
<p>   outstanding	    28,057,061	27,257,699	  3%</p>
<p>Cash dividends</p>
<p>   per common share	    0.175	     0.165	  6%</p>
<p>((--Chicago Newsdesk 312 408 8787))</p>
</text>
<copyright>(c) Reuters Limited 1997</copyright>
<metadata>
<codes class="bip:countries:1.0">
  <code code="USA">
    <editdetail action="confirmed" attribution="Reuters BIP Coding Group" date="1997-04-10"/>
  </code>
</codes>
<codes class="bip:industries:1.0">
  <code code="I24000">
    <editdetail action="confirmed" attribution="Reuters BIP Coding Group" date="1997-04-10"/>
  </code>
</codes>
<codes class="bip:topics:1.0">
  <code code="C15">
    <editdetail action="confirmed" attribution="Reuters BIP Coding Group" date="1997-04-10"/>
  </code>
  <code code="C151">
    <editdetail action="confirmed" attribution="Reuters BIP Coding Group" date="1997-04-10"/>
  </code>
  <code code="C1511">
    <editdetail action="confirmed" attribution="Reuters BIP Coding Group" date="1997-04-10"/>
  </code>
  <code code="CCAT">
    <editdetail action="confirmed" attribution="Reuters BIP Coding Group" date="1997-04-10"/>
  </code>
</codes>
<dc element="dc.date.created" value="1997-04-10"/>
<dc element="dc.publisher" value="Reuters Holdings Plc"/>
<dc element="dc.date.published" value="1997-04-10"/>
<dc element="dc.source" value="Reuters"/>
<dc element="dc.creator.location" value="MINNEAPOLIS"/>
<dc element="dc.creator.location.country.name" value="USA"/>
<dc element="dc.source" value="Reuters"/>
</metadata>
</newsitem>
