<?xml version="1.0" encoding="ISO-8859-1" standalone="no"?>
<newsitem date="1997-04-10" id="root" itemid="500091" xml:lang="en">
<title>USA: Manitowoc Q1 climbs as margins improve.</title>
<headline>Manitowoc Q1 climbs as margins improve.</headline>
<dateline>MANITOWOC, Wis. 1997-04-10</dateline>
<text>
<p>Manitowoc Co Inc said Thursday higher margins, lower interest expense and a lower tax rate helped earnings rise in the first quarter ended March 31.</p>
<p>The company reported net income of $6.5 million, or $0.56 a share, up from $4.1 million, or $0.36 a share, a year ago. Sales in the period rose to $116.0 million from $114.1 million, Manitowoc said.</p>
<p>Operating earnings from the company's crane business were nearly double year-ago results, Manitowoc said.</p>
<p>The company makes foodservice equipment, cranes, boom trucks and provides marine repair services.</p>
<p>Its shares were down 1/8 Thursday at 19-7/8.</p>
<p>((Chicago newsdesk (312) 408-8787))</p>
</text>
<copyright>(c) Reuters Limited 1997</copyright>
<metadata>
<codes class="bip:countries:1.0">
  <code code="USA">
    <editdetail action="confirmed" attribution="Reuters BIP Coding Group" date="1997-04-10"/>
  </code>
</codes>
<codes class="bip:industries:1.0">
  <code code="I32540">
    <editdetail action="confirmed" attribution="Reuters BIP Coding Group" date="1997-04-10"/>
  </code>
</codes>
<codes class="bip:topics:1.0">
  <code code="C15">
    <editdetail action="confirmed" attribution="Reuters BIP Coding Group" date="1997-04-10"/>
  </code>
  <code code="C151">
    <editdetail action="confirmed" attribution="Reuters BIP Coding Group" date="1997-04-10"/>
  </code>
  <code code="CCAT">
    <editdetail action="confirmed" attribution="Reuters BIP Coding Group" date="1997-04-10"/>
  </code>
</codes>
<dc element="dc.date.created" value="1997-04-10"/>
<dc element="dc.publisher" value="Reuters Holdings Plc"/>
<dc element="dc.date.published" value="1997-04-10"/>
<dc element="dc.source" value="Reuters"/>
<dc element="dc.creator.location" value="MANITOWOC, Wis."/>
<dc element="dc.creator.location.country.name" value="USA"/>
<dc element="dc.source" value="Reuters"/>
</metadata>
</newsitem>
