<?xml version="1.0" encoding="ISO-8859-1" standalone="no"?>
<newsitem date="1997-04-10" id="root" itemid="500114" xml:lang="en">
<title>USA: N.J. candidate blasts Whitman's pension bond plan.</title>
<headline>N.J. candidate blasts Whitman's pension bond plan.</headline>
<dateline>NEW YORK 1997-04-10</dateline>
<text>
<p>U.S. Rep. Rob Andrews, D-N.J., kicked off his campaign for governor with a swing across New Jersey in which he blasted Gov. Christine Whitman's $2.9 billion pension bond plan.</p>
<p>Andrews told elementary school students in Union City they would still be paying off the debt when they turned 50.</p>
<p>Whitman has proposed selling the bonds to pay off the pension system's unfunded liability. But opposition to the deal is mounting in the Legislature, and it has become an issue in the November election.</p>
<p>A poll released Thursday by Quinnipiac College showed a drop in Whitman's approval rating, in part because of skepticism about the bond proposal. About 49 percent of those surveyed called the idea "a gimmick to balance the state budget," while 19 percent said it is "good financial management."</p>
<p>The state in February selected Merrill Lynch &amp; Co to underwrite the bonds.</p>
<p>Andrews is the second Democratic candidate this week to make his official announcement entering the race, joining state Sen. Jim McGreevey. Former Morris County Prosecutor Michael Murphy is expected to join the race by end of the week.</p>
<p>Despite Whitman's declining approval rating, the Quinnipiac poll found she would handily beat any of the three candidates if the election were held now.</p>
<p>The poll surveyed 867 New Jersey residents who said they were registered voters. It was conducted April 1 through 6, and has a margin of error of plus or minus 3.3 percent.</p>
<p>--Steven Dickson, 212-859-1652</p>
</text>
<copyright>(c) Reuters Limited 1997</copyright>
<metadata>
<codes class="bip:countries:1.0">
  <code code="USA">
    <editdetail action="confirmed" attribution="Reuters BIP Coding Group" date="1997-04-10"/>
  </code>
</codes>
<codes class="bip:topics:1.0">
  <code code="E21">
    <editdetail action="confirmed" attribution="Reuters BIP Coding Group" date="1997-04-10"/>
  </code>
  <code code="E212">
    <editdetail action="confirmed" attribution="Reuters BIP Coding Group" date="1997-04-10"/>
  </code>
  <code code="ECAT">
    <editdetail action="confirmed" attribution="Reuters BIP Coding Group" date="1997-04-10"/>
  </code>
  <code code="GCAT">
    <editdetail action="confirmed" attribution="Reuters BIP Coding Group" date="1997-04-10"/>
  </code>
  <code code="GPOL">
    <editdetail action="confirmed" attribution="Reuters BIP Coding Group" date="1997-04-10"/>
  </code>
</codes>
<dc element="dc.date.created" value="1997-04-10"/>
<dc element="dc.publisher" value="Reuters Holdings Plc"/>
<dc element="dc.date.published" value="1997-04-10"/>
<dc element="dc.source" value="Reuters"/>
<dc element="dc.creator.location" value="NEW YORK"/>
<dc element="dc.creator.location.country.name" value="USA"/>
<dc element="dc.source" value="Reuters"/>
</metadata>
</newsitem>
