<?xml version="1.0" encoding="ISO-8859-1" standalone="no"?>
<newsitem date="1997-04-10" id="root" itemid="500905" xml:lang="en">
<title>KUWAIT: Kuwait credit extension fall in Dec month/month.</title>
<headline>Kuwait credit extension fall in Dec month/month.</headline>
<dateline>KUWAIT 1997-04-10</dateline>
<text>
<p>Domestic credit extended by banks operating in Kuwait fell to 3.173 billion dinars at the end of December from 3.199 billion in November, Central Bank figures showed.</p>
<p>The credit amounted to 2.436 billion dinars at the end of December 1995.</p>
<p>Balance of cash portion used from domestic credit facilities by sector:</p>
<p>				Figures in million dinars</p>
<p>				     Dec '96		Dec '95</p>
<p>Trade				519.0		  418.4</p>
<p>Industry			   225.2		  160.6</p>
<p>Construction		     207.2		  150.0</p>
<p>Agriculture and Fishing	  9.9		    8.7</p>
<p>Non-bank financial</p>
<p> institutions		    183.7		  139.6</p>
<p>Personal Facilities	  1,456.5		1,171.8</p>
<p>Real Estate			420.6		  235.1</p>
<p>Other				151.0		  152.1</p>
<p>Total			    3,173.1		2,436.3</p>
<p> of which, consumer loans    515.6		  525.3</p>
<p>Note: Non-bank financial institutions include insurance, money exchange and investment firms. The figures include the effect of purchasing debts of Kuwaiti debtors in return for Debt Purchase Bonds since December 1991.</p>
<p>Slight discrepancies in totals are due to rounding.</p>
<p>($1 = 0.303 dinars)</p>
</text>
<copyright>(c) Reuters Limited 1997</copyright>
<metadata>
<codes class="bip:countries:1.0">
  <code code="KUWAIT">
    <editdetail action="confirmed" attribution="Reuters BIP Coding Group" date="1997-04-10"/>
  </code>
</codes>
<codes class="bip:industries:1.0">
  <code code="I81402">
    <editdetail action="confirmed" attribution="Reuters BIP Coding Group" date="1997-04-10"/>
  </code>
</codes>
<codes class="bip:topics:1.0">
  <code code="C31">
    <editdetail action="confirmed" attribution="Reuters BIP Coding Group" date="1997-04-10"/>
  </code>
  <code code="CCAT">
    <editdetail action="confirmed" attribution="Reuters BIP Coding Group" date="1997-04-10"/>
  </code>
</codes>
<dc element="dc.date.created" value="1997-04-10"/>
<dc element="dc.publisher" value="Reuters Holdings Plc"/>
<dc element="dc.date.published" value="1997-04-10"/>
<dc element="dc.source" value="Reuters"/>
<dc element="dc.creator.location" value="KUWAIT"/>
<dc element="dc.creator.location.country.name" value="KUWAIT"/>
<dc element="dc.source" value="Reuters"/>
</metadata>
</newsitem>
