<?xml version="1.0" encoding="ISO-8859-1" standalone="no"?>
<newsitem date="1997-04-10" id="root" itemid="499776" xml:lang="en">
<title>DUBAI: Iran blasts German verdict, recalls ambassador.</title>
<headline>Iran blasts German verdict, recalls ambassador.</headline>
<byline>Firouz Sedarat</byline>
<dateline>DUBAI 1997-04-10</dateline>
<text>
<p>Iran on Thursday rejected as biased a German court ruling that Tehran ordered the 1992 killings of four Kurdish dissidents, and withdrew its ambassador to Germany for consultations.</p>
<p>Foreign Ministry spokesman Mahmoud Mohammadi said the court verdict was unfounded and influenced by a propaganda campaign against Iran, the official Iranian IRNA news agency reported.</p>
<p>Mohammadi rejected the ruling which he said had been made "in an unjust and biased manner based on the false claims of counter-revolutionary elements and hostile political propaganda of the Zionists".</p>
<p>He said Tehran had recalled its ambassador to Bonn, Hossein Moussavian, for consultations and was waiting for an official account of the verdict.</p>
<p>In its sentence on Thursday, the court avoided citing names but gave the positions of the Iranian officials it believed were behind the murders as members of a committee which included the state president and Iran's religious leader.</p>
<p>Iran's parliamentary speaker Ali Akbar Nateq-Nouri, speaking in Moscow, dismissed the court verdict as political.</p>
<p>Iran's ties with Germany, Tehran's main trade partner, have been strained over the German charges that spiritual leader Ayatollah Ali Khamenei and President Akbar Hashemi Rafsanjani ordered the murders. Iran has denied being involved.</p>
<p>Iran's move came as Germany announced it was recalling its ambassador from Tehran and expelling four Iranian diplomatic staff. Bonn also said it was ending its policy of "critical dialogue" with Tehran for the foreseeable future.</p>
<p>Residents in the Iranian capital said dozens of riot police were posted on Thursday evening around the German embassy compound in central Tehran.</p>
<p>The embassy had been closed all day even though it is usually open on Thursdays, the residents said.</p>
<p>Iran has repeatedly denied all responsibility for the killings which it blames on infighting among opposition groups.</p>
<p>It has condemned the trial as politically motivated, citing that a main witness was Abolhassan Banisadr -- Iran's first president who fled to France after being deposed in 1981. Banisadr is accused by Tehran of hijacking and other crimes.</p>
<p>Foreign Minister Ali Akbar Velayati said on Wednesday a "negative" verdict could damage ties with Bonn and denied reports the 500 German nationals living in Iran were at risk.</p>
<p>"We support human values and German nationals will have full security," he said. "But a negative verdict...will have a negative impact on political and economic ties between Tehran and Bonn."</p>
<p>He was reacting to reports that pro-Iranian groups might attack German interests or that the lives of German nationals in Iran were under threat if the court backed charges by German prosecutors that Tehran ordered the killings.</p>
<p>Velayati said Iran had good relations with Germany and drew a distinction between the court and the Bonn government.</p>
<p>Germany has been Iran's most important Western ally and has resisted pressure, mainly from the United States and Britain, to shun Iran which they accuse of state terrorism, a charge Iran denies.</p>
<p>Iranian analysts said they believed Iran would issue strongly worded protests against the court's ruling but doubted it would go as far as jeopardising its vital ties with Germany.</p>
<p>They referred to comments by Khamenei late last year as the row broke that the United States and Israel were Iran's main enemies and disputes with other countries were secondary. They said the comments looked like an attempt to defuse the row.</p>
<p>The court gave life sentences to Kazem Darabi, an Iranian, and Abbas Rhayel, a Lebanese. Two other Lebanese received prison sentences of between five and 11 years as accomplices.</p>
<p>It found a fifth man innocent of complicity charges.</p>
<p>The German Foreign Ministry has warned Germans not to travel to Iran unless absolutely necessary and to remain in constant contact with the embassy in Tehran. In November, protesters marched on the embassy, pelted it with eggs and stones and called for the death of German state prosecutor Bruno Jost.</p>
<p>Bonn last year issued an arrest warrant for Intelligence Minister Ali Fallahiyan, accusing him of masterminding the murders.</p>
</text>
<copyright>(c) Reuters Limited 1997</copyright>
<metadata>
<codes class="bip:countries:1.0">
  <code code="GFR">
    <editdetail action="confirmed" attribution="Reuters BIP Coding Group" date="1997-04-10"/>
  </code>
  <code code="IRAN">
    <editdetail action="confirmed" attribution="Reuters BIP Coding Group" date="1997-04-10"/>
  </code>
  <code code="UAE">
    <editdetail action="confirmed" attribution="Reuters BIP Coding Group" date="1997-04-10"/>
  </code>
</codes>
<codes class="bip:topics:1.0">
  <code code="GCAT">
    <editdetail action="confirmed" attribution="Reuters BIP Coding Group" date="1997-04-10"/>
  </code>
  <code code="GCRIM">
    <editdetail action="confirmed" attribution="Reuters BIP Coding Group" date="1997-04-10"/>
  </code>
  <code code="GDIP">
    <editdetail action="confirmed" attribution="Reuters BIP Coding Group" date="1997-04-10"/>
  </code>
  <code code="GVIO">
    <editdetail action="confirmed" attribution="Reuters BIP Coding Group" date="1997-04-10"/>
  </code>
</codes>
<dc element="dc.date.created" value="1997-04-10"/>
<dc element="dc.publisher" value="Reuters Holdings Plc"/>
<dc element="dc.date.published" value="1997-04-10"/>
<dc element="dc.source" value="Reuters"/>
<dc element="dc.creator.location" value="DUBAI"/>
<dc element="dc.creator.location.country.name" value="DUBAI"/>
<dc element="dc.source" value="Reuters"/>
</metadata>
</newsitem>
