<?xml version="1.0" encoding="ISO-8859-1" standalone="no"?>
<newsitem date="1997-04-10" id="root" itemid="501194" xml:lang="en">
<title>NETHERLANDS: NBM-Amstelland says housing disappoints.</title>
<headline>NBM-Amstelland says housing disappoints.</headline>
<dateline>THE HAGUE 1997-04-10</dateline>
<text>
<p>Dutch builder NBM-Amstelland NV said on Thursday net profits almost doubled in 1996 thanks to a strong profit contribution from newly-consolidated Cementbouw and earnings growth in all its divisions except housing.</p>
<p>"With the exception of the housing construction group, all divisions and particularly Cementbouw contributed to the doubling of profit," NBM said in a statement.</p>
<p>The builder earlier reported 1996 net profits mushroomed to 81.5 million guilders from a year-earlier 40.8 million.</p>
<p>Profits per ordinary share (after preference dividend) rose 19.7 percent to 2.85 guilders from a year-earlier 2.38 guilders.</p>
<p>Building materials trader Cementbouw, acquired in 1995, was fully-consolidated for the first time in 1996.</p>
<p>NBM said housing construction again booked a disappointing result in 1996, but that drastic restructuring in various areas coupled with cost savings should help restore profitability.</p>
<p>Turnover at the company's project development and real estate arm jumped some 15 percent but operating profits lagged those of last year.</p>
<p>However the profit contribution of NBM's shareholding in property funds Capa City Realty and Germany's GFG boosted the division's net result, NBM said.</p>
<p>-- Amsterdam newsroom +31 20 504 5000, Fax +31 20 504 5040</p>
</text>
<copyright>(c) Reuters Limited 1997</copyright>
<metadata>
<codes class="bip:countries:1.0">
  <code code="NETH">
    <editdetail action="confirmed" attribution="Reuters BIP Coding Group" date="1997-04-10"/>
  </code>
</codes>
<codes class="bip:industries:1.0">
  <code code="I50100">
    <editdetail action="confirmed" attribution="Reuters BIP Coding Group" date="1997-04-10"/>
  </code>
  <code code="I85000">
    <editdetail action="confirmed" attribution="Reuters BIP Coding Group" date="1997-04-10"/>
  </code>
</codes>
<codes class="bip:topics:1.0">
  <code code="C15">
    <editdetail action="confirmed" attribution="Reuters BIP Coding Group" date="1997-04-10"/>
  </code>
  <code code="C151">
    <editdetail action="confirmed" attribution="Reuters BIP Coding Group" date="1997-04-10"/>
  </code>
  <code code="C1511">
    <editdetail action="confirmed" attribution="Reuters BIP Coding Group" date="1997-04-10"/>
  </code>
  <code code="CCAT">
    <editdetail action="confirmed" attribution="Reuters BIP Coding Group" date="1997-04-10"/>
  </code>
</codes>
<dc element="dc.date.created" value="1997-04-10"/>
<dc element="dc.publisher" value="Reuters Holdings Plc"/>
<dc element="dc.date.published" value="1997-04-10"/>
<dc element="dc.source" value="Reuters"/>
<dc element="dc.creator.location" value="THE HAGUE"/>
<dc element="dc.creator.location.country.name" value="NETHERLANDS"/>
<dc element="dc.source" value="Reuters"/>
</metadata>
</newsitem>
