<?xml version="1.0" encoding="ISO-8859-1" standalone="no"?>
<newsitem date="1997-04-10" id="root" itemid="500144" xml:lang="en">
<title>USA: Last round of meat talks productive - US official.</title>
<headline>Last round of meat talks productive - US official.</headline>
<dateline>WASHINGTON 1997-04-10</dateline>
<text>
<p>The senior U.S. negotiator in talks with the European Union to settle a dispute over meat imports said Thursday that this week's meetings have been "productive" even if they haven't resulted in an agreement.</p>
<p>"We went through the remaining issues at some length ... we had, I think a productive meeting," said Paul Drazek, senior trade adviser to Agriculture Secretary Dan Glickman.</p>
<p>"There's been no agreement, but we've continuing to talk," he said after the officials met Tuesday and Wednesday in the so-called veterinary equivalency talks.</p>
<p>Negotiators were scheduled to meet briefly Thursday morning, and the EU team was then departing for Brussels in the afternoon. There was talk that the meetings would be continued next week in Brussels.</p>
<p>EU and U.S. officials have been trying to reach agreement over differences in their meat import inspection regulations. A deal would enable the two sides to accept meat and poultry from each other even if the inspection systems differ.</p>
<p>Failure to reach agreement could disrupt the trans-Atlantic flow of trade of hundreds of millions of dollars worth of poultry and meat products.</p>
</text>
<copyright>(c) Reuters Limited 1997</copyright>
<metadata>
<codes class="bip:countries:1.0">
  <code code="EEC">
    <editdetail action="confirmed" attribution="Reuters BIP Coding Group" date="1997-04-10"/>
  </code>
  <code code="USA">
    <editdetail action="confirmed" attribution="Reuters BIP Coding Group" date="1997-04-10"/>
  </code>
</codes>
<codes class="bip:topics:1.0">
  <code code="G15">
    <editdetail action="confirmed" attribution="Reuters BIP Coding Group" date="1997-04-10"/>
  </code>
  <code code="G158">
    <editdetail action="confirmed" attribution="Reuters BIP Coding Group" date="1997-04-10"/>
  </code>
  <code code="GCAT">
    <editdetail action="confirmed" attribution="Reuters BIP Coding Group" date="1997-04-10"/>
  </code>
</codes>
<dc element="dc.date.created" value="1997-04-10"/>
<dc element="dc.publisher" value="Reuters Holdings Plc"/>
<dc element="dc.date.published" value="1997-04-10"/>
<dc element="dc.source" value="Reuters"/>
<dc element="dc.creator.location" value="WASHINGTON"/>
<dc element="dc.creator.location.country.name" value="USA"/>
<dc element="dc.source" value="Reuters"/>
</metadata>
</newsitem>
