<?xml version="1.0" encoding="ISO-8859-1" standalone="no"?>
<newsitem date="1997-04-10" id="root" itemid="501046" xml:lang="en">
<title>USA: US West Coast gasoline prices weak, but rally seen.</title>
<headline>US West Coast gasoline prices weak, but rally seen.</headline>
<dateline>LOS ANGELES 1997-04-09</dateline>
<text>
<p>Wholesale prices for U.S. West Coast gasoline fell Wednesday, as sellers lowered prices to keep pace with a lower energy futures market in New York.</p>
<p>But traders said the market would rebound soon, with a flotilla of imports factored into the market and the cost of raw crude falling relative to refined products.</p>
<p>"People are finally thinking its bottomed out," said one broker in California. "Cargoes are unlikely to come."</p>
<p>A 486,000 barrel cargo of gasoline reached Los Angeles April 3, a trader reported. Mobil and Chevron refineries bought the supply on the spot market, traders said.  </p>
<p>Traders said four more cargoes have or would arrive soon, but could not give details.</p>
<p>Western spot prices, which attained a 20-cent premium over futures in recent weeks, have fallen to a nine cent advantage, leaving other regions without incentive to pay shipping costs west.</p>
<p>"Arbs are closed at this point," one trader said.</p>
<p>Supply and demand appeared balanced, with West Coast gasoline supplies up last week, but still 2.3 million barrels short of year-ago levels, American Petroleum Institute (API) said in its Tuesday stocks report.</p>
<p>And the region's huge refining output appeared to rebound after losing production during seasonal maintenance shutdowns.</p>
<p>West Coast refineries operated at 91 percent of capacity last week, up 1.2 percentage points from the previous week, API reported Tuesday.</p>
<p>Offers for CARB gasoline in Los Angeles were talked 70.50, 2.50 cents a gallon lower in Wednesday trade. San Francisco CARB gasoline was priced two cents lower by sellers at 69.50 cents.</p>
<p>CARB diesel fuel rose one cent in Los Angeles to 76/77 cents a gallon.</p>
<p>((David Brinkerhoff, Los Angeles bureau +1 213 380 2014))</p>
</text>
<copyright>(c) Reuters Limited 1997</copyright>
<metadata>
<codes class="bip:countries:1.0">
  <code code="USA">
    <editdetail action="confirmed" attribution="Reuters BIP Coding Group" date="1997-04-10"/>
  </code>
</codes>
<codes class="bip:topics:1.0">
  <code code="M14">
    <editdetail action="confirmed" attribution="Reuters BIP Coding Group" date="1997-04-10"/>
  </code>
  <code code="M143">
    <editdetail action="confirmed" attribution="Reuters BIP Coding Group" date="1997-04-10"/>
  </code>
  <code code="MCAT">
    <editdetail action="confirmed" attribution="Reuters BIP Coding Group" date="1997-04-10"/>
  </code>
</codes>
<dc element="dc.date.created" value="1997-04-09"/>
<dc element="dc.publisher" value="Reuters Holdings Plc"/>
<dc element="dc.date.published" value="1997-04-10"/>
<dc element="dc.source" value="Reuters"/>
<dc element="dc.creator.location" value="LOS ANGELES"/>
<dc element="dc.creator.location.country.name" value="USA"/>
<dc element="dc.source" value="Reuters"/>
</metadata>
</newsitem>
