<?xml version="1.0" encoding="ISO-8859-1" standalone="no"?>
<newsitem date="1997-04-10" id="root" itemid="501394" xml:lang="en">
<title>AUSTRALIA: Lend Lease says on track for profits rise.</title>
<headline>Lend Lease says on track for profits rise.</headline>
<dateline>SYDNEY 1997-04-10</dateline>
<text>
<p>Lend Lease Corp, announcing its US$400 million acquisition of Equitable Real Estate Investment Management, said it was on target to increase profits and earnings per share (EPS) in the current financial year ending June 30.  </p>
<p>The purchase would be funded through a mixture of debt, including a US$100 million note to Equitable, and existing cash reserves, Lend Lease Chairman Stuart Hornery said in a statement.</p>
<p>"For our shareholders, the acquisition will be earnings per share positive from the outset," he said.</p>
<p>Lend Lease chief executive David Higgins said Equitable Real Estate (ERE) managed about US$25 billion in property and mortgages for a large cross section of U.S. and international investors.  </p>
<p>ERE was the largest manager of investment real estate in the United States.</p>
<p>"This will greatly strengthen our capacity to undertake outsourced facilities management on a global basis," Higgins said.</p>
<p>"In response to the rapidly increasing sophistication of the market, Lend Lease is now strategically placed to service a growing demand among institutional investors in the US for the complete spectrum of real estate investment advice, opportunities and services, both in the U.S. and around the world," he said.  </p>
<p>ERE had posted earnings before tax and non-recurring items of US$56 million in calendar 1996, he said.</p>
<p>"In closing, Mr Higgins stated Lend Lease was on target to increase profits and earnings per share in the current financial year," Lend Lease said.</p>
<p>Lend Lease said in February it expected to increase profit after tax and EPS in the year to June 30, 1997 from its 1995/96 profit figure of A$280 million.</p>
<p>Lend Lease's shares were 32 cents higher at A$22.85 at 4.10 p.m. (0610 GMT) on Thursday.</p>
<p>-- Sydney Newsroom 61-2 9373-1800</p>
</text>
<copyright>(c) Reuters Limited 1997</copyright>
<metadata>
<codes class="bip:countries:1.0">
  <code code="AUSTR">
    <editdetail action="confirmed" attribution="Reuters BIP Coding Group" date="1997-04-10"/>
  </code>
  <code code="USA">
    <editdetail action="confirmed" attribution="Reuters BIP Coding Group" date="1997-04-10"/>
  </code>
</codes>
<codes class="bip:industries:1.0">
  <code code="I82000">
    <editdetail action="confirmed" attribution="Reuters BIP Coding Group" date="1997-04-10"/>
  </code>
  <code code="I85000">
    <editdetail action="confirmed" attribution="Reuters BIP Coding Group" date="1997-04-10"/>
  </code>
</codes>
<codes class="bip:topics:1.0">
  <code code="C15">
    <editdetail action="confirmed" attribution="Reuters BIP Coding Group" date="1997-04-10"/>
  </code>
  <code code="C152">
    <editdetail action="confirmed" attribution="Reuters BIP Coding Group" date="1997-04-10"/>
  </code>
  <code code="C18">
    <editdetail action="confirmed" attribution="Reuters BIP Coding Group" date="1997-04-10"/>
  </code>
  <code code="C181">
    <editdetail action="confirmed" attribution="Reuters BIP Coding Group" date="1997-04-10"/>
  </code>
  <code code="CCAT">
    <editdetail action="confirmed" attribution="Reuters BIP Coding Group" date="1997-04-10"/>
  </code>
</codes>
<dc element="dc.date.created" value="1997-04-10"/>
<dc element="dc.publisher" value="Reuters Holdings Plc"/>
<dc element="dc.date.published" value="1997-04-10"/>
<dc element="dc.source" value="Reuters"/>
<dc element="dc.creator.location" value="SYDNEY"/>
<dc element="dc.creator.location.country.name" value="AUSTRALIA"/>
<dc element="dc.source" value="Reuters"/>
</metadata>
</newsitem>
