<?xml version="1.0" encoding="ISO-8859-1" standalone="no"?>
<newsitem date="1997-04-10" id="root" itemid="500574" xml:lang="en">
<title>USA: First Essex Bancorp Q1 net unchanged.</title>
<headline>First Essex Bancorp Q1 net unchanged.</headline>
<dateline>ANDOVER, Mass. 1997-04-10</dateline>
<text>
<p>1997			1996</p>
<p> Shr		 $0.28		    $0.28</p>
<p> Net		 2,147		    1,754</p>
<p> Total assets    1,146,854		801,455</p>
<p> Avg shrs	  7,706		    6,162</p>
<p>(All data above 000s except per share numbers)</p>
<p>NOTE: Q1 1997 results reflect return to full 42 percent tax rate due to complete utilization of loss carryovers. Pre-tax income was $3.7 million, compared to $1.8 million for Q1 1996, although earnings per share were flat.</p>
</text>
<copyright>(c) Reuters Limited 1997</copyright>
<metadata>
<codes class="bip:countries:1.0">
  <code code="USA">
    <editdetail action="confirmed" attribution="Reuters BIP Coding Group" date="1997-04-10"/>
  </code>
</codes>
<codes class="bip:industries:1.0">
  <code code="I81402">
    <editdetail action="confirmed" attribution="Reuters BIP Coding Group" date="1997-04-10"/>
  </code>
</codes>
<codes class="bip:topics:1.0">
  <code code="C15">
    <editdetail action="confirmed" attribution="Reuters BIP Coding Group" date="1997-04-10"/>
  </code>
  <code code="C151">
    <editdetail action="confirmed" attribution="Reuters BIP Coding Group" date="1997-04-10"/>
  </code>
  <code code="CCAT">
    <editdetail action="confirmed" attribution="Reuters BIP Coding Group" date="1997-04-10"/>
  </code>
</codes>
<dc element="dc.date.created" value="1997-04-10"/>
<dc element="dc.publisher" value="Reuters Holdings Plc"/>
<dc element="dc.date.published" value="1997-04-10"/>
<dc element="dc.source" value="Reuters"/>
<dc element="dc.creator.location" value="ANDOVER, Mass."/>
<dc element="dc.creator.location.country.name" value="USA"/>
<dc element="dc.source" value="Reuters"/>
</metadata>
</newsitem>
