<?xml version="1.0" encoding="ISO-8859-1" standalone="no"?>
<newsitem date="1997-04-10" id="root" itemid="501419" xml:lang="en">
<title>AUSTRALIA: Australian unemployment rising - corrected trend.</title>
<headline>Australian unemployment rising - corrected trend.</headline>
<byline>Bradley Perrett</byline>
<dateline>CANBERRA 1997-04-10</dateline>
<text>
<p>Trend estimates corrected for the distortions of telephone interviewing show that Australian unemployment is rising markedly.</p>
<p>The rate has risen from an 8.5 percent trough in late 1996 to 8.7 percent in March, according to a Reuters recalculation of the data prepared with the assistance of the Australian Bureau of Statistics.</p>
<p>The corrected data shows employment falling at a trend rate of about 5,000 a month and a rock steady participation rate of 63.7 percent.</p>
<p>The bureau says the phase-in of telephone interviewing last year initially understated employment levels for a few months, greatly distorting rates of change in jobs growth, unemployment and participation between August and February.</p>
<p>The bureau's March labour force data, published on Thursday, has not been corrected for this effect because the bureau cannot allocate the distortions among very small components of the data, such as part-time employment among young people in a  </p>
<p>particular state.</p>
<p>Instead, it encourages analysts to correct the major labour force figures themselves.</p>
</text>
<copyright>(c) Reuters Limited 1997</copyright>
<metadata>
<codes class="bip:countries:1.0">
  <code code="AUSTR">
    <editdetail action="confirmed" attribution="Reuters BIP Coding Group" date="1997-04-10"/>
  </code>
</codes>
<codes class="bip:topics:1.0">
  <code code="E41">
    <editdetail action="confirmed" attribution="Reuters BIP Coding Group" date="1997-04-10"/>
  </code>
  <code code="E411">
    <editdetail action="confirmed" attribution="Reuters BIP Coding Group" date="1997-04-10"/>
  </code>
  <code code="ECAT">
    <editdetail action="confirmed" attribution="Reuters BIP Coding Group" date="1997-04-10"/>
  </code>
  <code code="GCAT">
    <editdetail action="confirmed" attribution="Reuters BIP Coding Group" date="1997-04-10"/>
  </code>
  <code code="GJOB">
    <editdetail action="confirmed" attribution="Reuters BIP Coding Group" date="1997-04-10"/>
  </code>
</codes>
<dc element="dc.date.created" value="1997-04-10"/>
<dc element="dc.publisher" value="Reuters Holdings Plc"/>
<dc element="dc.date.published" value="1997-04-10"/>
<dc element="dc.source" value="Reuters"/>
<dc element="dc.creator.location" value="CANBERRA"/>
<dc element="dc.creator.location.country.name" value="AUSTRALIA"/>
<dc element="dc.source" value="Reuters"/>
</metadata>
</newsitem>
