<?xml version="1.0" encoding="ISO-8859-1" standalone="no"?>
<newsitem date="1997-04-10" id="root" itemid="500568" xml:lang="en">
<title>USA: Willamette Q1 shr $0.24 vs $1.33.</title>
<headline>Willamette Q1 shr $0.24 vs $1.33.</headline>
<dateline>PORTLAND, Ore. 1997-04-10</dateline>
<text>
<p>WILLAMETTE INDUSTRIES, INC.</p>
<p>				  FINANCIAL HIGHLIGHTS</p>
<p> Quarter Ended March 31	     1997			1996</p>
<p> Share Earns		   $	 0.24	    $	 1.33</p>
<p> Sales			    837,663,000	     866,112,000</p>
<p> Earnings Before Taxes	 21,206,000	     118,914,000</p>
<p> Net Earnings		    13,317,000		73,370,000</p>
<p> Average Shares Outstanding  55,364,000		55,224,000</p>
<p>PRODUCT SHIPMENTS</p>
<p>   Lumber - 1"			    156,660	     103,310</p>
<p>   Plywood - 3/8			  409,674	     438,885</p>
<p>   OSB - 3/8"				73,615		   N/A</p>
<p>   Particleboard - 3/4"		 144,105	     129,571</p>
<p>   MDF - 3/4"			    114,085*		55,879</p>
<p>   Corrugated - MSF		   5,219,222	   5,069,812</p>
<p>   Grocery Bags - Tons		   27,099		31,085</p>
<p>   Business Forms - Tons		 92,220		85,236</p>
<p>   Cut-sheets - Tons		    114,376		90,903</p>
<p>   Brown Mills - Tons		   416,868	     388,387</p>
<p>   Market Pulp - Tons		    29,475		28,210</p>
<p>   White Mills - Tons		   280,943	     241,991</p>
<p>* Includes 43,213 Medite</p>
<p>SEGMENT INFORMATION ($ in Thousands)</p>
<p>Sales:</p>
<p>     Building Materials Group	$301,387	    $226,438</p>
<p>     Paper Group			  536,276	     639,674</p>
<p>Operating Earnings:</p>
<p>     Building Materials Group	  24,705		 8,769</p>
<p>     Paper Group			   24,958	     124,027</p>
<p>SUPPLEMENTAL FINANCIAL ($ in Thousands)</p>
<p>   Cost of Sales			  728,367	     678,166</p>
<p>   Selling &amp; Administration	    59,633		55,150</p>
<p>   Other Income - Net			 686		   204</p>
<p>   Interest Expense - Net		29,143		14,086</p>
<p>   Capitalized Interest		   3,492		 2,545</p>
<p>   Income Taxes			     7,889		45,544</p>
<p>   Tax Rate				   37.2%		 38.3%</p>
<p>   Depreciation &amp; Amortization	 69,892		59,772</p>
<p>   Fee Stumpage			    12,459		 3,618</p>
<p>   Deferred Taxes			   4,767		 7,287</p>
<p>   Plant, Property &amp; Equipment (a)   90,603	     102,194</p>
<p>   Timber, Roads &amp; Reforestation	5,078		 7,047</p>
<p> AVG. SHARES OUTSTANDING (000'S)     55,364		55,224</p>
</text>
<copyright>(c) Reuters Limited 1997</copyright>
<metadata>
<codes class="bip:countries:1.0">
  <code code="USA">
    <editdetail action="confirmed" attribution="Reuters BIP Coding Group" date="1997-04-10"/>
  </code>
</codes>
<codes class="bip:industries:1.0">
  <code code="I47000">
    <editdetail action="confirmed" attribution="Reuters BIP Coding Group" date="1997-04-10"/>
  </code>
</codes>
<codes class="bip:topics:1.0">
  <code code="C15">
    <editdetail action="confirmed" attribution="Reuters BIP Coding Group" date="1997-04-10"/>
  </code>
  <code code="C151">
    <editdetail action="confirmed" attribution="Reuters BIP Coding Group" date="1997-04-10"/>
  </code>
  <code code="CCAT">
    <editdetail action="confirmed" attribution="Reuters BIP Coding Group" date="1997-04-10"/>
  </code>
</codes>
<dc element="dc.date.created" value="1997-04-10"/>
<dc element="dc.publisher" value="Reuters Holdings Plc"/>
<dc element="dc.date.published" value="1997-04-10"/>
<dc element="dc.source" value="Reuters"/>
<dc element="dc.creator.location" value="PORTLAND, Ore."/>
<dc element="dc.creator.location.country.name" value="USA"/>
<dc element="dc.source" value="Reuters"/>
</metadata>
</newsitem>
