<?xml version="1.0" encoding="ISO-8859-1" standalone="no"?>
<newsitem date="1997-04-10" id="root" itemid="501210" xml:lang="en">
<title>SWITZERLAND: Shark believed extinct found in Malaysian river.</title>
<headline>Shark believed extinct found in Malaysian river.</headline>
<dateline>GENEVA 1997-04-10</dateline>
<text>
<p>Malaysian fishermen have caught a shark thought to have been extinct, the World Conservation Union said on Thursday.</p>
<p>The Borneo River Shark, a freshwater variety, was caught in the Kinabatangan river in Sabah state, northern Borneo earlier this year and kept in a tank of formalin.</p>
<p>It was identified last month by a visiting team of scientists.</p>
<p>The only other preserved example, in a Viennese museum, was taken from a Borneo river some 100 years ago, the Swiss-based agency said.</p>
<p>Wildlife protection bodies say sharks of all species face a growing threat of extinction, mainly because of shark fishing and the active trade in sharks and shark products around the world.</p>
</text>
<copyright>(c) Reuters Limited 1997</copyright>
<metadata>
<codes class="bip:countries:1.0">
  <code code="MALAY">
    <editdetail action="confirmed" attribution="Reuters BIP Coding Group" date="1997-04-10"/>
  </code>
</codes>
<codes class="bip:topics:1.0">
  <code code="GCAT">
    <editdetail action="confirmed" attribution="Reuters BIP Coding Group" date="1997-04-10"/>
  </code>
  <code code="GENV">
    <editdetail action="confirmed" attribution="Reuters BIP Coding Group" date="1997-04-10"/>
  </code>
</codes>
<dc element="dc.date.created" value="1997-04-10"/>
<dc element="dc.publisher" value="Reuters Holdings Plc"/>
<dc element="dc.date.published" value="1997-04-10"/>
<dc element="dc.source" value="Reuters"/>
<dc element="dc.creator.location" value="GENEVA"/>
<dc element="dc.creator.location.country.name" value="SWITZERLAND"/>
<dc element="dc.source" value="Reuters"/>
</metadata>
</newsitem>
