<?xml version="1.0" encoding="ISO-8859-1" standalone="no"?>
<newsitem date="1997-04-10" id="root" itemid="499965" xml:lang="en">
<title>USA: Bill proposed for TV coverage of federal courts.</title>
<headline>Bill proposed for TV coverage of federal courts.</headline>
<dateline>WASHINGTON 1997-04-10</dateline>
<text>
<p>A bipartisan bill that would allow federal judges to permit television and radio coverage of trials on a case-by-case basis was introduced in the House Thursday.</p>
<p>Virtually no broadcast coverage of federal criminal or civil trials or appeal arguments is allowed, but 48 of the 50 states allow their court proceedings to be aired.</p>
<p>"The federal courts play a very important part in our government, and federal judges serve for life. The American people deserve an opportunity to see how they operate," Representative Steve Chabot, an Ohio Republican, said. He joined New York Democrat Charles Schumer in introducing the bill.</p>
</text>
<copyright>(c) Reuters Limited 1997</copyright>
<metadata>
<codes class="bip:countries:1.0">
  <code code="USA">
    <editdetail action="confirmed" attribution="Reuters BIP Coding Group" date="1997-04-10"/>
  </code>
</codes>
<codes class="bip:topics:1.0">
  <code code="GCAT">
    <editdetail action="confirmed" attribution="Reuters BIP Coding Group" date="1997-04-10"/>
  </code>
  <code code="GCRIM">
    <editdetail action="confirmed" attribution="Reuters BIP Coding Group" date="1997-04-10"/>
  </code>
  <code code="GPOL">
    <editdetail action="confirmed" attribution="Reuters BIP Coding Group" date="1997-04-10"/>
  </code>
</codes>
<dc element="dc.date.created" value="1997-04-10"/>
<dc element="dc.publisher" value="Reuters Holdings Plc"/>
<dc element="dc.date.published" value="1997-04-10"/>
<dc element="dc.source" value="Reuters"/>
<dc element="dc.creator.location" value="WASHINGTON"/>
<dc element="dc.creator.location.country.name" value="USA"/>
<dc element="dc.source" value="Reuters"/>
</metadata>
</newsitem>
