<?xml version="1.0" encoding="ISO-8859-1" standalone="no"?>
<newsitem date="1997-04-10" id="root" itemid="501824" xml:lang="en">
<title>SWITZERLAND: PRESS DIGEST - Switzerland - April 10.</title>
<headline>PRESS DIGEST - Switzerland - April 10.</headline>
<dateline>ZURICH 1997-04-10</dateline>
<text>
<p>Here are the highlights from Swiss newspapers on Thursday:</p>
<p>NEUE ZUERCHER ZEITUNG</p>
<p>- Swiss World Airways, a new Swiss airline, has plans to offer long distance flights overseas departing from Geneva as of October. It will begin flying with two Boeing 767s.</p>
<p>- "Basel 97", the annual watch and jewelry trade show, begins today and features 2,300 exhibitors from 35 countries.</p>
<p>- Winterthur Insurance Group named Thomas Wellauer, currently a director at McKinsey &amp; Company in Zurich, its new CEO.</p>
<p>-</p>
<p>TAGES ANZEIGER</p>
<p>- The largest Jewish community in Switzerland is demanding that the Swiss government appoint Rolf Bloch, currently its president, as the head of the newly created funds for Holocaust victims.</p>
<p>- Switzerland exported 1.6 percent fewer watches- a total of 7.551 billion Swiss francs - in 1996 compared to the previous year.</p>
<p>- Sarna Group's 1996 sales rose by 20 percent to 572.1 million Swiss francs.</p>
<p>- Shares in Selecta, a vending machine company and subsidiary of the Valora Group, will be traded at the stock exchange starting May 12.</p>
<p>- Retail sales firm Denner's net profit rose from 2.8 million Swiss francs for 1994 to 5.2 million in 1996.</p>
<p>- The Federal Department for Civilian Air Transportation said Swissair has too many foreigners on its board, which is against the Swiss aviation law. It has four Swiss and three non-Swiss board members. Swissair said it would solve the problem.</p>
<p>JOURNAL DE GENEVE</p>
<p>- United Nations Secretary General Kofi Annan said he is in favor of setting up a main office for human rights in the Wilson Palace in Geneva.</p>
<p>-- Zurich Editorial +41 1 631 7340</p>
</text>
<copyright>(c) Reuters Limited 1997</copyright>
<metadata>
<codes class="bip:countries:1.0">
  <code code="SWITZ">
    <editdetail action="confirmed" attribution="Reuters BIP Coding Group" date="1997-04-10"/>
  </code>
</codes>
<codes class="bip:topics:1.0">
  <code code="GCAT">
    <editdetail action="confirmed" attribution="Reuters BIP Coding Group" date="1997-04-10"/>
  </code>
</codes>
<dc element="dc.date.created" value="1997-04-10"/>
<dc element="dc.publisher" value="Reuters Holdings Plc"/>
<dc element="dc.date.published" value="1997-04-10"/>
<dc element="dc.source" value="Reuters"/>
<dc element="dc.creator.location" value="ZURICH"/>
<dc element="dc.creator.location.country.name" value="SWITZERLAND"/>
<dc element="dc.source" value="Reuters"/>
</metadata>
</newsitem>
