<?xml version="1.0" encoding="ISO-8859-1" standalone="no"?>
<newsitem date="1997-04-10" id="root" itemid="501588" xml:lang="en">
<title>JAPAN: Oresundskonsortiet launches 5.27% yen/dlr samurai.</title>
<headline>Oresundskonsortiet launches 5.27% yen/dlr samurai.</headline>
<dateline>TOKYO 1997-04-10</dateline>
<text>
<p>The following yen/dollar dual-currency samurai bond issue was announced by lead manager Kokusai Securities on Thursday:</p>
<p> BORROWER	  Oresundskonsortiet</p>
<p> GUARANTORS	Denmark and Sweden</p>
<p> AMT		 10 bln yen</p>
<p> COUPON	    5.27 pct</p>
<p> MATURITY	  25 April 2000</p>
<p> PAY DATE	  25 April 1997</p>
<p> ISS PRICE	 par</p>
<p> SUB PERIOD	April 17 to April 24</p>
<p> PAY FREQ	  Semi-annual</p>
<p> LAST RATING     S&amp;P AAA</p>
<p> LEAD MANAGER    Kokusai Securities</p>
<p> LEAD TRUSTEE    Sumitomo Bank</p>
<p>NOTE: The exchange rate was fixed at $3,938.55 per 500,000 yen.</p>
<p>-- Tokyo Treasury Desk +81-3-3432-8785</p>
</text>
<copyright>(c) Reuters Limited 1997</copyright>
<metadata>
<codes class="bip:countries:1.0">
  <code code="DEN">
    <editdetail action="confirmed" attribution="Reuters BIP Coding Group" date="1997-04-10"/>
  </code>
  <code code="JAP">
    <editdetail action="confirmed" attribution="Reuters BIP Coding Group" date="1997-04-10"/>
  </code>
  <code code="SWED">
    <editdetail action="confirmed" attribution="Reuters BIP Coding Group" date="1997-04-10"/>
  </code>
</codes>
<codes class="bip:industries:1.0">
  <code code="I50200">
    <editdetail action="confirmed" attribution="Reuters BIP Coding Group" date="1997-04-10"/>
  </code>
  <code code="I5020006">
    <editdetail action="confirmed" attribution="Reuters BIP Coding Group" date="1997-04-10"/>
  </code>
</codes>
<codes class="bip:topics:1.0">
  <code code="C17">
    <editdetail action="confirmed" attribution="Reuters BIP Coding Group" date="1997-04-10"/>
  </code>
  <code code="C172">
    <editdetail action="confirmed" attribution="Reuters BIP Coding Group" date="1997-04-10"/>
  </code>
  <code code="CCAT">
    <editdetail action="confirmed" attribution="Reuters BIP Coding Group" date="1997-04-10"/>
  </code>
</codes>
<dc element="dc.date.created" value="1997-04-10"/>
<dc element="dc.publisher" value="Reuters Holdings Plc"/>
<dc element="dc.date.published" value="1997-04-10"/>
<dc element="dc.source" value="Reuters"/>
<dc element="dc.creator.location" value="TOKYO"/>
<dc element="dc.creator.location.country.name" value="JAPAN"/>
<dc element="dc.source" value="Reuters"/>
</metadata>
</newsitem>
