<?xml version="1.0" encoding="ISO-8859-1" standalone="no"?>
<newsitem date="1997-04-10" id="root" itemid="501229" xml:lang="en">
<title>NORWAY: DnB ups bid for BNbank.</title>
<headline>DnB ups bid for BNbank.</headline>
<dateline>OSLO 1997-04-10</dateline>
<text>
<p>Den norske Bank (DnB) on Thursday said it had raised its bid for mortgage lender Bolig og Naeringsbanken (BNbank) to 196.50 crowns per share plus dividend.</p>
<p>DnB, Norway's biggest bank, also said in a statement the group had increased its shareholding in BNbank to 27.34 percent of stock, including options amounting to 18.59 percent.  </p>
<p>DnB said its new bid was 196.50 crowns plus 10.50 crowns dividend for 1996 for a total of 207 crowns per share.</p>
<p>A previous bid launched last month was 195 crowns per share, including 184.50 crowns plus dividend of 10.50 crowns.</p>
<p>DnB said it now valued BNbank at 1.92 billion crowns excluding dividend.</p>
<p>The new bid came as a surprise because DnB on April 1 said it had no plans to raise its cash offer.</p>
<p>DnB and Fokus Bank, Norway's fourth biggest bank, have both bid to take over BNbank as Norway's financial sector undergoes consolidation.</p>
<p>Fokus, the country's fourth largest bank and the first to bid for BNbank, last month raised its original share exchange offer to value BNbank at 2.06 billion crowns following DnB's cash offer.  </p>
<p>"DnB wants to buy BNbank in order to strengthen its competitiveness in Troendelag (province) and at the same time strengthen DnB's position in the market for long-term loans to business," the statement said.</p>
<p>It said its bid was conditional of DnB acquiring more than 90 percent of BNbank, that regulatory authorities give the green light for a takeover and that no significant changes occur in BNbank's financial position.</p>
<p>BNbank shareholders were given until the end of April to accept the bid.</p>
<p>The battle of BNbank coincided with merger plans by Norway's second largest bank Christiania Bank og Kreditkasse ASA and the country's largest insurer Storebrand ASA .</p>
<p>The merger, if approved by shareholders and authorities, would form the country's largest financial group -- larger than DnB -- and the sixth biggest in the Nordic region.</p>
<p>--Rolf Soderlind, Oslo newsroom +47 22 42 50 41</p>
</text>
<copyright>(c) Reuters Limited 1997</copyright>
<metadata>
<codes class="bip:countries:1.0">
  <code code="NORW">
    <editdetail action="confirmed" attribution="Reuters BIP Coding Group" date="1997-04-10"/>
  </code>
</codes>
<codes class="bip:industries:1.0">
  <code code="I81402">
    <editdetail action="confirmed" attribution="Reuters BIP Coding Group" date="1997-04-10"/>
  </code>
</codes>
<codes class="bip:topics:1.0">
  <code code="C18">
    <editdetail action="confirmed" attribution="Reuters BIP Coding Group" date="1997-04-10"/>
  </code>
  <code code="C181">
    <editdetail action="confirmed" attribution="Reuters BIP Coding Group" date="1997-04-10"/>
  </code>
  <code code="CCAT">
    <editdetail action="confirmed" attribution="Reuters BIP Coding Group" date="1997-04-10"/>
  </code>
</codes>
<dc element="dc.date.created" value="1997-04-10"/>
<dc element="dc.publisher" value="Reuters Holdings Plc"/>
<dc element="dc.date.published" value="1997-04-10"/>
<dc element="dc.source" value="Reuters"/>
<dc element="dc.creator.location" value="OSLO"/>
<dc element="dc.creator.location.country.name" value="NORWAY"/>
<dc element="dc.source" value="Reuters"/>
</metadata>
</newsitem>
