<?xml version="1.0" encoding="ISO-8859-1" standalone="no"?>
<newsitem date="1997-04-10" id="root" itemid="501172" xml:lang="en">
<title>ITALY: Italy car market still ranked 2nd in Europe.</title>
<headline>Italy car market still ranked 2nd in Europe.</headline>
<dateline>TURIN, Italy 1997-04-10</dateline>
<text>
<p>Italy's car market, boosted by a government incentive scheme, remained in second place in Europe by size after Germany in March.</p>
<p>Italian carmakers' association Anfia said March new car registrations, up 25 percent year-on-year, confirmed the effects of the new cars for old scheme and put Italy in line to return to an annual sales volume of some two million vehicles.</p>
<p>New car sales were 220,500 in March, giving a cumulative total for the first three months of this year of 625,500. "With volumes like these the Italian market is reconfirmed as the second European market after Germany," Anfia said.</p>
<p>Car importing body Unrae also said the incentive scheme, introduced in January and set to run to end-September, had helped the domestic market recover after four depressed years but warned that "this measure alone will not be enough to resolve the structural problems of the sector."</p>
<p>The experience of other European markets, Unrae added, had shown that benefits deriving from incentive schemes should not be overestimated.</p>
<p>-- Milan newsroom +392 66129589</p>
</text>
<copyright>(c) Reuters Limited 1997</copyright>
<metadata>
<codes class="bip:countries:1.0">
  <code code="GFR">
    <editdetail action="confirmed" attribution="Reuters BIP Coding Group" date="1997-04-10"/>
  </code>
  <code code="ITALY">
    <editdetail action="confirmed" attribution="Reuters BIP Coding Group" date="1997-04-10"/>
  </code>
</codes>
<codes class="bip:topics:1.0">
  <code code="C31">
    <editdetail action="confirmed" attribution="Reuters BIP Coding Group" date="1997-04-10"/>
  </code>
  <code code="CCAT">
    <editdetail action="confirmed" attribution="Reuters BIP Coding Group" date="1997-04-10"/>
  </code>
</codes>
<dc element="dc.date.created" value="1997-04-10"/>
<dc element="dc.publisher" value="Reuters Holdings Plc"/>
<dc element="dc.date.published" value="1997-04-10"/>
<dc element="dc.source" value="Reuters"/>
<dc element="dc.creator.location" value="TURIN, Italy"/>
<dc element="dc.creator.location.country.name" value="ITALY"/>
<dc element="dc.source" value="Reuters"/>
</metadata>
</newsitem>
