<?xml version="1.0" encoding="ISO-8859-1" standalone="no"?>
<newsitem date="1997-04-10" id="root" itemid="501083" xml:lang="en">
<title>SPAIN: Mapfre finishes international expansion.</title>
<headline>Mapfre finishes international expansion.</headline>
<dateline>MADRID 1997-04-10</dateline>
<text>
<p>Spanish insurance group Mapfre said on Thursday its international expansion was near completion after the recent purchases of majority stakes in Venezuelan group La Seguridad and Peru's El Sol Nacional.</p>
<p>"In 1996 the phase of completing our international presence is over, particularly in Latin America," chief executive Manuel Martinez told journalists.</p>
<p>He said the only new acquisition planned was the purchase of a stake in El Salvador insurance firm La Centroamericana.</p>
<p>This deal should be done within two months, but Martinez declined to put a value or a percentage on the stake.</p>
<p>Beyond Spain, Mapfre's business is concentrated in Latin America, where it is present in more than 10 countries.</p>
<p>Investment in south and central America totals more than 40 billion pesetas, although the international division posted losses of 329 million pesetas in 1996.</p>
<p>But Mapfre expects a turnaround in 1997, with "substantial profits" of above 1.5 billion pesetas for that division.</p>
<p>"We expect our investments in Latin America to bear fruit from 1997," he said.</p>
<p>Last year, 32 percent of income was accounted by premiums from the international business.</p>
<p>Group consolidated income (including car insurance arm Mapfre Mutualidad and the stock-exchange listed Corporacion Mapfre) grew 11.6 percent to 603.58 billion pesetas.</p>
<p>-- Madrid newsroom +341 585 2160</p>
</text>
<copyright>(c) Reuters Limited 1997</copyright>
<metadata>
<codes class="bip:countries:1.0">
  <code code="PERU">
    <editdetail action="confirmed" attribution="Reuters BIP Coding Group" date="1997-04-10"/>
  </code>
  <code code="SPAIN">
    <editdetail action="confirmed" attribution="Reuters BIP Coding Group" date="1997-04-10"/>
  </code>
  <code code="VEN">
    <editdetail action="confirmed" attribution="Reuters BIP Coding Group" date="1997-04-10"/>
  </code>
</codes>
<codes class="bip:industries:1.0">
  <code code="I82000">
    <editdetail action="confirmed" attribution="Reuters BIP Coding Group" date="1997-04-10"/>
  </code>
  <code code="I82001">
    <editdetail action="confirmed" attribution="Reuters BIP Coding Group" date="1997-04-10"/>
  </code>
  <code code="I82003">
    <editdetail action="confirmed" attribution="Reuters BIP Coding Group" date="1997-04-10"/>
  </code>
  <code code="I8200316">
    <editdetail action="confirmed" attribution="Reuters BIP Coding Group" date="1997-04-10"/>
  </code>
</codes>
<codes class="bip:topics:1.0">
  <code code="C11">
    <editdetail action="confirmed" attribution="Reuters BIP Coding Group" date="1997-04-10"/>
  </code>
  <code code="C18">
    <editdetail action="confirmed" attribution="Reuters BIP Coding Group" date="1997-04-10"/>
  </code>
  <code code="C181">
    <editdetail action="confirmed" attribution="Reuters BIP Coding Group" date="1997-04-10"/>
  </code>
  <code code="CCAT">
    <editdetail action="confirmed" attribution="Reuters BIP Coding Group" date="1997-04-10"/>
  </code>
</codes>
<dc element="dc.date.created" value="1997-04-10"/>
<dc element="dc.publisher" value="Reuters Holdings Plc"/>
<dc element="dc.date.published" value="1997-04-10"/>
<dc element="dc.source" value="Reuters"/>
<dc element="dc.creator.location" value="MADRID"/>
<dc element="dc.creator.location.country.name" value="SPAIN"/>
<dc element="dc.source" value="Reuters"/>
</metadata>
</newsitem>
