<?xml version="1.0" encoding="ISO-8859-1" standalone="no"?>
<newsitem date="1997-04-10" id="root" itemid="500529" xml:lang="en">
<title>USA: Motorola most popular stock among investment clubs.</title>
<headline>Motorola most popular stock among investment clubs.</headline>
<dateline>MADISON HEIGHTS, Mich.</dateline>
<text>
<p>Motorola Inc. is the most popular stock among America's investment clubs, replacing McDonald's Corp., which held the top stop for the past six years.</p>
<p>According to the National Association of Investors Corp., a not-for-profit organisation of investment clubs and individual investors, this represents "a major shift in direction for the nation's approximately 25,900 investment clubs."</p>
<p>Five high-technology companies were among the top 20 popular stocks of the year, according to the list published in the April edition of Better Investing magazine.</p>
<p>In addition to Motorola, other high-technology stocks in the top 10 were Intel Corp. (No. 5); Lucent Technologies (No. 8); RPM Inc. (No. 9); and AT&amp;T Corp. (No.10).</p>
<p>McDonald's dropped to fourth place in the 1997 rankings. Rounding out the top 10 were PepsiCo Inc. (No. 2); Merck &amp; Co. Inc. (No.3); and AFLAC Inc. (No. 6).</p>
<p>Wal-Mart Stores Inc., No. 8 in 1996, dropped to No. 20 this year.</p>
<p>"Our counsel to members has always been to invest in growth companies that are positioned to grow in value in five years, and club members are now identifying more high-technology firms for long-term investment," said NAIC President Kenneth Janke.</p>
<p>In 1997, about a dozen high-technology or computer-related firms made it into the top 100.</p>
</text>
<copyright>(c) Reuters Limited 1997</copyright>
<metadata>
<codes class="bip:countries:1.0">
  <code code="USA">
    <editdetail action="confirmed" attribution="Reuters BIP Coding Group" date="1997-04-10"/>
  </code>
</codes>
<codes class="bip:industries:1.0">
  <code code="I34531">
    <editdetail action="confirmed" attribution="Reuters BIP Coding Group" date="1997-04-10"/>
  </code>
  <code code="I66100">
    <editdetail action="confirmed" attribution="Reuters BIP Coding Group" date="1997-04-10"/>
  </code>
</codes>
<codes class="bip:topics:1.0">
  <code code="C15">
    <editdetail action="confirmed" attribution="Reuters BIP Coding Group" date="1997-04-10"/>
  </code>
  <code code="C152">
    <editdetail action="confirmed" attribution="Reuters BIP Coding Group" date="1997-04-10"/>
  </code>
  <code code="CCAT">
    <editdetail action="confirmed" attribution="Reuters BIP Coding Group" date="1997-04-10"/>
  </code>
</codes>
<dc element="dc.publisher" value="Reuters Holdings Plc"/>
<dc element="dc.date.published" value="1997-04-10"/>
<dc element="dc.source" value="Reuters"/>
<dc element="dc.creator.location" value="MADISON HEIGHTS, Mich."/>
<dc element="dc.creator.location.country.name" value="USA"/>
<dc element="dc.source" value="Reuters"/>
</metadata>
</newsitem>
