<?xml version="1.0" encoding="ISO-8859-1" standalone="no"?>
<newsitem date="1997-04-10" id="root" itemid="501768" xml:lang="en">
<title>FRANCE: PRESS DIGEST - Algeria - April 10.</title>
<headline>PRESS DIGEST - Algeria - April 10.</headline>
<dateline>PARIS 1997-04-10</dateline>
<text>
<p>These are the leading stories in the Algerian press on Thursday. Reuters has not verified these stories and does not vouch for their accuracy.</p>
<p>AL KHABAR</p>
<p>- Leader of legal Islamist party Hamas, Sheikh Mahfoud Nahnah explains why party is not willing to change its name as demanded by the interior ministry under the new election law. Nahnah said his position on participation in the elections will be made in light of contacts with the ministry.</p>
<p>LIBERTE</p>
<p>- President Liamine Zeroual shows inflexible resolution to have the law respected over the June 5 parliamentary elections.</p>
<p>EL WATAN</p>
<p>- All wilayas (provinces) in Algeria will have right to a watchdog commission for the parliamentary elections. These commissions, immediately after being installed, will have to set up other bodies at the level of communes so that "for the first time the people themselves are going to control the elections".</p>
<p>LA TRIBUNE</p>
<p>- Political parties focus their immediate concern on drawing up lists of candidates for the elections.</p>
</text>
<copyright>(c) Reuters Limited 1997</copyright>
<metadata>
<codes class="bip:countries:1.0">
  <code code="ALG">
    <editdetail action="confirmed" attribution="Reuters BIP Coding Group" date="1997-04-10"/>
  </code>
</codes>
<codes class="bip:topics:1.0">
  <code code="GCAT">
    <editdetail action="confirmed" attribution="Reuters BIP Coding Group" date="1997-04-10"/>
  </code>
</codes>
<dc element="dc.date.created" value="1997-04-10"/>
<dc element="dc.publisher" value="Reuters Holdings Plc"/>
<dc element="dc.date.published" value="1997-04-10"/>
<dc element="dc.source" value="Reuters"/>
<dc element="dc.creator.location" value="PARIS"/>
<dc element="dc.creator.location.country.name" value="FRANCE"/>
<dc element="dc.source" value="Reuters"/>
</metadata>
</newsitem>
