<?xml version="1.0" encoding="ISO-8859-1" standalone="no"?>
<newsitem date="1997-04-10" id="root" itemid="500735" xml:lang="en">
<title>USA: ShopKo March same-store sales up 3.5 pct.</title>
<headline>ShopKo March same-store sales up 3.5 pct.</headline>
<dateline>GREEN BAY, Wis. 1997-04-10</dateline>
<text>
<p>Percent change</p>
<p>		    1997	   1996	   Total     Same-Store</p>
<p>Month	     $217.1     $183.2     +18.5	 +3.5</p>
<p>Year-to-date    $384.4     $321.8     +19.5	 +4.3</p>
<p>NOTE: Figures in millions except percentage.</p>
<p>    Month is   five weeks ended	 April 5.</p>
<p>    Full company name is   ShopKo Stores Inc.</p>
</text>
<copyright>(c) Reuters Limited 1997</copyright>
<metadata>
<codes class="bip:countries:1.0">
  <code code="USA">
    <editdetail action="confirmed" attribution="Reuters BIP Coding Group" date="1997-04-10"/>
  </code>
</codes>
<codes class="bip:industries:1.0">
  <code code="I65600">
    <editdetail action="confirmed" attribution="Reuters BIP Coding Group" date="1997-04-10"/>
  </code>
</codes>
<codes class="bip:topics:1.0">
  <code code="C31">
    <editdetail action="confirmed" attribution="Reuters BIP Coding Group" date="1997-04-10"/>
  </code>
  <code code="CCAT">
    <editdetail action="confirmed" attribution="Reuters BIP Coding Group" date="1997-04-10"/>
  </code>
</codes>
<dc element="dc.date.created" value="1997-04-10"/>
<dc element="dc.publisher" value="Reuters Holdings Plc"/>
<dc element="dc.date.published" value="1997-04-10"/>
<dc element="dc.source" value="Reuters"/>
<dc element="dc.creator.location" value="GREEN BAY, Wis."/>
<dc element="dc.creator.location.country.name" value="USA"/>
<dc element="dc.source" value="Reuters"/>
</metadata>
</newsitem>
