<?xml version="1.0" encoding="ISO-8859-1" standalone="no"?>
<newsitem date="1997-04-10" id="root" itemid="500601" xml:lang="en">
<title>USA: Little Switzerland Inc Q3 net rises.</title>
<headline>Little Switzerland Inc Q3 net rises.</headline>
<dateline>NEW YORK 1997-04-10</dateline>
<text>
<p>(In thousands except for per share data)</p>
<p>			 Three Months Ended	 Nine Months Ended</p>
<p>			 Mar 1,	 Mar 2,	Mar 1,     Mar 2,</p>
<p>			  1997	    1996	  1997	 1996</p>
<p> Net sales	  $32,624	$20,680     $65,950    $44,499</p>
<p>Business Interruption</p>
<p>Insurance</p>
<p>   Proceeds		 0		0	   560	    0</p>
<p>Income  (loss)</p>
<p>   from operations  4,170	    627	 4,074    (1,814)</p>
<p>Net income</p>
<p>   (loss)	     3,206	    397	 2,498   ( 1,744)</p>
<p>Earnings (loss) per</p>
<p>   common share	0.38	   0.05	  0.29    ( 0.21)</p>
<p>Weighted average shares</p>
<p>   outstanding	8,540	  8,456	 8,498	8,455</p>
</text>
<copyright>(c) Reuters Limited 1997</copyright>
<metadata>
<codes class="bip:countries:1.0">
  <code code="USA">
    <editdetail action="confirmed" attribution="Reuters BIP Coding Group" date="1997-04-10"/>
  </code>
</codes>
<codes class="bip:industries:1.0">
  <code code="I65400">
    <editdetail action="confirmed" attribution="Reuters BIP Coding Group" date="1997-04-10"/>
  </code>
</codes>
<codes class="bip:topics:1.0">
  <code code="C15">
    <editdetail action="confirmed" attribution="Reuters BIP Coding Group" date="1997-04-10"/>
  </code>
  <code code="C151">
    <editdetail action="confirmed" attribution="Reuters BIP Coding Group" date="1997-04-10"/>
  </code>
  <code code="CCAT">
    <editdetail action="confirmed" attribution="Reuters BIP Coding Group" date="1997-04-10"/>
  </code>
</codes>
<dc element="dc.date.created" value="1997-04-10"/>
<dc element="dc.publisher" value="Reuters Holdings Plc"/>
<dc element="dc.date.published" value="1997-04-10"/>
<dc element="dc.source" value="Reuters"/>
<dc element="dc.creator.location" value="NEW YORK"/>
<dc element="dc.creator.location.country.name" value="USA"/>
<dc element="dc.source" value="Reuters"/>
</metadata>
</newsitem>
