<?xml version="1.0" encoding="ISO-8859-1" standalone="no"?>
<newsitem date="1997-04-10" id="root" itemid="501757" xml:lang="en">
<title>GREECE: Greek 1M ATHIBOR drops to 10.80 from 10.84pct.</title>
<headline>Greek 1M ATHIBOR drops to 10.80 from 10.84pct.</headline>
<dateline>ATHENS 1997-04-10</dateline>
<text>
<p>The Athens Interbank Offered Rate (Athibor) for one month fell to 10.80 from 10.84 percent and the bid rate (Athibid) decreased to 10.30 from 10.35 percent.</p>
<p>ATHIBOR</p>
<p> DATE     1-MTH   2-MTH   3-MTH   6-MTH   9-MTH   12-MTH</p>
<p> Apr  10  10.80   10.83   10.85   10.89   10.89   10.89</p>
<p> Apr   9  10.84   10.87   10.89   10.91   10.90   10.90</p>
<p> Apr   8  10.83   10.86   10.88   10.90   10.90   10.90</p>
<p> Apr   2  10.94   10.96   10.96   10.96   10.96   10.95</p>
<p> Apr   1  10.95   10.96   10.98   10.97   10.98   10.98</p>
<p> Mar  31  10.90   10.91   10.94   10.93   10.94   10.93</p>
<p> Mar  28  10.72   10.76   10.77   10.79   10.82   10.82</p>
<p> Mar  27  10.69   10.72   10.73   10.77   10.79   10.79</p>
<p>ATHIBID</p>
<p> Apr  10  10.30   10.33   10.35   10.39   10.39   10.39</p>
<p> Apr   9  10.35   10.37   10.39   10.41   10.40   10.40</p>
<p> Apr   8  10.33   10.36   10.39   10.40   10.40   10.40</p>
<p> Apr   2  10.44   10.46   10.46   10.46   10.46   10.45</p>
<p> Apr   1  10.45   10.46   10.47   10.47   10.48   10.48</p>
<p> Mar  31  10.39   10.41   10.45   10.43   10.43   10.43</p>
<p> Mar  28  10.22   10.25   10.26   10.29   10.31   10.31</p>
<p> Mar  27  10.18   10.21   10.21   10.25   10.27   10.28</p>
<p>Note: ATHIBOR is Greece's official reference rate. It comprises 18 leading state and private banks committed to quoting their rates by 0900 GMT every day.</p>
<p>--Dimitris Kontogiannis, Athens Newsroom +301 3311812-4</p>
</text>
<copyright>(c) Reuters Limited 1997</copyright>
<metadata>
<codes class="bip:countries:1.0">
  <code code="GREECE">
    <editdetail action="confirmed" attribution="Reuters BIP Coding Group" date="1997-04-10"/>
  </code>
</codes>
<codes class="bip:topics:1.0">
  <code code="M13">
    <editdetail action="confirmed" attribution="Reuters BIP Coding Group" date="1997-04-10"/>
  </code>
  <code code="M131">
    <editdetail action="confirmed" attribution="Reuters BIP Coding Group" date="1997-04-10"/>
  </code>
  <code code="MCAT">
    <editdetail action="confirmed" attribution="Reuters BIP Coding Group" date="1997-04-10"/>
  </code>
</codes>
<dc element="dc.date.created" value="1997-04-10"/>
<dc element="dc.publisher" value="Reuters Holdings Plc"/>
<dc element="dc.date.published" value="1997-04-10"/>
<dc element="dc.source" value="Reuters"/>
<dc element="dc.creator.location" value="ATHENS"/>
<dc element="dc.creator.location.country.name" value="GREECE"/>
<dc element="dc.source" value="Reuters"/>
</metadata>
</newsitem>
