<?xml version="1.0" encoding="ISO-8859-1" standalone="no"?>
<newsitem date="1997-04-10" id="root" itemid="499800" xml:lang="en">
<title>USA: U.S. scents victory in German ruling on Iran.</title>
<headline>U.S. scents victory in German ruling on Iran.</headline>
<dateline>WASHINGTON 1997-04-10</dateline>
<text>
<p>The United States hailed a German court finding on Thursday that Iran's leaders ordered political killings in Berlin, seeing it as a victory in its effort to persuade Europe to take a tougher line with Tehran.</p>
<p>"The court's verdict corroborates our long-held view that Iran's sponsorship of terrorism is authorised at senior levels of the Iranian government," State Department spokesman Nicholas Burns said.</p>
<p>In a later statement, Burns applauded decisions by Germany and the European Union to suspend the "critical dialogue" they have attempted to maintain with Iran for the past five years and which Washington has long branded as fruitless.</p>
<p>He said Washington was "very pleased" by the German and EU moves and by the German government's decision to declare several Iranian diplomats persona non grata.</p>
<p>"We hope that the European Union will join the United States in a realistic policy that is aimed at containing Iran and containing its ability to further destabilise the Middle East and to murder its own citizens abroad," he said.</p>
<p>The German court said Iran's political leadership ordered the killings of a group of Iranian Kurdish leaders in Berlin's Mykonos restaurant in 1992. It avoided names, but said the assassination was ordered by a secret special operations committee whose members included Iran's president, religious leader, intelligence minister and head of foreign policy.</p>
<p>"The United States commends the courage of the German prosecutor, the German judges and the witnesses ... We are confident that the verdict was based on the court's objective evaluation of the evidence," Burns said.</p>
<p>"The United States will maintain its own sanctions on Iran and we strongly encourage our European partners to do the same," he said, adding that Washington called on Iran to "take a lesson" from the verdict and stop sponsoring "terrorism."</p>
<p>Tehran denies that it supports terrorism.</p>
<p>Iran has been a major bone of contention between Washington and its European allies.</p>
<p>The European Union has refused to join U.S. trade sanctions on Iran and has strongly attacked U.S. legislation providing for measures against firms that invest in the oil or gas industry in Iran or Libya.</p>
<p>The United States says the Europeans are motivated largely by commercial greed for deals in oil-rich Iran.</p>
</text>
<copyright>(c) Reuters Limited 1997</copyright>
<metadata>
<codes class="bip:countries:1.0">
  <code code="EEC">
    <editdetail action="confirmed" attribution="Reuters BIP Coding Group" date="1997-04-10"/>
  </code>
  <code code="GFR">
    <editdetail action="confirmed" attribution="Reuters BIP Coding Group" date="1997-04-10"/>
  </code>
  <code code="IRAN">
    <editdetail action="confirmed" attribution="Reuters BIP Coding Group" date="1997-04-10"/>
  </code>
  <code code="USA">
    <editdetail action="confirmed" attribution="Reuters BIP Coding Group" date="1997-04-10"/>
  </code>
</codes>
<codes class="bip:topics:1.0">
  <code code="G15">
    <editdetail action="confirmed" attribution="Reuters BIP Coding Group" date="1997-04-10"/>
  </code>
  <code code="G158">
    <editdetail action="confirmed" attribution="Reuters BIP Coding Group" date="1997-04-10"/>
  </code>
  <code code="GCAT">
    <editdetail action="confirmed" attribution="Reuters BIP Coding Group" date="1997-04-10"/>
  </code>
  <code code="GCRIM">
    <editdetail action="confirmed" attribution="Reuters BIP Coding Group" date="1997-04-10"/>
  </code>
  <code code="GDIP">
    <editdetail action="confirmed" attribution="Reuters BIP Coding Group" date="1997-04-10"/>
  </code>
</codes>
<dc element="dc.date.created" value="1997-04-10"/>
<dc element="dc.publisher" value="Reuters Holdings Plc"/>
<dc element="dc.date.published" value="1997-04-10"/>
<dc element="dc.source" value="Reuters"/>
<dc element="dc.creator.location" value="WASHINGTON"/>
<dc element="dc.creator.location.country.name" value="USA"/>
<dc element="dc.source" value="Reuters"/>
</metadata>
</newsitem>
