<?xml version="1.0" encoding="ISO-8859-1" standalone="no"?>
<newsitem date="1997-04-10" id="root" itemid="500268" xml:lang="en">
<title>GERMANY: Shippers greet end Lufthansa fuel surcharge.</title>
<headline>Shippers greet end Lufthansa fuel surcharge.</headline>
<dateline>FRANKFURT 1997-04-10</dateline>
<text>
<p>German air cargo shippers have welcomed the decision of Lufthansa Cargo AG to drop its cargo fuel surcharge.</p>
<p>The Federation of German Industry (BDI) transport department said there had been strong pressure on Lufthansa to drop the surcharge and it now expected other airlines to follow the move.</p>
<p>The Deutsche Lufthansa AG airfreight arm announced earlier it would drop its 10 US cents per kg fuel surcharge from April 15.</p>
<p>Fuel prices had now returned to the level of July 1996 and a renewed rise was not expected in the summer, the airline said in a statement.</p>
<p>A BDI transport department representative, who asked not to be named, told Reuters: "We welcome this move. Lufthansa Cargo has kept its promise to drop the surcharge when prices fell to July 1996 levels."</p>
<p>"There was pressure from the BDI on Lufthansa and as fuel prices fell we wanted Lufthansa to react. After Delta dropped the surcharge, Lufthansa was under pressure to do something," he stated.</p>
<p>In a letter to Lufthansa Cargo Germany director, Joachim Steinbach, in March, the BDI said fuel prices had fallen back to the levels of summer 1996 and the surcharge should be dropped immediately.</p>
<p>"Our members are urging that this step be taken," the letter said.</p>
<p>The BDI representative forecast: "All the others will now follow very quickly. They have no excuse not to."</p>
<p>The federation was not aware of any companies who had refused to pay the surcharge, he added.</p>
</text>
<copyright>(c) Reuters Limited 1997</copyright>
<metadata>
<codes class="bip:countries:1.0">
  <code code="GFR">
    <editdetail action="confirmed" attribution="Reuters BIP Coding Group" date="1997-04-10"/>
  </code>
</codes>
<codes class="bip:industries:1.0">
  <code code="I75000">
    <editdetail action="confirmed" attribution="Reuters BIP Coding Group" date="1997-04-10"/>
  </code>
</codes>
<codes class="bip:topics:1.0">
  <code code="C31">
    <editdetail action="confirmed" attribution="Reuters BIP Coding Group" date="1997-04-10"/>
  </code>
  <code code="CCAT">
    <editdetail action="confirmed" attribution="Reuters BIP Coding Group" date="1997-04-10"/>
  </code>
</codes>
<dc element="dc.date.created" value="1997-04-10"/>
<dc element="dc.publisher" value="Reuters Holdings Plc"/>
<dc element="dc.date.published" value="1997-04-10"/>
<dc element="dc.source" value="Reuters"/>
<dc element="dc.creator.location" value="FRANKFURT"/>
<dc element="dc.creator.location.country.name" value="GERMANY"/>
<dc element="dc.source" value="Reuters"/>
</metadata>
</newsitem>
