<?xml version="1.0" encoding="ISO-8859-1" standalone="no"?>
<newsitem date="1997-04-10" id="root" itemid="501526" xml:lang="en">
<title>VIETNAM: Vietnam tightens border security amid China talks.</title>
<headline>Vietnam tightens border security amid China talks.</headline>
<dateline>HANOI 1997-04-10</dateline>
<text>
<p>Vietnam said on Thursday it was beefing up border patrols and security as officials met in Beijing with their Chinese counterparts for the second day to discuss a sovereignty dispute in the South China Sea.</p>
<p>Leading state newspapers announced a presidential decision which they said established new functions, powers and objectives for Vietnam's Frontier Soldier force.</p>
<p>The official Quan Doi Nhan Dan (People's Army) daily said in an editorial that while existing security had succeeded in preventing "bad elements" from infiltrating Vietnam, "new, complicated demands and hard tasks have emerged for the defence of the borderline".</p>
<p>It gave few details of what was envisaged in the new ordinance but said the aim was both to control and defend Vietnam's national border.</p>
<p>"Frontier soldiers should be strengthened and modernised to meet the need to firmly defend the border area and islands of the country in any circumstances," it said.</p>
<p>The move came as expert-level talks between Vietnam and China over a dispute which erupted last month over oil drilling off the Vietnamese coast entered their second day.</p>
<p>Teams of negotiators from the two sides gathered at a Beijing hotel on Thursday to discuss China's March 7 positioning of its Kan Tan 111 oil rig some 64.5 nautical milles off the coast of central Vietnam last month.</p>
<p>A Chinese foreign ministry spokesman said in Beijing that the talks with Vietnam had resulted in greater understanding but warned that differences would take time to iron out.</p>
<p>Vietnam's 1,306 km (810-mile) land border with China is ill-defined and overlapping in some places.</p>
<p>Territorial claims at sea, including around the Paracel and Spratly Island chains, are more complex because of the potential mineral resources of the areas and the involvement of other claimants.</p>
<p>China and Vietnam normalised diplomatic ties in 1991, 12 years after a bloody border war, but regular talks to resolve continued land and sea demarcation differences have made little noticeable progress.</p>
</text>
<copyright>(c) Reuters Limited 1997</copyright>
<metadata>
<codes class="bip:countries:1.0">
  <code code="CHINA">
    <editdetail action="confirmed" attribution="Reuters BIP Coding Group" date="1997-04-10"/>
  </code>
  <code code="VIETN">
    <editdetail action="confirmed" attribution="Reuters BIP Coding Group" date="1997-04-10"/>
  </code>
</codes>
<codes class="bip:topics:1.0">
  <code code="GCAT">
    <editdetail action="confirmed" attribution="Reuters BIP Coding Group" date="1997-04-10"/>
  </code>
  <code code="GDIP">
    <editdetail action="confirmed" attribution="Reuters BIP Coding Group" date="1997-04-10"/>
  </code>
</codes>
<dc element="dc.date.created" value="1997-04-10"/>
<dc element="dc.publisher" value="Reuters Holdings Plc"/>
<dc element="dc.date.published" value="1997-04-10"/>
<dc element="dc.source" value="Reuters"/>
<dc element="dc.creator.location" value="HANOI"/>
<dc element="dc.creator.location.country.name" value="VIETNAM"/>
<dc element="dc.source" value="Reuters"/>
</metadata>
</newsitem>
