<?xml version="1.0" encoding="ISO-8859-1" standalone="no"?>
<newsitem date="1997-04-10" id="root" itemid="501388" xml:lang="en">
<title>AUSTRALIA: West Australia state to introduce gold royalty.</title>
<headline>West Australia state to introduce gold royalty.</headline>
<dateline>PERTH 1997-04-10</dateline>
<text>
<p>A royalty on gold production will be phased in next year, Western Australian Premier Richard Court said on Thursday.</p>
<p>Announcing the state's 1997/98 budget, he said the royalty would start on January 1 at "a low rate", with an exemption for the first 1,000 ounces of production from each project. "We will be consulting with the industry in the forthcoming months to determine the final framework of the royalty," Court said.</p>
<p>The Premier did not specify the royalty rate, but referred to an initial rate of 1.25 percent and a final rate of 2.5 percent when he first floated the idea last month.  </p>
<p>Australian gold producers said ahead of the budget announcement that Western Australia would lose A$500 million a year in gold production and investment in the industry would be cut by A$200 million if the state government introduced a 2.5 percent gold royalty.</p>
<p>The Association of Mining and Exploration Companies (AMEC), reporting results of a survey of nine mines across the state with forecast production life of 260 tonnes of gold, said the survey also indicated there would be an average reduction in mine lives of one year.  </p>
<p>The industry also has said that while the proposed royalty would raise about A$70 million-A$90 million a year, this would be offset by reduced production, payroll tax, stamp duties and other taxes and charges paid by gold producers and their suppliers.</p>
<p>The University of Western Australia said a 2.5 percent royalty would reduce gold production by the same amount, reduce gross domestic product by A$370 million and produce an associated income loss for the state of A$250 million, AMEC said.  </p>
<p>Queensland has a 2.75 percent gross royalty, New South Wales has a net smelter levy of four percent, equal to about a two percent gross royalty, and the Northern Territory has an 18 percent net profit royalty.</p>
<p>-- Sydney Newsroom 61-2 9373-1800</p>
</text>
<copyright>(c) Reuters Limited 1997</copyright>
<metadata>
<codes class="bip:countries:1.0">
  <code code="AUSTR">
    <editdetail action="confirmed" attribution="Reuters BIP Coding Group" date="1997-04-10"/>
  </code>
</codes>
<codes class="bip:industries:1.0">
  <code code="I21000">
    <editdetail action="confirmed" attribution="Reuters BIP Coding Group" date="1997-04-10"/>
  </code>
  <code code="I22472">
    <editdetail action="confirmed" attribution="Reuters BIP Coding Group" date="1997-04-10"/>
  </code>
</codes>
<codes class="bip:topics:1.0">
  <code code="C17">
    <editdetail action="confirmed" attribution="Reuters BIP Coding Group" date="1997-04-10"/>
  </code>
  <code code="CCAT">
    <editdetail action="confirmed" attribution="Reuters BIP Coding Group" date="1997-04-10"/>
  </code>
  <code code="E21">
    <editdetail action="confirmed" attribution="Reuters BIP Coding Group" date="1997-04-10"/>
  </code>
  <code code="E211">
    <editdetail action="confirmed" attribution="Reuters BIP Coding Group" date="1997-04-10"/>
  </code>
  <code code="ECAT">
    <editdetail action="confirmed" attribution="Reuters BIP Coding Group" date="1997-04-10"/>
  </code>
</codes>
<dc element="dc.date.created" value="1997-04-10"/>
<dc element="dc.publisher" value="Reuters Holdings Plc"/>
<dc element="dc.date.published" value="1997-04-10"/>
<dc element="dc.source" value="Reuters"/>
<dc element="dc.creator.location" value="PERTH"/>
<dc element="dc.creator.location.country.name" value="AUSTRALIA"/>
<dc element="dc.source" value="Reuters"/>
</metadata>
</newsitem>
