<?xml version="1.0" encoding="ISO-8859-1" standalone="no"?>
<newsitem date="1997-04-10" id="root" itemid="500327" xml:lang="en">
<title>SPAIN: Mapfre to pay unchanged 175 ptas total div.</title>
<headline>Mapfre to pay unchanged 175 ptas total div.</headline>
<dateline>MADRID 1997-04-10</dateline>
<text>
<p>Spanish insurance group Corporacion Mapfre Cia Internacional de Reaseguros SA will pay a total dividend of 175 pesetas gross per share against 1996 results, unchanged versus 1995, chief executive Manuel Martinez said on Thursday.</p>
<p>Mapfre paid an interim dividend of 85 pesetas gross on December 15, but did not give a date for the remaining 90 peseta dividend payment.</p>
<p>"Our dividend policy has always been to pay the same dividend for two or three years," Martinez told journalists.</p>
<p>Corporacion Mapfre posted net attributable profit of 9.74 billion pesetas in 1996 versus 9.57 billion the previous year.</p>
<p>-- Madrid newsroom +341 585 2160</p>
</text>
<copyright>(c) Reuters Limited 1997</copyright>
<metadata>
<codes class="bip:countries:1.0">
  <code code="SPAIN">
    <editdetail action="confirmed" attribution="Reuters BIP Coding Group" date="1997-04-10"/>
  </code>
</codes>
<codes class="bip:industries:1.0">
  <code code="I82001">
    <editdetail action="confirmed" attribution="Reuters BIP Coding Group" date="1997-04-10"/>
  </code>
</codes>
<codes class="bip:topics:1.0">
  <code code="C15">
    <editdetail action="confirmed" attribution="Reuters BIP Coding Group" date="1997-04-10"/>
  </code>
  <code code="C151">
    <editdetail action="confirmed" attribution="Reuters BIP Coding Group" date="1997-04-10"/>
  </code>
  <code code="CCAT">
    <editdetail action="confirmed" attribution="Reuters BIP Coding Group" date="1997-04-10"/>
  </code>
</codes>
<dc element="dc.date.created" value="1997-04-10"/>
<dc element="dc.publisher" value="Reuters Holdings Plc"/>
<dc element="dc.date.published" value="1997-04-10"/>
<dc element="dc.source" value="Reuters"/>
<dc element="dc.creator.location" value="MADRID"/>
<dc element="dc.creator.location.country.name" value="SPAIN"/>
<dc element="dc.source" value="Reuters"/>
</metadata>
</newsitem>
