<?xml version="1.0" encoding="ISO-8859-1" standalone="no"?>
<newsitem date="1997-04-10" id="root" itemid="499775" xml:lang="en">
<title>ISRAEL: Missing Israeli soldier found dead in West Bank.</title>
<headline>Missing Israeli soldier found dead in West Bank.</headline>
<byline>Jeffrey Heller</byline>
<dateline>JERUSALEM 1997-04-10</dateline>
<text>
<p>Israeli troops in the West Bank on Thursday found the body of a soldier, missing since September, in the home village of a Moslem suicide bomber who blew up a Tel Aviv cafe last month.</p>
<p>Israeli leaders said gunmen from the militant Moslem group Hamas kidnapped and killed Sergeant Sharon Edri, 19, who disappeared in central Israel.</p>
<p>Israeli security officials said the squad of six Hamas men -- two now in Israeli custody, two held by Palestinian forces, one at large and the suicide bomber -- had killed 11 Israelis since early 1996.</p>
<p>Prime Minister Benjamin Netanyahu, who has accused Palestinian President Yasser Arafat of recently giving a "green light" to "terrorists" to attack Israelis, said the Palestinian Authority had helped crack the case of the missing soldier.</p>
<p>"Israeli security forces, led by the Shin Bet secret service, uncovered in recent days a terrorist squad responsible for the Apropo cafe bombing which also kidnapped and murdered soldier Sharon Edri," Netanyahu said in broadcast remarks during a visit to the Netherlands.</p>
<p>Israel made arrests in the suicide bomber's village of Surif, in an area of the West Bank under Israeli security control, after the March 21 Tel Aviv blast which killed three Israeli women.</p>
<p>Israeli forces swept through Surif again on Thursday and Palestinian sources said about 25 villagers were detained.</p>
<p>"In the last part of the operation (to find Edri)...the Palestinian Authority arrested two members of the squad and through their arrest we were able to determine finally the place where Edri was buried," Netanyahu said.</p>
<p>But the right-wing leader, who has conditioned a return to peace talks with the Palestinians on a PLO crackdown on Moslem militants, said it had yet to start cooperating fully with Israel on stopping "terrorism".</p>
<p>"We continue to expect from the Palestinian Authority that it needs to do its utmost to fight terror," Netanyahu said.</p>
<p>A military spokesman said Hamas gunmen in a car with Israeli licence plates abducted Edri on September 9 outside the Tzrifin army base near Tel Aviv.</p>
<p>"Several minutes after he got into the vehicle, one of the members of the squad took out a pistol and killed him. His body was found today in the village and military rabbinical authorities are making the official identification," he said.</p>
<p>At a news conference, Defence Minister Yitzhak Mordechai said Edri had been "killed in cold blood and today the murderer led security forces to the spot where he was buried".</p>
<p>Television footage released by the Israeli military showed a handcuffed and chained Palestinian pointing to a patch of ground in an olive grove in Surif.</p>
<p>Israeli soldiers passed metal detectors over the spot and then began digging under the supervision of a military rabbi, uncovering a hand with a wristwatch before the tape ended.</p>
<p>In addition to killing Edri, and three women in the Tel Aviv bombing, the Hamas squad shot dead five Israeli civilians, a military doctor and an army medic in or near the West Bank since January, security officials said.</p>
<p>The military said at the time of Edri's disappearance there was no evidence he had been kidnapped. Within weeks Mordechai said security forces assumed he had been abducted although no group claimed responsibility.</p>
<p>In the last such incident, Hamas kidnapped Israeli soldier Nachshon Wachsman in October 1994. Wachsman was killed during a shootout between Israeli commandos trying to free him and his abductors at a West Bank hideout.</p>
</text>
<copyright>(c) Reuters Limited 1997</copyright>
<metadata>
<codes class="bip:countries:1.0">
  <code code="ISRAEL">
    <editdetail action="confirmed" attribution="Reuters BIP Coding Group" date="1997-04-10"/>
  </code>
</codes>
<codes class="bip:topics:1.0">
  <code code="GCAT">
    <editdetail action="confirmed" attribution="Reuters BIP Coding Group" date="1997-04-10"/>
  </code>
  <code code="GVIO">
    <editdetail action="confirmed" attribution="Reuters BIP Coding Group" date="1997-04-10"/>
  </code>
</codes>
<dc element="dc.date.created" value="1997-04-10"/>
<dc element="dc.publisher" value="Reuters Holdings Plc"/>
<dc element="dc.date.published" value="1997-04-10"/>
<dc element="dc.source" value="Reuters"/>
<dc element="dc.creator.location" value="JERUSALEM"/>
<dc element="dc.creator.location.country.name" value="ISRAEL"/>
<dc element="dc.source" value="Reuters"/>
</metadata>
</newsitem>
