<?xml version="1.0" encoding="ISO-8859-1" standalone="no"?>
<newsitem date="1997-04-10" id="root" itemid="500514" xml:lang="en">
<title>USA: Strike overshadows record Chrysler profits.</title>
<headline>Strike overshadows record Chrysler profits.</headline>
<byline>David Lawder</byline>
<dateline>AUBURN HILLS, Mich. 1997-04-10</dateline>
<text>
<p>Hours after reporting record first quarter earnings of $1.029 billion, Chrysler Corp. said Thursday an engine plant strike will force it to halt production of its most profitable light truck models.</p>
<p>The automaker said it will idle four assembly plants starting Friday, including its pickup truck plants in Warren, Mich., and St. Louis, its Jeep Grand Cherokee plant in Detroit and its full-size van plant in Windsor, Ontario.</p>
<p>About 1,800 members of UAW Local 51 struck Chrysler's Mound Road engine plant in Detroit early Thursday in a dispute over jobs and the proposed shifting of work to outside contractors. The plant is the sole U.S. source for the V-6, V-8 and V-10 truck engines that power its Dodge Ram and Dakota pickup trucks, the Grand Cherokee and the Dodge Ram Van.</p>
<p>Higher sales volumes of those same vehicles helped to boost Chrysler's first quarter net by 2.4 percent from the $1.005 billion it earned in the first quarter of 1996.</p>
<p>Chrysler said its first-quarter earnings per share rose to $1.45, slightly exceeding the $1.43 consensus Wall Street estimate compiled by First Call Corp. Chrysler earned $1.30 a share in the year-earlier period, when it had a higher number of shares outstanding.</p>
<p>But Chrysler's future profits could be reduced by about $67 million, or 10 cents a share, per week if production of Grand Cherokees and Ram and Dakota pickups remains halted by the strike, said Burnham Securities analyst David Healy.</p>
<p>"This suggests that they ought to get busy and settle it," he said. "That's production that they probably won't be able to make up, because those plants have been running flat-out."</p>
<p>The automaker's stock was unchanged at $30 in afternoon trading on the New York Stock Exchange.</p>
<p>Workers at the Mound Road plant, where the local contract expired at 11:59 p.m. Wednesday, struck to protest plans by Chrysler to shift production of drive shafts to outside suppliers, a move that will cost the plant up to 300 jobs.</p>
<p>The facility also was snubbed on Wednesday when Chrysler announced $1.3 billion in new investments at six other Detroit plants. Plans to phase out its V-8 engines has left its future uncertain.</p>
<p>Analysts said Chrysler's first quarter earnings would have been higher had the company not booked much of the cost of a new minivan incentive programme against first quarter earnings. The move to place a $595 incentive on four-door vans already on dealer lots reduced first quarter pre-tax income by more than $100 million.</p>
<p>The move also pushed Chrysler's incentive levels up to $785 per vehicle at the end of the quarter. The average for the quarter was $705, up from $640 a year ago.</p>
<p>"Competition for the consumer's automotive dollar got increasingly intense in the first quarter," Chrysler Chairman Robert Eaton said in a statement.</p>
<p>He added that Chrysler remains optimistic about the spring selling season, despite pressure from Japanese automakers that is being fuelled by the weakness of the yen against the dollar and strong new products.</p>
<p>Chrysler posted total first quarter revenues of $16.12 billion, up from $14.96 billion. Worldwide factory unit shipments to dealers rose by 3.7 percent to 781,239 vehicles from 753,176 a year earlier.</p>
<p>Chrysler Chief Financial Officer Gary Valade said the automaker has underscored its confidence in the strength of the economy by planning its strongest second quarter production in 20 years, a total of 818,200 vehicles. He said he did not believe small increases in interest rates will reduce vehicle demand.</p>
<p>"We see the economy in the best fundamental shape that it's been in in the last 25 years or so," Valade said. "That's good for the auto business."</p>
</text>
<copyright>(c) Reuters Limited 1997</copyright>
<metadata>
<codes class="bip:countries:1.0">
  <code code="CANA">
    <editdetail action="confirmed" attribution="Reuters BIP Coding Group" date="1997-04-10"/>
  </code>
  <code code="USA">
    <editdetail action="confirmed" attribution="Reuters BIP Coding Group" date="1997-04-10"/>
  </code>
</codes>
<codes class="bip:topics:1.0">
  <code code="C151">
    <editdetail action="confirmed" attribution="Reuters BIP Coding Group" date="1997-04-10"/>
  </code>
  <code code="C21">
    <editdetail action="confirmed" attribution="Reuters BIP Coding Group" date="1997-04-10"/>
  </code>
  <code code="C42">
    <editdetail action="confirmed" attribution="Reuters BIP Coding Group" date="1997-04-10"/>
  </code>
</codes>
<dc element="dc.date.created" value="1997-04-10"/>
<dc element="dc.publisher" value="Reuters Holdings Plc"/>
<dc element="dc.date.published" value="1997-04-10"/>
<dc element="dc.source" value="Reuters"/>
<dc element="dc.creator.location" value="AUBURN HILLS, Mich."/>
<dc element="dc.creator.location.country.name" value="USA"/>
<dc element="dc.source" value="Reuters"/>
</metadata>
</newsitem>
