<?xml version="1.0" encoding="ISO-8859-1" standalone="no"?>
<newsitem date="1997-04-10" id="root" itemid="500351" xml:lang="en">
<title>ITALY: FOCUS - Fiat chief Romiti set for appeal.</title>
<headline>FOCUS - Fiat chief Romiti set for appeal.</headline>
<byline>David Jones</byline>
<dateline>MILAN 1997-04-10</dateline>
<text>
<p>Fiat chairman Cesare Romiti on Thursday was set to appeal against a 18-month jail sentence for false accounting at Italy's largest private industrial giant, while ex-head Gianni Agnelli stood by his old right-hand man.</p>
<p>The sentence was effectively suspended until the lengthy Italian judicial process is completed and Romiti may never serve the jail term, but he is Italy's most prominent business figure convicted since Italy's anti-corruption drive started in 1992.</p>
<p>Romiti was sentenced late Wednesday in a Turin court along with former finance director Francesco Paolo Mattiolo, who received a suspended sentence of 16 months on similar charges.</p>
<p>The presiding judge Francesco Saluzzo also asked for documentary evidence to be given to the state prosecutor to see if Agnelli and other members of Fiat's executive committee were guilty of any wrongdoing.</p>
<p>Agnelli who stepped down in March 1996 after 30 years at the helm of Fiat to become its honourary president and had worked closed with Romiti since the mid-1970s, expressed his full support for both Romiti and Mattioli.</p>
<p>"I believe the work of Cesare Romiti and Francesco Paolo Mattiolo, in many years of superb collaboration, has always been correct. I therefore would like to confirm my confidence in their innocence, and I believe that this will be proved in the appeal courts," Agnelli said.</p>
<p>However, the sentence is a severe embarrassment for Fiat and the Agnellis, with the Agnelli family holding companies IFI and IFIL holding around 32 percent of the shares of Fiat.</p>
<p>Fiat and the Agnelli family have been inextricably linked since Gianni Agnelli's grandfather founded the company in 1899. And when Romiti is scheduled to step down, at 75 in June 1998, many expect another Agnelli, Gianni's nephew Giovanni aged 32, to take over at the helm.</p>
<p>The Turin trial which started in January saw the two top executives accused of falsifying accounts to divert more than 30 billion lire ($17.6 million) in overseas accounts from the 1980s to make payments to political parties and top Fiat managers abroad.</p>
<p>In a further move on Thursday, the Rome state prosecutor's office requested that both Romiti and Mattioli stand trial on separate corruption charges.</p>
<p>According to the formal request by magistrate Francesco Misiani, Fiat allegely paid bribes between 1983 and 1992 to the then powerful Christian Democrat and Socialist parties, totalling 300 billion lire, in order to obtain contracts for construction work on Rome's underground metropolitan railway.</p>
<p>Many analysts were unruffled by the sentences and suggested that the appeal process was unlikely to be completed by the time Romiti steps down next June, and suggested that he may never see jail as sentences under two years for people with no previous convictions are usually suspended.</p>
<p>Fiat shares reacted calmly, being marked down largely in line with the lower overall stock market. Some suggested a bit of weakness may have been added by March new car registrations data out on Thursday.</p>
<p>These figures showed Fiat's domestic market share slipping, indicating the Turin auto maker be struggling to keep pace with a sharply rising Italian car market.</p>
<p>At 1212 GMT, Fiat shares were off 0.66 percent at 5,455 lire with the Milan stock market's MIB30 all-share index down 0.42 percent.</p>
</text>
<copyright>(c) Reuters Limited 1997</copyright>
<metadata>
<codes class="bip:countries:1.0">
  <code code="ITALY">
    <editdetail action="confirmed" attribution="Reuters BIP Coding Group" date="1997-04-10"/>
  </code>
</codes>
<codes class="bip:industries:1.0">
  <code code="I35101">
    <editdetail action="confirmed" attribution="Reuters BIP Coding Group" date="1997-04-10"/>
  </code>
</codes>
<codes class="bip:topics:1.0">
  <code code="C12">
    <editdetail action="confirmed" attribution="Reuters BIP Coding Group" date="1997-04-10"/>
  </code>
  <code code="CCAT">
    <editdetail action="confirmed" attribution="Reuters BIP Coding Group" date="1997-04-10"/>
  </code>
  <code code="GCAT">
    <editdetail action="confirmed" attribution="Reuters BIP Coding Group" date="1997-04-10"/>
  </code>
  <code code="GCRIM">
    <editdetail action="confirmed" attribution="Reuters BIP Coding Group" date="1997-04-10"/>
  </code>
  <code code="GPOL">
    <editdetail action="confirmed" attribution="Reuters BIP Coding Group" date="1997-04-10"/>
  </code>
</codes>
<dc element="dc.date.created" value="1997-04-10"/>
<dc element="dc.publisher" value="Reuters Holdings Plc"/>
<dc element="dc.date.published" value="1997-04-10"/>
<dc element="dc.source" value="Reuters"/>
<dc element="dc.creator.location" value="MILAN"/>
<dc element="dc.creator.location.country.name" value="ITALY"/>
<dc element="dc.source" value="Reuters"/>
</metadata>
</newsitem>
