<?xml version="1.0" encoding="ISO-8859-1" standalone="no"?>
<newsitem date="1997-04-10" id="root" itemid="500035" xml:lang="en">
<title>USA: CBOT grain/oilseed receipts and shipments.</title>
<headline>CBOT grain/oilseed receipts and shipments.</headline>
<dateline>CHICAGO 1997-04-10</dateline>
<text>
<p>Grain and soybean receipts</p>
<p>and shipments, in bushels, at delivery locations for the</p>
<p>previous trading day, according to the Chicago Board of Trade-</p>
<p>		     Receipts	  Shipments</p>
<p>Wheat</p>
<p>Chicago		    0		   0</p>
<p>St. Louis	   18,023		   0</p>
<p>Toledo		   961		   0</p>
<p>Corn</p>
<p>Chicago		5,363		 870</p>
<p>St. Louis	  180,991	   208,143</p>
<p>Toledo	     199,174	    15,746</p>
<p>Oats</p>
<p>Chicago		    0		   0</p>
<p>Minneapolis	104,171	    66,641</p>
<p>Soybeans</p>
<p>Chicago	     38,107		   0</p>
<p>St. Louis	  187,084	   183,631</p>
<p>Toledo		46,751		   0</p>
<p>((Chicago Newsdesk 312-408-8720))</p>
</text>
<copyright>(c) Reuters Limited 1997</copyright>
<metadata>
<codes class="bip:countries:1.0">
  <code code="USA">
    <editdetail action="confirmed" attribution="Reuters BIP Coding Group" date="1997-04-10"/>
  </code>
</codes>
<codes class="bip:topics:1.0">
  <code code="M14">
    <editdetail action="confirmed" attribution="Reuters BIP Coding Group" date="1997-04-10"/>
  </code>
  <code code="M141">
    <editdetail action="confirmed" attribution="Reuters BIP Coding Group" date="1997-04-10"/>
  </code>
  <code code="MCAT">
    <editdetail action="confirmed" attribution="Reuters BIP Coding Group" date="1997-04-10"/>
  </code>
</codes>
<dc element="dc.date.created" value="1997-04-10"/>
<dc element="dc.publisher" value="Reuters Holdings Plc"/>
<dc element="dc.date.published" value="1997-04-10"/>
<dc element="dc.source" value="Reuters"/>
<dc element="dc.creator.location" value="CHICAGO"/>
<dc element="dc.creator.location.country.name" value="USA"/>
<dc element="dc.source" value="Reuters"/>
</metadata>
</newsitem>
