<?xml version="1.0" encoding="ISO-8859-1" standalone="no"?>
<newsitem date="1997-04-10" id="root" itemid="501565" xml:lang="en">
<title>JAPAN: Sagami Ham -96/97 parent forecast.</title>
<headline>Sagami Ham -96/97 parent forecast.</headline>
<dateline>TOKYO 1997-04-10</dateline>
<text>
<p>Year to March 31, 1997</p>
<p>		   (in billions of yen unless specified)</p>
<p>			   LATEST	    PREVIOUS	   ACTUAL</p>
<p> (Parent)	     FORECAST	   FORECAST	  YEAR-AGO</p>
<p> Sales		 31.18		31.00		31.98</p>
<p> Current	    220 million	230 million	218 million</p>
<p> Net	    loss 28 million prft 100 million prft 107 million</p>
<p>NOTE - Sagami Ham Co Ltd is a meat processor.</p>
</text>
<copyright>(c) Reuters Limited 1997</copyright>
<metadata>
<codes class="bip:countries:1.0">
  <code code="JAP">
    <editdetail action="confirmed" attribution="Reuters BIP Coding Group" date="1997-04-10"/>
  </code>
</codes>
<codes class="bip:industries:1.0">
  <code code="I41220">
    <editdetail action="confirmed" attribution="Reuters BIP Coding Group" date="1997-04-10"/>
  </code>
</codes>
<codes class="bip:topics:1.0">
  <code code="C15">
    <editdetail action="confirmed" attribution="Reuters BIP Coding Group" date="1997-04-10"/>
  </code>
  <code code="C152">
    <editdetail action="confirmed" attribution="Reuters BIP Coding Group" date="1997-04-10"/>
  </code>
  <code code="CCAT">
    <editdetail action="confirmed" attribution="Reuters BIP Coding Group" date="1997-04-10"/>
  </code>
</codes>
<dc element="dc.date.created" value="1997-04-10"/>
<dc element="dc.publisher" value="Reuters Holdings Plc"/>
<dc element="dc.date.published" value="1997-04-10"/>
<dc element="dc.source" value="Reuters"/>
<dc element="dc.creator.location" value="TOKYO"/>
<dc element="dc.creator.location.country.name" value="JAPAN"/>
<dc element="dc.source" value="Reuters"/>
</metadata>
</newsitem>
