<?xml version="1.0" encoding="ISO-8859-1" standalone="no"?>
<newsitem date="1997-04-10" id="root" itemid="501468" xml:lang="en">
<title>SINGAPORE: Singapore shares end down, OTC stocks slump.</title>
<headline>Singapore shares end down, OTC stocks slump.</headline>
<dateline>SINGAPORE 1997-04-10</dateline>
<text>
<p>Singapore shares ended mostly lower on Thursday with sentiment dragged down by fresh selling of Malaysian stocks traded over the counter (OTC).</p>
<p>Dealers said OTC stocks came under more selling in the afternoon session.</p>
<p>"We hear that there is force selling over in Malaysia. A lot of the activity in Singapore is by traders arbitraging between the two exchanges," said a dealer.</p>
<p>She said sentiment was generally weak with talk of Malaysian brokerages refusing to extend more credit lines to clients. The selling pulled the UOB-OTC index down 14.47 points to 1,208.77.  </p>
<p>The Straits Times Industrial ended down 15.93 points at 2,087.27. Total market volume was 100 million shares with 264 losers beating 88 gainer.</p>
<p>HongKong Land led the actives with over four million traded and closed lower in line with the Hong Kong market at US$2.21, down 10 cents. Malaysia's Public Bank foreign was also active and ended down 12 cents at S$2.60. Dealers said the bank is seen as one of those being affected by central bank's new curbs in share financing. Electronic Resources rose on talk of a deal in making and also seen benefiting from an electronics recovery.</p>
<p>- Doreen Siow 65-8703092</p>
</text>
<copyright>(c) Reuters Limited 1997</copyright>
<metadata>
<codes class="bip:countries:1.0">
  <code code="SINGP">
    <editdetail action="confirmed" attribution="Reuters BIP Coding Group" date="1997-04-10"/>
  </code>
</codes>
<codes class="bip:topics:1.0">
  <code code="M11">
    <editdetail action="confirmed" attribution="Reuters BIP Coding Group" date="1997-04-10"/>
  </code>
  <code code="MCAT">
    <editdetail action="confirmed" attribution="Reuters BIP Coding Group" date="1997-04-10"/>
  </code>
</codes>
<dc element="dc.date.created" value="1997-04-10"/>
<dc element="dc.publisher" value="Reuters Holdings Plc"/>
<dc element="dc.date.published" value="1997-04-10"/>
<dc element="dc.source" value="Reuters"/>
<dc element="dc.creator.location" value="SINGAPORE"/>
<dc element="dc.creator.location.country.name" value="SINGAPORE"/>
<dc element="dc.source" value="Reuters"/>
</metadata>
</newsitem>
