<?xml version="1.0" encoding="ISO-8859-1" standalone="no"?>
<newsitem date="1997-04-10" id="root" itemid="500725" xml:lang="en">
<title>USA: Ford's Hertz unit Q1 net rises to $19.7 mln.</title>
<headline>Ford's Hertz unit Q1 net rises to $19.7 mln.</headline>
<dateline>PARK RIDGE, N.J. 1997-04-10</dateline>
<text>
<p>Hertz Corp, Ford Motor Co's car rental unit, said Thursday it posted record earnings of $19.7 million in the first quarter of 1997, more than double the $8.8 million earned in the same period last year.</p>
<p>The increase was primarily due to higher revenues in its U.S. car rental operations, it said.  </p>
<p>The company said it also achieved record revenues of $878.4 million in the first quarter, up $75.3 million from the same period last year.</p>
<p>It said revenues from car rental operations of $758.5 million rose by $67.8 million, as the number of transactdions and revenue per transaction increased, mainly in the U.S.</p>
<p>Revenues from its other business, industrial and construction equipment rental, increased by $13.3 million to $90.4 million, as volume rose from the opening of new locations and increased activity in industrial markets, it said.  </p>
<p>Revenues from all other sources dropped by $5.8 million to $29.5 million due to lower revenues in claim administration service operations, a large part of which were sold in February 1996, it said. It noted that the decline was partly offset by revenues contributed by an acquisition of a foreign licensee operation in June 1996.</p>
<p>The company said its higher net earnings was partly offset by an $800,000 charge for the interest expense, net of taxes, relating to funding a $460 million dividend paid by the company to Ford in the first quarter and other items relating to the company's potential initial public offering.  </p>
<p>Also partly offsetting earnings were increased costs in the industrial and contruction equipment rental business relating to the additional depreciation for equipment purchased and other expenses related to service new industrial customers.</p>
<p>It said it also incurred losses arising from its 1996 foreign car rental acquisition.</p>
</text>
<copyright>(c) Reuters Limited 1997</copyright>
<metadata>
<codes class="bip:countries:1.0">
  <code code="USA">
    <editdetail action="confirmed" attribution="Reuters BIP Coding Group" date="1997-04-10"/>
  </code>
</codes>
<codes class="bip:industries:1.0">
  <code code="I35101">
    <editdetail action="confirmed" attribution="Reuters BIP Coding Group" date="1997-04-10"/>
  </code>
</codes>
<codes class="bip:topics:1.0">
  <code code="C15">
    <editdetail action="confirmed" attribution="Reuters BIP Coding Group" date="1997-04-10"/>
  </code>
  <code code="C151">
    <editdetail action="confirmed" attribution="Reuters BIP Coding Group" date="1997-04-10"/>
  </code>
  <code code="CCAT">
    <editdetail action="confirmed" attribution="Reuters BIP Coding Group" date="1997-04-10"/>
  </code>
</codes>
<dc element="dc.date.created" value="1997-04-10"/>
<dc element="dc.publisher" value="Reuters Holdings Plc"/>
<dc element="dc.date.published" value="1997-04-10"/>
<dc element="dc.source" value="Reuters"/>
<dc element="dc.creator.location" value="PARK RIDGE, N.J."/>
<dc element="dc.creator.location.country.name" value="USA"/>
<dc element="dc.source" value="Reuters"/>
</metadata>
</newsitem>
