<?xml version="1.0" encoding="ISO-8859-1" standalone="no"?>
<newsitem date="1997-04-10" id="root" itemid="500449" xml:lang="en">
<title>INDIA: India's Congress raises pressure on government.</title>
<headline>India's Congress raises pressure on government.</headline>
<byline>Sabyasachi Mitra</byline>
<dateline>NEW DELHI 1997-04-10</dateline>
<text>
<p>India's Congress party on Thursday ordered its lawmakers to vote against Prime Minister H.D. Deve Gowda in a confidence motion as the nation's 12-day-political crisis deepened.</p>
<p>The Congress notice to deputies increased pressure on Deve Gowda's centre-left ruling coalition to bow to its rival's demand that the prime minister relinquish power before the test vote set for Friday.</p>
<p>Talks between the two political formations ended in deadlock, with the United Front alliance refusing to abandon its support for Deve Gowda, who took power at the head of the minority government last June after inconclusive elections.</p>
<p>"We stand by our demand for change in leadership," said Tariq Anwar, political secretary to Congress president Sitaram Kesri. "The talks have failed."</p>
<p>If both the Congress and the rightwing opposition Bharatiya Janata Party (BJP) voted against Deve Gowda on Friday, his government would be sure to fall as it lacks an outright majority in the hung parliament.</p>
<p>That would force President Shankar Dayal Sharma to turn to another politician -- probably from either Congress or the BJP -- to try to form a fresh government, or the president could call the second general elections in a year.</p>
<p>The United Front and Congress were engaged in high-stakes brinksmanship ahead of the vote of confidence.</p>
<p>United Front leaders said they were unwilling to bow to Congress's demand that they force Deve Gowda to step down, while Congress said it was ready to topple the prime minister in the lower house of parliament, the Lok Sabha.</p>
<p>"All Congress members of the Lok Sabha are requested to be present without fail, cancelling all their other engagements of whatever importance or urgency they might be on tomorrow, defeat the motion of confidence and support the party stand," the Congress whip order said.</p>
<p>Politicians on both sides said there remained a possibility the United Front and Congress would hold another round of talks to try to reach an agreement before the test vote, but the outlines of a compromise had not yet emerged.</p>
<p>Kesri, citing a drifting economy and rising communal tensions, withdrew his party's support for Deve Gowda on March 30, triggering the political crisis and raising the prospect of mid-term elections.</p>
<p>Kesri first said he wanted power, but has since said he would settle for Deve Gowda's resignation.</p>
<p>Waiting in the wings was the Hindu nationalist BJP, which emerged as the largest single party in parliament in inconclusive elections last year. With its allies, it controls 193 seats.</p>
<p>The 15-member United Front has 180 deputies in the 542-member lower house of parliament, the Lok Sabha, while the Congress has 140 legislators.</p>
<p>The Lok Sabha was set to convene on Friday at 11 a.m. (0530 GMT) and was expected to debate the confidence motion before taking a vote. The prime minister would need a simple majority of those present and voting to win.</p>
<p>Many politicians feel President Sharma would invite the BJP to form a government if Deve Gowda lost the vote.</p>
<p>The BJP ruled for 12 days last May, only to quit on failing to muster a majority, paving the way for Deve Gowda to assume power.</p>
</text>
<copyright>(c) Reuters Limited 1997</copyright>
<metadata>
<codes class="bip:countries:1.0">
  <code code="INDIA">
    <editdetail action="confirmed" attribution="Reuters BIP Coding Group" date="1997-04-10"/>
  </code>
</codes>
<codes class="bip:topics:1.0">
  <code code="GCAT">
    <editdetail action="confirmed" attribution="Reuters BIP Coding Group" date="1997-04-10"/>
  </code>
  <code code="GPOL">
    <editdetail action="confirmed" attribution="Reuters BIP Coding Group" date="1997-04-10"/>
  </code>
</codes>
<dc element="dc.date.created" value="1997-04-10"/>
<dc element="dc.publisher" value="Reuters Holdings Plc"/>
<dc element="dc.date.published" value="1997-04-10"/>
<dc element="dc.source" value="Reuters"/>
<dc element="dc.creator.location" value="NEW DELHI"/>
<dc element="dc.creator.location.country.name" value="INDIA"/>
<dc element="dc.source" value="Reuters"/>
</metadata>
</newsitem>
