<?xml version="1.0" encoding="ISO-8859-1" standalone="no"?>
<newsitem date="1997-04-10" id="root" itemid="500907" xml:lang="en">
<title>QATAR: Qatar stock index ticks down in weak trade.</title>
<headline>Qatar stock index ticks down in weak trade.</headline>
<dateline>DOHA 1997-04-10</dateline>
<text>
<p>Shares at Qatar's unofficial stock market continued to chalk up gains in the week to Thursday but poor trading and a decline in two shares drove the index slightly down, brokers said.</p>
<p>The Commercial Bank of Qatar's 18-share index finished a shade lower at 127.96 points against 128.01 the previous week.</p>
<p>Dealers said trade faltered because of an increase in the interest rate on bank deposits to 6.75 percent from 6.5.</p>
<p>The increase, announced by Qatar's central bank on April 5, "took away some of the investors' spare funds from the stock market to banks," one broker said.</p>
<p>"The trading was so poor that even the rising stocks could not lift the index," he said.</p>
<p>During the week, six shares rose, two declined and nine were unchanged. Trading in one -- Qatar Flour Mills -- was suspended ahead of its annual general meeting scheduled for Saturday.</p>
<p>Among the gainers, Doha Bank Ltd rose five riyals to 323 and Qatar Islamic Bank one riyal to 133. Al Khaleej Insurance and Qatar General Insurance advanced five riyals each to 265 and 640 respectively and Qatar Cement won two riyals to 327. Qatar Cinema also clocked up five riyals to 200.</p>
<p>The decliners were the Commercial Bank of Qatar which shed three riyals to 315 and Qatar Shipping which slipped one riyal to 44.</p>
</text>
<copyright>(c) Reuters Limited 1997</copyright>
<metadata>
<codes class="bip:countries:1.0">
  <code code="QATAR">
    <editdetail action="confirmed" attribution="Reuters BIP Coding Group" date="1997-04-10"/>
  </code>
</codes>
<codes class="bip:topics:1.0">
  <code code="M11">
    <editdetail action="confirmed" attribution="Reuters BIP Coding Group" date="1997-04-10"/>
  </code>
  <code code="MCAT">
    <editdetail action="confirmed" attribution="Reuters BIP Coding Group" date="1997-04-10"/>
  </code>
</codes>
<dc element="dc.date.created" value="1997-04-10"/>
<dc element="dc.publisher" value="Reuters Holdings Plc"/>
<dc element="dc.date.published" value="1997-04-10"/>
<dc element="dc.source" value="Reuters"/>
<dc element="dc.creator.location" value="DOHA"/>
<dc element="dc.creator.location.country.name" value="QATAR"/>
<dc element="dc.source" value="Reuters"/>
</metadata>
</newsitem>
