<?xml version="1.0" encoding="ISO-8859-1" standalone="no"?>
<newsitem date="1997-04-10" id="root" itemid="501466" xml:lang="en">
<title>CHINA: Shanghai copper futures end up on short-covering.</title>
<headline>Shanghai copper futures end up on short-covering.</headline>
<dateline>SHANGHAI 1997-04-10</dateline>
<text>
<p>Shanghai copper futures ended up on Thursday on short-covering for immediate profit with trading volume reduced as most investors stayed on the sidelines in light of ongoing market uncertainty, traders said.</p>
<p>The most active July 1997 contract ended at 22,910 yuan ($2,761) per tonne, rising 150 yuan. It opened at an intraday high of 22,960 yuan and hit a low of 22,800 yuan per tonne.</p>
<p>April rose 80 yuan to 23,150, May 80 to 23,000, June 170 to 22,970, August 160 to 22,910 and September 140 to 22,900 yuan.</p>
<p>Combined volume fell to 32,890 tonnes from 46,230 tonnes.  </p>
<p>Copper opened higher and moved at high levels on short-covering for most of the session.</p>
<p>"Some short sellers offset their positions to take advantage of the current high values, but the thin volume indicated most investors took to the sidelines because they can't work out where the market is going," one trader said.</p>
<p>"Copper's gains today also supported the firmer spot prices," he added.</p>
<p>Shanghai spot copper is around 23,400 yuan per tonne.  </p>
<p>Short-sellers hold most of the positions in the main contracts, traders said.</p>
<p>Some major institutions were trading thinner volumes, having already offset most of their positions, and had taken to the sidelines, they said.</p>
<p>Aluminium followed copper's trend. April rose 100 yuan per tonne to 15,450 yuan per tonne, May 150 to 15,600 and June 200 to 15,800 yuan per tonne.</p>
<p>Combined volume fell to 410 tonnes from 580 tonne.</p>
<p>($1=8.2970 yuan)</p>
<p>--Shanghai newsroom (86-21) 6279-7004</p>
</text>
<copyright>(c) Reuters Limited 1997</copyright>
<metadata>
<codes class="bip:countries:1.0">
  <code code="CHINA">
    <editdetail action="confirmed" attribution="Reuters BIP Coding Group" date="1997-04-10"/>
  </code>
</codes>
<codes class="bip:topics:1.0">
  <code code="M14">
    <editdetail action="confirmed" attribution="Reuters BIP Coding Group" date="1997-04-10"/>
  </code>
  <code code="M142">
    <editdetail action="confirmed" attribution="Reuters BIP Coding Group" date="1997-04-10"/>
  </code>
  <code code="MCAT">
    <editdetail action="confirmed" attribution="Reuters BIP Coding Group" date="1997-04-10"/>
  </code>
</codes>
<dc element="dc.date.created" value="1997-04-10"/>
<dc element="dc.publisher" value="Reuters Holdings Plc"/>
<dc element="dc.date.published" value="1997-04-10"/>
<dc element="dc.source" value="Reuters"/>
<dc element="dc.creator.location" value="SHANGHAI"/>
<dc element="dc.creator.location.country.name" value="CHINA"/>
<dc element="dc.source" value="Reuters"/>
</metadata>
</newsitem>
