<?xml version="1.0" encoding="ISO-8859-1" standalone="no"?>
<newsitem date="1997-04-10" id="root" itemid="501380" xml:lang="en">
<title>NEW ZEALAND: NZ govt extends "winebox" reporting date to May 31.</title>
<headline>NZ govt extends "winebox" reporting date to May 31.</headline>
<dateline>WELLINGTON 1997-04-10</dateline>
<text>
<p>The Government has granted a reporting date extension to the so-called "Winebox" Commission of Inquiry to May 31, a spokesman for the prime minister's office said on Thursday.</p>
<p>He said the government had received another request for a further extention, which was being considered.</p>
<p>--Wellington Newsroom +64 4 473 4746</p>
</text>
<copyright>(c) Reuters Limited 1997</copyright>
<metadata>
<codes class="bip:countries:1.0">
  <code code="NZ">
    <editdetail action="confirmed" attribution="Reuters BIP Coding Group" date="1997-04-10"/>
  </code>
</codes>
<codes class="bip:topics:1.0">
  <code code="GCAT">
    <editdetail action="confirmed" attribution="Reuters BIP Coding Group" date="1997-04-10"/>
  </code>
  <code code="GPOL">
    <editdetail action="confirmed" attribution="Reuters BIP Coding Group" date="1997-04-10"/>
  </code>
</codes>
<dc element="dc.date.created" value="1997-04-10"/>
<dc element="dc.publisher" value="Reuters Holdings Plc"/>
<dc element="dc.date.published" value="1997-04-10"/>
<dc element="dc.source" value="Reuters"/>
<dc element="dc.creator.location" value="WELLINGTON"/>
<dc element="dc.creator.location.country.name" value="NEW ZEALAND"/>
<dc element="dc.source" value="Reuters"/>
</metadata>
</newsitem>
