<?xml version="1.0" encoding="ISO-8859-1" standalone="no"?>
<newsitem date="1997-04-10" id="root" itemid="500008" xml:lang="en">
<title>USA: MGE spring wheat ends higher, cash premiums strong.</title>
<headline>MGE spring wheat ends higher, cash premiums strong.</headline>
<dateline>MINNEAPOLIS 1997-04-10</dateline>
<text>
<p>MGE spring wheat futures closed higher with buying throughout the day fueled by forecasts for crop-damaging cold in the southern Plains and a sharp jump in cash spring wheat premiums, grain traders said.</p>
<p>Frigid weather was forecast for late this week from Nebraska to the Texas Panhandle, which meterologists said could damage the developing hard red winter wheat.</p>
<p>Also, railroads were suspending operations in flooded areas near Minneapolis which prompted a 10- to 25-cent-a-bushel rise in cash spring wheat basis premiums Thursday. Traders said the railroads' action curbed the amount of wheat for sale in the MGE cash market.</p>
<p>MGE spring wheat futures closed up 6-1/2 to five cents per bushel with May up 6-1/2 at $4.22-3/4. July was up 6-1/4 at $4.14.</p>
<p>MGE barley did not trade.</p>
<p>Estimated wheat volume Thursday was 30.157 million bushels versus 21.846 million.</p>
<p>((Chicago newsdesk 312-408-8720))</p>
</text>
<copyright>(c) Reuters Limited 1997</copyright>
<metadata>
<codes class="bip:countries:1.0">
  <code code="USA">
    <editdetail action="confirmed" attribution="Reuters BIP Coding Group" date="1997-04-10"/>
  </code>
</codes>
<codes class="bip:topics:1.0">
  <code code="M14">
    <editdetail action="confirmed" attribution="Reuters BIP Coding Group" date="1997-04-10"/>
  </code>
  <code code="M141">
    <editdetail action="confirmed" attribution="Reuters BIP Coding Group" date="1997-04-10"/>
  </code>
  <code code="MCAT">
    <editdetail action="confirmed" attribution="Reuters BIP Coding Group" date="1997-04-10"/>
  </code>
</codes>
<dc element="dc.date.created" value="1997-04-10"/>
<dc element="dc.publisher" value="Reuters Holdings Plc"/>
<dc element="dc.date.published" value="1997-04-10"/>
<dc element="dc.source" value="Reuters"/>
<dc element="dc.creator.location" value="MINNEAPOLIS"/>
<dc element="dc.creator.location.country.name" value="USA"/>
<dc element="dc.source" value="Reuters"/>
</metadata>
</newsitem>
