<?xml version="1.0" encoding="ISO-8859-1" standalone="no"?>
<newsitem date="1997-04-10" id="root" itemid="501105" xml:lang="en">
<title>SWEDEN: Foreningsbanken already has 40 pct backing merger.</title>
<headline>Foreningsbanken already has 40 pct backing merger.</headline>
<dateline>STOCKHOLM 1997-04-10</dateline>
<text>
<p>Swedish bank Foreningsbanken said on Thursday that 40 percent of its shareholders have already said they are in favour of the bank merging with Swedbank.</p>
<p>Releasing the merger prospectus, Foreningsbanken's chairman Bo Dockered said in a statement he expected shareholders representing more than 90 percent of shares to accept the offer.</p>
<p>The prospectus will be made public immediately and the acceptance period will run until May 15, the banks said.</p>
<p>The banks announced in February they planned to merge by offering Foreningsbanken's shareholders to swap seven A shares for two shares in the new bank and three preference shares in Foreningsbanken for one newly-issued share.</p>
<p>The merger is conditional on 90 percent acceptance by shareholders with the new bank to begin operations on January 1, 1998.</p>
<p>The new bank, to be called ForeningsSparbanken, will be Sweden's second largest bank after the merger of Handelsbanken and mortgage lender Stadshypotek.</p>
<p>It will have a strong position in the domestic household and agricultural sectors.</p>
<p>-- Birgitta Forsberg, Stockholm newsroom +46-8-700 1017</p>
</text>
<copyright>(c) Reuters Limited 1997</copyright>
<metadata>
<codes class="bip:countries:1.0">
  <code code="SWED">
    <editdetail action="confirmed" attribution="Reuters BIP Coding Group" date="1997-04-10"/>
  </code>
</codes>
<codes class="bip:industries:1.0">
  <code code="I81402">
    <editdetail action="confirmed" attribution="Reuters BIP Coding Group" date="1997-04-10"/>
  </code>
  <code code="I81403">
    <editdetail action="confirmed" attribution="Reuters BIP Coding Group" date="1997-04-10"/>
  </code>
</codes>
<codes class="bip:topics:1.0">
  <code code="C18">
    <editdetail action="confirmed" attribution="Reuters BIP Coding Group" date="1997-04-10"/>
  </code>
  <code code="C181">
    <editdetail action="confirmed" attribution="Reuters BIP Coding Group" date="1997-04-10"/>
  </code>
  <code code="CCAT">
    <editdetail action="confirmed" attribution="Reuters BIP Coding Group" date="1997-04-10"/>
  </code>
</codes>
<dc element="dc.date.created" value="1997-04-10"/>
<dc element="dc.publisher" value="Reuters Holdings Plc"/>
<dc element="dc.date.published" value="1997-04-10"/>
<dc element="dc.source" value="Reuters"/>
<dc element="dc.creator.location" value="STOCKHOLM"/>
<dc element="dc.creator.location.country.name" value="SWEDEN"/>
<dc element="dc.source" value="Reuters"/>
</metadata>
</newsitem>
