<?xml version="1.0" encoding="ISO-8859-1" standalone="no"?>
<newsitem date="1997-04-10" id="root" itemid="500277" xml:lang="en">
<title>FRANCE: EU assembly demands Zaire's Mobutu resign.</title>
<headline>EU assembly demands Zaire's Mobutu resign.</headline>
<dateline>STRASBOURG, France 1997-04-10</dateline>
<text>
<p>The European Parliament on Thursday demanded the resignation of Zairean President Mobutu and his government, and the holding of democratic elections.</p>
<p>"(The European Parliament stresses) the need to find a peaceful political solution to the conflict in Zaire that will put an end to the regime of Mr Mobutu Sese Seko with a view to the introduction of a democratic system," the parliament said in a resolution.</p>
<p>The call came a day after Mobutu sacked Prime Minister Etienne Tshisekedi, appointed only last week, and replaced him with former Defence Minister General Likulia Bolongo.</p>
<p>In Brussels, Belgian Foreign Minister Erik Derycke said Zaire was now in the hands of a military dictatorship.</p>
<p>European Commissioner Manuel Marin told the European Union assembly the west must keep up pressure "for a cessation of hostilities and the setting up of a transitional government which will start the process of democratisation".</p>
<p>The EU parliament appealed for an immediate ceasefire between the Zairean army and rebels led by Laurent Kabila who have taken control of mineral- and diamond-rich eastern Zaire and are advancing on the capital Kinshasa.</p>
<p>European governments must give full backing to South African efforts to broker direct negotiations between the Mobutu regime and the rebels, the assembly said.</p>
</text>
<copyright>(c) Reuters Limited 1997</copyright>
<metadata>
<codes class="bip:countries:1.0">
  <code code="EEC">
    <editdetail action="confirmed" attribution="Reuters BIP Coding Group" date="1997-04-10"/>
  </code>
  <code code="ZAIRE">
    <editdetail action="confirmed" attribution="Reuters BIP Coding Group" date="1997-04-10"/>
  </code>
</codes>
<codes class="bip:topics:1.0">
  <code code="G15">
    <editdetail action="confirmed" attribution="Reuters BIP Coding Group" date="1997-04-10"/>
  </code>
  <code code="G158">
    <editdetail action="confirmed" attribution="Reuters BIP Coding Group" date="1997-04-10"/>
  </code>
  <code code="GCAT">
    <editdetail action="confirmed" attribution="Reuters BIP Coding Group" date="1997-04-10"/>
  </code>
  <code code="GDIP">
    <editdetail action="confirmed" attribution="Reuters BIP Coding Group" date="1997-04-10"/>
  </code>
  <code code="GPOL">
    <editdetail action="confirmed" attribution="Reuters BIP Coding Group" date="1997-04-10"/>
  </code>
  <code code="GVIO">
    <editdetail action="confirmed" attribution="Reuters BIP Coding Group" date="1997-04-10"/>
  </code>
</codes>
<dc element="dc.date.created" value="1997-04-10"/>
<dc element="dc.publisher" value="Reuters Holdings Plc"/>
<dc element="dc.date.published" value="1997-04-10"/>
<dc element="dc.source" value="Reuters"/>
<dc element="dc.creator.location" value="STRASBOURG, France"/>
<dc element="dc.creator.location.country.name" value="FRANCE"/>
<dc element="dc.source" value="Reuters"/>
</metadata>
</newsitem>
