<?xml version="1.0" encoding="ISO-8859-1" standalone="no"?>
<newsitem date="1997-04-10" id="root" itemid="500077" xml:lang="en">
<title>USA: US Wats signs pact with Bell Atlantic.</title>
<headline>US Wats signs pact with Bell Atlantic.</headline>
<dateline>BALA CYNWYD, Pa. 1997-04-10</dateline>
<text>
<p>US WATS Inc said Thursday it signed five interconnection agreements with Bell Atlantic Corp that will allow US WATS to compete as a local exchange carrier to business customers.</p>
<p>"This agreement establishes USWI as a significant player in the Mid-Atlantic states where we have targeted as our primary territory for offering bundled local and long distance services to commercial accounts," said Kevin O'Hare, president and chief executive of US WATS.</p>
<p>The five agreements cover New Jersey, Pennsylvania, Maryland, Delaware, and the District of Columbia.</p>
</text>
<copyright>(c) Reuters Limited 1997</copyright>
<metadata>
<codes class="bip:countries:1.0">
  <code code="USA">
    <editdetail action="confirmed" attribution="Reuters BIP Coding Group" date="1997-04-10"/>
  </code>
</codes>
<codes class="bip:industries:1.0">
  <code code="I79020">
    <editdetail action="confirmed" attribution="Reuters BIP Coding Group" date="1997-04-10"/>
  </code>
</codes>
<codes class="bip:topics:1.0">
  <code code="C33">
    <editdetail action="confirmed" attribution="Reuters BIP Coding Group" date="1997-04-10"/>
  </code>
  <code code="CCAT">
    <editdetail action="confirmed" attribution="Reuters BIP Coding Group" date="1997-04-10"/>
  </code>
</codes>
<dc element="dc.date.created" value="1997-04-10"/>
<dc element="dc.publisher" value="Reuters Holdings Plc"/>
<dc element="dc.date.published" value="1997-04-10"/>
<dc element="dc.source" value="Reuters"/>
<dc element="dc.creator.location" value="BALA CYNWYD, Pa."/>
<dc element="dc.creator.location.country.name" value="USA"/>
<dc element="dc.source" value="Reuters"/>
</metadata>
</newsitem>
