<?xml version="1.0" encoding="ISO-8859-1" standalone="no"?>
<newsitem date="1997-04-10" id="root" itemid="501744" xml:lang="en">
<title>NORWAY: Statoil to begin laying NorFra gas line.</title>
<headline>Statoil to begin laying NorFra gas line.</headline>
<dateline>OSLO 1997-04-10</dateline>
<text>
<p>Den norske stats oljeselskap AS (Statoil) said on Thursday it would begin this week installation of the 840-km NorFra gas trunkline, the world's longest submarine pipeline.</p>
<p>Two laybarges, DLB 1601 and LB200, will begin laying 825 km of the line between the North Sea Draupner E riser platform and Dunkerque in northern France.</p>
<p>Statoil's Status Weekly newsletter said the DLB 1601 will lay the 546-km section running southwards from the Dutch continental shelf towards the French port, and expected to advance at more than two kilometres per day.</p>
<p>The other vessel will lay the NorFra section running southwards from Draupner E.</p>
<p>Total investment in the NorFra pipeline and landfall is put at roughly 8.5 billion crowns ($1.2 billion). Pipelaying is scheduled to be completed in November with gas deliveries starting on October 1, 1998.</p>
<p>($ = 6.977 Norwegian Crowns)</p>
<p>-- Oslo newsroom, +47 22 42 50 41</p>
</text>
<copyright>(c) Reuters Limited 1997</copyright>
<metadata>
<codes class="bip:countries:1.0">
  <code code="FRA">
    <editdetail action="confirmed" attribution="Reuters BIP Coding Group" date="1997-04-10"/>
  </code>
  <code code="NORW">
    <editdetail action="confirmed" attribution="Reuters BIP Coding Group" date="1997-04-10"/>
  </code>
</codes>
<codes class="bip:industries:1.0">
  <code code="I13000">
    <editdetail action="confirmed" attribution="Reuters BIP Coding Group" date="1997-04-10"/>
  </code>
  <code code="I1300003">
    <editdetail action="confirmed" attribution="Reuters BIP Coding Group" date="1997-04-10"/>
  </code>
</codes>
<codes class="bip:topics:1.0">
  <code code="C24">
    <editdetail action="confirmed" attribution="Reuters BIP Coding Group" date="1997-04-10"/>
  </code>
  <code code="CCAT">
    <editdetail action="confirmed" attribution="Reuters BIP Coding Group" date="1997-04-10"/>
  </code>
</codes>
<dc element="dc.date.created" value="1997-04-10"/>
<dc element="dc.publisher" value="Reuters Holdings Plc"/>
<dc element="dc.date.published" value="1997-04-10"/>
<dc element="dc.source" value="Reuters"/>
<dc element="dc.creator.location" value="OSLO"/>
<dc element="dc.creator.location.country.name" value="NORWAY"/>
<dc element="dc.source" value="Reuters"/>
</metadata>
</newsitem>
