<?xml version="1.0" encoding="ISO-8859-1" standalone="no"?>
<newsitem date="1997-04-10" id="root" itemid="501272" xml:lang="en">
<title>HUNGARY: SONY SAYS HUNGARY, E.EUROPE CAN COMPETE WITH ASIA.</title>
<headline>SONY SAYS HUNGARY, E.EUROPE CAN COMPETE WITH ASIA.</headline>
<byline>Michael Roddy</byline>
<dateline>BUDAPEST 1997-04-10</dateline>
<text>
<p>Top officials of Sony said in Hungary on Thursday that the company intends to expand in Eastern Europe and finds the region competitive with southeast Asia.</p>
<p>"We have a strong intention to expand our manufacturing in East and Central Europe," Sony president Nobuyuki Idei told Reuters during a meeting for Sony suppliers in Hungary.</p>
<p>Idei did not announce any specific plans for expansion by Sony, which now has east European manufacturing plants in Hungary and Slovakia, but said a quarter of the company's business, or some $11 to $12 billion in revenues, originated in Europe.</p>
<p>"Central and East Europe represents about 10 percent of total European business," Idei said. "So I think a local investment for manufacturing will also accelerate our penetration of these markets."</p>
<p>Jakob Schmuckli, a director of Sony Corporation and chairman of Sony Europa Gmbh, said that on a landed cost basis, Eastern Europe could potentially compete with Southeast Asia.</p>
<p>"Of course Malaysia (one of Sony's biggest manufacturing bases) is huge...but I think it is indicative of Europe as a production base at least for the European market that with the central and Eastern European countries we do have a possibility to compete with a southeast Asian supply base at least on a landed-cost basis," Schmuckli said.</p>
<p>"We believe with the opening of eastern Europe, definitely Europe has a chance to re-establish itself as one of the global supply bases," he added.</p>
<p>Schmuckli said Sony was still in the initial stages with its 30 million German mark home audio-video plant in Godollo, Hungary, but planned to expand it soon from its current 300 workers to 600 or more.</p>
<p>"We are still on the start-up phase," he said. "So far we have hired 300 workers but we already know we will go to 600 or more. That part is already decided, but from there it will take time."</p>
<p>Asked whether the quality of products at the plant was what Sony desired, Schmuckli said: "It is a bit early to tell.</p>
<p>"It depends on the management and workers at the plant -- if they work well they have the best chance...to move it up" and expand the facility, Schmuckli said.</p>
</text>
<copyright>(c) Reuters Limited 1997</copyright>
<metadata>
<codes class="bip:countries:1.0">
  <code code="HUNG">
    <editdetail action="confirmed" attribution="Reuters BIP Coding Group" date="1997-04-10"/>
  </code>
  <code code="JAP">
    <editdetail action="confirmed" attribution="Reuters BIP Coding Group" date="1997-04-10"/>
  </code>
  <code code="SLVAK">
    <editdetail action="confirmed" attribution="Reuters BIP Coding Group" date="1997-04-10"/>
  </code>
</codes>
<codes class="bip:industries:1.0">
  <code code="I34540">
    <editdetail action="confirmed" attribution="Reuters BIP Coding Group" date="1997-04-10"/>
  </code>
</codes>
<codes class="bip:topics:1.0">
  <code code="C11">
    <editdetail action="confirmed" attribution="Reuters BIP Coding Group" date="1997-04-10"/>
  </code>
  <code code="CCAT">
    <editdetail action="confirmed" attribution="Reuters BIP Coding Group" date="1997-04-10"/>
  </code>
</codes>
<dc element="dc.date.created" value="1997-04-10"/>
<dc element="dc.publisher" value="Reuters Holdings Plc"/>
<dc element="dc.date.published" value="1997-04-10"/>
<dc element="dc.source" value="Reuters"/>
<dc element="dc.creator.location" value="BUDAPEST"/>
<dc element="dc.creator.location.country.name" value="HUNGARY"/>
<dc element="dc.source" value="Reuters"/>
</metadata>
</newsitem>
