<?xml version="1.0" encoding="ISO-8859-1" standalone="no"?>
<newsitem date="1997-04-10" id="root" itemid="500037" xml:lang="en">
<title>USA: North Dakota town watches water surround it.</title>
<headline>North Dakota town watches water surround it.</headline>
<byline>Amy Asleson</byline>
<dateline>HARWOOD, N.D. 1997-04-10</dateline>
<text>
<p>They closed the last road out of Harwood Thursday.</p>
<p>This town of 590 a few miles north of Fargo became a prisoner of the Sheyenne River shortly after noon when Interstate 29, the main route north to Canada's prairie provinces and south to the U.S. heartland, was cut off by rising waters.</p>
<p>The southbound lanes were already covered for about a mile by water deep enough to lick the undercarriages of passing cars.</p>
<p>The town itself and those who chose to remain there were dry, hiding behind an elaborate earthen dike dug up in massive chunks from the black dirt of surrounding farm fields.</p>
<p>Dallas Marohl, a member of town's flood committee which started building the dikes three weeks ago, said there have been "no serious problems" in the village so far. There were some reports of water in garages, he said, but no more than usual with spring snowmelt flooding.</p>
<p>Snow from a record winter's accumulation was still piled high in yards.</p>
<p>"I'm very confident that we'll pull through this and not let anything happen within the city limits," he told Reuters. "Outlying houses in the rural areas have been flooded and unfortuantely those people have had to evacuate."</p>
<p>Marohl said some residents had left Harwood but there were no plans to evacuate the town. The school has been closed and students sent to Fargo and West Fargo for classes.</p>
<p>"There isn't a word great enough to describe the community support," he said.</p>
<p>Bernie Stasch, Harwood's superintendent of public works, said the water was not expected to crest until the middle of next week. Anyone electing to stay in town, he said, had already been told to stock enough supplies to last a week or two.</p>
<p>The Sheyenne, which passes west of town on the other side of the interstate highway, is a winding, shallow stream that eventually empties into the Red River of the North, several miles east of Harwood.</p>
<p>It has spilled out of its banks gently but persistently, covering the flat, frozen farm fields.</p>
<p>Harwood is typical of many towns in the Red River Valley, a vast tabletop region slightly tilted toward Canada. With no deep valleys gouged in the plain, the floodwaters are likely spread far and wide as they flow northward, turning thousands of acres between Fargo and Winnepeg, Manitoba, into lakes.</p>
<p>In an emergency, someone could be taken to or from Hardood by helicopter, boat or perhaps a military-type vehicle. But for now the usual way of coming and going was gone.</p>
<p>"We're isolated now. We're stuck until its over," said a clerk at the town offices.</p>
</text>
<copyright>(c) Reuters Limited 1997</copyright>
<metadata>
<codes class="bip:countries:1.0">
  <code code="USA">
    <editdetail action="confirmed" attribution="Reuters BIP Coding Group" date="1997-04-10"/>
  </code>
</codes>
<codes class="bip:topics:1.0">
  <code code="GCAT">
    <editdetail action="confirmed" attribution="Reuters BIP Coding Group" date="1997-04-10"/>
  </code>
  <code code="GDIS">
    <editdetail action="confirmed" attribution="Reuters BIP Coding Group" date="1997-04-10"/>
  </code>
  <code code="GWEA">
    <editdetail action="confirmed" attribution="Reuters BIP Coding Group" date="1997-04-10"/>
  </code>
</codes>
<dc element="dc.date.created" value="1997-04-10"/>
<dc element="dc.publisher" value="Reuters Holdings Plc"/>
<dc element="dc.date.published" value="1997-04-10"/>
<dc element="dc.source" value="Reuters"/>
<dc element="dc.creator.location" value="HARWOOD, N.D."/>
<dc element="dc.creator.location.country.name" value="USA"/>
<dc element="dc.source" value="Reuters"/>
</metadata>
</newsitem>
