<?xml version="1.0" encoding="ISO-8859-1" standalone="no"?>
<newsitem date="1997-04-10" id="root" itemid="501259" xml:lang="en">
<title>SWEDEN: Swedish shares end higher, supported by Astra.</title>
<headline>Swedish shares end higher, supported by Astra.</headline>
<dateline>STOCKHOLM 1997-04-10</dateline>
<text>
<p>Swedish shares came off day lows to close higher on Thursday, supported by a rebound in drugs major Astra.</p>
<p>Stockholm general index ended up 0.34 percent at 2,646.65 in fairly light turnover of 3.63 billion crowns.</p>
<p>"It was a little more trading oriented today, with a couple of news items having some effect," a dealer said.</p>
<p>Astra jumped six crowns to 347.5 in a recovery after dropping eight a day earlier on its U.S. partner Merck being downgraded.</p>
<p>Automotive group Volvo gained five crowns to 196.</p>
<p>Dealers could not quite explain Volvo's strong performance, but mentioned favourable international media reports, a rebound after recent falls and a strong start for car shares on Wall Street.</p>
<p>Fashion retailer Hennes &amp; Mauritz surged 48 crowns to 1,048 after saying first quarter sales rose 30 percent and that the sales and earnings trend remained positive.</p>
<p>The forestry sector fell 2.28 percent, partly as SCA's head said he did not think fine paper prices could be raised as planned this spring. Both MoDo and AssiDoman were, however, trading ex-dividend, pulling the sector index lower.</p>
<p>SCA slipped two to 160.5 and Stora fell one to 100.5.</p>
<p>MoDo dropped 12 to 213.5 crowns but was trading without a nine crown dividend and AssiDoman fell 6.5 to 192 with a dividend of 5.25 crowns being taken on Thursday.</p>
</text>
<copyright>(c) Reuters Limited 1997</copyright>
<metadata>
<codes class="bip:countries:1.0">
  <code code="SWED">
    <editdetail action="confirmed" attribution="Reuters BIP Coding Group" date="1997-04-10"/>
  </code>
</codes>
<codes class="bip:topics:1.0">
  <code code="M11">
    <editdetail action="confirmed" attribution="Reuters BIP Coding Group" date="1997-04-10"/>
  </code>
  <code code="MCAT">
    <editdetail action="confirmed" attribution="Reuters BIP Coding Group" date="1997-04-10"/>
  </code>
</codes>
<dc element="dc.date.created" value="1997-04-10"/>
<dc element="dc.publisher" value="Reuters Holdings Plc"/>
<dc element="dc.date.published" value="1997-04-10"/>
<dc element="dc.source" value="Reuters"/>
<dc element="dc.creator.location" value="STOCKHOLM"/>
<dc element="dc.creator.location.country.name" value="SWEDEN"/>
<dc element="dc.source" value="Reuters"/>
</metadata>
</newsitem>
