<?xml version="1.0" encoding="ISO-8859-1" standalone="no"?>
<newsitem date="1997-04-10" id="root" itemid="500675" xml:lang="en">
<title>USA: Potlatch Corp Q1 sales, net rise.</title>
<headline>Potlatch Corp Q1 sales, net rise.</headline>
<dateline>SAN FRANCISCO 1997-04-10</dateline>
<text>
<p>(Dollars in thousands - except per-share amounts)</p>
<p>							  1997	  1996</p>
<p> Net sales					$399,445     $388,621</p>
<p>Costs and expenses:</p>
<p>Depreciation, amortization</p>
<p>and cost of fee timber</p>
<p>     harvested				    38,134	 35,064</p>
<p>Materials, labor and other  </p>
<p> Net earnings per common share		   .22	    .17</p>
<p>Average shares outstanding (in thousands)</p>
<p>							28,886	 28,941</p>
</text>
<copyright>(c) Reuters Limited 1997</copyright>
<metadata>
<codes class="bip:countries:1.0">
  <code code="USA">
    <editdetail action="confirmed" attribution="Reuters BIP Coding Group" date="1997-04-10"/>
  </code>
</codes>
<codes class="bip:industries:1.0">
  <code code="I47100">
    <editdetail action="confirmed" attribution="Reuters BIP Coding Group" date="1997-04-10"/>
  </code>
</codes>
<codes class="bip:topics:1.0">
  <code code="C15">
    <editdetail action="confirmed" attribution="Reuters BIP Coding Group" date="1997-04-10"/>
  </code>
  <code code="C151">
    <editdetail action="confirmed" attribution="Reuters BIP Coding Group" date="1997-04-10"/>
  </code>
  <code code="CCAT">
    <editdetail action="confirmed" attribution="Reuters BIP Coding Group" date="1997-04-10"/>
  </code>
</codes>
<dc element="dc.date.created" value="1997-04-10"/>
<dc element="dc.publisher" value="Reuters Holdings Plc"/>
<dc element="dc.date.published" value="1997-04-10"/>
<dc element="dc.source" value="Reuters"/>
<dc element="dc.creator.location" value="SAN FRANCISCO"/>
<dc element="dc.creator.location.country.name" value="USA"/>
<dc element="dc.source" value="Reuters"/>
</metadata>
</newsitem>
