<?xml version="1.0" encoding="ISO-8859-1" standalone="no"?>
<newsitem date="1997-04-10" id="root" itemid="501042" xml:lang="en">
<title>USA: Mid-air collision kills two in Alaska.</title>
<headline>Mid-air collision kills two in Alaska.</headline>
<dateline>ANCHORAGE, Alaska 1997-04-09</dateline>
<text>
<p>A collision of two single-engine airplanes over Alaska's Prince William Sound killed two people on Wednesday, the Alaska State Troopers said.</p>
<p>Both airplanes were carrying specialists who were searching for masses of herring in advance of a commercial fishing opening, the troopers said.</p>
<p>One of the planes, not yet identified by type late on Wednesday -- plunged into the sound after the mid-air impact, the troopers said. The other airplane, a Cessna 185, did not crash but made an emergency landing.</p>
<p>The collision occurred at about 1 p.m. (5 p.m. EDT/2100 GMT) over Galena Bay, about 45 miles (70 km) northwest of the fishing town of Cordova, the troopers said.</p>
<p>Dead at the scene was a passenger in the downed aircraft, trooper spokesman Steve Wilhemi said. The passenger, from outside Alaska, was not identified pending family notification.</p>
<p>Rescuers found the pilot, Ronald Gribble, 46, of Homer, Alaska, gravely injured at the site of the downed airplane, Wilhelmi said. He was declared dead shortly afterward at the hospital in Valdez, Wilhelmi said.</p>
<p>Commercial fishermen regularly hire spotters who use airplanes to locate masses of herring. The commercial herring harvest, expected to yield 5,600 tons, is the first in years in Prince William Sound.</p>
</text>
<copyright>(c) Reuters Limited 1997</copyright>
<metadata>
<codes class="bip:countries:1.0">
  <code code="USA">
    <editdetail action="confirmed" attribution="Reuters BIP Coding Group" date="1997-04-10"/>
  </code>
</codes>
<codes class="bip:topics:1.0">
  <code code="GCAT">
    <editdetail action="confirmed" attribution="Reuters BIP Coding Group" date="1997-04-10"/>
  </code>
  <code code="GDIS">
    <editdetail action="confirmed" attribution="Reuters BIP Coding Group" date="1997-04-10"/>
  </code>
</codes>
<dc element="dc.date.created" value="1997-04-09"/>
<dc element="dc.publisher" value="Reuters Holdings Plc"/>
<dc element="dc.date.published" value="1997-04-10"/>
<dc element="dc.source" value="Reuters"/>
<dc element="dc.creator.location" value="ANCHORAGE, Alaska"/>
<dc element="dc.creator.location.country.name" value="USA"/>
<dc element="dc.source" value="Reuters"/>
</metadata>
</newsitem>
