<?xml version="1.0" encoding="ISO-8859-1" standalone="no"?>
<newsitem date="1997-04-10" id="root" itemid="501263" xml:lang="en">
<title>UK: UK highly unlikely to join EMU in first wave - Blair.</title>
<headline>UK highly unlikely to join EMU in first wave - Blair.</headline>
<dateline>REDDITCH, England 1997-04-10</dateline>
<text>
<p>Opposition leader Tony Blair said on Thursday that it was "highly unlikely" that Britain would join a European single currency on January 1, 1999.</p>
<p>Speaking at a school in Redditch, central England, Blair said there were advantages in principle to a single currency but added: "It has got to be economically right for Britain and it should not be politically driven."  </p>
<p>"It is a very big step and unless the economies fit together properly, it could do very real damage," said Blair, campaigning ahead of a May 1 election his Labour party is favourite to win.</p>
<p>He said Labour would take the decision in the country's economic interests but whatever that decision was, it would be dangerous for Britain to pull out of negotiations on the form the single currency would take.</p>
<p>"It is very important that we keep our place at the negotiating table," Blair said.</p>
<p>"I think it is highly unlikely we would be in the first wave but if we are, there would be a referendum on it."</p>
</text>
<copyright>(c) Reuters Limited 1997</copyright>
<metadata>
<codes class="bip:countries:1.0">
  <code code="EEC">
    <editdetail action="confirmed" attribution="Reuters BIP Coding Group" date="1997-04-10"/>
  </code>
  <code code="UK">
    <editdetail action="confirmed" attribution="Reuters BIP Coding Group" date="1997-04-10"/>
  </code>
</codes>
<codes class="bip:topics:1.0">
  <code code="E12">
    <editdetail action="confirmed" attribution="Reuters BIP Coding Group" date="1997-04-10"/>
  </code>
  <code code="ECAT">
    <editdetail action="confirmed" attribution="Reuters BIP Coding Group" date="1997-04-10"/>
  </code>
  <code code="G15">
    <editdetail action="confirmed" attribution="Reuters BIP Coding Group" date="1997-04-10"/>
  </code>
  <code code="G151">
    <editdetail action="confirmed" attribution="Reuters BIP Coding Group" date="1997-04-10"/>
  </code>
  <code code="G154">
    <editdetail action="confirmed" attribution="Reuters BIP Coding Group" date="1997-04-10"/>
  </code>
  <code code="GCAT">
    <editdetail action="confirmed" attribution="Reuters BIP Coding Group" date="1997-04-10"/>
  </code>
  <code code="GPOL">
    <editdetail action="confirmed" attribution="Reuters BIP Coding Group" date="1997-04-10"/>
  </code>
  <code code="M13">
    <editdetail action="confirmed" attribution="Reuters BIP Coding Group" date="1997-04-10"/>
  </code>
  <code code="M132">
    <editdetail action="confirmed" attribution="Reuters BIP Coding Group" date="1997-04-10"/>
  </code>
  <code code="MCAT">
    <editdetail action="confirmed" attribution="Reuters BIP Coding Group" date="1997-04-10"/>
  </code>
</codes>
<dc element="dc.date.created" value="1997-04-10"/>
<dc element="dc.publisher" value="Reuters Holdings Plc"/>
<dc element="dc.date.published" value="1997-04-10"/>
<dc element="dc.source" value="Reuters"/>
<dc element="dc.creator.location" value="REDDITCH, England"/>
<dc element="dc.creator.location.country.name" value="UK"/>
<dc element="dc.source" value="Reuters"/>
</metadata>
</newsitem>
