<?xml version="1.0" encoding="ISO-8859-1" standalone="no"?>
<newsitem date="1997-04-10" id="root" itemid="500304" xml:lang="en">
<title>SWITZERLAND: Swiss stocks end volatile session mixed to easier.</title>
<headline>Swiss stocks end volatile session mixed to easier.</headline>
<dateline>ZURICH 1997-04-10</dateline>
<text>
<p>Swiss shares ended a volatile session mixed to lower on Thursday. Dealers said trade was quiet as investors waited for Friday's CPI and retail data from the U.S.</p>
<p>The blue-chip Swiss Market Index (SMI) fell 8.3 points to 4,626.6 points. The broad Swiss Performance Index (SPI) was down 2.90 points to 2,926.88.</p>
<p>Novartis, down 14 francs to 1,759, led the active list.</p>
<p>Dealers said the share was under pressure from rumors that a competitor had launched a drug in the U.S. which could hurt Novartis.</p>
<p>Nestle, two lower at 1,707 were second.</p>
<p>Clariant, Oerlikon-Buehrle and Sulzer were higher. Dealers said all three firms were doing road shows abroad and were favorabley received.</p>
<p>In the financial sector, Winterthur Insurance and CS Group felt some profit taking after strong rises on Wednesday.</p>
<p>Even CS Group's own CS First Boston recommended its clients use the price jump to take profits in Winterthur.</p>
<p>Winterthur fell 16 to 1,033 Swiss francs and CS Group shed 1.75 to 166.50.</p>
<p>Some traders said there might have been some swapping of Winterthur and CS Group into shares of Zurich Insurance and UBS. UBS gained 16 francs to 1,287 and Zurich added 5.50 to 454.</p>
<p>Swiss Re gained 11 to 1,538.</p>
<p>Second-tier shares saw SIG bearers 50 francs higher at 3,630. Globus gained 29 to 695.</p>
<p>Kuoni, Danzas and Stratec closed lower.</p>
</text>
<copyright>(c) Reuters Limited 1997</copyright>
<metadata>
<codes class="bip:countries:1.0">
  <code code="SWITZ">
    <editdetail action="confirmed" attribution="Reuters BIP Coding Group" date="1997-04-10"/>
  </code>
</codes>
<codes class="bip:topics:1.0">
  <code code="M11">
    <editdetail action="confirmed" attribution="Reuters BIP Coding Group" date="1997-04-10"/>
  </code>
  <code code="MCAT">
    <editdetail action="confirmed" attribution="Reuters BIP Coding Group" date="1997-04-10"/>
  </code>
</codes>
<dc element="dc.date.created" value="1997-04-10"/>
<dc element="dc.publisher" value="Reuters Holdings Plc"/>
<dc element="dc.date.published" value="1997-04-10"/>
<dc element="dc.source" value="Reuters"/>
<dc element="dc.creator.location" value="ZURICH"/>
<dc element="dc.creator.location.country.name" value="SWITZERLAND"/>
<dc element="dc.source" value="Reuters"/>
</metadata>
</newsitem>
