<?xml version="1.0" encoding="ISO-8859-1" standalone="no"?>
<newsitem date="1997-04-10" id="root" itemid="500239" xml:lang="en">
<title>FRANCE: Juppe dismisses rumours of early election.</title>
<headline>Juppe dismisses rumours of early election.</headline>
<dateline>PARIS 1997-04-10</dateline>
<text>
<p>French Prime Minister Alain Juppe dismissed on Thursday speculation that President Jacques Chirac might bring forward a general election scheduled for next March.</p>
<p>"I hear it said. It's in fashion. But the calendar is what it is," Juppe said in an interview to be published on Saturday in the weekly Le Figaro-Magazine.</p>
<p>Press reports have carried rumours that the president could dissolve parliament and call elections this spring in a bid to secure a conservative majority for the rest of his seven-year term.</p>
<p>The move would also avoid a collision between the election timetable and European Union plans to select countries early next year that qualify for a single European currency in 1999 under terms set by the Maastricht treaty on European union.</p>
<p>"You say that the campaign will be 'polluted' by Maastricht? Yes and no. Building a Europe with a currency, an army, an identity, isn't that one of the crucial questions for the future of France?" Juppe said.</p>
<p>Chirac has said repeatedly that a dissolution was not a matter of personal convenience and would only be justified to settle a political crisis.</p>
<p>In the interview, Juppe also vigorously attacked Jean-Marie Le Pen's extreme-right National Front (FN) party and promised to wage a vocal fight against its values, which he called dangerous and "profoundly incompatible" with those of the French Republic.</p>
<p>"Some say we must not talk about the National Front. That's absurd. The National Front talks. Should we let it speak without answering? No, each time these ideas are put forward, I will rise up against them," Juppe said.</p>
<p>"How can we not fight against someone who has said the Holocaust and the (Nazi) ovens of the crematoriums were a 'detail' of history and who suggests that all of French society's problems can be solved by kicking out all the foreigners."</p>
<p>Juppe also said he was unconcerned by his poor showing in opinion polls, noting that other political leaders had faced bad poll results but later overcome them.</p>
<p>"I am guided by my convictions," he told the magazine.</p>
<p>A Louis Harris Institute poll for Valeurs Actuelles magazine said on Thursday Juppe's standing have declined this month after three months of gains with just 31 percent rating his performance good against 33 percent in March. The percentage with a bad impression climbed to 65 percent from 62.</p>
<p>A monthly IPSOS survey showed a similar result, with his approval rating falling to 29 from 31 percent while his disapproval rating was stable at 63 percent.</p>
</text>
<copyright>(c) Reuters Limited 1997</copyright>
<metadata>
<codes class="bip:countries:1.0">
  <code code="FRA">
    <editdetail action="confirmed" attribution="Reuters BIP Coding Group" date="1997-04-10"/>
  </code>
</codes>
<codes class="bip:topics:1.0">
  <code code="GCAT">
    <editdetail action="confirmed" attribution="Reuters BIP Coding Group" date="1997-04-10"/>
  </code>
  <code code="GPOL">
    <editdetail action="confirmed" attribution="Reuters BIP Coding Group" date="1997-04-10"/>
  </code>
  <code code="GVOTE">
    <editdetail action="confirmed" attribution="Reuters BIP Coding Group" date="1997-04-10"/>
  </code>
</codes>
<dc element="dc.date.created" value="1997-04-10"/>
<dc element="dc.publisher" value="Reuters Holdings Plc"/>
<dc element="dc.date.published" value="1997-04-10"/>
<dc element="dc.source" value="Reuters"/>
<dc element="dc.creator.location" value="PARIS"/>
<dc element="dc.creator.location.country.name" value="FRANCE"/>
<dc element="dc.source" value="Reuters"/>
</metadata>
</newsitem>
