<?xml version="1.0" encoding="ISO-8859-1" standalone="no"?>
<newsitem date="1997-04-10" id="root" itemid="501794" xml:lang="en">
<title>NORWAY: Norway March CPI rises 0.3 pct mnth/mnth.</title>
<headline>Norway March CPI rises 0.3 pct mnth/mnth.</headline>
<dateline>OSLO 1997-04-10</dateline>
<text>
<p>Statistics Norway (SSB) issued the following economic indicator.</p>
<p> NORWAY CONSUMER PRICES    MAR 1997   FEB 1997    MAR 1996</p>
<p>Figures (in percent)</p>
<p>  Month-on-month change     +0.3	 +0.3	  +0.5</p>
<p>  Year-on-year change	 +3.1	 +3.3	  +0.7</p>
<p>  Index (base 1979)	  269.3	268.6	 261.3</p>
<p>NOTE -- Ten economists polled by Reuters forecast a year-on-year rise in March of 3.15 percent and for inflation to increase by an average 0.35 percent month-on-month.</p>
<p>SSB attributed the month-on-month rise mainly to higher property rental prices and increased prices for clothes, shoes, food and gasoline. Countering the increase were lower prices for electricity, paraffin and heating oil, SSB said.</p>
<p>--Oslo newsroom +47 22 42 50 41</p>
</text>
<copyright>(c) Reuters Limited 1997</copyright>
<metadata>
<codes class="bip:countries:1.0">
  <code code="NORW">
    <editdetail action="confirmed" attribution="Reuters BIP Coding Group" date="1997-04-10"/>
  </code>
</codes>
<codes class="bip:topics:1.0">
  <code code="E13">
    <editdetail action="confirmed" attribution="Reuters BIP Coding Group" date="1997-04-10"/>
  </code>
  <code code="E131">
    <editdetail action="confirmed" attribution="Reuters BIP Coding Group" date="1997-04-10"/>
  </code>
  <code code="ECAT">
    <editdetail action="confirmed" attribution="Reuters BIP Coding Group" date="1997-04-10"/>
  </code>
</codes>
<dc element="dc.date.created" value="1997-04-10"/>
<dc element="dc.publisher" value="Reuters Holdings Plc"/>
<dc element="dc.date.published" value="1997-04-10"/>
<dc element="dc.source" value="Reuters"/>
<dc element="dc.creator.location" value="OSLO"/>
<dc element="dc.creator.location.country.name" value="NORWAY"/>
<dc element="dc.source" value="Reuters"/>
</metadata>
</newsitem>
