<?xml version="1.0" encoding="ISO-8859-1" standalone="no"?>
<newsitem date="1997-04-10" id="root" itemid="500251" xml:lang="en">
<title>DENMARK: Denmark ready with Albania force plan next week.</title>
<headline>Denmark ready with Albania force plan next week.</headline>
<byline>Christopher Follett</byline>
<dateline>COPENHAGEN 1997-04-10</dateline>
<text>
<p>Denmark said on Thursday it was preparing a plan for participation in a multinational military mission to lawless Albania and expected to have a contingent in place by May 10.</p>
<p>"We hope to finalise our deliberations soon. I hope that we will be able to present to parliament next week a proposal on Danish participation," Danish foreign minister Niels Helveg Petersen said at told a news conference.</p>
<p>"I cannot inform you of the details at the moment, we are still working on it and are in constant consultation with the Italians, who are leading the force," he said.</p>
<p>"The Danish contingent is foreseen to be in place (in Albania) around May 10," Petersen said.</p>
<p>There is overwhelming majority support in Denmark's parliament for Danish participation in the multinational force for Albania.</p>
<p>Petersen was speaking after chairing a one-day meeting of Swiss, Danish and Polish foreign ministers -- the troika of past, present and future chairmen of the Organisation for Security and Cooperation in Europe (OSCE).</p>
<p>Petersen said the first contingents of French and Spanish soldiers would arrive in Albania in mid-April but added that final details of the mandate for the Italian-led multinational force of some 6,000 troops for Albania was still not finalised.</p>
<p>The force will include soldiers from France, Spain, Turkey, Greece and Romania to protect the delivery of emergency food and medicine supplies to Albania.</p>
<p>"The details of the mandate are not finalised. I cannot explain details of the modalities for the deployment but I can only say that collecting some of the enormous amount of handguns in Albania is going to be a very important part of the force's task," he said.</p>
<p>In a joint statement after the meeting the troika voiced concern about friction in Belarus, where protesters and police clashed during recent opposition rallies.</p>
<p>They welcomed the Belarus government's acceptance of an OSCE delegation to the former Soviet Republic, which Petersen said would leave on April 15.</p>
<p>On Croatia, the ministers said that they were working to prepare an enhanced OSCE presence in Eastern Slavonia to ensure continued monitoring of human rights in the wake of the departure of the U.N. Transitional Administration there.</p>
<p>They also said they were worried about the lack of dialogue between government and opposition forces in the Federal Republic of Yugoslavia on democratic reform.</p>
</text>
<copyright>(c) Reuters Limited 1997</copyright>
<metadata>
<codes class="bip:countries:1.0">
  <code code="ALB">
    <editdetail action="confirmed" attribution="Reuters BIP Coding Group" date="1997-04-10"/>
  </code>
  <code code="DEN">
    <editdetail action="confirmed" attribution="Reuters BIP Coding Group" date="1997-04-10"/>
  </code>
</codes>
<codes class="bip:topics:1.0">
  <code code="GCAT">
    <editdetail action="confirmed" attribution="Reuters BIP Coding Group" date="1997-04-10"/>
  </code>
  <code code="GDEF">
    <editdetail action="confirmed" attribution="Reuters BIP Coding Group" date="1997-04-10"/>
  </code>
  <code code="GDIP">
    <editdetail action="confirmed" attribution="Reuters BIP Coding Group" date="1997-04-10"/>
  </code>
</codes>
<dc element="dc.date.created" value="1997-04-10"/>
<dc element="dc.publisher" value="Reuters Holdings Plc"/>
<dc element="dc.date.published" value="1997-04-10"/>
<dc element="dc.source" value="Reuters"/>
<dc element="dc.creator.location" value="COPENHAGEN"/>
<dc element="dc.creator.location.country.name" value="DENMARK"/>
<dc element="dc.source" value="Reuters"/>
</metadata>
</newsitem>
