<?xml version="1.0" encoding="ISO-8859-1" standalone="no"?>
<newsitem date="1997-04-10" id="root" itemid="501320" xml:lang="en">
<title>UK: Morgan, Salomon cut British Steel estimates.</title>
<headline>Morgan, Salomon cut British Steel estimates.</headline>
<dateline>LONDON 1997-04-10</dateline>
<text>
<p>Morgan Stanley and Salomon Brothers said on Thursday they cut their earnings estimates for British Steel Plc, factoring in the latest surge in sterling.  </p>
<p>The two brokerages followed downgrades earlier this week from Merrill Lynch and HSBC James Capel, marking the second round of downgrades so far this year.</p>
<p>Morgan Stanley analyst Tim Bennett said he reduced his 1997-98 earnings estimates for British Steel Plc by 25 percent to 195 million stg from 260 stg to reflect the exchange rate and restructuring charges.</p>
<p>Bennett said he maintained his "neutral" stance on the stock for now, but plans to review that, as well.  </p>
<p>"We're going to have a harder look at it," Bennett said of his recommendation. "The question in my mind is whether British Steel can maintain a 10p dividend."</p>
<p>Salomon Brothers analyst Terrence Sinclair said he slashed his 1997-98 profit forecast to 95 million stg from 315 million stg to account for sterling's appreciation and restructuring provisions. He said he maintained his "hold" rating.</p>
<p>The shares, which have fallen by about eight percent since.March 27, were off one penny at 149p at 0911 GMT.</p>
<p>--Debra Sherman, London Newsroom +44 171 542 5106</p>
</text>
<copyright>(c) Reuters Limited 1997</copyright>
<metadata>
<codes class="bip:countries:1.0">
  <code code="UK">
    <editdetail action="confirmed" attribution="Reuters BIP Coding Group" date="1997-04-10"/>
  </code>
</codes>
<codes class="bip:industries:1.0">
  <code code="I22100">
    <editdetail action="confirmed" attribution="Reuters BIP Coding Group" date="1997-04-10"/>
  </code>
</codes>
<codes class="bip:topics:1.0">
  <code code="C15">
    <editdetail action="confirmed" attribution="Reuters BIP Coding Group" date="1997-04-10"/>
  </code>
  <code code="C152">
    <editdetail action="confirmed" attribution="Reuters BIP Coding Group" date="1997-04-10"/>
  </code>
  <code code="CCAT">
    <editdetail action="confirmed" attribution="Reuters BIP Coding Group" date="1997-04-10"/>
  </code>
</codes>
<dc element="dc.date.created" value="1997-04-10"/>
<dc element="dc.publisher" value="Reuters Holdings Plc"/>
<dc element="dc.date.published" value="1997-04-10"/>
<dc element="dc.source" value="Reuters"/>
<dc element="dc.creator.location" value="LONDON"/>
<dc element="dc.creator.location.country.name" value="UK"/>
<dc element="dc.source" value="Reuters"/>
</metadata>
</newsitem>
