<?xml version="1.0" encoding="ISO-8859-1" standalone="no"?>
<newsitem date="1997-04-10" id="root" itemid="501300" xml:lang="en">
<title>NETHERLANDS: FEED SHIPS DUE AT ROTTERDAM/AMSTERDAM/GHENT PORTS.</title>
<headline>FEED SHIPS DUE AT ROTTERDAM/AMSTERDAM/GHENT PORTS.</headline>
<dateline>ROTTERDAM 1997-04-10</dateline>
<text>
<p>Vessels carrying mixed feed</p>
<p>ingredients arriving at Amsterdam/Rotterdam/Ghent ports as</p>
<p>expected by traders:</p>
<p>VESSEL NAME		 PRODUCT		   ETA	    PORT</p>
<p>	    SOUTH AMERICA:</p>
<p>Flag Nikolas		soy/sunmeal/citrus    Apl  10	A'dam</p>
<p>Pintail		     soymeal		   Apl  10	R'dam</p>
<p>Kavako			soymeal/sunmeal	 Apl  12	R'dam</p>
<p>Mereni			soymeal		   Apl  16	Ghent</p>
<p>Aghia Markella	    sunmeal		   Apl  18	A'dam</p>
<p>Pioneer Star		soymeal		   Apl  18	R'dam</p>
<p>Mr. Michael		 sunmeal		   Apl  23	R'dam</p>
<p>Aghia Trias		 soymeal/soymeal	 Apl  26	A'dam</p>
<p>Humber			soymeal		   Apl  28	Ghent</p>
<p>Aifanourios		 soymeal		   May  5	 R'dam</p>
<p>Mariner A		   soymeal		   May  12	Ghent</p>
<p>Velos			 soymeal		   May  mid     A'dam</p>
<p>UNITED STATES:</p>
<p>Golden Cape		 corngluten		Apl  10	R'dam</p>
<p>Agios I. Theologos	corngluten		Apl  14	R'dam</p>
<p>Jin Tian Hai		soymeal		   Apl  20	A'dam</p>
<p>Lika			  soymeal		   Apl  29	A'dam</p>
<p>Commander		   soyhulls		  May  early</p>
<p>THAILAND:</p>
<p>Ding Zhou Hai	     tapioca		   Apl  11	R'dam</p>
<p>Kalymnos		    tapioca		   Apl  12	Ghent</p>
<p>World Swan		  tapioca		   Apl  27	R'dam</p>
<p>Delta Peace		 tapioca		   May  1	 R'dam</p>
<p>World Wood		  tapioca		   May  2	 R'dam</p>
<p>Hereke-4		    tapioca		   May  2	 Ghent</p>
<p>Mulberry		    tapioca		   May  15	R'dam</p>
<p>Forestal Esperanza	tapioca		   May  20	R'dam</p>
<p>Delta Pride		 tapioca		   Jne  8	 R'dam</p>
<p>	    MALAYSIA/INDONESIA:</p>
<p>Da Sha Ping		 palmexpellers	   Apl  10	R'dam</p>
<p>Christina II		palmexpellers	   Apl  13	A'dam</p>
<p>Aynar Kalkavan	    Indon copra expellers Apl  13	A'dam</p>
<p>Ayane			 Indon copra expellers Apl  22	A'dam</p>
<p>Seri Ibonda		 palmexpellers	   May  6	 A'dam</p>
<p>Athos			 palmexpellers	   May  mid     A'dam</p>
<p>Novigrad		    Indon copra expellers May  20	Ghent</p>
<p>	    PHILIPPINES:</p>
<p>Zhen Fen 17		 copra expellers	 May  early   A'dam</p>
<p>Zhen Fen 19		 copra expellers	 May  end     A'dam</p>
<p>--Rotterdam newsroom +31 20 504 5832 fax +31 20 504 5850</p>
</text>
<copyright>(c) Reuters Limited 1997</copyright>
<metadata>
<codes class="bip:countries:1.0">
  <code code="BELG">
    <editdetail action="confirmed" attribution="Reuters BIP Coding Group" date="1997-04-10"/>
  </code>
  <code code="NETH">
    <editdetail action="confirmed" attribution="Reuters BIP Coding Group" date="1997-04-10"/>
  </code>
</codes>
<codes class="bip:industries:1.0">
  <code code="I74000">
    <editdetail action="confirmed" attribution="Reuters BIP Coding Group" date="1997-04-10"/>
  </code>
  <code code="I76300">
    <editdetail action="confirmed" attribution="Reuters BIP Coding Group" date="1997-04-10"/>
  </code>
  <code code="I77002">
    <editdetail action="confirmed" attribution="Reuters BIP Coding Group" date="1997-04-10"/>
  </code>
</codes>
<codes class="bip:topics:1.0">
  <code code="CCAT">
    <editdetail action="confirmed" attribution="Reuters BIP Coding Group" date="1997-04-10"/>
  </code>
  <code code="M14">
    <editdetail action="confirmed" attribution="Reuters BIP Coding Group" date="1997-04-10"/>
  </code>
  <code code="M141">
    <editdetail action="confirmed" attribution="Reuters BIP Coding Group" date="1997-04-10"/>
  </code>
  <code code="MCAT">
    <editdetail action="confirmed" attribution="Reuters BIP Coding Group" date="1997-04-10"/>
  </code>
</codes>
<dc element="dc.date.created" value="1997-04-10"/>
<dc element="dc.publisher" value="Reuters Holdings Plc"/>
<dc element="dc.date.published" value="1997-04-10"/>
<dc element="dc.source" value="Reuters"/>
<dc element="dc.creator.location" value="ROTTERDAM"/>
<dc element="dc.creator.location.country.name" value="NETHERLANDS"/>
<dc element="dc.source" value="Reuters"/>
</metadata>
</newsitem>
