<?xml version="1.0" encoding="ISO-8859-1" standalone="no"?>
<newsitem date="1997-04-10" id="root" itemid="500486" xml:lang="en">
<title>INDIA: Indian parliament to take up test motion on Friday.</title>
<headline>Indian parliament to take up test motion on Friday.</headline>
<dateline>NEW DELHI 1997-04-10</dateline>
<text>
<p>India's lower house of parliament, the Lok Sabha, is scheduled to convene at 11 a.m. (0630 GMT) on Friday to take up a confidence motion in Prime Minister H.D. Deve Gowda.</p>
<p>The Lok Sabha is expected to debate the motion before taking any vote. No time has been set for the vote. The speaker of the house, P.A. Sangma, has said the debate and vote will be shown live on nationwide television.</p>
<p>Deve Gowda would need a simple majority of legislators present and voting to win the test of strength.</p>
<p>The 545-seat lower house of parliament, the Lok Sabha, currently has 542 members. Two seats are vacant and one is occupied by the speaker, Sangma, who can vote in the event of a tie.</p>
<p>General elections in April and May last year yielded a hung parliament.</p>
<p>The Bharatiya Janata Party (BJP) is the biggest single party with 162 deputies. With its four allies, the BJP controls 193 votes -- well shy of an absolute majority.</p>
<p>Deve Gowda's 15-party United Front coalition controls 180 votes. Its strongest component is the prime minister's centrist Janata Dal party with 45 legislators, followed by the Communist Party of India (Marxist) with 32.</p>
<p>Deve Gowda has been propped up by the Congress party, which controls 140 votes but withdrew its backing on Sunday.</p>
<p>A quorum of at least 55 members of parliament would have to be present for the vote of confidence to be taken, a parliament spokesman said.</p>
<p>The BJP held power for 12 days in May but quit when it failed to muster enough support to win a vote of confidence.</p>
<p>-- New Delhi newsroom +91-11 301 2024</p>
</text>
<copyright>(c) Reuters Limited 1997</copyright>
<metadata>
<codes class="bip:countries:1.0">
  <code code="INDIA">
    <editdetail action="confirmed" attribution="Reuters BIP Coding Group" date="1997-04-10"/>
  </code>
</codes>
<codes class="bip:topics:1.0">
  <code code="GCAT">
    <editdetail action="confirmed" attribution="Reuters BIP Coding Group" date="1997-04-10"/>
  </code>
  <code code="GPOL">
    <editdetail action="confirmed" attribution="Reuters BIP Coding Group" date="1997-04-10"/>
  </code>
  <code code="GVOTE">
    <editdetail action="confirmed" attribution="Reuters BIP Coding Group" date="1997-04-10"/>
  </code>
</codes>
<dc element="dc.date.created" value="1997-04-10"/>
<dc element="dc.publisher" value="Reuters Holdings Plc"/>
<dc element="dc.date.published" value="1997-04-10"/>
<dc element="dc.source" value="Reuters"/>
<dc element="dc.creator.location" value="NEW DELHI"/>
<dc element="dc.creator.location.country.name" value="INDIA"/>
<dc element="dc.source" value="Reuters"/>
</metadata>
</newsitem>
