<?xml version="1.0" encoding="ISO-8859-1" standalone="no"?>
<newsitem date="1997-04-10" id="root" itemid="501234" xml:lang="en">
<title>GERMANY: VW says Q1 Germany sales down 4.9 percent.</title>
<headline>VW says Q1 Germany sales down 4.9 percent.</headline>
<dateline>WOLFSBURG, Germany 1997-04-10</dateline>
<text>
<p>Volkswagen said its sales during the 1997 first quarter in Germany fell 4.9 percent to 234,000 units over 1996 levels, in part hurt by lost production due to a strike by Spanish truckers.</p>
<p>VW management board member Robert Buechelhofer told the German carmaker's annual news conference that the losses could be made up throughout the year and predicted that VW would show sales growth in Germany for 1997.</p>
<p>Volkswagen said on Thursday it expected the west European vehicle market to show little growth in 1997 amid its prediction for a total market volume of 12.8 million vehicles.</p>
<p>VW said in its annual report released on Thursday that it started the year with 286,000 orders in hand from western Europe, including Germany.</p>
<p>The carmaker expected the United States vehicle market to show some growth to about 9.7 million units for the year but for "serious structural problems" in the Japanese economy to provide only moderate growth to about 4.6 million units.</p>
<p>--John Gilardi, Frankfurt Newsroom, +49 69 756525</p>
</text>
<copyright>(c) Reuters Limited 1997</copyright>
<metadata>
<codes class="bip:countries:1.0">
  <code code="GFR">
    <editdetail action="confirmed" attribution="Reuters BIP Coding Group" date="1997-04-10"/>
  </code>
</codes>
<codes class="bip:industries:1.0">
  <code code="I35101">
    <editdetail action="confirmed" attribution="Reuters BIP Coding Group" date="1997-04-10"/>
  </code>
</codes>
<codes class="bip:topics:1.0">
  <code code="C15">
    <editdetail action="confirmed" attribution="Reuters BIP Coding Group" date="1997-04-10"/>
  </code>
  <code code="C151">
    <editdetail action="confirmed" attribution="Reuters BIP Coding Group" date="1997-04-10"/>
  </code>
  <code code="C31">
    <editdetail action="confirmed" attribution="Reuters BIP Coding Group" date="1997-04-10"/>
  </code>
  <code code="CCAT">
    <editdetail action="confirmed" attribution="Reuters BIP Coding Group" date="1997-04-10"/>
  </code>
</codes>
<dc element="dc.date.created" value="1997-04-10"/>
<dc element="dc.publisher" value="Reuters Holdings Plc"/>
<dc element="dc.date.published" value="1997-04-10"/>
<dc element="dc.source" value="Reuters"/>
<dc element="dc.creator.location" value="WOLFSBURG, Germany"/>
<dc element="dc.creator.location.country.name" value="GERMANY"/>
<dc element="dc.source" value="Reuters"/>
</metadata>
</newsitem>
