<?xml version="1.0" encoding="ISO-8859-1" standalone="no"?>
<newsitem date="1997-04-10" id="root" itemid="501176" xml:lang="en">
<title>SWEDEN: Perstorp says to sell Perstorp Analytical.</title>
<headline>Perstorp says to sell Perstorp Analytical.</headline>
<dateline>STOCKHOLM 1997-04-10</dateline>
<text>
<p>Swedish chemical group Perstorp said on Thursday it would sell Perstorp Analytical for a capital gain of about 150 million crowns. </p>
<p>The sale is part of the company's aim to streamline operations and followed a December 1996 divestment of the business area Perstorp Components, it said in its six-month results report.</p>
<p>Perstorp posted a 33 percent drop in six-month pre-tax profit to 208 million crowns and lowered its full-year forecast by 100 million crowns because of structural measures.</p>
<p>"The annual report's forecast for a full-year result around the same level as in the previous year (716 million crowns) has been reduced with net costs for the mentioned structural changes of about 100 million crowns," it said.</p>
<p>Perstorp also said it aimed to lower its costs.</p>
<p>"To strengthen the group's competitiveness an extensive productivity enhancing programme will start with the aim of lowering costs by at least 500 million crowns within a three-year period," the company said.  </p>
<p>The programme included concentrating European operations in the divisions Perstorp Surfaces and Plastic Systems to fewer and larger units, while divesting remaining Components operations in Germany.</p>
<p>The cost cutting programme was part of a larger plan, which will run to the year 2000, to further increase long-term growth and profitability, it said.</p>
<p>The plan also included focusing on core operations and a new organisation with larger business areas from February 1 this year.</p>
<p>"The world leading positions in the chemical area will be developed strongly through continued geographical expansion and new product applications," the company said.</p>
<p>"The leading global position within laminate floors will be further strengthened through increased market penetration and expansion on new markets."</p>
<p>The company would also focus on Construction Chemicals and Life Science and the unit Perstorp Plastic Systems intended to take part of the likely restructuring on the European market, it said.</p>
<p>Looking at the market, it said there was still uncertainty regarding economic trends. But when excluding the sold unit Perstorp Components, volumes were strong despite weak economic trends, mainly in Europe, Perstorp said.</p>
<p>For the first six months of its financial year, Perstorp posted a turnover of 5.67 billion crowns, down from 6.37 billion crowns in the corresponding year earlier period.</p>
<p>Profit per share fell to 1.72 crowns from 2.81 crowns.</p>
<p>-- Birgitta Forsberg, Stockholm newsroom +46-8-700 1017</p>
</text>
<copyright>(c) Reuters Limited 1997</copyright>
<metadata>
<codes class="bip:countries:1.0">
  <code code="SWED">
    <editdetail action="confirmed" attribution="Reuters BIP Coding Group" date="1997-04-10"/>
  </code>
</codes>
<codes class="bip:industries:1.0">
  <code code="I25670">
    <editdetail action="confirmed" attribution="Reuters BIP Coding Group" date="1997-04-10"/>
  </code>
</codes>
<codes class="bip:topics:1.0">
  <code code="C18">
    <editdetail action="confirmed" attribution="Reuters BIP Coding Group" date="1997-04-10"/>
  </code>
  <code code="C181">
    <editdetail action="confirmed" attribution="Reuters BIP Coding Group" date="1997-04-10"/>
  </code>
  <code code="CCAT">
    <editdetail action="confirmed" attribution="Reuters BIP Coding Group" date="1997-04-10"/>
  </code>
</codes>
<dc element="dc.date.created" value="1997-04-10"/>
<dc element="dc.publisher" value="Reuters Holdings Plc"/>
<dc element="dc.date.published" value="1997-04-10"/>
<dc element="dc.source" value="Reuters"/>
<dc element="dc.creator.location" value="STOCKHOLM"/>
<dc element="dc.creator.location.country.name" value="SWEDEN"/>
<dc element="dc.source" value="Reuters"/>
</metadata>
</newsitem>
