<?xml version="1.0" encoding="ISO-8859-1" standalone="no"?>
<newsitem date="1997-04-10" id="root" itemid="501070" xml:lang="en">
<title>BELGIUM: EU forecasts show Germany missing EMU target - paper.</title>
<headline>EU forecasts show Germany missing EMU target - paper.</headline>
<byline>Henry Engler</byline>
<dateline>BRUSSELS 1997-04-10</dateline>
<text>
<p>The European Commission is expected to show that Germany will be unable to bring its 1997 budget deficit down to three percent of Gross Domestic Product, a Portuguese newspaper reported on Thursday.</p>
<p>According to the report, published in El Publico, Germany's 1997 budget deficit will be 3.2 percent of GDP, just above the three percent target set in the Maastricht treaty to qualify for economic and monetary union.</p>
<p>Speculation that Bonn would have a tough time adhering strictly to the deficit target has been rampant in recent weeks, with sluggish growth and high unemployment contributing to an increasingly uncertain budget outlook.</p>
<p>Quoted in a magazine article on Thursday, Bundesbank council member Reimut Jochimsen said: "It is becoming increasingly evident that Germany will find it extraordinarily difficult to meet the budget and debt criteria."</p>
<p>He also said that any delay to the planned January 1, 1999 start date for monetary union could not be ruled out.</p>
<p>In contrast to such pessimism, German finance minister Theo Waigel said on Thursday recent economic data would not force Bonn to abandon its budget forecasts. But should there be a need for additional measures, Waigel said Germany would be ready to act.</p>
<p>His views were echoed by German Chancellor Helmut Kohl who together with French president Jacques Chirac reaffirmed their expectations for a timely launch of the common currency.</p>
<p>The Portuguese newspaper report, which also showed Italy's 1997 deficit at 3.8 percent of total output, was played down by Commission officials, who noted that the actual forecasts would not be ready until April 23.</p>
<p>"We have nothing to do with the table. Work on the forecast is still continuing," a spokesman said.</p>
<p>When asked whether the table was wrong, the spokesman said: "We never make any comment on this sort of press speculation."</p>
<p>For France and Spain, the report showed both countries meeting the Maastricht target. Overall, 12 out 15 countries were at or below the three percent deficit target, with only Germany, Greece and Italy not qualifying.</p>
<p>A representative from the newspaper told Reuters that the figures had been obtained from the Commission.</p>
<p>In the past, the Commission has been known to revise its economic estimates just days before an official release date, raising the possiblity that further revisions might be made.</p>
<p>An Italian Treasury source said Italy's recently introduced mini-budget would bring this year's deficit down to 3.0 percent of GDP. The source added that the reported 3.8 percent figure referred to state accounts before the mini-budget was presented.</p>
<p>While meeting the deficit target has attracted the most attention among the numerous criteria countries must fulfil in order to join EMU, officials caution there will also be a determination of whether budget consolidation is sustainable.</p>
<p>EU monetary commissioner Yves Thibault de Silguy recently said such an assessment will include a look at 1998 budget estimates.</p>
<p>Following are the reported deficit estimates by the Commission due on April 23:</p>
<p>		     Spring 1997</p>
<p>Belgium		2.8 pct</p>
<p>Denmark		0.3</p>
<p>Germany		3.2</p>
<p>Greece		 4.9</p>
<p>Spain		  3.0</p>
<p>France		 3.0</p>
<p>Ireland		0.8</p>
<p>Italy		  3.8</p>
<p>Luxembourg	   1.1</p>
<p>Netherlands	  2.2</p>
<p>Austria		3.0</p>
<p>Portugal	     3.0</p>
<p>Finland		1.9</p>
<p>Sweden		 2.9</p>
<p>Britain		3.0</p>
</text>
<copyright>(c) Reuters Limited 1997</copyright>
<metadata>
<codes class="bip:countries:1.0">
  <code code="EEC">
    <editdetail action="confirmed" attribution="Reuters BIP Coding Group" date="1997-04-10"/>
  </code>
  <code code="GFR">
    <editdetail action="confirmed" attribution="Reuters BIP Coding Group" date="1997-04-10"/>
  </code>
</codes>
<codes class="bip:topics:1.0">
  <code code="E12">
    <editdetail action="confirmed" attribution="Reuters BIP Coding Group" date="1997-04-10"/>
  </code>
  <code code="ECAT">
    <editdetail action="confirmed" attribution="Reuters BIP Coding Group" date="1997-04-10"/>
  </code>
  <code code="G15">
    <editdetail action="confirmed" attribution="Reuters BIP Coding Group" date="1997-04-10"/>
  </code>
  <code code="G154">
    <editdetail action="confirmed" attribution="Reuters BIP Coding Group" date="1997-04-10"/>
  </code>
  <code code="GCAT">
    <editdetail action="confirmed" attribution="Reuters BIP Coding Group" date="1997-04-10"/>
  </code>
</codes>
<dc element="dc.date.created" value="1997-04-10"/>
<dc element="dc.publisher" value="Reuters Holdings Plc"/>
<dc element="dc.date.published" value="1997-04-10"/>
<dc element="dc.source" value="Reuters"/>
<dc element="dc.creator.location" value="BRUSSELS"/>
<dc element="dc.creator.location.country.name" value="BELGIUM"/>
<dc element="dc.source" value="Reuters"/>
</metadata>
</newsitem>
