<?xml version="1.0" encoding="ISO-8859-1" standalone="no"?>
<newsitem date="1997-04-10" id="root" itemid="500935" xml:lang="en">
<title>KUWAIT: Kuwait Commercial Bank says net up 117pct.</title>
<headline>Kuwait Commercial Bank says net up 117pct.</headline>
<dateline>KUWAIT 1997-04-10</dateline>
<text>
<p>Year to December 31, 1996</p>
<p>			    (Million dinars unless stated)</p>
<p>					1996	   1995</p>
<p> Net profit		     17.349	  8.001</p>
<p> Net interest income	  16.881	 10.460</p>
<p> Provisions			1.032	  1.145</p>
<p> Cash dividend		  10.636	  0.000</p>
<p> Bonus shares		    0.000	  6.958</p>
<p>Full name: Commercial Bank of Kuwait.</p>
<p>Note: The bank's general assembly accepted the resignation the board of directors including chairman Hamad al-Hamad. Board members will keep their posts until a new board is elected. The assembly authorised the board to issue bonds with a maximum value of 20 million dinars.</p>
<p>Kuwait newsroom, Inal Ersan +965-243-1920</p>
</text>
<copyright>(c) Reuters Limited 1997</copyright>
<metadata>
<codes class="bip:countries:1.0">
  <code code="KUWAIT">
    <editdetail action="confirmed" attribution="Reuters BIP Coding Group" date="1997-04-10"/>
  </code>
</codes>
<codes class="bip:industries:1.0">
  <code code="I81402">
    <editdetail action="confirmed" attribution="Reuters BIP Coding Group" date="1997-04-10"/>
  </code>
</codes>
<codes class="bip:topics:1.0">
  <code code="C15">
    <editdetail action="confirmed" attribution="Reuters BIP Coding Group" date="1997-04-10"/>
  </code>
  <code code="C151">
    <editdetail action="confirmed" attribution="Reuters BIP Coding Group" date="1997-04-10"/>
  </code>
  <code code="C1511">
    <editdetail action="confirmed" attribution="Reuters BIP Coding Group" date="1997-04-10"/>
  </code>
  <code code="CCAT">
    <editdetail action="confirmed" attribution="Reuters BIP Coding Group" date="1997-04-10"/>
  </code>
</codes>
<dc element="dc.date.created" value="1997-04-10"/>
<dc element="dc.publisher" value="Reuters Holdings Plc"/>
<dc element="dc.date.published" value="1997-04-10"/>
<dc element="dc.source" value="Reuters"/>
<dc element="dc.creator.location" value="KUWAIT"/>
<dc element="dc.creator.location.country.name" value="KUWAIT"/>
<dc element="dc.source" value="Reuters"/>
</metadata>
</newsitem>
