<?xml version="1.0" encoding="ISO-8859-1" standalone="no"?>
<newsitem date="1997-04-10" id="root" itemid="501786" xml:lang="en">
<title>GERMANY: VW says Q1 vehicle deliveries up 9.5 pct.</title>
<headline>VW says Q1 vehicle deliveries up 9.5 pct.</headline>
<dateline>WOLFSBURG, Germany 1997-04-10</dateline>
<text>
<p>Volkswagen AG said on Thursday that group customer deliveries rose 9.5 percent in the first three months of 1997, spurred by double-digit growth in foreign markets but marred by slow growth in western Europe.</p>
<p>VW chief executive Ferdinand Piech said in the text of a speech at the German carmaker's annual news conference that VW saw an increase of 27.9 percent in deliveries of vehicles to customers in eastern Europe and a 15.2 percent gain in North America over 1996 first quarter levels..</p>
<p>But deliveries in western Europe, the German carmaker's largest market, rose a mere 2.5 percent, VW said.</p>
<p>Among other regions of the world, VW said sales in Latin America and Africa rose 17.9 percent and Asia-Pacific sales rose 26.5 percent.</p>
<p>--John Gilardi, Frankfurt Newsroom, +49 69 756525</p>
</text>
<copyright>(c) Reuters Limited 1997</copyright>
<metadata>
<codes class="bip:countries:1.0">
  <code code="GFR">
    <editdetail action="confirmed" attribution="Reuters BIP Coding Group" date="1997-04-10"/>
  </code>
</codes>
<codes class="bip:industries:1.0">
  <code code="I35101">
    <editdetail action="confirmed" attribution="Reuters BIP Coding Group" date="1997-04-10"/>
  </code>
</codes>
<codes class="bip:topics:1.0">
  <code code="C31">
    <editdetail action="confirmed" attribution="Reuters BIP Coding Group" date="1997-04-10"/>
  </code>
  <code code="CCAT">
    <editdetail action="confirmed" attribution="Reuters BIP Coding Group" date="1997-04-10"/>
  </code>
</codes>
<dc element="dc.date.created" value="1997-04-10"/>
<dc element="dc.publisher" value="Reuters Holdings Plc"/>
<dc element="dc.date.published" value="1997-04-10"/>
<dc element="dc.source" value="Reuters"/>
<dc element="dc.creator.location" value="WOLFSBURG, Germany"/>
<dc element="dc.creator.location.country.name" value="GERMANY"/>
<dc element="dc.source" value="Reuters"/>
</metadata>
</newsitem>
