<?xml version="1.0" encoding="ISO-8859-1" standalone="no"?>
<newsitem date="1997-04-10" id="root" itemid="499962" xml:lang="en">
<title>USA: Clinton, Hashimoto likely to meet April 25.</title>
<headline>Clinton, Hashimoto likely to meet April 25.</headline>
<dateline>WASHINGTON 1997-04-10</dateline>
<text>
<p>President Bill Clinton and Japanese Prime Minister Ryutaro Hashimoto are likely to meet in Washington April 25, U.S. officials said on Thursday.</p>
<p>The officials, who spoke on condition of anonymity, said an announcement of the meeting will be forthcoming.</p>
<p>White House spokesman Mike McCurry, while not confirming the meeting date, said relations with Japan were warm and cordial and that, "I'm sure, hypothetically, if we got together with the prime minister of Japan towards the end of the month, we would have exactly that kind of meeting."</p>
<p>He said they would review the "full range and full aspects of our bilateral relationships."</p>
<p>"Increasingly, when we meet with the prime minister of Japan, we no longer focus on those difficult trade issues that so dominated the relationship in the past," he said.</p>
</text>
<copyright>(c) Reuters Limited 1997</copyright>
<metadata>
<codes class="bip:countries:1.0">
  <code code="JAP">
    <editdetail action="confirmed" attribution="Reuters BIP Coding Group" date="1997-04-10"/>
  </code>
  <code code="USA">
    <editdetail action="confirmed" attribution="Reuters BIP Coding Group" date="1997-04-10"/>
  </code>
</codes>
<codes class="bip:topics:1.0">
  <code code="GCAT">
    <editdetail action="confirmed" attribution="Reuters BIP Coding Group" date="1997-04-10"/>
  </code>
  <code code="GDIP">
    <editdetail action="confirmed" attribution="Reuters BIP Coding Group" date="1997-04-10"/>
  </code>
</codes>
<dc element="dc.date.created" value="1997-04-10"/>
<dc element="dc.publisher" value="Reuters Holdings Plc"/>
<dc element="dc.date.published" value="1997-04-10"/>
<dc element="dc.source" value="Reuters"/>
<dc element="dc.creator.location" value="WASHINGTON"/>
<dc element="dc.creator.location.country.name" value="USA"/>
<dc element="dc.source" value="Reuters"/>
</metadata>
</newsitem>
