<?xml version="1.0" encoding="ISO-8859-1" standalone="no"?>
<newsitem date="1997-04-10" id="root" itemid="500340" xml:lang="en">
<title>SWITZERLAND: Swiss palladium exports jump in February.</title>
<headline>Swiss palladium exports jump in February.</headline>
<dateline>BERNE 1997-04-10</dateline>
<text>
<p>Swiss exports of unfinished palladium rose to 21,500 kg in February from 4,828 kg the month before, according to provisional monthly trade figures from the Federal Customs Office.</p>
<p>				    Feb 1997	Jan 1997	Feb 1996</p>
<p> Exports (in kilograms)     21,500	  4,828	   1,407</p>
<p> Imports (in kilograms)     298	     318	     909</p>
<p>The biggest receiver of Swiss palladium exports was the United States with 15,535 kg in February versus 1,930 kg the month before.</p>
<p>The biggest source of imports was South Africa with 171 kg after 131 kg in January.</p>
<p>Switzerland is an international centre for precious metals smelting nad traders say a big part of the palladium movement is scrap coming in for refining into bars.</p>
<p>-- Zurich Newsroom, +41-1-631 7340</p>
</text>
<copyright>(c) Reuters Limited 1997</copyright>
<metadata>
<codes class="bip:countries:1.0">
  <code code="SWITZ">
    <editdetail action="confirmed" attribution="Reuters BIP Coding Group" date="1997-04-10"/>
  </code>
</codes>
<codes class="bip:industries:1.0">
  <code code="I22472">
    <editdetail action="confirmed" attribution="Reuters BIP Coding Group" date="1997-04-10"/>
  </code>
</codes>
<codes class="bip:topics:1.0">
  <code code="C31">
    <editdetail action="confirmed" attribution="Reuters BIP Coding Group" date="1997-04-10"/>
  </code>
  <code code="C311">
    <editdetail action="confirmed" attribution="Reuters BIP Coding Group" date="1997-04-10"/>
  </code>
  <code code="C312">
    <editdetail action="confirmed" attribution="Reuters BIP Coding Group" date="1997-04-10"/>
  </code>
  <code code="CCAT">
    <editdetail action="confirmed" attribution="Reuters BIP Coding Group" date="1997-04-10"/>
  </code>
  <code code="M14">
    <editdetail action="confirmed" attribution="Reuters BIP Coding Group" date="1997-04-10"/>
  </code>
  <code code="M142">
    <editdetail action="confirmed" attribution="Reuters BIP Coding Group" date="1997-04-10"/>
  </code>
  <code code="MCAT">
    <editdetail action="confirmed" attribution="Reuters BIP Coding Group" date="1997-04-10"/>
  </code>
</codes>
<dc element="dc.date.created" value="1997-04-10"/>
<dc element="dc.publisher" value="Reuters Holdings Plc"/>
<dc element="dc.date.published" value="1997-04-10"/>
<dc element="dc.source" value="Reuters"/>
<dc element="dc.creator.location" value="BERNE"/>
<dc element="dc.creator.location.country.name" value="SWITZERLAND"/>
<dc element="dc.source" value="Reuters"/>
</metadata>
</newsitem>
