<?xml version="1.0" encoding="ISO-8859-1" standalone="no"?>
<newsitem date="1997-04-10" id="root" itemid="500470" xml:lang="en">
<title>INDIA: India's CARE sets ratings for debt instruments.</title>
<headline>India's CARE sets ratings for debt instruments.</headline>
<dateline>BOMBAY 1997-04-10</dateline>
<text>
<p>India's Credit Analysis &amp; Research Ltd (CARE) has announced ratings for debt issues of the following companies.</p>
<p> Company		 Instrument  Rating   Issue size(Rupees)/</p>
<p>							    Comments</p>
<p>* Sanmac Motor Finance Ltd. CP   PR1	     (10 million)</p>
<p>* STS Chemicals Ltd.	  FD   CARE A(FD)    (Upto 30 million)</p>
<p>* Kirloskar Consultants Ltd.NCD  CARE BBB(SO)  (20 million) * Ceat Financial Services   CP   PR1+	    (200 million)</p>
<p>* BCL Financial Services    FD   CARE BBB+(FD) (Upto 250 million)</p>
<p>								Size enhanced</p>
<p>								from 200 million</p>
<p>* Jenson &amp; Nicholson   Financial Services Ltd.   FD   CARE A(FD)    (Upto 400 million)</p>
<p>								Size enhanced</p>
<p>								from 300 million</p>
<p>* Sierra Investments Ltd.   FD   CARE BB(FD)   (Upto 6 million)</p>
<p>    FRB    -  Floating rate bonds</p>
<p>    CP     -  Commercial paper</p>
<p>    CD     -  Certificate of Deposit</p>
<p>    PCD    -  Partly convertible debenture</p>
<p>    FD     -  Fixed Deposit</p>
<p>    OCD    -  Optionally convertible debenture</p>
<p>    NCD    -  Non-convertible debenture</p>
<p>    PCN    -  Partly convertible notes.</p>
<p>    ICD    -  Inter Corporate Deposit</p>
<p>    CCPS   -  Cumulative convertible preference shares</p>
<p>    OFCD   -  Optionally fully convertible debentures.</p>
<p>    DDB    -  Deep Discount Bond</p>
<p>    CAR    -  Credit Analysis Rating</p>
<p>    SO     -  Structural Obligation</p>
<p>Note : PR1 is a symbol for superior, PR2 for strong, PR3 adequate, PR4 risk prone and PR5 default. The plus or minus sign after the rating indicates the relative position within the band covered by the symbol.</p>
<p>CARE AA(FD) indicates high quality, CARE A(FD) indicates adequate safety, CARE BBB(FD) indicates moderate safety, CARE AAA(FD) indicates best quality, CARE BB(FD) indicates inadequate safety, CARE B(FD) indicates risk prone, CARE C(FD) indicates high risk, and CARE D(FD) indicates default.</p>
</text>
<copyright>(c) Reuters Limited 1997</copyright>
<metadata>
<codes class="bip:countries:1.0">
  <code code="INDIA">
    <editdetail action="confirmed" attribution="Reuters BIP Coding Group" date="1997-04-10"/>
  </code>
</codes>
<codes class="bip:industries:1.0">
  <code code="I25510">
    <editdetail action="confirmed" attribution="Reuters BIP Coding Group" date="1997-04-10"/>
  </code>
</codes>
<codes class="bip:topics:1.0">
  <code code="C17">
    <editdetail action="confirmed" attribution="Reuters BIP Coding Group" date="1997-04-10"/>
  </code>
  <code code="C174">
    <editdetail action="confirmed" attribution="Reuters BIP Coding Group" date="1997-04-10"/>
  </code>
  <code code="CCAT">
    <editdetail action="confirmed" attribution="Reuters BIP Coding Group" date="1997-04-10"/>
  </code>
</codes>
<dc element="dc.date.created" value="1997-04-10"/>
<dc element="dc.publisher" value="Reuters Holdings Plc"/>
<dc element="dc.date.published" value="1997-04-10"/>
<dc element="dc.source" value="Reuters"/>
<dc element="dc.creator.location" value="BOMBAY"/>
<dc element="dc.creator.location.country.name" value="INDIA"/>
<dc element="dc.source" value="Reuters"/>
</metadata>
</newsitem>
