<?xml version="1.0" encoding="ISO-8859-1" standalone="no"?>
<newsitem date="1997-04-10" id="root" itemid="501374" xml:lang="en">
<title>AUSTRALIA: Western Australia budgets for A$69.8 mln surplus.</title>
<headline>Western Australia budgets for A$69.8 mln surplus.</headline>
<dateline>PERTH 1997-04-10</dateline>
<text>
<p>Western Australia state will have a A$69.8 million budget operating surplus for the 1997/98 financial year ending June 30, according to the state budget released on Thursday.</p>
<p>State expenditures are forecast at A$6,979 million and revenues at A$7,049 million.</p>
<p>State Premier Richard Court said increasing demand for services and cutback in federal grants and in revenues left finances tight.</p>
<p>"The budget will remain in balance, however, because we have cut our cloth to meet our circumstances," he said.</p>
<p>Court said the only completely new revenue-raising measure was a gold royalty, although he said negotiations were underway with the timber industry to increase its royalties.</p>
<p>In addition:</p>
<p>- debits tax rates will double from July 1 in a move which will bring them into line with the other states.</p>
<p>- the payroll tax base will be broadened to take in all employee benefits including superannuation and non-cash benefits except for the major fringe benefits paid in remote areas.</p>
<p>- at the same time, payroll tax rates will be cut to offset the broadening in the tax base, and the exemption threshold will be increased a further A$50,000 to A$675,000.</p>
<p>- residential electricity tariffs will increase 3.75 percent, the first such increase in five years, but there will be no change in the tariffs for business customers.</p>
<p>- business customers of Alinta Gas will also be unaffected by an average increase of 3 per cent in gas accounts.</p>
<p>- water, sewerage and drainage rates will, in general, rise by four percent but restructuring of tariffs to remove business cross-subsidy of households will continue.</p>
<p>- public transport fares will rise over the next four years to increase the total amount currently collected from 28 percent of operating costs to the "typical" international level of 40 percent. Standard adult fares in 1997-98 will increase on average nine percent.</p>
<p>- the cost of drivers' licences, currently the lowest in Australia, will also rise from July 1 and traffic infringement fines will double.</p>
<p>Premier Court told Parliament Premier Court told Parliament the cuts in Commonwealth funding have been savage over recent years and now threatened the future of the Federation.</p>
<p>"The serious reduction in Commonwealth funding has been of major concern because Western Australians are now generating record tax revenues for Canberra," Court said.</p>
<p>"More than A$1.5 billion of taxes that are being raised by the Commonwealth Government from Western Australia now stays in Canberra and is not returned to the State in the form of funding for services.</p>
<p>"The 'grab for cash' attitude which prevails in Canberra is short-sighted and, if left unchecked, will ultimately cause the breakdown of the Federation.</p>
<p>"Western Australians should not and will not accept being financially penalised unduly by a central government at a time when they are generating record levels of wealth."</p>
<p>-- Sydney Newsroom 61-2 9373-1800</p>
</text>
<copyright>(c) Reuters Limited 1997</copyright>
<metadata>
<codes class="bip:countries:1.0">
  <code code="AUSTR">
    <editdetail action="confirmed" attribution="Reuters BIP Coding Group" date="1997-04-10"/>
  </code>
</codes>
<codes class="bip:topics:1.0">
  <code code="E21">
    <editdetail action="confirmed" attribution="Reuters BIP Coding Group" date="1997-04-10"/>
  </code>
  <code code="E211">
    <editdetail action="confirmed" attribution="Reuters BIP Coding Group" date="1997-04-10"/>
  </code>
  <code code="ECAT">
    <editdetail action="confirmed" attribution="Reuters BIP Coding Group" date="1997-04-10"/>
  </code>
</codes>
<dc element="dc.date.created" value="1997-04-10"/>
<dc element="dc.publisher" value="Reuters Holdings Plc"/>
<dc element="dc.date.published" value="1997-04-10"/>
<dc element="dc.source" value="Reuters"/>
<dc element="dc.creator.location" value="PERTH"/>
<dc element="dc.creator.location.country.name" value="AUSTRALIA"/>
<dc element="dc.source" value="Reuters"/>
</metadata>
</newsitem>
