<?xml version="1.0" encoding="ISO-8859-1" standalone="no"?>
<newsitem date="1997-04-10" id="root" itemid="501474" xml:lang="en">
<title>SINGAPORE: Singapore sending trade mission to Latin America.</title>
<headline>Singapore sending trade mission to Latin America.</headline>
<dateline>SINGAPORE 1997-04-10</dateline>
<text>
<p>Singapore will send a 14-strong trade delegation to Brazil, Chile and Argentina from April 13-27 to expand economic links with its fastest growing trading partners, the government said on Thursday.</p>
<p>"As one of Singapore's fastest growing regional trading partners, Latin America's linkage with Singapore is expected to increase in the coming years," the Trade Development Board (TDB) said in a statement.</p>
<p>Singapore's exports to the region in 1996 rose 23 percent to Singapore $2.6 billion (US$1.8 billion) while its imports from the area expanded 27 percent to reach S$1.8 billion last year.  </p>
<p>"Our aim in this mission is to explore the scope for trade cooperation and bilateral trade expansion in these newer and lesser known markets," EDB chief Barry Desker said in the statement.</p>
<p>Most of the members of the delegation are involved in the food and beverage, textile, timber and consumer products.</p>
<p>US$1 = S$1.44</p>
</text>
<copyright>(c) Reuters Limited 1997</copyright>
<metadata>
<codes class="bip:countries:1.0">
  <code code="ARG">
    <editdetail action="confirmed" attribution="Reuters BIP Coding Group" date="1997-04-10"/>
  </code>
  <code code="BRAZ">
    <editdetail action="confirmed" attribution="Reuters BIP Coding Group" date="1997-04-10"/>
  </code>
  <code code="CHIL">
    <editdetail action="confirmed" attribution="Reuters BIP Coding Group" date="1997-04-10"/>
  </code>
  <code code="SINGP">
    <editdetail action="confirmed" attribution="Reuters BIP Coding Group" date="1997-04-10"/>
  </code>
</codes>
<codes class="bip:topics:1.0">
  <code code="E51">
    <editdetail action="confirmed" attribution="Reuters BIP Coding Group" date="1997-04-10"/>
  </code>
  <code code="E512">
    <editdetail action="confirmed" attribution="Reuters BIP Coding Group" date="1997-04-10"/>
  </code>
  <code code="ECAT">
    <editdetail action="confirmed" attribution="Reuters BIP Coding Group" date="1997-04-10"/>
  </code>
</codes>
<dc element="dc.date.created" value="1997-04-10"/>
<dc element="dc.publisher" value="Reuters Holdings Plc"/>
<dc element="dc.date.published" value="1997-04-10"/>
<dc element="dc.source" value="Reuters"/>
<dc element="dc.creator.location" value="SINGAPORE"/>
<dc element="dc.creator.location.country.name" value="SINGAPORE"/>
<dc element="dc.source" value="Reuters"/>
</metadata>
</newsitem>
