<?xml version="1.0" encoding="ISO-8859-1" standalone="no"?>
<newsitem date="1997-04-10" id="root" itemid="500020" xml:lang="en">
<title>USA: U.S. West Coast gasoline rises, supply balanced.</title>
<headline>U.S. West Coast gasoline rises, supply balanced.</headline>
<dateline>LOS ANGELES 1997-04-10</dateline>
<text>
<p>Wholesale prices for U.S. West Coast gasoline rose Thursday, reacting to higher crude futures and tight supplies, despite recent imports, traders said.</p>
<p>NYMEX crude oil for May delivery rose as high as $19.90 a barrel after staying above $18.95, a technical "signal" the contract would rally, according to experts who track trends.</p>
<p>The arrival of four to five cargoes had been factored into the market, traders said, and prices could rise, with West Coast supply falling 2.3 millon barrels short of last year's levels, ahead of heavy demand in the "driving season."  </p>
<p>Cargoes included a 486,000 barrel gasoline delivery on the ship Varden, which reached Los Angeles April 3, a trader reported.</p>
<p>Mobil and Chevron refineries have since bought some of its barrels on the spot market, traders said.</p>
<p>Traders could not could give specifics on the four other cargoes.</p>
<p>The balance between supply and demand was reflected in California refinery margins, which rose to $7.50 a barrel in early April, their highest level since the second quarter last year, said Salomon analyst, Paul Ting.</p>
<p>Offers for CARB unleaded gasoline in Los Angeles rose 1.50 to 67 cents, while bids rose a half cent.</p>
<p>Buyers were reluctant to show bids early, anticipating that gasoline's strong premium to the East Coast would attract more supply from Gulf refineries, trader said..</p>
<p>Distillates were flat to softer early, with early heating initially weak. Jet fuel bids fell two cents a gallon in L.A. to 62 cents, while low sulphur diesel in San Francisco remained flat at 61.50/62.50 cents.</p>
<p>((David Brinkerhoff, Los Angeles bureau +1 213 380 2014))</p>
</text>
<copyright>(c) Reuters Limited 1997</copyright>
<metadata>
<codes class="bip:countries:1.0">
  <code code="USA">
    <editdetail action="confirmed" attribution="Reuters BIP Coding Group" date="1997-04-10"/>
  </code>
</codes>
<codes class="bip:topics:1.0">
  <code code="M14">
    <editdetail action="confirmed" attribution="Reuters BIP Coding Group" date="1997-04-10"/>
  </code>
  <code code="M143">
    <editdetail action="confirmed" attribution="Reuters BIP Coding Group" date="1997-04-10"/>
  </code>
  <code code="MCAT">
    <editdetail action="confirmed" attribution="Reuters BIP Coding Group" date="1997-04-10"/>
  </code>
</codes>
<dc element="dc.date.created" value="1997-04-10"/>
<dc element="dc.publisher" value="Reuters Holdings Plc"/>
<dc element="dc.date.published" value="1997-04-10"/>
<dc element="dc.source" value="Reuters"/>
<dc element="dc.creator.location" value="LOS ANGELES"/>
<dc element="dc.creator.location.country.name" value="USA"/>
<dc element="dc.source" value="Reuters"/>
</metadata>
</newsitem>
