<?xml version="1.0" encoding="ISO-8859-1" standalone="no"?>
<newsitem date="1997-04-10" id="root" itemid="500576" xml:lang="en">
<title>USA: Becton Dickinson to acquire PharMingen.</title>
<headline>Becton Dickinson to acquire PharMingen.</headline>
<dateline>FRANKLIN LAKES, N.J. 1997-04-10</dateline>
<text>
<p>Becton Dickinson and Co said Thursday it has signed a definitive agreement to acquire PharMingen, a manufacturer of products for biomedical research.</p>
<p>Terms of the transaction were not disclosed, but Becton Dickinson said it expects to complete the acquisition for cash, following receipt of various approvals and clearances.</p>
<p>PharMingen develops, manufactures and sells antibodies and reagents for immunology, cell biology, and molecular biology research. The company of 260 employees, is based in San Diego, and expects sales of about $30 million in its fiscal year ending June 30.</p>
</text>
<copyright>(c) Reuters Limited 1997</copyright>
<metadata>
<codes class="bip:countries:1.0">
  <code code="USA">
    <editdetail action="confirmed" attribution="Reuters BIP Coding Group" date="1997-04-10"/>
  </code>
</codes>
<codes class="bip:industries:1.0">
  <code code="I25700">
    <editdetail action="confirmed" attribution="Reuters BIP Coding Group" date="1997-04-10"/>
  </code>
</codes>
<codes class="bip:topics:1.0">
  <code code="C18">
    <editdetail action="confirmed" attribution="Reuters BIP Coding Group" date="1997-04-10"/>
  </code>
  <code code="C181">
    <editdetail action="confirmed" attribution="Reuters BIP Coding Group" date="1997-04-10"/>
  </code>
  <code code="CCAT">
    <editdetail action="confirmed" attribution="Reuters BIP Coding Group" date="1997-04-10"/>
  </code>
</codes>
<dc element="dc.date.created" value="1997-04-10"/>
<dc element="dc.publisher" value="Reuters Holdings Plc"/>
<dc element="dc.date.published" value="1997-04-10"/>
<dc element="dc.source" value="Reuters"/>
<dc element="dc.creator.location" value="FRANKLIN LAKES, N.J."/>
<dc element="dc.creator.location.country.name" value="USA"/>
<dc element="dc.source" value="Reuters"/>
</metadata>
</newsitem>
