<?xml version="1.0" encoding="ISO-8859-1" standalone="no"?>
<newsitem date="1997-04-10" id="root" itemid="499861" xml:lang="en">
<title>USA: CUSIPS -- Minnesota Housing Finance Agency.</title>
<headline>CUSIPS -- Minnesota Housing Finance Agency.</headline>
<text>
<p>MINNESOTA HOUSING FINANCE AGENCY</p>
<p>RE: $59,550,000</p>
<p>SINGLE FAMILY MORTGAGE BONDS, 1997 SER A (NON AMT)</p>
<p>SINGLE FAMILY MORTGAGE BONDS, 1997 SERIES B (AMT)</p>
<p>SINGLE FAMILY MORTGAGE BONDS, 1997 SERIES C (AMT)</p>
<p>This issue is book entry through DTC.</p>
<p>				$22,630,000</p>
<p>SINGLE FAMILY MORTGAGE BONDS, 1997 SERIES A (NON-AMT)</p>
<p>     Award:		  04/10/1997</p>
<p>     Delivery:	     05/07/1997 (Firm)</p>
<p>     Initial trade:	04/10/1997</p>
<p>Date of Execution:  04/10/1997</p>
<p>     Time of Execution:   2:30PM</p>
<p>	     MATURITY			     CUSIP</p>
<p>	     --------			     -----</p>
<p>	    07/01/1999			  60415MVE1</p>
<p>	    01/01/2000			  60415MVF8</p>
<p>	    07/01/2000			  60415MVG6</p>
<p>	    01/01/2001			  60415MVH4</p>
<p>	    07/01/2001			  60415MVJ0</p>
<p>	    ----------------------------------------</p>
<p>	    01/01/2002			  60415MVK7</p>
<p>	    07/01/2002			  60415MVL5</p>
<p>	    01/01/2003			  60415MVM3</p>
<p>	    07/01/2003			  60415MVN1</p>
<p>	    01/01/2004			  60415MVP6</p>
<p>	    ----------------------------------------</p>
<p>	    07/01/2004			  60415MVQ4</p>
<p>	    01/01/2005			  60415MVR2</p>
<p>	    07/01/2005			  60415MVS0</p>
<p>	    01/01/2006			  60415MVT8</p>
<p>	    07/01/2006			  60415MVU5</p>
<p>	    ----------------------------------------</p>
<p>	    01/01/2007			  60415MVV3</p>
<p>	    07/01/2007			  60415MVW1</p>
<p>	    01/01/2008			  60415MVX9</p>
<p>	    07/01/2008			  60415MVY7</p>
<p>	    01/01/2009			  60415MVZ4</p>
<p>	    ----------------------------------------</p>
<p>	    07/01/2009			  60415MWA8</p>
<p>	    07/01/2012			  60415MWB6</p>
<p>	    01/01/2017			  60415MWC4</p>
<p>----------------------------------------------------------------</p>
<p>				 $9,180,000</p>
<p>SINGLE FAMILY MORTGAGE BONDS, 1997 SERIES B (AMT)</p>
<p>     Award:		  04/10/1997</p>
<p>     Delivery:	     05/07/1997 (Firm)</p>
<p>     Initial trade:	04/10/1997</p>
<p>Date of Execution:  04/10/1997</p>
<p>     Time of Execution:   2:30PM</p>
<p>	     MATURITY			     CUSIP</p>
<p>	     --------			     -----</p>
<p>	    01/01/2021			  60415MWD2</p>
<p>----------------------------------------------------------------</p>
<p>				$27,740,000</p>
<p>SINGLE FAMILY MORTGAGE BONDS, 1997 SERIES C (AMT)</p>
<p>     Award:		  04/10/1997</p>
<p>     Delivery:	     05/07/1997 (Firm)</p>
<p>     Initial trade:	04/10/1997</p>
<p>Date of Execution:  04/10/1997</p>
<p>     Time of Execution:   2:30PM</p>
<p>	     MATURITY			     CUSIP</p>
<p>	     --------			     -----</p>
<p>	    07/01/2025			  60415MWE0</p>
<p>	    01/01/2029			  60415MWF7</p>
<p>	    07/01/2029			  60415MWG5</p>
<p>PaineWebber Incorporated</p>
<p>Piper, Jaffray, Inc.</p>
<p>Dain Bosworth Incorporated</p>
<p>--U.S. Municipal Desk, 212-859-1650</p>
</text>
<copyright>(c) Reuters Limited 1997</copyright>
<metadata>
<codes class="bip:countries:1.0">
  <code code="USA">
    <editdetail action="confirmed" attribution="Reuters BIP Coding Group" date="1997-04-10"/>
  </code>
</codes>
<codes class="bip:topics:1.0">
  <code code="E21">
    <editdetail action="confirmed" attribution="Reuters BIP Coding Group" date="1997-04-10"/>
  </code>
  <code code="E212">
    <editdetail action="confirmed" attribution="Reuters BIP Coding Group" date="1997-04-10"/>
  </code>
  <code code="ECAT">
    <editdetail action="confirmed" attribution="Reuters BIP Coding Group" date="1997-04-10"/>
  </code>
</codes>
<dc element="dc.publisher" value="Reuters Holdings Plc"/>
<dc element="dc.date.published" value="1997-04-10"/>
<dc element="dc.source" value="Reuters"/>
<dc element="dc.creator.location.country.name" value="USA"/>
<dc element="dc.source" value="Reuters"/>
</metadata>
</newsitem>
