<?xml version="1.0" encoding="ISO-8859-1" standalone="no"?>
<newsitem date="1997-04-10" id="root" itemid="500141" xml:lang="en">
<title>USA: Great Lakes Gas line unaffected by Mich. landslide.</title>
<headline>Great Lakes Gas line unaffected by Mich. landslide.</headline>
<dateline>NEW YORK 1997-04-10</dateline>
<text>
<p>A landslide in the remote upper peninsula of Michigan earlier this week has not affected natural gas deliveries on Great Lakes Gas Transmission, Coastal Corp's unit ANR Pipeline said Thursday.</p>
<p>"There was a landslide in the upper peninsula of Michigan covering only about 15 acres of area. Sault Ste. Marie is the closest town...The pipeline has reduced operating pressure, but it is still delivering contracted volumes," the spokesman said.</p>
<p>A 10-12 foot section of a 10-inch diameter line, which is not part of the mainline, was exposed as a result of the landslide. The affected area is about 1.5 miles upstream of the Rudyard meter station, he added.</p>
<p>Great Lakes' mainline, whose primary customer is Michigan Consolidated Gas, typically has a daily throughput of about two billion cubic feet, he said.</p>
<p>Great Lakes is 50 percent owned by Coastal Corp and 50 percent owned by TransCanada Pipelines.</p>
<p>((--H McCulloch, New York Power Desk +212-859-1628))</p>
</text>
<copyright>(c) Reuters Limited 1997</copyright>
<metadata>
<codes class="bip:countries:1.0">
  <code code="CANA">
    <editdetail action="confirmed" attribution="Reuters BIP Coding Group" date="1997-04-10"/>
  </code>
  <code code="USA">
    <editdetail action="confirmed" attribution="Reuters BIP Coding Group" date="1997-04-10"/>
  </code>
</codes>
<codes class="bip:industries:1.0">
  <code code="I16200">
    <editdetail action="confirmed" attribution="Reuters BIP Coding Group" date="1997-04-10"/>
  </code>
  <code code="I83960">
    <editdetail action="confirmed" attribution="Reuters BIP Coding Group" date="1997-04-10"/>
  </code>
</codes>
<codes class="bip:topics:1.0">
  <code code="C21">
    <editdetail action="confirmed" attribution="Reuters BIP Coding Group" date="1997-04-10"/>
  </code>
  <code code="C24">
    <editdetail action="confirmed" attribution="Reuters BIP Coding Group" date="1997-04-10"/>
  </code>
  <code code="CCAT">
    <editdetail action="confirmed" attribution="Reuters BIP Coding Group" date="1997-04-10"/>
  </code>
</codes>
<dc element="dc.date.created" value="1997-04-10"/>
<dc element="dc.publisher" value="Reuters Holdings Plc"/>
<dc element="dc.date.published" value="1997-04-10"/>
<dc element="dc.source" value="Reuters"/>
<dc element="dc.creator.location" value="NEW YORK"/>
<dc element="dc.creator.location.country.name" value="USA"/>
<dc element="dc.source" value="Reuters"/>
</metadata>
</newsitem>
