<?xml version="1.0" encoding="ISO-8859-1" standalone="no"?>
<newsitem date="1997-04-10" id="root" itemid="500909" xml:lang="en">
<title>DUBAI: Iran court bans editor from press work for 10 years.</title>
<headline>Iran court bans editor from press work for 10 years.</headline>
<dateline>DUBAI 1997-04-10</dateline>
<text>
<p>A court in Iran has banned a magazine editor from all journalistic work for 10 years for publishing an article that said Iranian universities were more Islamic than Moslem seminaries, a colleague said on Thursday.</p>
<p>The court in the holy city of Mashhad also fined Mohammad Sadeq Javadi Hessar, editor of the weekly Tous, three million rials ($1,000) after convicting him of causing public confusion and provoking antagonism between universities and seminaries, the magazine staff member told Reuters.</p>
<p>Javadi Hessar will appeal the ruling, which was based on lawsuits against the magazine over the article published in February, the colleague said. He spoke by telephone from Mashhad, 800 km (500 miles) east of Tehran.</p>
<p>"Most of our friends believe we are being pressured because Tous is the only paper that supports (presidential candidate Mohammad) Khatami in this region," he said.</p>
<p>Khatami, a former minister of culture and Islamic guidance, advocates more liberal cultural policies. He is one of the more prominent candidates who will face conservative Parliament Speaker Ali Akbar Nateq-Nouri in the polls on May 23.</p>
<p>Javadi Hessar was sentenced in 1995 to 20 lashes and six months in jail on charges including slander after an earlier lawsuit against Tous, but the staff member said that conviction had been quashed on appeal. ($1=3,000 rials at the official exchange rate)</p>
</text>
<copyright>(c) Reuters Limited 1997</copyright>
<metadata>
<codes class="bip:countries:1.0">
  <code code="IRAN">
    <editdetail action="confirmed" attribution="Reuters BIP Coding Group" date="1997-04-10"/>
  </code>
</codes>
<codes class="bip:industries:1.0">
  <code code="I47520">
    <editdetail action="confirmed" attribution="Reuters BIP Coding Group" date="1997-04-10"/>
  </code>
</codes>
<codes class="bip:topics:1.0">
  <code code="C12">
    <editdetail action="confirmed" attribution="Reuters BIP Coding Group" date="1997-04-10"/>
  </code>
  <code code="CCAT">
    <editdetail action="confirmed" attribution="Reuters BIP Coding Group" date="1997-04-10"/>
  </code>
  <code code="GCAT">
    <editdetail action="confirmed" attribution="Reuters BIP Coding Group" date="1997-04-10"/>
  </code>
  <code code="GCRIM">
    <editdetail action="confirmed" attribution="Reuters BIP Coding Group" date="1997-04-10"/>
  </code>
  <code code="GREL">
    <editdetail action="confirmed" attribution="Reuters BIP Coding Group" date="1997-04-10"/>
  </code>
</codes>
<dc element="dc.date.created" value="1997-04-10"/>
<dc element="dc.publisher" value="Reuters Holdings Plc"/>
<dc element="dc.date.published" value="1997-04-10"/>
<dc element="dc.source" value="Reuters"/>
<dc element="dc.creator.location" value="DUBAI"/>
<dc element="dc.creator.location.country.name" value="DUBAI"/>
<dc element="dc.source" value="Reuters"/>
</metadata>
</newsitem>
