<?xml version="1.0" encoding="ISO-8859-1" standalone="no"?>
<newsitem date="1997-04-10" id="root" itemid="499902" xml:lang="en">
<title>USA: FERC's Moler says eager to join U.S. Energy Dept.</title>
<headline>FERC's Moler says eager to join U.S. Energy Dept.</headline>
<dateline>WASHINGTON 1997-04-10</dateline>
<text>
<p>President Clinton nominated the head of the Federal Energy Regulatory Commission on Thursday to replace Energy Deputy Secretary Charles Curtis.</p>
<p>The nomination of FERC chairwoman Elizabeth Moler was subject to confirmation by the Senate.</p>
<p>"I am honored by the president's announcement and Secretary Pena's confidence in me," Moler said in a statement. "The challenge is enormous, and I am excited about it although it will be hard to leave the commission where I have served very happily and productively for eight and one-half years."</p>
<p>Moler led FERC through years of complicated deregulation iniatives. Last autumn, she was widely rumored to be a front-runner for the top job at the Energy Department and had the support of a variety of industry leaders but lost out to Federico Pena.</p>
<p>Curtis had previously said he planned to resign after seeing Pena through the confirmation process.</p>
<p>"He has a great deal of affection for Moler and is very pleased that she's agreed to serve this administration in that capacity," the Energy spokesman said.</p>
<p>Before Moler joined FERC in 1988, she was senior counsel to the Senate Energy and Natural Resources Committee and worked for Sen. Henry Jackson and Sen. J. Bennett Johnston.</p>
<p>If confirmed as deputy secretary, Moler will serve as chief operating officer for the Energy Department.</p>
<p>"With her expertise and experience with utility issues, she will be a tremendous resource to help determine how our nation faces some of the most fundamental changes in how electricity is delivered to homes, communities and businesses nationwide," said Energy Secretary Pena in a statement.</p>
<p>Industry experts publicly praised the nomination, although some privately expressed surprise that Moler would accept what appeared to be a lateral move.</p>
<p>The Natural Gas Supply Association described Moler as an outstanding leader of FERC who helped the agency develop "judicious, balanced, and far-sighted approaches to complex, frequently highly contentious questions surrounding the nation's move to a more competitive energy sector."</p>
<p>((-- Washington energy desk, 202-898-8300))</p>
</text>
<copyright>(c) Reuters Limited 1997</copyright>
<metadata>
<codes class="bip:countries:1.0">
  <code code="USA">
    <editdetail action="confirmed" attribution="Reuters BIP Coding Group" date="1997-04-10"/>
  </code>
</codes>
<codes class="bip:topics:1.0">
  <code code="GCAT">
    <editdetail action="confirmed" attribution="Reuters BIP Coding Group" date="1997-04-10"/>
  </code>
  <code code="GPOL">
    <editdetail action="confirmed" attribution="Reuters BIP Coding Group" date="1997-04-10"/>
  </code>
</codes>
<dc element="dc.date.created" value="1997-04-10"/>
<dc element="dc.publisher" value="Reuters Holdings Plc"/>
<dc element="dc.date.published" value="1997-04-10"/>
<dc element="dc.source" value="Reuters"/>
<dc element="dc.creator.location" value="WASHINGTON"/>
<dc element="dc.creator.location.country.name" value="USA"/>
<dc element="dc.source" value="Reuters"/>
</metadata>
</newsitem>
