<?xml version="1.0" encoding="ISO-8859-1" standalone="no"?>
<newsitem date="1997-04-10" id="root" itemid="500019" xml:lang="en">
<title>USA: Primark sees earnings lower than estimates.</title>
<headline>Primark sees earnings lower than estimates.</headline>
<dateline>WALTHAM, Mass. 1997-04-10</dateline>
<text>
<p>Information services company Primark Corp. stock fell 22 percent Thursday after it said its first quarter earnings per share will be lower than analysts expected.</p>
<p>Primark said earnings would likely be about 10 cents below the 25 cents consensus among industry analysts compiled by First Call. In last year's first quarter, Primark earned $6.4 million, or 24 cents a share.</p>
<p>"It is not anticipated that this first quarter shortfall will be recovered over the balance of the year," the company said in a statement.</p>
<p>Shares of Primark were down $5.25 to $18.75 in afternoon trading on the New York Stock Exchange.</p>
<p>Primark blamed foreign currency movements and continuing operating problems at Groupe DAFSA, its Paris-based information business, and TIMCO, its aircraft maintenance subsidiary for the decline.</p>
<p>The company, which provides software and electronic databases to financial markets, governments, and computer firms around the world, said it has assigned a top executive to tackle the Groupe DAFSA problems and bring it to "an acceptable level of performance by the second half of the year."</p>
</text>
<copyright>(c) Reuters Limited 1997</copyright>
<metadata>
<codes class="bip:countries:1.0">
  <code code="USA">
    <editdetail action="confirmed" attribution="Reuters BIP Coding Group" date="1997-04-10"/>
  </code>
</codes>
<codes class="bip:industries:1.0">
  <code code="I83940">
    <editdetail action="confirmed" attribution="Reuters BIP Coding Group" date="1997-04-10"/>
  </code>
</codes>
<codes class="bip:topics:1.0">
  <code code="C15">
    <editdetail action="confirmed" attribution="Reuters BIP Coding Group" date="1997-04-10"/>
  </code>
  <code code="C152">
    <editdetail action="confirmed" attribution="Reuters BIP Coding Group" date="1997-04-10"/>
  </code>
  <code code="CCAT">
    <editdetail action="confirmed" attribution="Reuters BIP Coding Group" date="1997-04-10"/>
  </code>
</codes>
<dc element="dc.date.created" value="1997-04-10"/>
<dc element="dc.publisher" value="Reuters Holdings Plc"/>
<dc element="dc.date.published" value="1997-04-10"/>
<dc element="dc.source" value="Reuters"/>
<dc element="dc.creator.location" value="WALTHAM, Mass."/>
<dc element="dc.creator.location.country.name" value="USA"/>
<dc element="dc.source" value="Reuters"/>
</metadata>
</newsitem>
