<?xml version="1.0" encoding="ISO-8859-1" standalone="no"?>
<newsitem date="1997-04-10" id="root" itemid="501593" xml:lang="en">
<title>JAPAN: Tie with Bankers Trust to help NCB restructure - BOJ.</title>
<headline>Tie with Bankers Trust to help NCB restructure - BOJ.</headline>
<dateline>TOKYO 1997-04-10</dateline>
<text>
<p>The planned business tie-up between Nippon Credit Bank (NCB) and Bankers Trust New York Corp will help NCB implement its restructuring plan smoothly, the Bank of Japan (BOJ) said in a statement on Thursday.  </p>
<p>"The (planned) tie-up will contribute greatly to a smooth implementation of NCB's restructuring plan," the BOJ said.  </p>
<p>NCB reported to the central bank that it had basically agreed with Bankers Trust on a business tie-up, the BOJ said.</p>
<p>Through this tie-up, NCB said it planned to offer attractive financial products in the area of securitising assets and real estate by using each other's financial expertise, the BOJ said.</p>
<p>NCB said the tie-up would also make it possible for the bank to offer a variety of services to its customers even after its withdrawal from overseas operations, the BOJ said.</p>
<p>BOJ also said that it knew that the two banks were considering a capital tie-up.</p>
</text>
<copyright>(c) Reuters Limited 1997</copyright>
<metadata>
<codes class="bip:countries:1.0">
  <code code="JAP">
    <editdetail action="confirmed" attribution="Reuters BIP Coding Group" date="1997-04-10"/>
  </code>
  <code code="USA">
    <editdetail action="confirmed" attribution="Reuters BIP Coding Group" date="1997-04-10"/>
  </code>
</codes>
<codes class="bip:industries:1.0">
  <code code="I81402">
    <editdetail action="confirmed" attribution="Reuters BIP Coding Group" date="1997-04-10"/>
  </code>
</codes>
<codes class="bip:topics:1.0">
  <code code="C11">
    <editdetail action="confirmed" attribution="Reuters BIP Coding Group" date="1997-04-10"/>
  </code>
  <code code="CCAT">
    <editdetail action="confirmed" attribution="Reuters BIP Coding Group" date="1997-04-10"/>
  </code>
</codes>
<dc element="dc.date.created" value="1997-04-10"/>
<dc element="dc.publisher" value="Reuters Holdings Plc"/>
<dc element="dc.date.published" value="1997-04-10"/>
<dc element="dc.source" value="Reuters"/>
<dc element="dc.creator.location" value="TOKYO"/>
<dc element="dc.creator.location.country.name" value="JAPAN"/>
<dc element="dc.source" value="Reuters"/>
</metadata>
</newsitem>
