<?xml version="1.0" encoding="ISO-8859-1" standalone="no"?>
<newsitem date="1997-04-10" id="root" itemid="500670" xml:lang="en">
<title>USA: Phelps Dodge sees robust copper demand.</title>
<headline>Phelps Dodge sees robust copper demand.</headline>
<dateline>PHOENIX, Ariz. 1997-04-10</dateline>
<text>
<p>Phelps Dodge Corp finds demand for copper is robust despite a moderate year-to-year decrease in prices, chief executive Douglas C. Yearley said Thursday.</p>
<p>"Inventories are low and the market continues to surprise many with much stronger prices than generally forecast," he continued.</p>
<p>He said the company's first quarter earnings of $2.12 per share, compared with $2.26 a year earlier, "demonstrates our continued ability to generate significant earnings and cash flow at current copper prices."  </p>
<p>"Cash flow provided by operating activities, the principal measure of our operating performance, was $223.4 million in the first quarter of 1997, compared with $221.9 million in the 1996 first quarter, a particularly satisfying performance considering 6 percent lower copper prices than in the 1996 period," Yearley said.</p>
<p>The company reported sales of $1.02 billion for the latest quarter compared with $1.00 billion in the prior-year period.</p>
<p>It said this increase principally resulted from greater sales volumes of copper and from higher sales volumes in the wire and cable business.</p>
</text>
<copyright>(c) Reuters Limited 1997</copyright>
<metadata>
<codes class="bip:countries:1.0">
  <code code="USA">
    <editdetail action="confirmed" attribution="Reuters BIP Coding Group" date="1997-04-10"/>
  </code>
</codes>
<codes class="bip:industries:1.0">
  <code code="I21000">
    <editdetail action="confirmed" attribution="Reuters BIP Coding Group" date="1997-04-10"/>
  </code>
</codes>
<codes class="bip:topics:1.0">
  <code code="C31">
    <editdetail action="confirmed" attribution="Reuters BIP Coding Group" date="1997-04-10"/>
  </code>
  <code code="CCAT">
    <editdetail action="confirmed" attribution="Reuters BIP Coding Group" date="1997-04-10"/>
  </code>
</codes>
<dc element="dc.date.created" value="1997-04-10"/>
<dc element="dc.publisher" value="Reuters Holdings Plc"/>
<dc element="dc.date.published" value="1997-04-10"/>
<dc element="dc.source" value="Reuters"/>
<dc element="dc.creator.location" value="PHOENIX, Ariz."/>
<dc element="dc.creator.location.country.name" value="USA"/>
<dc element="dc.source" value="Reuters"/>
</metadata>
</newsitem>
