<?xml version="1.0" encoding="ISO-8859-1" standalone="no"?>
<newsitem date="1997-04-10" id="root" itemid="500501" xml:lang="en">
<title>USA: Senate panel approves Herman nomination.</title>
<headline>Senate panel approves Herman nomination.</headline>
<dateline>WASHINGTON 1997-04-10</dateline>
<text>
<p>The Senate Labour Committee Thursday approved the nomination of Alexis Herman as secretary of labour and sent it to the full Senate for confirmation expected next week.</p>
<p>Herman was formerly head of the White House public liaison office and previously served in high posts at the Labour Department. Senate Republican Leader Trent Lott told reporters he believed the Senate would act on the nomination next week.</p>
<p>Herman would replace Robert Reich as labour secretary. Her nomination had been held up while the committee looked into whether she played a role in White House and Democratic Party fund raising in the last election.</p>
</text>
<copyright>(c) Reuters Limited 1997</copyright>
<metadata>
<codes class="bip:countries:1.0">
  <code code="USA">
    <editdetail action="confirmed" attribution="Reuters BIP Coding Group" date="1997-04-10"/>
  </code>
</codes>
<codes class="bip:topics:1.0">
  <code code="GPOL">
    <editdetail action="confirmed" attribution="Reuters BIP Coding Group" date="1997-04-10"/>
  </code>
</codes>
<dc element="dc.date.created" value="1997-04-10"/>
<dc element="dc.publisher" value="Reuters Holdings Plc"/>
<dc element="dc.date.published" value="1997-04-10"/>
<dc element="dc.source" value="Reuters"/>
<dc element="dc.creator.location" value="WASHINGTON"/>
<dc element="dc.creator.location.country.name" value="USA"/>
<dc element="dc.source" value="Reuters"/>
</metadata>
</newsitem>
