<?xml version="1.0" encoding="ISO-8859-1" standalone="no"?>
<newsitem date="1997-04-10" id="root" itemid="499859" xml:lang="en">
<title>USA: FINAL PRICING -- Minnesota Housing Agency.</title>
<headline>FINAL PRICING -- Minnesota Housing Agency.</headline>
<text>
<p>MINNESOTA HOUSING FINANCE AGENCY</p>
<p>RE: $59,550,000</p>
<p>SINGLE FAMILY MORTGAGE BONDS, 1997 SER A (NON AMT)</p>
<p>SINGLE FAMILY MORTGAGE BONDS, 1997 SERIES B (AMT)</p>
<p>SINGLE FAMILY MORTGAGE BONDS, 1997 SERIES C (AMT)</p>
<p>WRITTEN AWARD.</p>
<p>					    22,630,000</p>
<p>			 SINGLE FAMILY MORTGAGE BONDS, 1997 SERIES A</p>
<p>					    (NON-AMT)</p>
<p>MOODY'S: Aa2		   S&amp;P: AA+</p>
<p>DATED: 04/01/1997	    FIRST COUPON: 07/01/1997</p>
<p>DUE: 01/01 &amp; 07/01</p>
<p>ALL BONDS ARE PRICED AT PAR.</p>
<p>MATURITY		AMOUNT    AMOUNT    COUPON</p>
<p>			   (1/1)    (7/1)</p>
<p>1999			--	 390M    4.40  %</p>
<p>2000		     405M	415M    4.60  %</p>
<p>2001		     420M	435M    4.75  %</p>
<p>2002		     440M	455M    4.85  %</p>
<p>2003		     460M	475M    4.95  %</p>
<p>2004		     485M	500M    5.05  %</p>
<p>2005		     510M	525M    5.20  %</p>
<p>2006		     535M	550M    5.30  %</p>
<p>2007		     565M	580M    5.40  %</p>
<p>2008		     595M	610M    5.50  %</p>
<p>2009		     625M	645M    5.60  %</p>
<p>2012			--     4,270M    5.80  %</p>
<p>2017		   7,740M	 --     5.95  %</p>
<p>CALL FEATURES: 01/01/2007    101.50</p>
<p>		   DTP 01/01/2009</p>
<p>FOR ADDITIONAL INFORMATION REGARDING THE EXTRAORDINARY</p>
<p>REDEMPTION PROVISIONS PLEASE REFER TO YOUR PRELIMINARY</p>
<p>OFFICIAL STATEMENT.</p>
<p>----------------------------------------------------------------</p>
<p>					     9,180,000</p>
<p>			 SINGLE FAMILY MORTGAGE BONDS, 1997 SERIES B</p>
<p>						(AMT)</p>
<p>				SUBJECT TO ALTERNATIVE MINIMUM TAX</p>
<p>MOODY'S: Aa2		   S&amp;P: AA+</p>
<p>DATED: 04/01/1997	    FIRST COUPON: 07/01/1997</p>
<p>DUE: 01/01</p>
<p>ALL BONDS ARE PRICED AT PAR.</p>
<p> MATURITY		AMOUNT     COUPON</p>
<p>01/01/2021		9,180M    6.20  %</p>
<p>CALL FEATURES: 01/01/2007    101.50</p>
<p>		   DTP 01/01/2009</p>
<p>FOR ADDITIONAL INFORMATION REGARDING THE EXTRAORDINARY</p>
<p>REDEMPTION PROVISIONS PLEASE REFER TO YOUR PRELIMINARY</p>
<p>OFFICIAL STATEMENT.</p>
<p>----------------------------------------------------------------</p>
<p>					    27,740,000</p>
<p>		   SINGLE FAMILY MORTGAGE BONDS, 1997 SERIES C</p>
<p>						 (AMT)</p>
<p>			    SUBJECT TO ALTERNATIVE MINIMUM TAX</p>
<p>MOODY'S: Aa2		   S&amp;P: AA+</p>
<p>DATED: 04/01/1997	    FIRST COUPON: 07/01/1997</p>
<p>DUE: 01/01 &amp; 07/01</p>
<p>ALL BONDS ARE PRICED AT PAR.</p>
<p>MATURITY		AMOUNT    AMOUNT    COUPON</p>
<p>			   (1/1)    (7/1)</p>
<p>2025			--    13,150M    5.30  %</p>
<p>					    (Super Sinker)</p>
<p>	  (Avg. Life: 3.59 years based on 100% of FHA experience)</p>
<p>2029		  12,590M    2,000M    6.25  %</p>
<p>CALL FEATURES: 01/01/2007    101.50</p>
<p>		   DTP 01/01/2009</p>
<p>FOR ADDITIONAL INFORMATION REGARDING THE EXTRAORDINARY REDEMPTION PROVISIONS PLEASE REFER TO YOUR PRELIMINARY OFFICIAL STATEMENT.</p>
<p>The compliance addendum MSRB Rule G-11 will apply.</p>
<p>The award was received today Thursday, April 10, 1997.</p>
<p>Delivery is firm for May 7, 1997.</p>
<p>This issue is book entry through DTC.</p>
<p>PaineWebber Incorporated</p>
<p>Piper, Jaffray, Inc.</p>
<p>Dain Bosworth Incorporated</p>
<p>--U.S. Municipal Desk, 212-859-1650</p>
</text>
<copyright>(c) Reuters Limited 1997</copyright>
<metadata>
<codes class="bip:countries:1.0">
  <code code="USA">
    <editdetail action="confirmed" attribution="Reuters BIP Coding Group" date="1997-04-10"/>
  </code>
</codes>
<codes class="bip:topics:1.0">
  <code code="E21">
    <editdetail action="confirmed" attribution="Reuters BIP Coding Group" date="1997-04-10"/>
  </code>
  <code code="E212">
    <editdetail action="confirmed" attribution="Reuters BIP Coding Group" date="1997-04-10"/>
  </code>
  <code code="ECAT">
    <editdetail action="confirmed" attribution="Reuters BIP Coding Group" date="1997-04-10"/>
  </code>
</codes>
<dc element="dc.publisher" value="Reuters Holdings Plc"/>
<dc element="dc.date.published" value="1997-04-10"/>
<dc element="dc.source" value="Reuters"/>
<dc element="dc.creator.location.country.name" value="USA"/>
<dc element="dc.source" value="Reuters"/>
</metadata>
</newsitem>
