<?xml version="1.0" encoding="ISO-8859-1" standalone="no"?>
<newsitem date="1997-04-10" id="root" itemid="501169" xml:lang="en">
<title>SWEDEN: Moody's assigns Stockholm City EMTNs Aa3 rating.</title>
<headline>Moody's assigns Stockholm City EMTNs Aa3 rating.</headline>
<dateline>STOCKHOLM 1997-04-10</dateline>
<text>
<p>U.S. ratings agency Moody's said on Thursday it assigned the ratings of Aa3 longterm and Prime-1 shortterm to the City of Stockholm's foreign currency and domestic currency Euro Medium Term Notes (EMTN).  </p>
<p>"The ratings reflect the improved financial position of Stockholm, mirroring also the negative effects on the city's economy of high social expenditure and limited scope for tax increases," Moody's said in a statement.</p>
<p>The agency said about $1 billion of debt securities was affected.</p>
<p>Moody's said Stockholm has been helped by a revised revenue-equalization system that was implemented in January 1996.</p>
<p>"The old system heavily disfavoured larger urban areas while the new system has led to an increase in the amount of transfers received by Stockholm," the statement said.</p>
<p>"Debt service levels, although still high, are stable."</p>
<p>-- Belinda Goldsmith, Stockholm newsroom +46-8-700 1045</p>
</text>
<copyright>(c) Reuters Limited 1997</copyright>
<metadata>
<codes class="bip:countries:1.0">
  <code code="SWED">
    <editdetail action="confirmed" attribution="Reuters BIP Coding Group" date="1997-04-10"/>
  </code>
</codes>
<codes class="bip:topics:1.0">
  <code code="C17">
    <editdetail action="confirmed" attribution="Reuters BIP Coding Group" date="1997-04-10"/>
  </code>
  <code code="C174">
    <editdetail action="confirmed" attribution="Reuters BIP Coding Group" date="1997-04-10"/>
  </code>
  <code code="CCAT">
    <editdetail action="confirmed" attribution="Reuters BIP Coding Group" date="1997-04-10"/>
  </code>
  <code code="E21">
    <editdetail action="confirmed" attribution="Reuters BIP Coding Group" date="1997-04-10"/>
  </code>
  <code code="E212">
    <editdetail action="confirmed" attribution="Reuters BIP Coding Group" date="1997-04-10"/>
  </code>
  <code code="ECAT">
    <editdetail action="confirmed" attribution="Reuters BIP Coding Group" date="1997-04-10"/>
  </code>
</codes>
<dc element="dc.date.created" value="1997-04-10"/>
<dc element="dc.publisher" value="Reuters Holdings Plc"/>
<dc element="dc.date.published" value="1997-04-10"/>
<dc element="dc.source" value="Reuters"/>
<dc element="dc.creator.location" value="STOCKHOLM"/>
<dc element="dc.creator.location.country.name" value="SWEDEN"/>
<dc element="dc.source" value="Reuters"/>
</metadata>
</newsitem>
