<?xml version="1.0" encoding="ISO-8859-1" standalone="no"?>
<newsitem date="1997-04-10" id="root" itemid="500641" xml:lang="en">
<title>USA: Talbots timing shift may hurt April sales.</title>
<headline>Talbots timing shift may hurt April sales.</headline>
<dateline>HINGHAM, Mass. 1997-04-10</dateline>
<text>
<p>Talbots Inc, reporting higher March sales, said Thursday that sales may have benefited from a shift in timing of its midseason sale, but this shift may hurt April results.</p>
<p>"Our store sales performance in March benefited from the timing shift in our midseason sale, which began one week earlier than the comparable period last year," Chief Executive Arnold B. Zetcher said.  </p>
<p>"However, we anticipate that this timing shift will have an adverse impact on April's sales performance. Therefore, the performance of March and April should be viewed together for the most appropriate indication of sales trends.</p>
<p>"On the catalog side," he continued, "sales for the period were softer than expected, which we attribute to a new presentation strategy that emphasized large, impactful displays of key items over our previous strategy of multiple exposures.</p>
<p>"Despite the fact that customers responded well to the merchandise we offered in our recent spring books, because they were given fewer options, our overall sales volume did not reach the levels we had hoped. Therefore, we have moved quickly to correct this issue in our second quarter."</p>
<p>Zetcher added, "Although we are experiencing some timing shifts in our business that will impact our first and second quarters, we have not changed our overall sales outlook for the entire spring season."</p>
<p>((--New York Newsdesk 212-859-1610))</p>
</text>
<copyright>(c) Reuters Limited 1997</copyright>
<metadata>
<codes class="bip:countries:1.0">
  <code code="USA">
    <editdetail action="confirmed" attribution="Reuters BIP Coding Group" date="1997-04-10"/>
  </code>
</codes>
<codes class="bip:industries:1.0">
  <code code="I64500">
    <editdetail action="confirmed" attribution="Reuters BIP Coding Group" date="1997-04-10"/>
  </code>
</codes>
<codes class="bip:topics:1.0">
  <code code="C15">
    <editdetail action="confirmed" attribution="Reuters BIP Coding Group" date="1997-04-10"/>
  </code>
  <code code="C151">
    <editdetail action="confirmed" attribution="Reuters BIP Coding Group" date="1997-04-10"/>
  </code>
  <code code="CCAT">
    <editdetail action="confirmed" attribution="Reuters BIP Coding Group" date="1997-04-10"/>
  </code>
</codes>
<dc element="dc.date.created" value="1997-04-10"/>
<dc element="dc.publisher" value="Reuters Holdings Plc"/>
<dc element="dc.date.published" value="1997-04-10"/>
<dc element="dc.source" value="Reuters"/>
<dc element="dc.creator.location" value="HINGHAM, Mass."/>
<dc element="dc.creator.location.country.name" value="USA"/>
<dc element="dc.source" value="Reuters"/>
</metadata>
</newsitem>
