<?xml version="1.0" encoding="ISO-8859-1" standalone="no"?>
<newsitem date="1997-01-28" id="root" itemid="337562" xml:lang="en">
<title>ARGENTINA: Argentine grain/oilseed reference prices adjusted.</title>
<headline>Argentine grain/oilseed reference prices adjusted.</headline>
<dateline>BUENOS AIRES 1997-01-28</dateline>
<text>
<p>Argentina's Agricultural Secretariat adjusted prices, used for fixing exporters' rebates, in dollars a tonne FOB, previous bracketed:</p>
<p> Wheat				     --- (143)	--- (---)</p>
<p> Maize				 Jan 115 (115)  Feb 109 (106)</p>
<p> Soybean			     Mar 302 (302)  Apr 271 (270)</p>
<p> Sunseed				   --- (235)</p>
<p> Sorghum				   --- ( 82)</p>
<p> Millet sole shipment		  --- ( 97)</p>
<p> Linseed sole shipment		 --- (230)</p>
<p> Birdseed sole shipment		--- (430)</p>
<p> Soybean oil		  Apr  503 (510)     May 516 (515)</p>
<p> Sunflower oil		Feb  510 (505)     Mar 513 (510)</p>
<p> Cotton oil, sole shipment	   --- (465)</p>
<p> Peanut oil, sole shipment	   --- (790)</p>
<p> Linseed oil, sole shipment	  --- (495)</p>
<p> Soybean expellers		 Apr 257 (256) May 225 (223)</p>
<p> Soybean pellets		   Apr 265 (264) May 233 (231)</p>
<p> Soybean meal			Apr 265 (264) May 233 (231)</p>
<p> Linseed expellers sole shipment   --- (240)</p>
<p> Linseed pellets sole shipment     --- (206)</p>
<p> Linseed meal sole shipment	  --- (196)</p>
<p> Sunseed expellers		 Mar --- (117) Apr ---(113)</p>
<p> Sunseed pellets		   Mar --- (115) Apr ---(111)</p>
<p> Sunseed pell., wholemeal	Mar --- ( 92) Apr ---( 99)</p>
<p> Sunseed meal,		     Mar --- (113) Apr ---(109)</p>
<p> Peanut expell. sole shipment	--- (206)</p>
<p> Peanut pellets sole shipment	--- (200)</p>
<p> Peanut meal sole shipment	   --- (199)</p>
<p> Cottonseed expellers		  --- (147)</p>
<p> Cottonseed pellets		    --- (140)</p>
<p> Cottonseed meal			 --- (135)</p>
<p> Wheat flour sole shipment	   --- (205)</p>
<p> Wheat pellets sole shipment	 --- (170)</p>
<p> Wheat, durum			Nov --- (145)</p>
<p> Edible peanuts sole shipment	--- (780)</p>
<p> Peanuts, for crushing		 --- (335)</p>
<p> Barley, brewers sole shipment     --- (180)</p>
<p> Barley, other			   --- (120)</p>
<p> Oats				  Dec --- (269)</p>
<p> Safflower seed			  --- (229)</p>
<p>-- Buenos Aires Newsroom +541 318-0655</p>
</text>
<copyright>(c) Reuters Limited 1997</copyright>
<metadata>
<codes class="bip:countries:1.0">
  <code code="ARG">
    <editdetail action="confirmed" attribution="Reuters BIP Coding Group" date="1997-01-28"/>
  </code>
</codes>
<codes class="bip:industries:1.0">
  <code code="I01001">
    <editdetail action="confirmed" attribution="Reuters BIP Coding Group" date="1997-01-28"/>
  </code>
  <code code="I0100132">
    <editdetail action="confirmed" attribution="Reuters BIP Coding Group" date="1997-01-28"/>
  </code>
  <code code="I41100">
    <editdetail action="confirmed" attribution="Reuters BIP Coding Group" date="1997-01-28"/>
  </code>
</codes>
<codes class="bip:topics:1.0">
  <code code="C31">
    <editdetail action="confirmed" attribution="Reuters BIP Coding Group" date="1997-01-28"/>
  </code>
  <code code="C312">
    <editdetail action="confirmed" attribution="Reuters BIP Coding Group" date="1997-01-28"/>
  </code>
  <code code="CCAT">
    <editdetail action="confirmed" attribution="Reuters BIP Coding Group" date="1997-01-28"/>
  </code>
  <code code="M14">
    <editdetail action="confirmed" attribution="Reuters BIP Coding Group" date="1997-01-28"/>
  </code>
  <code code="M141">
    <editdetail action="confirmed" attribution="Reuters BIP Coding Group" date="1997-01-28"/>
  </code>
  <code code="MCAT">
    <editdetail action="confirmed" attribution="Reuters BIP Coding Group" date="1997-01-28"/>
  </code>
</codes>
<dc element="dc.date.created" value="1997-01-28"/>
<dc element="dc.publisher" value="Reuters Holdings Plc"/>
<dc element="dc.date.published" value="1997-01-28"/>
<dc element="dc.source" value="Reuters"/>
<dc element="dc.creator.location" value="BUENOS AIRES"/>
<dc element="dc.creator.location.country.name" value="ARGENTINA"/>
<dc element="dc.source" value="Reuters"/>
</metadata>
</newsitem>
