<?xml version="1.0" encoding="ISO-8859-1" standalone="no"?>
<newsitem date="1997-01-28" id="root" itemid="337435" xml:lang="en">
<title>RUSSIA: Yeltsin meets Chernomyrdin in Kremlin -- Tass.</title>
<headline>Yeltsin meets Chernomyrdin in Kremlin -- Tass.</headline>
<dateline>MOSCOW 1997-01-28</dateline>
<text>
<p>Russian President Boris Yeltsin, back in the Kremlin for the second time in a week as he recovers from pneumonia, met Prime Minister Viktor Chernomyrdin for an hour on Tuesday, Itar-Tass news agency said.</p>
<p>Tass quoted Kremlin sources as saying that the two men discussed the social and economic situation in Russia and the results of Monday's election in the rebel region of Chechnya.  </p>
<p>A Kremlin spokesman said the two men met for more than an hour, but declined to say what they had discussed.</p>
<p>After his talks with the prime minister, Yeltsin met Ivan Korotchenya, who coordinates Russian policy toward the former Soviet republics, the spokesman said.</p>
<p>Aides say Yeltsin, 65, visited the Kremlin last week for the first time since he fell ill with pneumonia in both lungs on January 6. He had spent 12 days in hospital, but has been recovering at a residence outside Moscow.</p>
</text>
<copyright>(c) Reuters Limited 1997</copyright>
<metadata>
<codes class="bip:countries:1.0">
  <code code="RUSS">
    <editdetail action="confirmed" attribution="Reuters BIP Coding Group" date="1997-01-28"/>
  </code>
</codes>
<codes class="bip:topics:1.0">
  <code code="GCAT">
    <editdetail action="confirmed" attribution="Reuters BIP Coding Group" date="1997-01-28"/>
  </code>
  <code code="GPOL">
    <editdetail action="confirmed" attribution="Reuters BIP Coding Group" date="1997-01-28"/>
  </code>
</codes>
<dc element="dc.date.created" value="1997-01-28"/>
<dc element="dc.publisher" value="Reuters Holdings Plc"/>
<dc element="dc.date.published" value="1997-01-28"/>
<dc element="dc.source" value="Reuters"/>
<dc element="dc.creator.location" value="MOSCOW"/>
<dc element="dc.creator.location.country.name" value="RUSSIA"/>
<dc element="dc.source" value="Reuters"/>
</metadata>
</newsitem>
