<?xml version="1.0" encoding="ISO-8859-1" standalone="no"?>
<newsitem date="1997-01-28" id="root" itemid="337970" xml:lang="en">
<title>USA: Eastern direct hogs steady-up $1.00 -- USDA.</title>
<headline>Eastern direct hogs steady-up $1.00 -- USDA.</headline>
<dateline>COLUMBIA, S.C. 1997-01-28</dateline>
<text>
<p>Values for US 1-2 and US</p>
<p>1-3, 220-260 lb barrows and gilts, in dollars per cwt. - USDA</p>
<p>Area	  Price Trend     Country	Plants	Est Rcpts</p>
<p>Georgia     up 1.00	   unq	    unq	    1,400</p>
<p>Tennessee   steady-up 0.25  53.50-54.50  unq	    1,500</p>
<p>S Carolina  steady-up 0.25  51.00-52.50  unq	    2,200</p>
<p>Kentucky    up 0.50-1.00    50.50-53.50  55.00-55.50  2,100</p>
<p>Alabama     up 1.00	   51.50-53.50  unq		700</p>
<p>Today's estimate:     7,800	  Last week actual:   7,800</p>
<p>Previous day actual:  9,900	  Year ago actual:   12,000</p>
</text>
<copyright>(c) Reuters Limited 1997</copyright>
<metadata>
<codes class="bip:countries:1.0">
  <code code="USA">
    <editdetail action="confirmed" attribution="Reuters BIP Coding Group" date="1997-01-28"/>
  </code>
</codes>
<codes class="bip:topics:1.0">
  <code code="M14">
    <editdetail action="confirmed" attribution="Reuters BIP Coding Group" date="1997-01-28"/>
  </code>
  <code code="M141">
    <editdetail action="confirmed" attribution="Reuters BIP Coding Group" date="1997-01-28"/>
  </code>
  <code code="MCAT">
    <editdetail action="confirmed" attribution="Reuters BIP Coding Group" date="1997-01-28"/>
  </code>
</codes>
<dc element="dc.date.created" value="1997-01-28"/>
<dc element="dc.publisher" value="Reuters Holdings Plc"/>
<dc element="dc.date.published" value="1997-01-28"/>
<dc element="dc.source" value="Reuters"/>
<dc element="dc.creator.location" value="COLUMBIA, S.C."/>
<dc element="dc.creator.location.country.name" value="USA"/>
<dc element="dc.source" value="Reuters"/>
</metadata>
</newsitem>
