<?xml version="1.0" encoding="ISO-8859-1" standalone="no"?>
<newsitem date="1997-01-28" id="root" itemid="337705" xml:lang="en">
<title>USA: Armada Area Schools, Mich., repriced.</title>
<headline>Armada Area Schools, Mich., repriced.</headline>
<text>
<p>ARMADA AREA SCHOOLS, MICHIGAN</p>
<p>RE: $15,500,000*</p>
<p>COUNTIES OF MACOMB &amp; ST. CLAIR</p>
<p>1997 SCHOOL BUILDING &amp; SITE BONDS</p>
<p>(GENERAL OBLIGATION - UNLIMITED TAX)</p>
<p>MICHIGAN SCHOOL LOAN QUALIFIED</p>
<p>THE VERBAL AWARD HAS BEEN RECEIVED.</p>
<p>REPRICING AS FOLLOWS:</p>
<p>    MOODY'S: Aaa		   S&amp;P: AAA</p>
<p>	   UNDERLYING RATING:  AA/AA</p>
<p>FSA INSURED</p>
<p>	DATED: 02/01/1997	  FIRST COUPON: 11/01/1997</p>
<p>DUE: 05/01</p>
<p> MATURITY		AMOUNT*    COUPON	   PRICE</p>
<p>05/01/1998		   75M    3.80  %	100.00</p>
<p>05/01/1999		  325M    4.20  %	100.00</p>
<p>05/01/2000		  375M    4.40  %	100.00</p>
<p>05/01/2001		  375M    4.50  %	100.00</p>
<p>05/01/2002		  400M    4.60  %	100.00</p>
<p>05/01/2003		  425M    4.70  %	100.00</p>
<p>05/01/2004		  450M    4.80  %	100.00</p>
<p>05/01/2005		  475M    4.90  %	100.00</p>
<p>05/01/2006		  475M    6.125 %	  5.00</p>
<p>					 (Approx. $ Price 108.206)</p>
<p>05/01/2007		  500M    6.50  %	  5.10</p>
<p>					 (Approx. $ Price 111.017)</p>
<p>05/01/2008		  550M    5.10  %	  5.20</p>
<p>					  (Approx. $ Price 99.151)</p>
<p>05/01/2009		  600M    5.20  %	  5.30</p>
<p>					  (Approx. $ Price 99.101)</p>
<p>05/01/2010		  650M    5.30  %	  5.40</p>
<p>					  (Approx. $ Price 99.056)</p>
<p>05/01/2011		  700M    5.40  %	  5.50</p>
<p>					  (Approx. $ Price 99.014)</p>
<p>05/01/2012		  825M    5.45  %	  5.55</p>
<p>					  (Approx. $ Price 98.973)</p>
<p>05/01/2017*	     4,125M    5.625 %	  5.75</p>
<p>					 (Approx. $ Price 98.508)</p>
<p>05/01/2022**	    4,175M    5.625 %	  5.80</p>
<p>					(Approx. $ Price 97.687)</p>
<p>*SINKING FUND BEGINS 05/01/13  100</p>
<p>**SINKING FUND BEGINS 05/01/18  100</p>
<p>CALL FEATURES: 05/01/2007 at 100.00</p>
<p>The award is expected Thursday, January 30, 1997.</p>
<p>Delivery is expected on February 19, 1997.</p>
<p>A.G. Edwards &amp; Sons, Inc.</p>
<p>EVEREN Securities Incorporated</p>
<p>--U.S. Municipal Desk, 212-859-1650</p>
</text>
<copyright>(c) Reuters Limited 1997</copyright>
<metadata>
<codes class="bip:countries:1.0">
  <code code="USA">
    <editdetail action="confirmed" attribution="Reuters BIP Coding Group" date="1997-01-28"/>
  </code>
</codes>
<codes class="bip:topics:1.0">
  <code code="E21">
    <editdetail action="confirmed" attribution="Reuters BIP Coding Group" date="1997-01-28"/>
  </code>
  <code code="E212">
    <editdetail action="confirmed" attribution="Reuters BIP Coding Group" date="1997-01-28"/>
  </code>
  <code code="ECAT">
    <editdetail action="confirmed" attribution="Reuters BIP Coding Group" date="1997-01-28"/>
  </code>
</codes>
<dc element="dc.publisher" value="Reuters Holdings Plc"/>
<dc element="dc.date.published" value="1997-01-28"/>
<dc element="dc.source" value="Reuters"/>
<dc element="dc.creator.location.country.name" value="USA"/>
<dc element="dc.source" value="Reuters"/>
</metadata>
</newsitem>
