<?xml version="1.0" encoding="ISO-8859-1" standalone="no"?>
<newsitem date="1997-01-28" id="root" itemid="338147" xml:lang="en">
<title>NETHERLANDS: Dutch shares end mixed, far above midsession lows.</title>
<headline>Dutch shares end mixed, far above midsession lows.</headline>
<dateline>AMSTERDAM 1997-01-28</dateline>
<text>
<p>Dutch shares recovered most of early losses at the end of Tuesday trading on relief over the lower than expected increase in Q4 U.S. job costs.</p>
<p>Option-related buying added to the rise, dealers said.</p>
<p>"With the Dow surging some 100 points in the first hour of trade, many players had to cover their option positions and bought baskets (of shares)," one dealer said.</p>
<p>He added the 'general public', seeing the upturn in the market, jumped on board and pushed prices further up.</p>
<p>Volume, which had been below average until the U.S. data, returned to normal levels after heavy afternoon trade.</p>
<p>Dealers said the number of basket trades showed the market was nervous. "They want to cover their options trade as soon as possible," one dealer said.</p>
<p>The AEX index of blue chips ended 0.70 points higher at 683.13, a strong recovery from its 674.84 midsession low.</p>
<p>Chemicals group DSM ended 4.30 guilders lower at 176.30 as the market digested a lower than expected 1996 preliminary net profits released before opening.</p>
<p>DSM said its 1996 ordinary net profit would be at least 700 milion guilders, 50 million guilders below analysts' consensus and a sharp decline compared with 1995's 1.073 billion guilders.</p>
<p>Sector companion Akzo followed DSM down but partly recovered to close at 264.60 guilders, 1.60 lower than Monday.</p>
<p>Unilever closed 3.80 guilders higher at 308.90 guilders, benefitting from the strong dollar, as did Royal Dutch which gained 3.10 to close at 320.10 guilders.</p>
<p>The biggest percentage gains were booked by small caps.</p>
<p>Software and electronic publishing group AND, which made its Amsterdam bourse debut last December at 3.30 guilders, added more than ten percent on the day and closed at 8.40 guilders.</p>
<p>"Since the big sellers are out of the stock and some retail investors want them at any price, the movement is quite big," said one dealer, but no fundamental reasons could be given.</p>
<p>Builder BAM benefitted from a broker upgrade saying the share traded at an 19 percent discount to its sector peers when looking at 1997 earnings. The share rose more than five percent to 114.80 guilders.</p>
<p>Computer software firm Baan, which is to report 1996 earnings later this afternoon, was also in demand, adding 3.40 guilders to close at 81.50 guilders.</p>
<p>Most analysts' forecasts are clustered around the consensus of $34 million, compared to last year's net profit of $15.3 million.</p>
<p>"They are driven by more than just a good feeling on the results -- Baan shares are also still benefiting from Salomon's upgrade a couple of days ago," said one dealer.</p>
</text>
<copyright>(c) Reuters Limited 1997</copyright>
<metadata>
<codes class="bip:countries:1.0">
  <code code="NETH">
    <editdetail action="confirmed" attribution="Reuters BIP Coding Group" date="1997-01-28"/>
  </code>
</codes>
<codes class="bip:topics:1.0">
  <code code="M11">
    <editdetail action="confirmed" attribution="Reuters BIP Coding Group" date="1997-01-28"/>
  </code>
  <code code="MCAT">
    <editdetail action="confirmed" attribution="Reuters BIP Coding Group" date="1997-01-28"/>
  </code>
</codes>
<dc element="dc.date.created" value="1997-01-28"/>
<dc element="dc.publisher" value="Reuters Holdings Plc"/>
<dc element="dc.date.published" value="1997-01-28"/>
<dc element="dc.source" value="Reuters"/>
<dc element="dc.creator.location" value="AMSTERDAM"/>
<dc element="dc.creator.location.country.name" value="NETHERLANDS"/>
<dc element="dc.source" value="Reuters"/>
</metadata>
</newsitem>
