<?xml version="1.0" encoding="ISO-8859-1" standalone="no"?>
<newsitem date="1996-12-20" id="root" itemid="270764" xml:lang="en">
<title>FRANCE: French industrial production hints at weak Q4.</title>
<headline>French industrial production hints at weak Q4.</headline>
<byline>Christopher Noble</byline>
<dateline>PARIS 1996-12-20</dateline>
<text>
<p>French industrial production fell sharply in October for the second month in a row, further evidence that the economy is set to end the year on a weak note, official figures released on Friday showed.</p>
<p>Economists said the broad-based decline in output was bad news, and added that coupled with falls in consumer spending and enduring weak consumer sentiment, it could even translate into economic contraction in the fourth quarter of 1996.</p>
<p>Industrial production excluding energy dropped 0.8 percent in October from September, yielding a one percent year-on-year rise, national statistics institute INSEE reported.</p>
<p>Manufacturing output, which excludes energy, agri-food businesses and construction, fell 1.2 percent month-on-month but was 0.8 percent higher than a year ago.</p>
<p>"It's a very weak number. It supports our view that GDP (gross domestic product) will fall in the fourth quarter," said JP Morgan economist David Naude.</p>
<p>"What makes the number look ugly is that it comes after a big fall in September but also that it's very broad based and not just payback on the car front," Naude added.</p>
<p>In September, industrial production excluding construction fell 1.4 percent and manufacturing output was down 1.9 percent.</p>
<p>While the car industry suffered the biggest setback in October, with production dropping 3.1 percent as the positive effect of government-subsidised rebate programmes wore off, other sectors were also hard hit.</p>
<p>Consumer goods production and construction were also sharply lower, registering 2.6 and 2.1 percent falls respectively.</p>
<p>The report showed seven of the production index's nine elements fell in October. Only agri-food and energy eked out small gains of 0.9 percent and 0.2 percent respectively.</p>
<p>Economists said the weakness in consumer goods production was the most worrying part of the report because it reflected weak consumer spending and hinted production might well remain soft for the rest of the year.</p>
<p>"The consumer goods part is bad news because it confirms that it's more than just cars," said Smith Barney international economist Paul Horne. He added that levels of consumer spending remained disappointing.</p>
<p>"The consumer remains a problem," Horne said. "There's a lot of window shopping going on but that's pretty much it. November and December will remain weak."</p>
<p>INSEE reported preliminary figures on November 28 that showed third-quarter GDP rose 0.9 percent after falling 0.2 percent in the second quarter.</p>
<p>Most economists have until recently been predicting a modest rise in fourth quarter GDP, but several said on Friday that if there were no sign of improvement soon, they could revise down their forecasts to show a contraction.</p>
<p>"My reaction was to slightly cut my manufacturing output forecast for the fourth quarter," said Eric Chaney, economist with Morgan Stanley.</p>
<p>"I am sticking with plus 0.2 percent but it is on watch and I don't exclude having to revise it down," he said of his forecast for fourth quarter GDP.</p>
<p>Naude said that perhaps the most ominous sign was that the third quarter had ended badly. "If you look at where the quarter ended compared to where it started, it shows the economy was downwardly oriented by September," he said.</p>
</text>
<copyright>(c) Reuters Limited 1996</copyright>
<metadata>
<codes class="bip:countries:1.0">
  <code code="FRA">
    <editdetail action="confirmed" attribution="Reuters BIP Coding Group" date="1996-12-20"/>
  </code>
</codes>
<codes class="bip:topics:1.0">
  <code code="E11">
    <editdetail action="confirmed" attribution="Reuters BIP Coding Group" date="1996-12-20"/>
  </code>
  <code code="E31">
    <editdetail action="confirmed" attribution="Reuters BIP Coding Group" date="1996-12-20"/>
  </code>
  <code code="E311">
    <editdetail action="confirmed" attribution="Reuters BIP Coding Group" date="1996-12-20"/>
  </code>
  <code code="ECAT">
    <editdetail action="confirmed" attribution="Reuters BIP Coding Group" date="1996-12-20"/>
  </code>
</codes>
<dc element="dc.date.created" value="1996-12-20"/>
<dc element="dc.publisher" value="Reuters Holdings Plc"/>
<dc element="dc.date.published" value="1996-12-20"/>
<dc element="dc.source" value="Reuters"/>
<dc element="dc.creator.location" value="PARIS"/>
<dc element="dc.creator.location.country.name" value="FRANCE"/>
<dc element="dc.source" value="Reuters"/>
</metadata>
</newsitem>
