<?xml version="1.0" encoding="ISO-8859-1" standalone="no"?>
<newsitem date="1997-01-28" id="root" itemid="337706" xml:lang="en">
<title>USA: NY money closing - Jan 28/97.</title>
<headline>NY money closing - Jan 28/97.</headline>
<text>
<p>TREASURY BILLS----</p>
<p>090 days  5.05-5.04</p>
<p>180 days  5.11-5.10</p>
<p>360 days  5.29-5.28</p>
<p>PRIMARY CERTIFICATES OF DEPOSIT</p>
<p> 30-59   days 4.75</p>
<p> 60-89   days 4.80</p>
<p>90-119  days 4.85</p>
<p>120-149 days 5.00</p>
<p>150-179 days 5.00</p>
<p>180-269 days 5.05</p>
<p>270-359 days 5.05</p>
<p>360-390 days 5.15</p>
<p>COMMERCIAL PAPER THROUGH DEALERS</p>
<p>30-59  days  5.24</p>
<p>60-89  days  5.27</p>
<p>90-179 days  5.29</p>
<p>COMMERCIAL PAPER PLACED DIRECTLY</p>
<p>30-59  days 5.24</p>
<p>60-89  days 5.27</p>
<p>90-119 days 5.29</p>
<p>120-179 days 5.30</p>
<p>180-239 days 5.32</p>
<p>240-269 days 5.35</p>
<p>BANKERS ACCEPTANCES (TOP NAME DEALERS BIDS)</p>
<p> 30-59   days 5.32</p>
<p> 60-89   days 5.33</p>
<p>90-119  days 5.35</p>
<p>120-149 days 5.38</p>
<p>150-179 days 5.39</p>
<p>180-209 days 5.42</p>
<p>BANKERS ACCEPTANCES (BANKS BIDS/ASK)</p>
<p> 30-59   days 5.00/4.90</p>
<p> 60-89   days 5.00/4.90</p>
<p>90-119  days 5.00/4.90</p>
<p>120-149 days 5.00/4.90</p>
<p>150-179 days 5.00/4.90</p>
<p> 180-    days 5.00/4.90</p>
<p>Federal Funds at 1645: LAST 5 1/4</p>
<p>HIGH 5 5/16 LOW 5 1/4</p>
<p>PRIME RATE  8.25 - eff feb 01/96</p>
<p>BROKER LOAN RATE 7.00</p>
</text>
<copyright>(c) Reuters Limited 1997</copyright>
<metadata>
<codes class="bip:countries:1.0">
  <code code="USA">
    <editdetail action="confirmed" attribution="Reuters BIP Coding Group" date="1997-01-28"/>
  </code>
</codes>
<codes class="bip:topics:1.0">
  <code code="M12">
    <editdetail action="confirmed" attribution="Reuters BIP Coding Group" date="1997-01-28"/>
  </code>
  <code code="M13">
    <editdetail action="confirmed" attribution="Reuters BIP Coding Group" date="1997-01-28"/>
  </code>
  <code code="M131">
    <editdetail action="confirmed" attribution="Reuters BIP Coding Group" date="1997-01-28"/>
  </code>
  <code code="MCAT">
    <editdetail action="confirmed" attribution="Reuters BIP Coding Group" date="1997-01-28"/>
  </code>
</codes>
<dc element="dc.publisher" value="Reuters Holdings Plc"/>
<dc element="dc.date.published" value="1997-01-28"/>
<dc element="dc.source" value="Reuters"/>
<dc element="dc.creator.location.country.name" value="USA"/>
<dc element="dc.source" value="Reuters"/>
</metadata>
</newsitem>
