<?xml version="1.0" encoding="ISO-8859-1" standalone="no"?>
<newsitem date="1997-01-28" id="root" itemid="337986" xml:lang="en">
<title>USA: P&amp;G says Q2 N.America sales up, Asia sales off.</title>
<headline>P&amp;G says Q2 N.America sales up, Asia sales off.</headline>
<dateline>CINCINNATI 1997-01-28</dateline>
<text>
<p>Procter &amp; Gamble Co said Tuesday its North American sales grew three percent in the second quarter ended December 31 versus the year-ago quarter.</p>
<p>Unit volume in North America, sparked by double digit growth in the laundry business, grew five percent, P&amp;G said, adding it set a North American shipment record.</p>
<p>In Asia, net earnings rose 12 percent but unit volume declined seven percent and sales declined eight percent, P&amp;G said. Exchange rates, competitive pressures and a continuing inventory, retail shelf management and promotions program had negative impact, the company said in its quarterly statement.  </p>
<p>The consumer products giant said that in North America, the difference between sales and unit volume growth was largely due to price reductions for lower commodity costs. Capacity constraints, especially in paper tissue and towels, continued, it said.</p>
<p>North American net earnings grew 15 percent, helped by lower commodity prices, primarily pulp, P&amp;G said.</p>
<p>In its Europe/Middle East/Africa region, P&amp;G said unit volume grew four percent but sales were stable, reflecting unfavorable exchange rate movements.</p>
<p>Net earnings in that region grew 24 percent versus the year-ago quarter, reflecting lower costs especially on pulp.</p>
<p>In Latin America, unit volume was off three percent versus the year-ago period due to continued economic difficulties in several markets, but sales grew three percent due to pricing which was designed to address inflation and devaluation, particularly in Mexico, P&amp;G said.</p>
<p>P&amp;G said Latin America net earnings increased 35 percent on improved margins, reflecting pricing and cost reductions.</p>
<p>As reported, P&amp;G posted overall second quarter earnings of $1.35 a primary share versus $1.18 a year ago.</p>
<p>((Cleveland Newsdesk, Susan Zimmerman 216-579-0077))</p>
</text>
<copyright>(c) Reuters Limited 1997</copyright>
<metadata>
<codes class="bip:countries:1.0">
  <code code="USA">
    <editdetail action="confirmed" attribution="Reuters BIP Coding Group" date="1997-01-28"/>
  </code>
</codes>
<codes class="bip:industries:1.0">
  <code code="I25800">
    <editdetail action="confirmed" attribution="Reuters BIP Coding Group" date="1997-01-28"/>
  </code>
</codes>
<codes class="bip:topics:1.0">
  <code code="C15">
    <editdetail action="confirmed" attribution="Reuters BIP Coding Group" date="1997-01-28"/>
  </code>
  <code code="C151">
    <editdetail action="confirmed" attribution="Reuters BIP Coding Group" date="1997-01-28"/>
  </code>
  <code code="CCAT">
    <editdetail action="confirmed" attribution="Reuters BIP Coding Group" date="1997-01-28"/>
  </code>
</codes>
<dc element="dc.date.created" value="1997-01-28"/>
<dc element="dc.publisher" value="Reuters Holdings Plc"/>
<dc element="dc.date.published" value="1997-01-28"/>
<dc element="dc.source" value="Reuters"/>
<dc element="dc.creator.location" value="CINCINNATI"/>
<dc element="dc.creator.location.country.name" value="USA"/>
<dc element="dc.source" value="Reuters"/>
</metadata>
</newsitem>
