<?xml version="1.0" encoding="ISO-8859-1" standalone="no"?>
<newsitem date="1997-01-28" id="root" itemid="338004" xml:lang="en">
<title>USA: Miss. State University Educa. Bld. at A2 - Moody's.</title>
<headline>Miss. State University Educa. Bld. at A2 - Moody's.</headline>
<dateline>NEW YORK 1997-01-28</dateline>
<text>
<p>Moody's Investors Service -</p>
<p>Rating Announcement As of 01/24/97.</p>
<p>Issuer: Mississippi State University Educational Building</p>
<p>	  Corporation-Revenue-Mississippi State University</p>
<p>	  Educational Building Corporation</p>
<p>State: MS</p>
<p>Rating: A2</p>
<p>Sale Amount: 11,920,000</p>
<p>Expected Sale Date: 12/15/96</p>
<p>--U.S. Municipal Desk, 212-859-1650</p>
</text>
<copyright>(c) Reuters Limited 1997</copyright>
<metadata>
<codes class="bip:countries:1.0">
  <code code="USA">
    <editdetail action="confirmed" attribution="Reuters BIP Coding Group" date="1997-01-28"/>
  </code>
</codes>
<codes class="bip:topics:1.0">
  <code code="E21">
    <editdetail action="confirmed" attribution="Reuters BIP Coding Group" date="1997-01-28"/>
  </code>
  <code code="E212">
    <editdetail action="confirmed" attribution="Reuters BIP Coding Group" date="1997-01-28"/>
  </code>
  <code code="ECAT">
    <editdetail action="confirmed" attribution="Reuters BIP Coding Group" date="1997-01-28"/>
  </code>
  <code code="GCAT">
    <editdetail action="confirmed" attribution="Reuters BIP Coding Group" date="1997-01-28"/>
  </code>
</codes>
<dc element="dc.date.created" value="1997-01-28"/>
<dc element="dc.publisher" value="Reuters Holdings Plc"/>
<dc element="dc.date.published" value="1997-01-28"/>
<dc element="dc.source" value="Reuters"/>
<dc element="dc.creator.location" value="NEW YORK"/>
<dc element="dc.creator.location.country.name" value="USA"/>
<dc element="dc.source" value="Reuters"/>
</metadata>
</newsitem>
