<?xml version="1.0" encoding="ISO-8859-1" standalone="no"?>
<newsitem date="1997-01-28" id="root" itemid="337802" xml:lang="en">
<title>USA: Hawaii Gov proposes $1 bln capital projects budget.</title>
<headline>Hawaii Gov proposes $1 bln capital projects budget.</headline>
<dateline>HONOLULU 1997-01-28</dateline>
<text>
<p>Hawaii Gov. Ben Cayetano on Tuesday proposed a $1 billion, two-year capital improvement projects budget, designed to "kick start" the state's economy, the governor's office said.</p>
<p>"This one-time infusion will kick start the economy by accelerating the design and construction of needed infrastructure such as public schools, university facilities, libraries and other projects now rather than years down the line," Cayetano's office said in a statement.  </p>
<p>The $1 billion building budget -- two-and-a-half times the size of the usual budget for state construction -- did not include highway and airport projects by the state Department of Transportation, the governor said.</p>
<p>The proposal was part of the administration's package of over 200 bills for consideration by the state legislature.</p>
<p>Cayetano also proposed a measure that would establish a state "rainy day" fund for use during budget emergencies, and a bill that would consolidate the functions of the Hawaii Housing Authority, Hawaii Finance and Development Corp and the Rental Housing Trust Fund Commission.  </p>
<p>As outlined in his State of the State address earlier this month, the governor proposed tax relief to encourage hotel renovation, help first-time home buyers and boost the economy.</p>
<p>One of these measures would provide for income tax relief of 25 percent to 100 percent for low-income families earning less than $22,000 a year.</p>
<p>In addition, the governor proposed bills to regulate and license retail tobacco vendors and increase the cigarette excise tax from three cents to five cents.</p>
</text>
<copyright>(c) Reuters Limited 1997</copyright>
<metadata>
<codes class="bip:countries:1.0">
  <code code="USA">
    <editdetail action="confirmed" attribution="Reuters BIP Coding Group" date="1997-01-28"/>
  </code>
</codes>
<codes class="bip:topics:1.0">
  <code code="E21">
    <editdetail action="confirmed" attribution="Reuters BIP Coding Group" date="1997-01-28"/>
  </code>
  <code code="E211">
    <editdetail action="confirmed" attribution="Reuters BIP Coding Group" date="1997-01-28"/>
  </code>
  <code code="ECAT">
    <editdetail action="confirmed" attribution="Reuters BIP Coding Group" date="1997-01-28"/>
  </code>
</codes>
<dc element="dc.date.created" value="1997-01-28"/>
<dc element="dc.publisher" value="Reuters Holdings Plc"/>
<dc element="dc.date.published" value="1997-01-28"/>
<dc element="dc.source" value="Reuters"/>
<dc element="dc.creator.location" value="HONOLULU"/>
<dc element="dc.creator.location.country.name" value="USA"/>
<dc element="dc.source" value="Reuters"/>
</metadata>
</newsitem>
