<?xml version="1.0" encoding="ISO-8859-1" standalone="no"?>
<newsitem date="1996-11-26" id="root" itemid="219187" xml:lang="en">
<title>USA: Recording industry amends lawsuit against Amway.</title>
<headline>Recording industry amends lawsuit against Amway.</headline>
<dateline>LOS ANGELES 1996-11-25</dateline>
<text>
<p>Twelve major record labels Monday amended a lawsuit against Amway and some of its distributors accusing them of unauthorized use of copyrighted material by Michael Jackson, the Beatles and other artists, raising the damages sought to $19 million from $11 million.</p>
<p>"Since the filing of the initial complaint in February 1996, our efforts have provided considerable additional evidence on infringing activities -- far beyound that known or suspected at the time of the initial civil action," said Hilary Rosen, president of the Recording Industry Association of America (RIAA), a trade group representing the recording industry.</p>
<p>In the initial complaint, the association, acting on behalf of 11 companies, had sought $11 million in damages against Amway and about 40 distributors for using music in motivational videos at conventions without obtaining clearance from the musicians or their labels.</p>
<p>"We have added 114 new counts of infringements to the original 125, the number of defendants has increased from 40 to 86, and there is one additional record company plaintiff," Rosen said.</p>
<p>The RIAA said the National Music Publishers Association was also expected to file a similar action based on the same videotapes.</p>
<p>Amway, a multibillion-dollar Ada, Mich.-based seller of nutritional items and household products to individual distributors, said it will continue to vigorously defend itself against the allegations made by both associations. It said it would also continue working with representatives of both groups to investigate and resolve the charges.</p>
<p>"Amway Corp. is disappointed by the RIAA's decision to escalate this litigation and particularly by RIAA's continuing use of the news media to misrepresent the conduct of the parties and the extent of any damages to the record companies," the company said in a statement.</p>
<p>Amway's distributors work on commission and earn points toward increased income by recruiting additional distributors.</p>
<p>The association said the original lawsuit, filed in Orlando, Fla., centers on the production and sale of motivational and promotional videotapes by Amway distributors using hit sound recordings to promote upcoming conventions, recruit additinal Amway distributors and sell Amway products.</p>
<p>It said the National Music Publishers Association was expected to file a similar action based on the same infringing videotapes.</p>
<p>Among the labels filing the suit are Sony Corp.'s Sony Music, Philips Electronics NV's Polygram Records and Motown Records Co., Bertelsmann AG's Arista Records Inc. and BMG Music, Seagram Co. Ltd.'s MCA Records Inc. and several others.</p>
</text>
<copyright>(c) Reuters Limited 1996</copyright>
<metadata>
<codes class="bip:countries:1.0">
  <code code="USA">
    <editdetail action="confirmed" attribution="Reuters BIP Coding Group" date="1996-11-26"/>
  </code>
</codes>
<codes class="bip:topics:1.0">
  <code code="GCRIM">
    <editdetail action="confirmed" attribution="Reuters BIP Coding Group" date="1996-11-26"/>
  </code>
  <code code="GENT">
    <editdetail action="confirmed" attribution="Reuters BIP Coding Group" date="1996-11-26"/>
  </code>
</codes>
<dc element="dc.date.created" value="1996-11-25"/>
<dc element="dc.publisher" value="Reuters Holdings Plc"/>
<dc element="dc.date.published" value="1996-11-26"/>
<dc element="dc.source" value="Reuters"/>
<dc element="dc.creator.location" value="LOS ANGELES"/>
<dc element="dc.creator.location.country.name" value="USA"/>
<dc element="dc.source" value="Reuters"/>
</metadata>
</newsitem>
