<?xml version="1.0" encoding="ISO-8859-1" standalone="no"?>
<newsitem date="1996-11-26" id="root" itemid="219158" xml:lang="en">
<title>GERMANY: German shares open bourse at new record high.</title>
<headline>German shares open bourse at new record high.</headline>
<dateline>FRANKFURT 1996-11-26</dateline>
<text>
<p>The German DAX index of leading shares opened bourse dealings above the magical 2,800 point level for the first time ever on Tuesday, spurred on another record on Wall Street overnight and a firmer dollar.</p>
<p>The DAX index of 30 leading shares reached up to a bourse record high of 2,819.95, before slipping back slightly to stand up 15.22 points, or 0.54 percent, at 2,814.41 by 0951 GMT.</p>
<p>The IBIS DAX index, tracking day-long computer trade in the DAX index, earlier made an all-time high of 2,821.95 points.</p>
<p>"Everyone just keeps buying. We're seeing a cross-the-board rally," said one trader.</p>
<p>Dealers said the stronger dollar, which pulled above the 1.52 mark level late on Monday, was helping the chemical and auto sectors in particular, both of which are export-oriented and benefit from a weaker mark.</p>
<p>In the car sector, BMW and Daimler-Benz AG stocks were both charging ahead, BMW shares gaining 24 marks to 977 marks, and Daimler up 70 pfennigs near to 99.80 marks.</p>
<p>Daimler broke through the 100 mark level in computer dealings, but could not hold above the crucial number.</p>
<p>Amongst the chemical companies, BASF AG, Hoechst AG and Bayer AG were all stronger than the market trend.</p>
<p>Dealers said they saw the current rally continuing until at least the end of the year, with 2,850 points the next major technical resistance level for the DAX to test.</p>
<p>But they said volumes could trail off at the end of the week, with the Thanksgiving public holiday in the U.S on Thursday.</p>
</text>
<copyright>(c) Reuters Limited 1996</copyright>
<metadata>
<codes class="bip:countries:1.0">
  <code code="GFR">
    <editdetail action="confirmed" attribution="Reuters BIP Coding Group" date="1996-11-26"/>
  </code>
</codes>
<codes class="bip:topics:1.0">
  <code code="M11">
    <editdetail action="confirmed" attribution="Reuters BIP Coding Group" date="1996-11-26"/>
  </code>
</codes>
<dc element="dc.date.created" value="1996-11-26"/>
<dc element="dc.publisher" value="Reuters Holdings Plc"/>
<dc element="dc.date.published" value="1996-11-26"/>
<dc element="dc.source" value="Reuters"/>
<dc element="dc.creator.location" value="FRANKFURT"/>
<dc element="dc.creator.location.country.name" value="GERMANY"/>
<dc element="dc.source" value="Reuters"/>
</metadata>
</newsitem>
