<?xml version="1.0" encoding="ISO-8859-1" standalone="no"?>
<newsitem date="1997-01-28" id="root" itemid="338011" xml:lang="en">
<title>USA: IRS removes forward-contracting tax threat for now.</title>
<headline>IRS removes forward-contracting tax threat for now.</headline>
<byline>Charles Abbott</byline>
<dateline>WASHINGTON 1997-01-28</dateline>
<text>
<p>U.S. Internal Revenue Service, responding to an uproar in farm country, said Tuesday that farmers could file U.S. income taxes as usual and without threat of huge tax bills from use of so-called forward contracts to sell grain.</p>
<p>"This is good news for farmers who want to comply with the tax law and properly report this income on their returns," said IRS Commissioner Margaret Richardson. "They should complete their 1996 returns as they have been doing in the past or as they have been directed to after an IRS audit."  </p>
<p>Bills were pending in the House and Senate to make it clear that forward contracts, a popular merchandising tool for farmers, were excluded when the alternative minimum tax is calculated.</p>
<p>They were excluded in the past but Congress dropped the wording in the 1986 tax reform law -- an oversight, according to farm-state lawmakers who accused the IRS of over-reaching.</p>
<p>"Farmers should not be taxed on income they have not received. That defies all common sense," Senator Byron Dorgan, North Dakota Democrat, said in applauding the IRS announcement.  </p>
<p>Concern was sparked by an IRS decision last year, in a dispute involving a potato farmer, to require the farmer to count all income from a forward contract in the year the contract was signed although part of the money would not be received until the next calendar year.</p>
<p>Forward contracts are used by farmers to "lock in" favorable prices or to balance income against expenses. Contracts commonly call for delivery and payment months in the future.</p>
<p>Lawmakers said IRS had tried to apply its interpretation in other cases. Under that scheme, one said, a farmer in his area faced $30,000 in axes, nearly equal to the man's income.  </p>
<p>Groups such as National Grain and Feed Association have said forward contracts remained a legitimate marketing tool.</p>
<p>IRS also said it would make it easy for farmers to change accounting methods, if they wished, for 1997 and later income.</p>
<p>"Farmers who change their method of accounting in accordance with this procedure will then receive audit protection with respect to the use of an impermissible method of accounting for all taxable years prior to the change," IRS said.</p>
<p>It would waive the user fee, typically $500-$900, to make the change. Farmers should attach Form 3115 to their 1997 income tax returns, which would be due in early 1998.</p>
</text>
<copyright>(c) Reuters Limited 1997</copyright>
<metadata>
<codes class="bip:countries:1.0">
  <code code="USA">
    <editdetail action="confirmed" attribution="Reuters BIP Coding Group" date="1997-01-28"/>
  </code>
</codes>
<codes class="bip:industries:1.0">
  <code code="I01001">
    <editdetail action="confirmed" attribution="Reuters BIP Coding Group" date="1997-01-28"/>
  </code>
</codes>
<codes class="bip:topics:1.0">
  <code code="C13">
    <editdetail action="confirmed" attribution="Reuters BIP Coding Group" date="1997-01-28"/>
  </code>
  <code code="CCAT">
    <editdetail action="confirmed" attribution="Reuters BIP Coding Group" date="1997-01-28"/>
  </code>
  <code code="E21">
    <editdetail action="confirmed" attribution="Reuters BIP Coding Group" date="1997-01-28"/>
  </code>
  <code code="E211">
    <editdetail action="confirmed" attribution="Reuters BIP Coding Group" date="1997-01-28"/>
  </code>
  <code code="ECAT">
    <editdetail action="confirmed" attribution="Reuters BIP Coding Group" date="1997-01-28"/>
  </code>
</codes>
<dc element="dc.date.created" value="1997-01-28"/>
<dc element="dc.publisher" value="Reuters Holdings Plc"/>
<dc element="dc.date.published" value="1997-01-28"/>
<dc element="dc.source" value="Reuters"/>
<dc element="dc.creator.location" value="WASHINGTON"/>
<dc element="dc.creator.location.country.name" value="USA"/>
<dc element="dc.source" value="Reuters"/>
</metadata>
</newsitem>
