<?xml version="1.0" encoding="ISO-8859-1" standalone="no"?>
<newsitem date="1996-12-20" id="root" itemid="270770" xml:lang="en">
<title>ITALY: BancoNapoli shares fail to open on bourse.</title>
<headline>BancoNapoli shares fail to open on bourse.</headline>
<dateline>MILAN 1996-12-20</dateline>
<text>
<p>Shares in struggling southern Italian bank Banco di Napoli failed to open on the Milan bourse on Friday as pre-bourse price quotations exceeded the permitted 10 percent daily fall.</p>
<p>The stock's fall comes on the day of an Italian Treasury deadline for interested parties to make a bid for a 60 percent stake in the bank.</p>
<p>Banco di Napoli savings shares, the only ones traded, were registering a theoretical price of 679 lire per share against Thursday's closing level of 749 lire.</p>
<p>The Treasury took temporary control of Banco di Napoli, Italy's largest southern bank, after it unveiled record losses of 3.12 trillion lire ($2.0 billion) in 1995. It plunged a further 674 billion into the red in the first half of this year.</p>
<p>Italian insurer INA and Banca Nazionale del Lavoro have made a joint offer for the 60 percent stake while state-owned credit institute Mediocredito Centrale announced on Thursday it would make an offer as well.</p>
<p>-- Milan bureau +392 66129507</p>
</text>
<copyright>(c) Reuters Limited 1996</copyright>
<metadata>
<codes class="bip:countries:1.0">
  <code code="ITALY">
    <editdetail action="confirmed" attribution="Reuters BIP Coding Group" date="1996-12-20"/>
  </code>
</codes>
<codes class="bip:industries:1.0">
  <code code="I81402">
    <editdetail action="confirmed" attribution="Reuters BIP Coding Group" date="1996-12-20"/>
  </code>
</codes>
<codes class="bip:topics:1.0">
  <code code="C15">
    <editdetail action="confirmed" attribution="Reuters BIP Coding Group" date="1996-12-20"/>
  </code>
  <code code="C152">
    <editdetail action="confirmed" attribution="Reuters BIP Coding Group" date="1996-12-20"/>
  </code>
  <code code="CCAT">
    <editdetail action="confirmed" attribution="Reuters BIP Coding Group" date="1996-12-20"/>
  </code>
</codes>
<dc element="dc.date.created" value="1996-12-20"/>
<dc element="dc.publisher" value="Reuters Holdings Plc"/>
<dc element="dc.date.published" value="1996-12-20"/>
<dc element="dc.source" value="Reuters"/>
<dc element="dc.creator.location" value="MILAN"/>
<dc element="dc.creator.location.country.name" value="ITALY"/>
<dc element="dc.source" value="Reuters"/>
</metadata>
</newsitem>
