<?xml version="1.0" encoding="ISO-8859-1" standalone="no"?>
<newsitem date="1997-01-28" id="root" itemid="337947" xml:lang="en">
<title>USA: OPTIONS - FX vols soar as dollar tests new highs.</title>
<headline>OPTIONS - FX vols soar as dollar tests new highs.</headline>
<dateline>CHICAGO 1997-01-28</dateline>
<text>
<p>Implied volatilities for dollar-pair options soared as the spot greenback extended recent gains in very choppy trading, dealers said.</p>
<p>They said the dollar's bull trend had yet to run its course and volatilities were likely to stay firm for a while. The dollar rose past last week's peaks to touch a fresh 47-month high above 121.50 yen and a 31-month high of 1.6570 marks earlier in the day before pulling back slightly.</p>
<p>Shorter-dated options, which have higher gamma values, attracted the strongest bids due to the dollar's rapid advances.  </p>
<p>"At this point, it just seems to make sense to be long a lot of gamma," said a trader at a U.S. bank in California. "Your time decay can be covered by intra-day delta-hedging without a whole lot of trouble in this kind of market."</p>
<p>Delta-hedging is selling or buying of spot dollars to maintain a position delta-neutral, or immune to the underlying market's directionality. A long-gamma trader, by trying to stay delta-neutral, would be selling spot dollars at highs and buying at lows -- a profitable operation provided the spot market makes enough fluctuation to beat the steeper time decay associated with high-gamma options.  </p>
<p>One-week volatilities for dollar/yen and dollar/mark stood at 12.2/13.2 and 11.0/12.0 percent respectively, both up by more than a full point from Monday.</p>
<p>One-month dollar/yen stood at 10.9/11.2 percent, up nearly a full point, while one-month dollar/mark was at 10.6/10.8 percent, up 0.3 point.</p>
<p>Both dollar/yen and dollar/mark volatility curves were fairly steeply inverted, and traders predicted they would stay inverted until the spot market calmed down.</p>
<p>"No one is brave enough to try and short the front end right now," said a trader at a European bank in Chicago.</p>
</text>
<copyright>(c) Reuters Limited 1997</copyright>
<metadata>
<codes class="bip:countries:1.0">
  <code code="USA">
    <editdetail action="confirmed" attribution="Reuters BIP Coding Group" date="1997-01-28"/>
  </code>
</codes>
<codes class="bip:topics:1.0">
  <code code="M13">
    <editdetail action="confirmed" attribution="Reuters BIP Coding Group" date="1997-01-28"/>
  </code>
  <code code="M132">
    <editdetail action="confirmed" attribution="Reuters BIP Coding Group" date="1997-01-28"/>
  </code>
  <code code="MCAT">
    <editdetail action="confirmed" attribution="Reuters BIP Coding Group" date="1997-01-28"/>
  </code>
</codes>
<dc element="dc.date.created" value="1997-01-28"/>
<dc element="dc.publisher" value="Reuters Holdings Plc"/>
<dc element="dc.date.published" value="1997-01-28"/>
<dc element="dc.source" value="Reuters"/>
<dc element="dc.creator.location" value="CHICAGO"/>
<dc element="dc.creator.location.country.name" value="USA"/>
<dc element="dc.source" value="Reuters"/>
</metadata>
</newsitem>
