<?xml version="1.0" encoding="ISO-8859-1" standalone="no"?>
<newsitem date="1997-01-28" id="root" itemid="338124" xml:lang="en">
<title>SWITZERLAND: Swiss bond market closing report.</title>
<headline>Swiss bond market closing report.</headline>
<dateline>ZURICH 1997-01-28</dateline>
<text>
<p>Swiss bonds ended higher, recovering from lows after release of U.S. economic data which were seen as favourable for U.S. Treasuries.</p>
<p>The U.S. fourth quarter employment cost index showed a 0.8 percent rise, slightly below the 0.9 percent rise forecast.</p>
<p>"There was some selling this morning, mainly marking down the prices before the big figure. We managed to get prices down to technical levels, but volume was pretty low. After the release of the figures, I think there was a lot of short-covering," one Swiss-based trader said.  </p>
<p>The trader said the Swiss market was mainly Treasury-driven. Domestic factors offered little in the way of new direction.</p>
<p>J.P. Morgan launched a 150 million Swiss franc bond Tuesday morning. The issue, for four years and 10 months, with a 2.00 percent coupon priced at 97.30, was quoted by lead manager SBC Warburg yielding 3.02 percent in late trade.</p>
<p>One trader said the swap window for five- to six-year maturities was still open, and further issues were possible in that spectrum.  </p>
<p>-- Tuesday's closing prices as follows:</p>
<p>March Conf futures up 15 at 117.33.</p>
<p>March Comi medium-term bond down seven at 111.10</p>
<p>Mar Euro Swiss francs up three at 98.19.</p>
<p>4-1/2 Jun 2007 bond 105.22/32 yield 3.864 pct</p>
<p>(Monday 105.05/15 yield 3.884 pct)</p>
<p>-- Zurich Editorial +41 1 631 7340</p>
</text>
<copyright>(c) Reuters Limited 1997</copyright>
<metadata>
<codes class="bip:countries:1.0">
  <code code="SWITZ">
    <editdetail action="confirmed" attribution="Reuters BIP Coding Group" date="1997-01-28"/>
  </code>
</codes>
<codes class="bip:topics:1.0">
  <code code="M12">
    <editdetail action="confirmed" attribution="Reuters BIP Coding Group" date="1997-01-28"/>
  </code>
  <code code="MCAT">
    <editdetail action="confirmed" attribution="Reuters BIP Coding Group" date="1997-01-28"/>
  </code>
</codes>
<dc element="dc.date.created" value="1997-01-28"/>
<dc element="dc.publisher" value="Reuters Holdings Plc"/>
<dc element="dc.date.published" value="1997-01-28"/>
<dc element="dc.source" value="Reuters"/>
<dc element="dc.creator.location" value="ZURICH"/>
<dc element="dc.creator.location.country.name" value="SWITZERLAND"/>
<dc element="dc.source" value="Reuters"/>
</metadata>
</newsitem>
