<?xml version="1.0" encoding="ISO-8859-1" standalone="no"?>
<newsitem date="1997-01-28" id="root" itemid="336918" xml:lang="en">
<title>PORTUGAL: SOCCER-ALL-STAR GAME LAUNCHES YEAR AGAINST RACISM.</title>
<headline>SOCCER-ALL-STAR GAME LAUNCHES YEAR AGAINST RACISM.</headline>
<byline>Mike Collett</byline>
<dateline>LISBON 1997-01-28</dateline>
<text>
<p>The historic first-ever meeting of All-Star teams representing Europe and Africa should provide a fascinating spectacle at Benfica's Stadium of Light on Wednesday.</p>
<p>The Europeans, selected by Rinus Michels of the Netherlands and Berti Vogts of Germany, have a 17-man squad which contains four players who were among Germany's Euro 96 winners, including captain Juergen Klinsmann as well as Dutch twins Ronald and Frank de Boer of Ajax, and Zvonimir Boban, AC Milan's highly-talented Croatian midfielder.</p>
<p>The African All-Stars 18-man squad, selected by Rabah Madjer of Algeria and Mawade Wade of Senegal, includes four of Nigeria's Olympic gold-medal winning squad and two of South Africa's African championship winning squad.</p>
<p>Benfica have players in both squads, with Portugal's Joao Pinto in the European camp and Paulo Antonio of Angola in the African.</p>
<p>Most of the African squad play in Europe, and the match, being staged as part of the European Community's "European Year Against Racism", is also part of a wider plan to build better soccer ties between the two continents.</p>
<p>UEFA, European soccer's ruling body, and CAF, its African counterpart, will also be holding their first-ever joint-executive meeting in Lisbon and, according to a UEFA spokesman, the whole initative "will mark a new era in the relationship between the African Football Confederation and UEFA".</p>
<p>UEFA spokesman Graham Turner also said on Tuesday the venue of Benfica's impressive Stadium of Light was a deliberate choice serving to recognise the enormous contribution that Benfica's greatest-ever player Eusebio made to European soccer.</p>
<p>Eusebio was born in Mozambique, but his arrival at Benfica in the early 1960s heralded the club's most successful era when they won the European Cup in 1961 and 1962.</p>
<p>"There is no better link between Europe and Africa than Eusebio," he added.</p>
<p>Michels and Wade told a joint news conference in Lisbon on Tuesday that they would use all their players during the game. "Everybody must participate as much as possible," said Michels.</p>
<p>Because the intention is to give everybody a game, both teams will be allowed two re-substitutions -- the sending back on of a player previously substituted -- in the event of second-half injuries.</p>
<p>While many of the world's top players are involved, there are no English players in the European squad as the premier league has a full programme of matches on Wednesday night. No players with eastern European clubs are involved either due to their winter break.</p>
<p>On Friday, as a continuing part of the anti-racism initiative, the under-17 Meridian Cup comprisiing four nations from each continent gets under way.</p>
<p>Squads</p>
<p>Europe:</p>
<p>Goalkeepers: Stanislav Cherchesov (Tirol Innsbruck and Russia), Edwin van der Sar (Ajax and Netherlands)</p>
<p>Defenders: Frank de Boer (Ajax and Netherlands), Stephane Henchoz (Hamburg and Switzerland), Juergen Kohler (Borussia Dortmund and Germany), Matthias Sammer (Borussia Dortmund and Germany), Paulinho Santos (Porto and Portugal).</p>
<p>Midfielders: Zvonimir Boban (AC Milan and Croatia), Rui Costa (Fiorentina and Portugal), Ronald de Boer (Ajax and Netherlands), Vincent Guerin (Paris St Germain and France), Andreas Moeller (Borussia Dortmund and Germany), Pavel Nedved (Lazio and Czech Republic)</p>
<p>Forwards: Pierluigi Casiraghi (Lazio and Italy), Juergen Klinsmann (Bayern Munich and Germany), Joao Pinto (Benfica and Portugal), Domingos Oliveira (Porto and Portugal).</p>
<p>Africa:</p>
<p>Goalkeepers: Baruwa Abiodun (Shooting Stars and Nigeria), Andre Arense (Cape Town Spurs and South Africa)</p>
<p>Defenders: Frank Amankwa (Gutersloh and Ghana), Mark Fish (Lazio and South Africa), Yasser Radwan (Hansa Rostock and Egypt), Taribo West (Auxerre and Nigeria), Tahar El Khalei (Benfica, Morocco).</p>
<p>Midfielders: Paulo Antonio (Benfica and Angola), Mustapha Hadji (Sporting Club and Morocco), Sunday Oliseh (Cologne and Nigeria), Abedi Pele (Munich 1860 and Ghana), Hajry Redouana (Farense and Morocco), Moussa Saib (Auxerre and Algeria).</p>
<p>Forwards: Tijani Babangida (Ajax and Nigeria), Ahmed Ouattara (Sporting Club and Ivory Coast), Souleymane Sane (Lausanne and Senegal), Chico Conde (Setubal, Mozambique), Jean-Jacques Misse-Misse (Sporting, Cameroon).</p>
</text>
<copyright>(c) Reuters Limited 1997</copyright>
<metadata>
<codes class="bip:countries:1.0">
  <code code="CRTIA">
    <editdetail action="confirmed" attribution="Reuters BIP Coding Group" date="1997-01-28"/>
  </code>
  <code code="GFR">
    <editdetail action="confirmed" attribution="Reuters BIP Coding Group" date="1997-01-28"/>
  </code>
  <code code="ITALY">
    <editdetail action="confirmed" attribution="Reuters BIP Coding Group" date="1997-01-28"/>
  </code>
  <code code="NETH">
    <editdetail action="confirmed" attribution="Reuters BIP Coding Group" date="1997-01-28"/>
  </code>
  <code code="PORL">
    <editdetail action="confirmed" attribution="Reuters BIP Coding Group" date="1997-01-28"/>
  </code>
</codes>
<codes class="bip:topics:1.0">
  <code code="GCAT">
    <editdetail action="confirmed" attribution="Reuters BIP Coding Group" date="1997-01-28"/>
  </code>
  <code code="GSPO">
    <editdetail action="confirmed" attribution="Reuters BIP Coding Group" date="1997-01-28"/>
  </code>
</codes>
<dc element="dc.date.created" value="1997-01-28"/>
<dc element="dc.publisher" value="Reuters Holdings Plc"/>
<dc element="dc.date.published" value="1997-01-28"/>
<dc element="dc.source" value="Reuters"/>
<dc element="dc.creator.location" value="LISBON"/>
<dc element="dc.creator.location.country.name" value="PORTUGAL"/>
<dc element="dc.source" value="Reuters"/>
</metadata>
</newsitem>
