<?xml version="1.0" encoding="ISO-8859-1" standalone="no"?>
<newsitem date="1996-11-26" id="root" itemid="219180" xml:lang="en">
<title>CHINA: Canada signs C$4.0 bln nuclear deal with China.</title>
<headline>Canada signs C$4.0 bln nuclear deal with China.</headline>
<byline>Mark O'Neill</byline>
<dateline>SHANGHAI 1996-11-26</dateline>
<text>
<p>Canada and China on Tuesday signed their biggest single commercial contract for two nuclear reactors which Ottawa hopes will be the first in a series of such orders, Canadian officials said.</p>
<p>The Atomic Energy of Canada Ltd and China National Nuclear Corporation signed the contract for the construction of two 700-megawatt CANDU-6 nuclear reactors worth C$4.0 billion (US$2.99 billion), to be built at Qinshan, Zhejiang province, about 80 km (50 miles) from Shanghai, they said.</p>
<p>Chinese Premier Li Peng and Canadian Prime Minister Jean Chretien witnessed the signing ceremony at a hotel outside Shanghai, they said.</p>
<p>"It is Canada's hope that this contract will mark the beginning of a long-term commercial relationship between Canada and China in the peaceful and safe use of nuclear energy," Chretien said in remarks released by the Canadian consulate.</p>
<p>Chretien flew to Shanghai on Tuesday morning for a six-hour visit to attend the signing ceremony. He arrived from Manila where he attended the Asia-Pacific Economic Cooperation summit and was due to fly on to Japan.</p>
<p>The Canadian commitment to the deal amounted to C$1.5 billion and would generate an estimated 27,000 direct and indirect person-years of employment in Canada over the six-year construction period, the Canadian consulate said in a statement.</p>
<p>The Export Development Corporation of Canada would provide financing for the Canadian component of the sale, the statement said.</p>
<p>The project would involve partners from Japan, the United States and South Korea and would be co-financed by the national export credit agencies of the other partner countries, it said.</p>
<p>A Canadian official said the Export Development Corporation of Canada would provide the funding on a commercial basis at the Organisation for Economic Cooperation and Development (OECD) consensus basis rate of 7.49 percent over 15 years.</p>
<p>A Canadian diplomat said Tuesday's signing was the last link in a chain that began in November 1994 with a bilateral agreement between Chretien and Li in Beijing in November 1994.</p>
<p>"Over the last six months there have been very tight negotiations on terms and conditions," he said, comparing it to a long courtship culminating in Tuesday's wedding ceremony.</p>
<p>Kenneth Courtis, chief economist of Deutsche Bank Capital Markets (Asia) Ltd, said that nuclear energy markets in Europe and the United States were in decline and Japan's was largely closed to outsiders, making countries in the rest of Asia, as net importers of energy, the big market of the future.</p>
<p>"This agreement opens the possibility for eight more sales (to China), so that would potentially mean five times as much as this first transaction," he said in an interview in Shanghai. "The Chinese are very happy with the technology."</p>
<p>What drove future sales was the availability of low-cost credit to help the Chinese buy and the ability of the Chinese to build the plants and integrate them into their system, he said.</p>
<p>Courtis said that domestic opposition in Canada would not derail future sales in a country eager for export opportunities and high-paying jobs, with unemployment at 9-10 percent and very slow economic growth.</p>
<p>In Ottawa, the ecology groups Sierra Club of Canada and Energy Probe on Monday said they would sue the government over the reactor sales, charging it with violating its own environmental laws to promote the interests of the nuclear industry.</p>
<p>(US$1=C$1.34)</p>
</text>
<copyright>(c) Reuters Limited 1996</copyright>
<metadata>
<codes class="bip:countries:1.0">
  <code code="CANA">
    <editdetail action="confirmed" attribution="Reuters BIP Coding Group" date="1996-11-26"/>
  </code>
  <code code="CHINA">
    <editdetail action="confirmed" attribution="Reuters BIP Coding Group" date="1996-11-26"/>
  </code>
</codes>
<codes class="bip:topics:1.0">
  <code code="C33">
    <editdetail action="confirmed" attribution="Reuters BIP Coding Group" date="1996-11-26"/>
  </code>
  <code code="GDIP">
    <editdetail action="confirmed" attribution="Reuters BIP Coding Group" date="1996-11-26"/>
  </code>
  <code code="GENV">
    <editdetail action="confirmed" attribution="Reuters BIP Coding Group" date="1996-11-26"/>
  </code>
</codes>
<dc element="dc.date.created" value="1996-11-26"/>
<dc element="dc.publisher" value="Reuters Holdings Plc"/>
<dc element="dc.date.published" value="1996-11-26"/>
<dc element="dc.source" value="Reuters"/>
<dc element="dc.creator.location" value="SHANGHAI"/>
<dc element="dc.creator.location.country.name" value="CHINA"/>
<dc element="dc.source" value="Reuters"/>
</metadata>
</newsitem>
