<?xml version="1.0" encoding="ISO-8859-1" standalone="no"?>
<newsitem date="1996-11-26" id="root" itemid="219137" xml:lang="en">
<title>FRANCE: PRESS DIGEST - France - Nov 26.</title>
<headline>PRESS DIGEST - France - Nov 26.</headline>
<dateline>PARIS 1996-11-26</dateline>
<text>
<p>These are leading stories in this morning's Paris newspapers.</p>
<p>LES ECHOS</p>
<p>-- Truck drivers harden protest, block towns, petrol depots and harbours. Government is expected to make a gesture.</p>
<p>-- Industry chiefs worried about rate of 990 lira to a mark chosen for the lira's re-entry into the European monetary system.</p>
<p>-- Eurotunnel shares tumble in London and Paris as doubt rises on length and cost of repairs following last week's fire.</p>
<p>LA TRIBUNE</p>
<p>-- Railway operators consider legal action against Eurotunnel for losses linked to failure to open tunnel facilities.</p>
<p>-- Saint-Gobain considers selling water supply subsidiary Cise to Bouygues.</p>
<p>-- Thomson's defence unit Thomson-CSF considers cutting up to 5,000 jobs through 1997, following drop in demand linked to defence sector restructuring.</p>
<p>LE FIGARO-ECONOMIE</p>
<p>-- Finance Minister Jean Arthuis and Russian Prime Minister Viktor Chernomyrdin may announce today that pre-1917 Russian bonds could be reimbursed.</p>
<p>-- 30 percent of the world's active population is unemployed, according to International Labour Organisation.</p>
<p>L'AGEFI</p>
<p>-- Insurer AGF shares could go up by 20 percent, according to a study by BNP Equities.</p>
<p>LIBERATION (Economic section)</p>
<p>-- Alcatel chairman Serge Tchuruk allegedly prepares new bid for Thomson to be presented if sale to Lagardere Groupe  is not effective by December 31.</p>
<p>-- Member of Bank of France monetary policy council Paul Marchelli says franc is 10 percent overvalued against the dollar due to the mark-franc parity, calls for rate cuts to jump start the economy.</p>
<p>THE INTERNATIONAL HERALD TRIBUNE</p>
<p>-- Eurotunnel faces demand for compensation from French, British and Belgian train operators.</p>
<p>-- Paris Newsroom +33 1 4221 5381</p>
</text>
<copyright>(c) Reuters Limited 1996</copyright>
<metadata>
<codes class="bip:countries:1.0">
  <code code="FRA">
    <editdetail action="confirmed" attribution="Reuters BIP Coding Group" date="1996-11-26"/>
  </code>
</codes>
<codes class="bip:topics:1.0">
  <code code="GCAT">
    <editdetail action="confirmed" attribution="Reuters BIP Coding Group" date="1996-11-26"/>
  </code>
</codes>
<dc element="dc.date.created" value="1996-11-26"/>
<dc element="dc.publisher" value="Reuters Holdings Plc"/>
<dc element="dc.date.published" value="1996-11-26"/>
<dc element="dc.source" value="Reuters"/>
<dc element="dc.creator.location" value="PARIS"/>
<dc element="dc.creator.location.country.name" value="FRANCE"/>
<dc element="dc.source" value="Reuters"/>
</metadata>
</newsitem>
