<?xml version="1.0" encoding="ISO-8859-1" standalone="no"?>
<newsitem date="1997-01-28" id="root" itemid="337956" xml:lang="en">
<title>USA: Ford won't take non-union seats from Johnson.</title>
<headline>Ford won't take non-union seats from Johnson.</headline>
<dateline>PLYMOUTH, Mich. 1997-01-28</dateline>
<text>
<p>Ford Motor Co said Tuesday it told the United Auto Workers union it will not accept seats made by non-union workers at Johnson Control Inc plants.</p>
<p>More than 500 UAW-represented workers at Johnson plants in Plymouth and Oberlin, Ohio, struck the facilities Tuesday morning after talks broke down on a new contract.</p>
<p>Johnson had said it would continue making seats at the plants by using temporary and permanent replacement workers, if necessary.  But Ford officials told the UAW it would not accept the seats, said Ford spokesman Bill Carroll.  </p>
<p>"We're not accepting seats made by the non-union employees of Johnson Controls," Carroll said.</p>
<p>Ford's decision could hurt its own production of the Expedition, a full-size sport/utility that is currently one of the automaker's most popular -- and most profitable -- vehicles.</p>
<p>The Plymouth plant supplies final seat assembly on Expeditions made at Ford's Michigan Truck plant in nearby Wayne, Mich.  Production of Ford's F-Series pickup trucks, which are also made at Michigan Truck, has not been affected because it uses seats made by Ford's Chesterfield, Mich., trim plant, said Carroll.</p>
<p>Ford is continuing to produce the Expeditions, using seats it already had in inventory, Carroll said.  If those ran out, Ford would still make the vehicles without seats and park them nearby.  Ford has been building the Expeditions at a rate of 42 an hour, up from 37 when production first started last summer.</p>
<p>The Oberlin plant makes seats for Ford's Econoline full-size van.</p>
</text>
<copyright>(c) Reuters Limited 1997</copyright>
<metadata>
<codes class="bip:countries:1.0">
  <code code="USA">
    <editdetail action="confirmed" attribution="Reuters BIP Coding Group" date="1997-01-28"/>
  </code>
</codes>
<codes class="bip:industries:1.0">
  <code code="I34320">
    <editdetail action="confirmed" attribution="Reuters BIP Coding Group" date="1997-01-28"/>
  </code>
  <code code="I35101">
    <editdetail action="confirmed" attribution="Reuters BIP Coding Group" date="1997-01-28"/>
  </code>
</codes>
<codes class="bip:topics:1.0">
  <code code="C21">
    <editdetail action="confirmed" attribution="Reuters BIP Coding Group" date="1997-01-28"/>
  </code>
  <code code="C42">
    <editdetail action="confirmed" attribution="Reuters BIP Coding Group" date="1997-01-28"/>
  </code>
  <code code="CCAT">
    <editdetail action="confirmed" attribution="Reuters BIP Coding Group" date="1997-01-28"/>
  </code>
  <code code="E41">
    <editdetail action="confirmed" attribution="Reuters BIP Coding Group" date="1997-01-28"/>
  </code>
  <code code="ECAT">
    <editdetail action="confirmed" attribution="Reuters BIP Coding Group" date="1997-01-28"/>
  </code>
  <code code="GCAT">
    <editdetail action="confirmed" attribution="Reuters BIP Coding Group" date="1997-01-28"/>
  </code>
  <code code="GJOB">
    <editdetail action="confirmed" attribution="Reuters BIP Coding Group" date="1997-01-28"/>
  </code>
</codes>
<dc element="dc.date.created" value="1997-01-28"/>
<dc element="dc.publisher" value="Reuters Holdings Plc"/>
<dc element="dc.date.published" value="1997-01-28"/>
<dc element="dc.source" value="Reuters"/>
<dc element="dc.creator.location" value="PLYMOUTH, Mich."/>
<dc element="dc.creator.location.country.name" value="USA"/>
<dc element="dc.source" value="Reuters"/>
</metadata>
</newsitem>
