<?xml version="1.0" encoding="ISO-8859-1" standalone="no"?>
<newsitem date="1997-01-28" id="root" itemid="337917" xml:lang="en">
<title>USA: Florida jobless rate dips to 4.8 pct for December.</title>
<headline>Florida jobless rate dips to 4.8 pct for December.</headline>
<dateline>TALLAHASSEE, Fla 1997-01-28</dateline>
<text>
<p>Florida's unemployment rate dipped to 4.8 percent in December from 5.1 percent in November and 5.4 percent a year ago, the state Department of Labor and Employment Security said Tuesday.</p>
<p>The December jobless rate was Florida's lowest since 1988.</p>
<p>The data represent 343,000 unemployed Floridians out of a civilian labor force of 7.07 million.</p>
<p>Services added the most jobs, 84,900, and had the second fastest growth rate over the year, 4 percent. Much of that growth was due to the conversion of employees in other industries to leased employment.</p>
<p>Trade gained the second largest number of new jobs over the year, 51,300, and grew at 3.2 percent, slightly faster than total nonfarm employment. Retail trade growth has shown improvment since last April and has outperformed wholesale trade since August.</p>
<p>Construction continued to increase, adding 6,400 jobs for a 2.1 percent growth rate, but remained far below the 1988-1989 peak.</p>
<p>Manufacturing jobs have declined by 1,400 jobs since last December, with all of the decline in non-durable goods.</p>
<p>The transportation, communications and public utilities sector grew by 11,300 jobs or 2.6 percent over the year. Finance, insurance and real estate gained 11,500 jobs for a 3 percent growth rate.</p>
<p>Government gained 26,400 jobs, for a 2.8 percent growth rate, since December 1996, with most of the increase in local government.</p>
<p>All of Florida's metropolitan statistical areas had over-the-year employment increases. Tampa-St Petesburg added the most jobs, 32,400, while Fort Lauderdale had the fastest growth rate, 4 percent.</p>
<p>Monroe County had the state's lowest unemployment rate in December, 2.1 percent, while Taylor County had the highest, 10.8 percent.</p>
<p>((--Jane Sutton, 305-374-5013))</p>
</text>
<copyright>(c) Reuters Limited 1997</copyright>
<metadata>
<codes class="bip:countries:1.0">
  <code code="USA">
    <editdetail action="confirmed" attribution="Reuters BIP Coding Group" date="1997-01-28"/>
  </code>
</codes>
<codes class="bip:topics:1.0">
  <code code="E41">
    <editdetail action="confirmed" attribution="Reuters BIP Coding Group" date="1997-01-28"/>
  </code>
  <code code="E411">
    <editdetail action="confirmed" attribution="Reuters BIP Coding Group" date="1997-01-28"/>
  </code>
  <code code="ECAT">
    <editdetail action="confirmed" attribution="Reuters BIP Coding Group" date="1997-01-28"/>
  </code>
  <code code="GCAT">
    <editdetail action="confirmed" attribution="Reuters BIP Coding Group" date="1997-01-28"/>
  </code>
  <code code="GJOB">
    <editdetail action="confirmed" attribution="Reuters BIP Coding Group" date="1997-01-28"/>
  </code>
</codes>
<dc element="dc.date.created" value="1997-01-28"/>
<dc element="dc.publisher" value="Reuters Holdings Plc"/>
<dc element="dc.date.published" value="1997-01-28"/>
<dc element="dc.source" value="Reuters"/>
<dc element="dc.creator.location" value="TALLAHASSEE, Fla"/>
<dc element="dc.creator.location.country.name" value="USA"/>
<dc element="dc.source" value="Reuters"/>
</metadata>
</newsitem>
