<?xml version="1.0" encoding="ISO-8859-1" standalone="no"?>
<newsitem date="1997-01-28" id="root" itemid="337646" xml:lang="en">
<title>PHILIPPINES: Philippines in mass killing of "Ebola" monkeys.</title>
<headline>Philippines in mass killing of "Ebola" monkeys.</headline>
<dateline>MANILA 1997-01-28</dateline>
<text>
<p>Philippine government veterinarians on Tuesday began the mass killing of about 600 monkeys believed infected with the Ebola virus, injecting them with lethal drugs before incinerating them, officials said.</p>
<p>Seven veterinarians took part in the programme in the Ferlite Scientific Research facility in the Laguna province near Manila, the Deparment of Environment and Natural Resources (DENR) said in a statement.</p>
<p>"The procedure is an accepted humane method in the veterinary community for the euthanasia of animals," it added.</p>
<p>The department ordered the extermination of the monkeys after several primates believed infected with Ebola died in the facility.</p>
<p>The killings were "in the interest of public health and environmental safety" and to prevent further spread of the deadly virus, it added.</p>
<p>The government quarantined Ferlite last year after two of dozens of monkeys it exported to the United States were found to have been affected by the Ebola Reston virus.</p>
<p>It closed the facility last week after investigation showed the infection continued to circulate in the facility and had spread beyond the cages where the virus was first detected.</p>
<p>The Ebola virus, named after a river in northern Zaire where it was first identified in 1976, causes internal bleeding and an agonising death. Outbreaks in Africa have killed hundreds of people.</p>
<p>The Reston virus was named after a 1989 outbreak wiped out a whole colony of monkeys in a breeding facility in Reston, Virginia.</p>
<p>U.S. and Philippine officials say the strain has not been found to cause illness in humans.</p>
<p>"The DENR shares the sentiments of animal rights activists that this event is indeed unfortunate," the DENR statement said, adding that the procedure it had adopted for killing the monkeys was "to make euthanasia as dignified and as humane as possible."</p>
<p>A DENR official said it was unlikely that all of the monkeys would be killed on Tuesday because of their numbers, and the process would continue "until all of them are killed."</p>
<p>"We have no choice," said the official, asking not to be identified.</p>
</text>
<copyright>(c) Reuters Limited 1997</copyright>
<metadata>
<codes class="bip:countries:1.0">
  <code code="PHLNS">
    <editdetail action="confirmed" attribution="Reuters BIP Coding Group" date="1997-01-28"/>
  </code>
</codes>
<codes class="bip:topics:1.0">
  <code code="GCAT">
    <editdetail action="confirmed" attribution="Reuters BIP Coding Group" date="1997-01-28"/>
  </code>
  <code code="GENV">
    <editdetail action="confirmed" attribution="Reuters BIP Coding Group" date="1997-01-28"/>
  </code>
  <code code="GHEA">
    <editdetail action="confirmed" attribution="Reuters BIP Coding Group" date="1997-01-28"/>
  </code>
</codes>
<dc element="dc.date.created" value="1997-01-28"/>
<dc element="dc.publisher" value="Reuters Holdings Plc"/>
<dc element="dc.date.published" value="1997-01-28"/>
<dc element="dc.source" value="Reuters"/>
<dc element="dc.creator.location" value="MANILA"/>
<dc element="dc.creator.location.country.name" value="PHILIPPINES"/>
<dc element="dc.source" value="Reuters"/>
</metadata>
</newsitem>
