<?xml version="1.0" encoding="ISO-8859-1" standalone="no"?>
<newsitem date="1997-01-28" id="root" itemid="337152" xml:lang="en">
<title>CANADA: Canadian Money Market Rates Closing - Jan 28.</title>
<headline>Canadian Money Market Rates Closing - Jan 28.</headline>
<text>
<p>CANADA T-BILLS</p>
<p> 90 DAYS   2.90</p>
<p>180 DAYS  3.23 FINANCE COMPANY PAPER</p>
<p> 30 DAYS   3.14</p>
<p> 60 DAYS   3.14</p>
<p> 90 DAYS   3.18</p>
<p>BANK PAPER</p>
<p> 30 DAYS   3.20</p>
<p> 60 DAYS   3.20</p>
<p> 90 DAYS   3.26</p>
<p>BANKERS ACCEPTANCES</p>
<p> 30 DAYS   3.09</p>
<p> 60 DAYS   3.12</p>
<p> 90 DAYS   3.15</p>
<p>CANADIAN DOLLAR SWAPS</p>
<p> 30 DAYS   2.93</p>
<p> 60 DAYS   3.16</p>
<p> 90 DAYS   3.03</p>
<p>CALL MONEY3.10</p>
<p>DAY MONEY 3.10</p>
<p>PRIME RATE0.75</p>
<p> U.S. DOLLAR BASE RATE   8.25</p>
</text>
<copyright>(c) Reuters Limited 1997</copyright>
<metadata>
<codes class="bip:countries:1.0">
  <code code="CANA">
    <editdetail action="confirmed" attribution="Reuters BIP Coding Group" date="1997-01-28"/>
  </code>
</codes>
<codes class="bip:topics:1.0">
  <code code="M13">
    <editdetail action="confirmed" attribution="Reuters BIP Coding Group" date="1997-01-28"/>
  </code>
  <code code="M131">
    <editdetail action="confirmed" attribution="Reuters BIP Coding Group" date="1997-01-28"/>
  </code>
  <code code="MCAT">
    <editdetail action="confirmed" attribution="Reuters BIP Coding Group" date="1997-01-28"/>
  </code>
</codes>
<dc element="dc.publisher" value="Reuters Holdings Plc"/>
<dc element="dc.date.published" value="1997-01-28"/>
<dc element="dc.source" value="Reuters"/>
<dc element="dc.creator.location.country.name" value="CANADA"/>
<dc element="dc.source" value="Reuters"/>
</metadata>
</newsitem>
