<?xml version="1.0" encoding="ISO-8859-1" standalone="no"?>
<newsitem date="1996-11-26" id="root" itemid="219120" xml:lang="en">
<title>GERMANY: German savings banks want tight money in 1997.</title>
<headline>German savings banks want tight money in 1997.</headline>
<dateline>BONN 1996-11-26</dateline>
<text>
<p>Germany's association of savings banks called on the Bundesbank to set tight money supply growth targets for 1997 as this year's corridor of four to seven percent is likely to be overshot.</p>
<p>The association said in a statement it would be "appropriate" to set a tighter range on money supply growth next year. An expansion of between three and six percent would allow a balanced economic recovery to take place, it said.</p>
<p>On Germany's economic situation, the association said the economy grew again in the third quarter. But recovery had not yet become self-sustaining, was still dependent on exports and lacked support from domestic investment.</p>
<p>-- Bonn newsroom, 49-228-26097150</p>
</text>
<copyright>(c) Reuters Limited 1996</copyright>
<metadata>
<codes class="bip:countries:1.0">
  <code code="GFR">
    <editdetail action="confirmed" attribution="Reuters BIP Coding Group" date="1996-11-26"/>
  </code>
</codes>
<codes class="bip:topics:1.0">
  <code code="E12">
    <editdetail action="confirmed" attribution="Reuters BIP Coding Group" date="1996-11-26"/>
  </code>
  <code code="E121">
    <editdetail action="confirmed" attribution="Reuters BIP Coding Group" date="1996-11-26"/>
  </code>
  <code code="ECAT">
    <editdetail action="confirmed" attribution="Reuters BIP Coding Group" date="1996-11-26"/>
  </code>
</codes>
<dc element="dc.date.created" value="1996-11-26"/>
<dc element="dc.publisher" value="Reuters Holdings Plc"/>
<dc element="dc.date.published" value="1996-11-26"/>
<dc element="dc.source" value="Reuters"/>
<dc element="dc.creator.location" value="BONN"/>
<dc element="dc.creator.location.country.name" value="GERMANY"/>
<dc element="dc.source" value="Reuters"/>
</metadata>
</newsitem>
