<?xml version="1.0" encoding="ISO-8859-1" standalone="no"?>
<newsitem date="1997-01-28" id="root" itemid="337838" xml:lang="en">
<title>USA: Citicorp loses legal round in Lloyd's case.</title>
<headline>Citicorp loses legal round in Lloyd's case.</headline>
<dateline>NEW YORK 1997-01-28</dateline>
<text>
<p>A U.S. court has ruled for plaintiffs in early legal skirmishing in a lawsuit alleging a Citicorp unit mishandled trust funds of the Lloyd's of London insurance market.</p>
<p>On January 24, Judge Robert Sweet of the U.S. District court for the Southern District of New York denied part of Citibank's motion to dismiss the case, allowing it to go forward in New York.</p>
<p>The 65-page written opinion found for Citibank on one of its claims but ruled against Citibank on other claims.</p>
<p>Sweet ruled that the bank could not invoke the so-called forum selection clauses in the contracts between Lloyd's and its investors who are known as "Names." The clauses say that disputes must be litigated in the United Kingdom.</p>
<p>The judge instructed attorneys for the plaintiffs to amend the complaint to include in the definition of a class all Names who underwrote American business. Plaintiffs' attorneys were also told to submit additional facts "related to their request for an injuncton prohibiting Citibank from transferring funds to Lloyd's."</p>
<p>A spokesman for the plaintiffs said that under Sweet's order, the group's complaint will be amended to include in the class definition all Names, including non-U.S. and U.S. citizens, who have participated in Lloyd's American insurance business.</p>
<p>Citicorp spokesman John Morris said the ruling "was in the context of Citibank's motion to dismiss the complaint, which required that he accept all of plaintiffs' allegations as true for the purpose of deciding the motion even though those allegations have not yet been tested, and even though Citibank's side has not been heard."</p>
<p>Citibank served as trustee of the Lloyd's American Trust Fund, which held premiums and other payments made by underwriting Names for insurance policies payable in American dollars. "Citibank has accounted for all of those funds, and is confident that no Name has lost a single dollar because of Citibank's administration of the trust fund," the bank's statement said.</p>
<p>Sweet must still rule on whether to certify it as a class action.</p>
<p>Citicorp has maintained that its actions were scrupulous and that they conformed to the Trust agreement.</p>
<p>About 95 percent of Names worldwide agreed to a plan to reorganize Lloyd's, resinsuring billions of dollars through a new company called Equitas.</p>
<p>((Cal Mankowski/New York Newsdesk/212 859 1732))</p>
</text>
<copyright>(c) Reuters Limited 1997</copyright>
<metadata>
<codes class="bip:countries:1.0">
  <code code="USA">
    <editdetail action="confirmed" attribution="Reuters BIP Coding Group" date="1997-01-28"/>
  </code>
</codes>
<codes class="bip:industries:1.0">
  <code code="I81402">
    <editdetail action="confirmed" attribution="Reuters BIP Coding Group" date="1997-01-28"/>
  </code>
  <code code="I82003">
    <editdetail action="confirmed" attribution="Reuters BIP Coding Group" date="1997-01-28"/>
  </code>
</codes>
<codes class="bip:topics:1.0">
  <code code="C12">
    <editdetail action="confirmed" attribution="Reuters BIP Coding Group" date="1997-01-28"/>
  </code>
  <code code="CCAT">
    <editdetail action="confirmed" attribution="Reuters BIP Coding Group" date="1997-01-28"/>
  </code>
  <code code="GCAT">
    <editdetail action="confirmed" attribution="Reuters BIP Coding Group" date="1997-01-28"/>
  </code>
  <code code="GCRIM">
    <editdetail action="confirmed" attribution="Reuters BIP Coding Group" date="1997-01-28"/>
  </code>
</codes>
<dc element="dc.date.created" value="1997-01-28"/>
<dc element="dc.publisher" value="Reuters Holdings Plc"/>
<dc element="dc.date.published" value="1997-01-28"/>
<dc element="dc.source" value="Reuters"/>
<dc element="dc.creator.location" value="NEW YORK"/>
<dc element="dc.creator.location.country.name" value="USA"/>
<dc element="dc.source" value="Reuters"/>
</metadata>
</newsitem>
