<?xml version="1.0" encoding="ISO-8859-1" standalone="no"?>
<newsitem date="1997-01-28" id="root" itemid="338063" xml:lang="en">
<title>ITALY: Italy awaits EU decision on plan to end milk row.</title>
<headline>Italy awaits EU decision on plan to end milk row.</headline>
<dateline>ROME 1997-01-28</dateline>
<text>
<p>Italy said on Tuesday it was waiting for a decision from Brussels on whether a proposal to end a bitter row over European Union fines for milk overproduction would prove acceptable.</p>
<p>"The government is waiting to hear from Brussels its view on the possibility of making farmers pay a first instalment of the fines immediately, and leaving the rest of the payment until an inquiry commission on quotas has finished work," Prime Minister Romano Prodi's spokesman, Francesco Luna, told reporters.</p>
<p>The government said on Monday after a meeting between Prodi, Agriculture Minister Michele Pinto and farmers' leaders, that it would present a decree law including cheap loans and grants to make up for lost income and a restructuring of milk production.</p>
<p>A government statement on Monday night said those proposals had been given the green light by the European Commission.</p>
<p>Farmers have welcomed the government's plan to set up a commission to examine the whole problem, which centres on EU "super-levy" fines, due to be paid by Friday, for overshooting Italy's 1995-96 milk quota by some 400,000 tonnes.</p>
<p>But they are against paying even a first tranche of the fines because they say the government is to blame for the overproduction problem. The fines add up to some 370 billion lire ($230 million).</p>
<p>Under the present quota system, farmers are allowed to produce 9.9 million tonnes of milk, compared with Italy's total consumption of 18 million tonnes. Pinto has already asked the EU formally to raise Italy's quota to 10.5 million tonnes.</p>
<p>Farmers, who have taken to the streets in their tractors and staged nearly two weeks of protests to press their demands, have largely put their action on ice pending the outcome of talks with the government.</p>
</text>
<copyright>(c) Reuters Limited 1997</copyright>
<metadata>
<codes class="bip:countries:1.0">
  <code code="BELG">
    <editdetail action="confirmed" attribution="Reuters BIP Coding Group" date="1997-01-28"/>
  </code>
  <code code="EEC">
    <editdetail action="confirmed" attribution="Reuters BIP Coding Group" date="1997-01-28"/>
  </code>
  <code code="ITALY">
    <editdetail action="confirmed" attribution="Reuters BIP Coding Group" date="1997-01-28"/>
  </code>
</codes>
<codes class="bip:topics:1.0">
  <code code="C21">
    <editdetail action="confirmed" attribution="Reuters BIP Coding Group" date="1997-01-28"/>
  </code>
  <code code="CCAT">
    <editdetail action="confirmed" attribution="Reuters BIP Coding Group" date="1997-01-28"/>
  </code>
</codes>
<dc element="dc.date.created" value="1997-01-28"/>
<dc element="dc.publisher" value="Reuters Holdings Plc"/>
<dc element="dc.date.published" value="1997-01-28"/>
<dc element="dc.source" value="Reuters"/>
<dc element="dc.creator.location" value="ROME"/>
<dc element="dc.creator.location.country.name" value="ITALY"/>
<dc element="dc.source" value="Reuters"/>
</metadata>
</newsitem>
