<?xml version="1.0" encoding="ISO-8859-1" standalone="no"?>
<newsitem date="1997-01-28" id="root" itemid="338206" xml:lang="en">
<title>BANGLADESH: Britain asks Bangladesh for more economic reforms.</title>
<headline>Britain asks Bangladesh for more economic reforms.</headline>
<dateline>DHAKA 1997-01-28</dateline>
<text>
<p>Britain said on Tuesday it was keen to increase investment in Bangladesh but said Dhaka needed to maintain political stability, introduce further economic reforms and reduce red tape.</p>
<p>"Bangladesh must continue the progress of liberalisation of the reform process if it wants to secure further foreign direct investment," Sir Martin Laing, chairman of the British Overseas Trade Board, told a news conference at the end of a three-day visit.</p>
<p>Laing, who headed a six-member British business delegation, met Prime Minister Sheikh Hasina and held talks with government officials and business leaders.</p>
<p>"The UK stressed the need for continuous political stability, the need for transparency in the formulation of policy and in consideration of projects and...speed in decision making and reduction of bureaucracy," he said</p>
<p>Laing said the investment climate in Bangladesh had improved recently.</p>
<p>He said Bangladesh's trade ties with Britain had also shown an upswing after British firm Cairn Energy Plc signed a deal with state-owned Petrobangla for gas exploration during a recent visit to Dhaka by Prime Minister John Major.</p>
</text>
<copyright>(c) Reuters Limited 1997</copyright>
<metadata>
<codes class="bip:countries:1.0">
  <code code="BANDH">
    <editdetail action="confirmed" attribution="Reuters BIP Coding Group" date="1997-01-28"/>
  </code>
  <code code="UK">
    <editdetail action="confirmed" attribution="Reuters BIP Coding Group" date="1997-01-28"/>
  </code>
</codes>
<codes class="bip:topics:1.0">
  <code code="E11">
    <editdetail action="confirmed" attribution="Reuters BIP Coding Group" date="1997-01-28"/>
  </code>
  <code code="E12">
    <editdetail action="confirmed" attribution="Reuters BIP Coding Group" date="1997-01-28"/>
  </code>
  <code code="E51">
    <editdetail action="confirmed" attribution="Reuters BIP Coding Group" date="1997-01-28"/>
  </code>
  <code code="ECAT">
    <editdetail action="confirmed" attribution="Reuters BIP Coding Group" date="1997-01-28"/>
  </code>
</codes>
<dc element="dc.date.created" value="1997-01-28"/>
<dc element="dc.publisher" value="Reuters Holdings Plc"/>
<dc element="dc.date.published" value="1997-01-28"/>
<dc element="dc.source" value="Reuters"/>
<dc element="dc.creator.location" value="DHAKA"/>
<dc element="dc.creator.location.country.name" value="BANGLADESH"/>
<dc element="dc.source" value="Reuters"/>
</metadata>
</newsitem>
