<?xml version="1.0" encoding="ISO-8859-1" standalone="no"?>
<newsitem date="1996-12-20" id="root" itemid="270704" xml:lang="en">
<title>USA: Alleged Arizona militia members plead guilty.</title>
<headline>Alleged Arizona militia members plead guilty.</headline>
<dateline>PHOENIX, Ariz. 1996-12-19</dateline>
<text>
<p>Two members of the self-styled "Viper Militia," which was originally suspected of plotting to bomb public buildings, pleaded guilty Thursday to federal felony charges.</p>
<p>Gary Bauer, 50, admitted to 11 conspiracy and weapons-related charges during a brief appearance before a U.S. magistrate in a Phoenix courtroom.</p>
<p>Randy Nelson, another Viper Militia member, pleaded guilty to four charges, including conspiracy and weapons offences.</p>
<p>Bauer's attorney James Logan said the decision to change his client's original plea was a common-sense move.</p>
<p>"He just thought it would be in his best interests," Logan told Reuters. "The sentencing guidelines reward people who accept responsibility for their actions."</p>
<p>Logan said the plea was not part of a deal with government prosecutors to testify against other members of the Arizona-based group. Bauer was one of 12 group members rounded up in a series of raids July 1.</p>
<p>U.S. Attorney Janet Napolitano stressed there was no deal, saying Bauer and Nelson had exercised their right "to go into court and plead guilty without any agreement."</p>
<p>Group members were initially accused by the government of plotting to blow up public and private buildings, and officials seized a videotape showing federal buildings in the Phoenix area. Videotapes also showed militia members firing weapons and setting off explosions in the Arizona desert.</p>
<p>But the group members were not charged with these offences after prosecutors acknowledged at detention hearings that there was no imminent threat.</p>
<p>Bauer was charged with unlawful possession of unregistered machine guns, unlawful possession of other unregistered destructive devices, furnishing instruction in the use of explosive devices and conspiracy to unlawfully make and possess unregistered destructive devices.</p>
<p>He faces a maximum penalty of up to five years in prison and a $250,000 fine for each of the 11 counts, when he is scheduled to be sentenced March 3.</p>
<p>The remaining Viper members are expected to go on trial Jan. 27.</p>
</text>
<copyright>(c) Reuters Limited 1996</copyright>
<metadata>
<codes class="bip:countries:1.0">
  <code code="USA">
    <editdetail action="confirmed" attribution="Reuters BIP Coding Group" date="1996-12-20"/>
  </code>
</codes>
<codes class="bip:topics:1.0">
  <code code="GCAT">
    <editdetail action="confirmed" attribution="Reuters BIP Coding Group" date="1996-12-20"/>
  </code>
  <code code="GCRIM">
    <editdetail action="confirmed" attribution="Reuters BIP Coding Group" date="1996-12-20"/>
  </code>
  <code code="GVIO">
    <editdetail action="confirmed" attribution="Reuters BIP Coding Group" date="1996-12-20"/>
  </code>
</codes>
<dc element="dc.date.created" value="1996-12-19"/>
<dc element="dc.publisher" value="Reuters Holdings Plc"/>
<dc element="dc.date.published" value="1996-12-20"/>
<dc element="dc.source" value="Reuters"/>
<dc element="dc.creator.location" value="PHOENIX, Ariz."/>
<dc element="dc.creator.location.country.name" value="USA"/>
<dc element="dc.source" value="Reuters"/>
</metadata>
</newsitem>
