<?xml version="1.0" encoding="ISO-8859-1" standalone="no"?>
<newsitem date="1997-01-28" id="root" itemid="337274" xml:lang="en">
<title>RUSSIA: Chechen official says Maskhadov to win outright.</title>
<headline>Chechen official says Maskhadov to win outright.</headline>
<byline>Alastair Macdonald</byline>
<dateline>GROZNY, Russia 1997-01-28</dateline>
<text>
<p>Aslan Maskhadov, who led Chechnya's tiny guerrilla army to victory over Russian forces last year, is likely to be elected president outright after a first round of voting, a electoral official said on Tuesday.</p>
<p>"There's a very great likelihood he'll go through on the first round," Bilal Ozdemirov of the Central Electoral Commission told reporters as counting continued after Monday's presidential and parliamentary elections across the mountainous Moslem region.</p>
<p>He said with ten to 20 percent of votes counted, hardline guerrilla leader Shamil Basayev was in second place. Maskhadov needed 50 percent to avoid a second-round run-off.</p>
<p>Ozdemirov said turnout at 9 p.m. (1800 GMT) on Monday, an hour before polls closed, was estimated at 61 percent or 265,000 votes. Polling was extended by two hours to cope with long queues.</p>
<p>The Central Election Commission has declared the poll valid, saying well over the required 50 percent of eligible voters had cast their ballots.</p>
<p>Speaking outside the Commission headquarters in devastated central Grozny, Commission member Ozdemirov said Maskhadov led in virtually every polling station across the region which had returned data.</p>
<p>Maskhadov's margin over Basayev was generally greater than that between Basayev and the third-placed candidate, acting president Zelimkhan Yandarbiyev, Ozdemirov said.</p>
<p>A preliminary result could be available "towards lunchtime", he added.</p>
<p>The elections are a crucial step in restoring order and stability in the region still heavily scarred by 21 months of fierce fighting between Russian troops and rebel guerrillas bent on proclaiming Chechnya a fully independent state.</p>
<p>Over 100 foreign observers are in Chechnya to monitor an election for the first time. Several observers from the Organisation for Security and Cooperation in Europe (OSCE) said they were impressed by the smoothness of the process.</p>
<p>Maskhadov, a 45-year-old former Soviet artillery colonel, is popular with voters not just for leading their tiny guerrilla army to victory last August but for the quiet level-headedness he showed in peace negotiations with Moscow in the autumn.</p>
<p>"I see our land flourishing under Maskhadov. He has more experience (than the others)," said one elderly man dressed in a a handmade sheepskin coat, after casting his vote.</p>
<p>Basayev is likely to do much better in the southern mountain districts around his home base of Vedeno. But the trend among voters questioned on Monday in the main centres of population and among war refugees bussed over the border from neighbouring regions was clearly in favour of Maskhadov.</p>
<p>A victory for Maskhadov would be greeted with some relief in the Kremlin. A win for Basayev, who is wanted as a "terrorist" in Russia, would be a nightmarish embarrassment for President Boris Yeltsin, who has admitted sending troops to crush Chechen independence in 1994 was a big mistakes.</p>
<p>All the candidates, however, are committed to turning the de facto independence secured by the withdrawal of Russian troops last year into full-fledged sovereign statehood -- something Moscow refuses to countenance.</p>
<p>Maskhadov has pledged to restore order to a region awash with weapons and to work with all the guerrilla leaders to avert Chechnya sinking into Afghan-style anarchy. He also wants Moscow to make good on promises of aid to rebuild the shattered economy, which was based on oil refining and pipelines.</p>
</text>
<copyright>(c) Reuters Limited 1997</copyright>
<metadata>
<codes class="bip:countries:1.0">
  <code code="RUSS">
    <editdetail action="confirmed" attribution="Reuters BIP Coding Group" date="1997-01-28"/>
  </code>
</codes>
<codes class="bip:topics:1.0">
  <code code="GCAT">
    <editdetail action="confirmed" attribution="Reuters BIP Coding Group" date="1997-01-28"/>
  </code>
  <code code="GPOL">
    <editdetail action="confirmed" attribution="Reuters BIP Coding Group" date="1997-01-28"/>
  </code>
  <code code="GVOTE">
    <editdetail action="confirmed" attribution="Reuters BIP Coding Group" date="1997-01-28"/>
  </code>
</codes>
<dc element="dc.date.created" value="1997-01-28"/>
<dc element="dc.publisher" value="Reuters Holdings Plc"/>
<dc element="dc.date.published" value="1997-01-28"/>
<dc element="dc.source" value="Reuters"/>
<dc element="dc.creator.location" value="GROZNY, Russia"/>
<dc element="dc.creator.location.country.name" value="RUSSIA"/>
<dc element="dc.source" value="Reuters"/>
</metadata>
</newsitem>
