<?xml version="1.0" encoding="ISO-8859-1" standalone="no"?>
<newsitem date="1997-01-28" id="root" itemid="336707" xml:lang="en">
<title>USA: BOK Financial Corp Q4 net up.</title>
<headline>BOK Financial Corp Q4 net up.</headline>
<dateline>TULSA, Okla. 1997-01-28</dateline>
<text>
<p>1996			1995</p>
<p> Shr primary		$0.87		    $0.68</p>
<p> Shr diluted		$0.60		    $0.53</p>
<p> Net			 14,566		   12,663</p>
<p> Avg shrs primary	21,370		   21,192</p>
<p> Avg shrs diluted	24,219		   24,006</p>
<p>(All data above 000s except per share numbers)  </p>
<p>		  YEAR</p>
<p> Shr primary		$2.48		    $2.25</p>
<p> Shr diluted		$2.24		    $2.05</p>
<p> Net			 54,127		   49,205</p>
<p> Avg shrs primary	21,234		   21,181</p>
<p> Avg shrs diluted	24,206		   24,002</p>
<p>(All data above 000s except per share numbers)</p>
<p>NOTE: 1996 year results include non-recurring charges of $7.6 million resulting from federal legislative action to recapitalize the Savings Association Insurance Fund and from the writeoff of core deposit intangible assets related to SAIF-insured deposits taken in earlier quarters.</p>
<p>Assets $4.62 billion vs $4.24 billion</p>
<p>Deposits $3.26 billion vs $2.94 billion</p>
<p>Loans $2.35 billion vs $2.16 billion</p>
<p>	     ((Chicago newsdesk 312 408-8787))</p>
</text>
<copyright>(c) Reuters Limited 1997</copyright>
<metadata>
<codes class="bip:countries:1.0">
  <code code="USA">
    <editdetail action="confirmed" attribution="Reuters BIP Coding Group" date="1997-01-28"/>
  </code>
</codes>
<codes class="bip:industries:1.0">
  <code code="I81402">
    <editdetail action="confirmed" attribution="Reuters BIP Coding Group" date="1997-01-28"/>
  </code>
</codes>
<codes class="bip:topics:1.0">
  <code code="C15">
    <editdetail action="confirmed" attribution="Reuters BIP Coding Group" date="1997-01-28"/>
  </code>
  <code code="C151">
    <editdetail action="confirmed" attribution="Reuters BIP Coding Group" date="1997-01-28"/>
  </code>
  <code code="C1511">
    <editdetail action="confirmed" attribution="Reuters BIP Coding Group" date="1997-01-28"/>
  </code>
  <code code="CCAT">
    <editdetail action="confirmed" attribution="Reuters BIP Coding Group" date="1997-01-28"/>
  </code>
</codes>
<dc element="dc.date.created" value="1997-01-28"/>
<dc element="dc.publisher" value="Reuters Holdings Plc"/>
<dc element="dc.date.published" value="1997-01-28"/>
<dc element="dc.source" value="Reuters"/>
<dc element="dc.creator.location" value="TULSA, Okla."/>
<dc element="dc.creator.location.country.name" value="USA"/>
<dc element="dc.source" value="Reuters"/>
</metadata>
</newsitem>
