<?xml version="1.0" encoding="ISO-8859-1" standalone="no"?>
<newsitem date="1996-12-20" id="root" itemid="270725" xml:lang="en">
<title>USA: Pharmacia &amp; Upjohn/Gilead get European Vistide ok.</title>
<headline>Pharmacia &amp; Upjohn/Gilead get European Vistide ok.</headline>
<dateline>NEW YORK 1996-12-20</dateline>
<text>
<p>Pharmacia &amp; Upjohn Inc and Gilead Sciences Inc said Friday that the Committee for Proprietary Medicinal Products has recommended that Vistide, an intravenous treatment for cytomegalovirus retinitis in patients with AIDS, be cleared for marketing in Europe.</p>
<p>A viral infection of the retina, CMV retinitis is an opportunistic infection that progressively affects a patient's vision over time and may ultimately lead to blindness, a statement from the companies said.</p>
<p>CMV retinitis affects 15 to 40 per cent of AIDS patients, usually those with fewer than 50 CD4 T-cells, the statement said.</p>
</text>
<copyright>(c) Reuters Limited 1996</copyright>
<metadata>
<codes class="bip:countries:1.0">
  <code code="EUR">
    <editdetail action="confirmed" attribution="Reuters BIP Coding Group" date="1996-12-20"/>
  </code>
  <code code="USA">
    <editdetail action="confirmed" attribution="Reuters BIP Coding Group" date="1996-12-20"/>
  </code>
</codes>
<codes class="bip:industries:1.0">
  <code code="I25700">
    <editdetail action="confirmed" attribution="Reuters BIP Coding Group" date="1996-12-20"/>
  </code>
</codes>
<codes class="bip:topics:1.0">
  <code code="C13">
    <editdetail action="confirmed" attribution="Reuters BIP Coding Group" date="1996-12-20"/>
  </code>
  <code code="C22">
    <editdetail action="confirmed" attribution="Reuters BIP Coding Group" date="1996-12-20"/>
  </code>
  <code code="CCAT">
    <editdetail action="confirmed" attribution="Reuters BIP Coding Group" date="1996-12-20"/>
  </code>
  <code code="GCAT">
    <editdetail action="confirmed" attribution="Reuters BIP Coding Group" date="1996-12-20"/>
  </code>
  <code code="GHEA">
    <editdetail action="confirmed" attribution="Reuters BIP Coding Group" date="1996-12-20"/>
  </code>
</codes>
<dc element="dc.date.created" value="1996-12-20"/>
<dc element="dc.publisher" value="Reuters Holdings Plc"/>
<dc element="dc.date.published" value="1996-12-20"/>
<dc element="dc.source" value="Reuters"/>
<dc element="dc.creator.location" value="NEW YORK"/>
<dc element="dc.creator.location.country.name" value="USA"/>
<dc element="dc.source" value="Reuters"/>
</metadata>
</newsitem>
