<?xml version="1.0" encoding="ISO-8859-1" standalone="no"?>
<newsitem date="1997-01-28" id="root" itemid="337715" xml:lang="en">
<title>USA: Clinton says spread of liberty inevitable in China.</title>
<headline>Clinton says spread of liberty inevitable in China.</headline>
<byline>Steve Holland</byline>
<dateline>WASHINGTON 1997-01-28</dateline>
<text>
<p>President Bill Clinton defended U.S. policy toward China on Tuesday and predicted the "spread of liberty" will grow in the communist state, saying: "I just think it's inevitable, just as the Berlin Wall fell."</p>
<p>The comments, as close as Clinton has ever come to predicting the ultimate demise of the communist government in Beijing, came at a time when the United States and China are working to arrange reciprocal summits between Clinton and Chinese President Jiang Zemin.</p>
<p>"I believe that the impulses of the society and the nature of the economic changes will work together, along with the availability of information from the outside world, to increase the spirit of liberty over time," Clinton said.</p>
<p>"I don't think that there's any way that anyone who disagrees with that in China can hold that back. I just think it's inevitable, just as the Berlin Wall fell," he said.</p>
<p>Clinton spoke two days before the United States issues its annual report on human rights conditions. Officials said the report, due out on Thursday, concludes that by the end of 1996 there were no active dissidents left in China who had not been jailed or exiled.</p>
<p>At a White House news conference, Clinton was asked whether his policy of "constructive engagement" with China had failed to achieve marked improvement in China's human rights policy. The "constructive engagement" policy seeks to avoid having any single issue  -- such as human rights or weapons proliferation -- dominate the relationship so that high-level talks can continue in spite of political differences.</p>
<p>"It means that we have not made the progress in human rights that I had hoped to make," Clinton said.</p>
<p>But he said he doubted a policy of isolating America from China would have achieved better results.</p>
<p>"I still believe, over the long run, being engaged with China, working with them where we can agree ... and continuing to be honest and forthright and insistent where we disagree, has the greatest likelihood of having a positive impact on China," Clinton said.</p>
<p>Clinton also gave Beijing some advice on Hong Kong, which is to return to Chinese rule on July 1. He said the thriving economic centre might be of less value to China if the civil liberties of its people were crushed.</p>
<p>"I'm not so sure that it can exist with all of its potential to help China modernise its own economy and open opportunities for its own people, if the civil liberties of the people are crushed," he said. "So I think it would be wrong on its own merits, but I think it might wind up being less useful to China.</p>
<p>"So I would hope very much that they would look for ways to maximize the continuation not only of the economic system but of the personal freedoms that the people of Hong Kong have enjoyed in making it such an economic engine," Clinton said.</p>
<p>A U.S. team is now in Beijing seeking a meaningful gesture from China on human rights that could make it unnecessary for the United States to sponsor a U.N. resolution faulting China's policy.</p>
<p>Officials said the team, led by the National Security Council's chief Asian expert, Sandra Kristoff, is also discussing the full range of issues between the two countries, including weapons proliferation and security on the Korean peninsula.</p>
<p>There is the possibility of a summit meeting in November between Clinton and Jiang associated with Jiang's visit to Vancouver, British Columbia, for the annual summit of leaders from Asian-Pacific Economic Cooperation countries, which Clinton is also to attend.</p>
<p>Vice President Al Gore is expected to travel to Beijing within the next few months.</p>
</text>
<copyright>(c) Reuters Limited 1997</copyright>
<metadata>
<codes class="bip:countries:1.0">
  <code code="CHINA">
    <editdetail action="confirmed" attribution="Reuters BIP Coding Group" date="1997-01-28"/>
  </code>
  <code code="USA">
    <editdetail action="confirmed" attribution="Reuters BIP Coding Group" date="1997-01-28"/>
  </code>
</codes>
<codes class="bip:topics:1.0">
  <code code="GCAT">
    <editdetail action="confirmed" attribution="Reuters BIP Coding Group" date="1997-01-28"/>
  </code>
  <code code="GDIP">
    <editdetail action="confirmed" attribution="Reuters BIP Coding Group" date="1997-01-28"/>
  </code>
</codes>
<dc element="dc.date.created" value="1997-01-28"/>
<dc element="dc.publisher" value="Reuters Holdings Plc"/>
<dc element="dc.date.published" value="1997-01-28"/>
<dc element="dc.source" value="Reuters"/>
<dc element="dc.creator.location" value="WASHINGTON"/>
<dc element="dc.creator.location.country.name" value="USA"/>
<dc element="dc.source" value="Reuters"/>
</metadata>
</newsitem>
