<?xml version="1.0" encoding="ISO-8859-1" standalone="no"?>
<newsitem date="1997-01-28" id="root" itemid="337256" xml:lang="en">
<title>YUGOSLAVIA: Serbia's opposition launches rival town council.</title>
<headline>Serbia's opposition launches rival town council.</headline>
<byline>Dan De Luce</byline>
<dateline>BELGRADE 1997-01-28</dateline>
<text>
<p>Serbia's opposition formed a rival government in a major provincial town on Tuesday and said it might use the same tactic in other towns where Socialists annulled results of municipal elections.</p>
<p>The Zajedno (Together) coalition swore in an opposition town council in a street ceremony in Smederevska Palanka after police prevented them from entering the municipal building along with 230 supporters.</p>
<p>Inside, President Slobodan Milosevic's Socialist Party convened its version of the new town council with a leftist majority which Zajedno says was obtained by fraud.</p>
<p>Smederevska Palanka, 80 km (50 miles) south of the capital Belgrade, was among 14 Serbian towns where opposition victories in local elections last November were voided by the Socialists on grounds of unspecified "irregularities".</p>
<p>Vuk Draskovic, one of the national leaders of Zajedno, said in Belgrade the coalition might consider establishing its own council in the capital as well. State-influenced courts annulled an opposition majority in Belgrade.</p>
<p>"They did it in Smederevska Palanka (after all). They respected the law," Draskovic told a news conference.</p>
<p>Zajedno has staged 10 straight weeks of street protests against election fraud, posing the most serious threat to Milosevic's authority since he rose to power in 1987.</p>
<p>The protests, backed by university students, have punctured Milosevic's aura of invincibility and show no sign of fading.</p>
<p>Riot police have forced the opposition to cancel mass demonstrations which blocked traffic in the city centre but Zajedno has organised smaller marches around the capital.</p>
<p>Russian First Deputy Foreign Minister Igor Ivanov, whose government enjoys friendly relations with Serbia, arrived in Belgrade on Sunday for talks with government and Zajedno representatives to promote compromise solutions.</p>
<p>After Milosevic met Ivanov on Tuesday, the state Tanjug news agency said the two agreed that a state's internal problems should not be resolved by "external interference".</p>
<p>The United States has led Western condemnation of Milosevic's handling of the crisis, protesting police beatings and demanding his party accept election results.</p>
<p>The Socialists have admitted defeat in only four towns while blocking change in the others with litigation or by staging more elections, which were boycotted by Zajedno. Police have also begun beating opposition activists.</p>
<p>The protests have exposed divisions within Milosevic's ranks and criticism from the republic of Montenegro, Serbia's junior partner in the Yugoslav federation.</p>
<p>Socialist officials, trying to defuse the political crisis, have promised a major reshuffle of government posts. They announced on Tuesday the sacking of the directors of the state power company and telephone company.</p>
<p>Zajedno's move in Smederevska Palanka raised the stakes in the confrontation with Milosevic and could pave the way for competing authorities in Belgrade and other towns.</p>
<p>The opposition ceremony was based on results of the November 17 elections in which it won 26 of 49 seats. A state-influenced court later ruled the Socialists had captured 25 seats and Zajedno 24.</p>
<p>Police cordoned off the town hall and said they were authorised to allow only 24 Zajedno deputies to enter and without 230 supporters invited by the opposition. Both conditions were rejected by Zajedno leaders.</p>
<p>After an hour-long standoff at the town hall entrance, Zajedno deputies convened in the street outside, electing a council president, two vice presidents and other officials.</p>
<p>Zajedno vowed to assemble the council every day in the street until the original election results were recognised.</p>
<p>Zajedno lost a legal tussle over the election outcome in Belgrade when a district court on Monday dismissed appeals from an electoral commission and upheld earlier rulings that the Socialists captured a majority in the capital.</p>
<p>Electoral commission chairman Radomir Lazarevic was enraged by what he called a purely political decision. Aides said on Tuesday it would be contested in an appeal to the Serbian Supreme Court.</p>
</text>
<copyright>(c) Reuters Limited 1997</copyright>
<metadata>
<codes class="bip:countries:1.0">
  <code code="YUG">
    <editdetail action="confirmed" attribution="Reuters BIP Coding Group" date="1997-01-28"/>
  </code>
</codes>
<codes class="bip:topics:1.0">
  <code code="GCAT">
    <editdetail action="confirmed" attribution="Reuters BIP Coding Group" date="1997-01-28"/>
  </code>
  <code code="GPOL">
    <editdetail action="confirmed" attribution="Reuters BIP Coding Group" date="1997-01-28"/>
  </code>
</codes>
<dc element="dc.date.created" value="1997-01-28"/>
<dc element="dc.publisher" value="Reuters Holdings Plc"/>
<dc element="dc.date.published" value="1997-01-28"/>
<dc element="dc.source" value="Reuters"/>
<dc element="dc.creator.location" value="BELGRADE"/>
<dc element="dc.creator.location.country.name" value="YUGOSLAVIA"/>
<dc element="dc.source" value="Reuters"/>
</metadata>
</newsitem>
