<?xml version="1.0" encoding="ISO-8859-1" standalone="no"?>
<newsitem date="1997-01-28" id="root" itemid="338019" xml:lang="en">
<title>USA: IBM sets stock split, dividend.</title>
<headline>IBM sets stock split, dividend.</headline>
<dateline>ARMONK, N.Y. 1997-01-28</dateline>
<text>
<p>International Business Machines Corp. said Tuesday it would split its stock 2-for-1 and declared a regular quarterly cash dividend of 35 cents a share before the split.</p>
<p>The world's largest computer maker said its board had approved the stock split subject to shareholders approving an increase in the number of authorized common shares.  </p>
<p>IBM's stock, which had fallen in recent sessions after the company last week reported fourth quarter earnings that disappointed Wall Street, bounced back and rose $6.75 to $152.50 in active New York Stock Exchange trading.</p>
<p>The stock is one of the most widely held by individual and institutional investors worldwide and is one of the 30 issues in the Dow Jones industrial average.</p>
<p>IBM said last Tuesday that earnings rose 18 percent to $2 billion, or $3.93 a share, in the quarter, but several analysts said they were disappointed by sluggish mainframe sales and other factors. Before the report, IBM's share price had doubled in the last year or so.</p>
<p>The company said the board proposed raising the number of authorised common shares to 1.875 billion from 750 million. It said the record date for the split was May 9 and that the split shares will be distributed on May 27. It also said its annual shareholders meeting will be held on April 29 in Dallas.</p>
</text>
<copyright>(c) Reuters Limited 1997</copyright>
<metadata>
<codes class="bip:countries:1.0">
  <code code="USA">
    <editdetail action="confirmed" attribution="Reuters BIP Coding Group" date="1997-01-28"/>
  </code>
</codes>
<codes class="bip:industries:1.0">
  <code code="I33020">
    <editdetail action="confirmed" attribution="Reuters BIP Coding Group" date="1997-01-28"/>
  </code>
  <code code="I3302003">
    <editdetail action="confirmed" attribution="Reuters BIP Coding Group" date="1997-01-28"/>
  </code>
</codes>
<codes class="bip:topics:1.0">
  <code code="C15">
    <editdetail action="confirmed" attribution="Reuters BIP Coding Group" date="1997-01-28"/>
  </code>
  <code code="C151">
    <editdetail action="confirmed" attribution="Reuters BIP Coding Group" date="1997-01-28"/>
  </code>
  <code code="C17">
    <editdetail action="confirmed" attribution="Reuters BIP Coding Group" date="1997-01-28"/>
  </code>
  <code code="C171">
    <editdetail action="confirmed" attribution="Reuters BIP Coding Group" date="1997-01-28"/>
  </code>
  <code code="CCAT">
    <editdetail action="confirmed" attribution="Reuters BIP Coding Group" date="1997-01-28"/>
  </code>
</codes>
<dc element="dc.date.created" value="1997-01-28"/>
<dc element="dc.publisher" value="Reuters Holdings Plc"/>
<dc element="dc.date.published" value="1997-01-28"/>
<dc element="dc.source" value="Reuters"/>
<dc element="dc.creator.location" value="ARMONK, N.Y."/>
<dc element="dc.creator.location.country.name" value="USA"/>
<dc element="dc.source" value="Reuters"/>
</metadata>
</newsitem>
