<?xml version="1.0" encoding="ISO-8859-1" standalone="no"?>
<newsitem date="1997-01-28" id="root" itemid="336907" xml:lang="en">
<title>USA: Atlantic Coast jet order to boost capacity.</title>
<headline>Atlantic Coast jet order to boost capacity.</headline>
<dateline>STERLING, Va. 1997-01-28</dateline>
<text>
<p>Atlantic Coast Airlines Inc's 12-jet order from Bombardier Inc will significantly boost the airline's capacity and expand its market focus, Atlantic Coast Chief Executive Kerry Skeen said.</p>
<p>The regional airline said it expects the jet order to increase capacity about 80 percent by September 1998 from the year-end 1996 level.</p>
<p>Atlantic Coast Tuesday ordered 12 Canadair regional jets from Bombardier's regional aircraft division and has options to acquire an additional 36 jets.  </p>
<p>The 12-jet order has a retail value of about $240 million. The value of the order would increase to about $960 million if all the options were exercised, Bombardier executives said.</p>
<p>The airline said it does not expect to take any one-time charges for the aircraft acquisition.</p>
<p>Deliveries of the Canadair regional jet series 200 ER 50-seat aircraft are scheduled to begin as early as July with revenue passenger service beginning in September, the airline said. The airline said will take delivery of four aircraft in 1997 and the remaining eight jets in 1998.  </p>
<p>The Canadair jet is a 50-seat passenger twin-engine aircraft designed for medium-range and small markets.</p>
<p>The 50-seat jet marks an increase over Atlantic Coast's existing fleet of 29-passenger and 19-passenger Aerospace Jetstream aircraft.</p>
<p>Atlantic Coast currently operates 28 Jetstream 41s, 29 Jetstream 32s and has 12 Jetstream 41s on order, which will be delivered between 1997 and 1999.</p>
<p>Atlantic Coast said it plans to use the jets to capitalize on its position at Washington Dulles International Airport while expanding to other potential routes.</p>
<p>The airline said it expects to add service to new cities along the Eastern Seaboard. The airline currently serves 38 cities in 17 states.</p>
<p>"Our niche remains up and down the Atlantic coast market," Skeen said.</p>
<p>Atlantic Coast operates at Washington Dulles as United Express under a marketing partnership with UAL Corp's United Airlines.</p>
<p>((--New York newsdesk 212-859-1610))</p>
</text>
<copyright>(c) Reuters Limited 1997</copyright>
<metadata>
<codes class="bip:countries:1.0">
  <code code="USA">
    <editdetail action="confirmed" attribution="Reuters BIP Coding Group" date="1997-01-28"/>
  </code>
</codes>
<codes class="bip:industries:1.0">
  <code code="I36400">
    <editdetail action="confirmed" attribution="Reuters BIP Coding Group" date="1997-01-28"/>
  </code>
  <code code="I3640010">
    <editdetail action="confirmed" attribution="Reuters BIP Coding Group" date="1997-01-28"/>
  </code>
  <code code="I75000">
    <editdetail action="confirmed" attribution="Reuters BIP Coding Group" date="1997-01-28"/>
  </code>
</codes>
<codes class="bip:topics:1.0">
  <code code="C24">
    <editdetail action="confirmed" attribution="Reuters BIP Coding Group" date="1997-01-28"/>
  </code>
  <code code="C33">
    <editdetail action="confirmed" attribution="Reuters BIP Coding Group" date="1997-01-28"/>
  </code>
  <code code="CCAT">
    <editdetail action="confirmed" attribution="Reuters BIP Coding Group" date="1997-01-28"/>
  </code>
</codes>
<dc element="dc.date.created" value="1997-01-28"/>
<dc element="dc.publisher" value="Reuters Holdings Plc"/>
<dc element="dc.date.published" value="1997-01-28"/>
<dc element="dc.source" value="Reuters"/>
<dc element="dc.creator.location" value="STERLING, Va."/>
<dc element="dc.creator.location.country.name" value="USA"/>
<dc element="dc.source" value="Reuters"/>
</metadata>
</newsitem>
