<?xml version="1.0" encoding="ISO-8859-1" standalone="no"?>
<newsitem date="1997-01-28" id="root" itemid="337700" xml:lang="en">
<title>JORDAN: Electricity, cable firms drag Jordanian shares dow.</title>
<headline>Electricity, cable firms drag Jordanian shares dow.</headline>
<dateline>AMMAN 1997-01-28</dateline>
<text>
<p>Shares on Jordan's stock exchange fell on Tuesday in quiet trade led by easing electricity and cable companies.</p>
<p>The official Amman Financial Market 60-share index lost 0.14 points to 153.40 points in turnover of just 299,000 dinars ($421,000).</p>
<p>Jordan Electric Power led the downward trend, shedding 0.02 dinars to 1.59 dinars in trade worth 56,000 dinars. National Cable and Wire Manufacturing eased 0.11 dinars to 2.35 dinars.</p>
<p>But brokers said there were few fundamentals driving trade on another quiet day becalmed by the Moslem fasting month of Ramadan.</p>
<p>Shares worth 36,000 dinars were traded in the heavyweight Arab Bank but it closed unchanged at 255.50 dinars.</p>
<p>Overall, declining shares outnumbered gainers by 15 to six, with shares in another 13 companies trading to close unchanged.</p>
<p>The private Pearl Investable Index of the 45 best performing shares on the exchange fell 0.15 percent to 81.56 points.</p>
<p>$1 = 0.7080 dinar</p>
<p>-- Amman newsroom, 962 6 623 776</p>
</text>
<copyright>(c) Reuters Limited 1997</copyright>
<metadata>
<codes class="bip:countries:1.0">
  <code code="JORDAN">
    <editdetail action="confirmed" attribution="Reuters BIP Coding Group" date="1997-01-28"/>
  </code>
</codes>
<codes class="bip:topics:1.0">
  <code code="M11">
    <editdetail action="confirmed" attribution="Reuters BIP Coding Group" date="1997-01-28"/>
  </code>
  <code code="MCAT">
    <editdetail action="confirmed" attribution="Reuters BIP Coding Group" date="1997-01-28"/>
  </code>
</codes>
<dc element="dc.date.created" value="1997-01-28"/>
<dc element="dc.publisher" value="Reuters Holdings Plc"/>
<dc element="dc.date.published" value="1997-01-28"/>
<dc element="dc.source" value="Reuters"/>
<dc element="dc.creator.location" value="AMMAN"/>
<dc element="dc.creator.location.country.name" value="JORDAN"/>
<dc element="dc.source" value="Reuters"/>
</metadata>
</newsitem>
