<?xml version="1.0" encoding="ISO-8859-1" standalone="no"?>
<newsitem date="1996-12-20" id="root" itemid="270702" xml:lang="en">
<title>USA: Prize winning author and astronomer Carl Sagan dies.</title>
<headline>Prize winning author and astronomer Carl Sagan dies.</headline>
<dateline>SEATTLE 1996-12-20</dateline>
<text>
<p>Astronomer and Pulitzer Prize-winning author Carl Sagan, who spent his life investigating the possiblity of life in outer space, died on Friday at age 62, a cancer centre spokeswoman said.</p>
<p>Sagan died from pneumonia after a suffering from a bone marrow disease for two years, Susan Edmonds, spokeswoman for the Fred Hutchinson Cancer Research Centre said.</p>
<p>Sagan won the Pulitzer in 1978 for his book "Dragons of Eden" and was the author of several other best-selling books on space and the universe, including "Intelligent Life in the Universe," "Mars and the Mind of Man," and "Other Worlds."</p>
<p>He was a professor at Cornell University, the Director of the Laboratory for Planetary Studies, and a pioneer in the field of exobiology, the branch of biology investigating the possibility of extraterrestial life.</p>
<p>He appeared on several television shows, including the BBC production "The Violent Planet" and the PBS show "Cosmos," which he produduced beginning in 1977.</p>
<p>He was diagnosed with the fatal bone marrow cancer in 1994 and had an up-and-down battle with the disease.</p>
<p>He was noted educator who lectured astronauts, college students and Air Force Acedemy classes. He won dozens of awards for his ability to translate universal concepts into ordinary language.</p>
</text>
<copyright>(c) Reuters Limited 1996</copyright>
<metadata>
<codes class="bip:countries:1.0">
  <code code="USA">
    <editdetail action="confirmed" attribution="Reuters BIP Coding Group" date="1996-12-20"/>
  </code>
</codes>
<codes class="bip:topics:1.0">
  <code code="GCAT">
    <editdetail action="confirmed" attribution="Reuters BIP Coding Group" date="1996-12-20"/>
  </code>
  <code code="GOBIT">
    <editdetail action="confirmed" attribution="Reuters BIP Coding Group" date="1996-12-20"/>
  </code>
  <code code="GPRO">
    <editdetail action="confirmed" attribution="Reuters BIP Coding Group" date="1996-12-20"/>
  </code>
</codes>
<dc element="dc.date.created" value="1996-12-20"/>
<dc element="dc.publisher" value="Reuters Holdings Plc"/>
<dc element="dc.date.published" value="1996-12-20"/>
<dc element="dc.source" value="Reuters"/>
<dc element="dc.creator.location" value="SEATTLE"/>
<dc element="dc.creator.location.country.name" value="USA"/>
<dc element="dc.source" value="Reuters"/>
</metadata>
</newsitem>
