<?xml version="1.0" encoding="ISO-8859-1" standalone="no"?>
<newsitem date="1997-01-28" id="root" itemid="337410" xml:lang="en">
<title>ALBANIA: Albanian president quits rally for security fears.</title>
<headline>Albanian president quits rally for security fears.</headline>
<dateline>TIRANA 1997-01-28</dateline>
<text>
<p>Albanian President Sali Berisha arrived in Tirana's main square to address an anti-violence rally on Tuesday but was rushed from the scene by bodyguards who were worried about his security, eyewitnesses said.</p>
<p>An ethusiatic but peaceful crowd of around 6,000 people surged forward when Berisha made his way on foot to the central Skanderbeg Square. It appeared the bodyguards were unable to prevent his supporters from approaching him.  </p>
<p>Fearing the situation could get out of control, security guards rushed the president, who is a founder of the ruling right-wing Democratic Party, up the steps of the nearby Palace of Culture and inside the building.</p>
<p>He had been expected to address the crowd but waited inside the building surrounded by bodyguards for about 20 minutes before leaving by a back entrance.</p>
<p>"We want Berisha... We want Berisha," the crowd shouted. But the mayor of Tirana, Albert Brojka, later spoke to supporters telling them to disperse peacefully. Traffic was allowed back on roads around the square within minutes.</p>
<p>Three cordons of riot police stood in front of the opposition Socialist Party headquarters, sited across from the Palace of Culture, to prevent the crowd moving towards the rival party building.</p>
</text>
<copyright>(c) Reuters Limited 1997</copyright>
<metadata>
<codes class="bip:countries:1.0">
  <code code="ALB">
    <editdetail action="confirmed" attribution="Reuters BIP Coding Group" date="1997-01-28"/>
  </code>
</codes>
<codes class="bip:topics:1.0">
  <code code="GCAT">
    <editdetail action="confirmed" attribution="Reuters BIP Coding Group" date="1997-01-28"/>
  </code>
  <code code="GPOL">
    <editdetail action="confirmed" attribution="Reuters BIP Coding Group" date="1997-01-28"/>
  </code>
  <code code="GVIO">
    <editdetail action="confirmed" attribution="Reuters BIP Coding Group" date="1997-01-28"/>
  </code>
</codes>
<dc element="dc.date.created" value="1997-01-28"/>
<dc element="dc.publisher" value="Reuters Holdings Plc"/>
<dc element="dc.date.published" value="1997-01-28"/>
<dc element="dc.source" value="Reuters"/>
<dc element="dc.creator.location" value="TIRANA"/>
<dc element="dc.creator.location.country.name" value="ALBANIA"/>
<dc element="dc.source" value="Reuters"/>
</metadata>
</newsitem>
