<?xml version="1.0" encoding="ISO-8859-1" standalone="no"?>
<newsitem date="1997-01-28" id="root" itemid="336879" xml:lang="en">
<title>USA: Sled Dogs Co Q2 Dec 31 net loss widens.</title>
<headline>Sled Dogs Co Q2 Dec 31 net loss widens.</headline>
<dateline>MINNEAPOLIS 1997-01-28</dateline>
<text>
<p>Three months ended December 31</p>
<p>					    1996		1995</p>
<p> Net sales			   $1,329,125	$  504,866</p>
<p> Net loss			   (1,247,467)	 (808,145)</p>
<p> Net loss per common share	   (0.09)	    (0.09)</p>
<p> Average shares  (1)(2)	  13,153,193	 9,054,347</p>
<p>					Six months ended December 31</p>
<p>					    1996		1995</p>
<p> Net sales			    1,414,428	   876,330</p>
<p> Net loss			   (2,300,429)     (1,482,023)</p>
<p> Net loss per common share	   (0.18)	    (0.23)</p>
<p> Average shares  (1)(2)	  13,143,929	 6,402,173</p>
<p>(1) Actual shares of common stock issued and outstanding at December 31, 1996 were 13,153,513.  The weighted average number of shares outstanding reflect the exercise of 1,763,194 common stock warrants during the period July 15, 1996 to August 30, 1996.</p>
<p>(2) Actual shares of common stock issued and outstanding at December 31, 1995 were 11,749,999.  The weighted average number of shares outstanding reflect the issuance of 8,000,000 shares on November 1, 1995 in a private placement of equity.</p>
<p>((--Chicago newsdesk, 312-408-8787))</p>
</text>
<copyright>(c) Reuters Limited 1997</copyright>
<metadata>
<codes class="bip:countries:1.0">
  <code code="USA">
    <editdetail action="confirmed" attribution="Reuters BIP Coding Group" date="1997-01-28"/>
  </code>
</codes>
<codes class="bip:industries:1.0">
  <code code="I49420">
    <editdetail action="confirmed" attribution="Reuters BIP Coding Group" date="1997-01-28"/>
  </code>
</codes>
<codes class="bip:topics:1.0">
  <code code="C15">
    <editdetail action="confirmed" attribution="Reuters BIP Coding Group" date="1997-01-28"/>
  </code>
  <code code="C151">
    <editdetail action="confirmed" attribution="Reuters BIP Coding Group" date="1997-01-28"/>
  </code>
  <code code="CCAT">
    <editdetail action="confirmed" attribution="Reuters BIP Coding Group" date="1997-01-28"/>
  </code>
</codes>
<dc element="dc.date.created" value="1997-01-28"/>
<dc element="dc.publisher" value="Reuters Holdings Plc"/>
<dc element="dc.date.published" value="1997-01-28"/>
<dc element="dc.source" value="Reuters"/>
<dc element="dc.creator.location" value="MINNEAPOLIS"/>
<dc element="dc.creator.location.country.name" value="USA"/>
<dc element="dc.source" value="Reuters"/>
</metadata>
</newsitem>
