<?xml version="1.0" encoding="ISO-8859-1" standalone="no"?>
<newsitem date="1997-01-28" id="root" itemid="337850" xml:lang="en">
<title>USA: Boeing forms unit to seek new businesses.</title>
<headline>Boeing forms unit to seek new businesses.</headline>
<byline>Martin Wolk</byline>
<dateline>SEATTLE 1997-01-28</dateline>
<text>
<p>Boeing Co. said Tuesday it formed an entrepreneurial organisation that will seek out joint ventures and possibly acquisitions related to its core business of commercial airplanes.</p>
<p>Boeing senior vice president of planning and international development Lawrence Clarkson will serve as president of the new organisation, Boeing Enterprises, which will be part of Boeing's commercial airplane group.</p>
<p>In an interview, Clarkson said the unit was aggressively seeking out "very significant" projects and could grow rapidly in the next year.</p>
<p>Clarkson declined to be specific about ongoing negotiations but indicated they probably would not involve new airplane models.</p>
<p>Instead, he said Boeing would seek out opportunities in "businesses that are very related to what Boeing does, but which up to now we've let other people do."</p>
<p>For example, Boeing executives in the past have discussed taking advantage of the company's massive database of world airline inventories to help carriers maintain service records, a business Clarkson said would fall within the new unit.</p>
<p>Boeing Enterprises also will be responsible for the company's joint venture with General Electric Co. to market the 737 as a business jet.</p>
<p>Clarkson said formation of the unit had been discussed for some time and was unrelated to Boeing's planned acquisition of McDonnell Douglas Corp.</p>
<p>"The idea is to have a basically independent operation so we don't get tied down with the existing bureaucracy," he said.</p>
<p>He said some of the prospective joint ventures could have "significant" international components, particularly focusing on the Asia-Pacific region.</p>
<p>Boeing is continuing to study the possibility of working with Asian manufacturers to build a new small jet that would seat about 100 passengers, but Clarkson said he did not expect any decisions in the near future.</p>
<p>Clarkson said he expected any acquisitions would be profitable immediately.</p>
<p>"The basic objective here is to increase shareholder value and grow the company, so obviously we want it to be as profitable as possible," he said.</p>
<p>A decision on Clarkson's replacement in planning and international development will be made in the near future, the company spokeswoman said.</p>
<p>Clarkson, 58, came to Boeing in 1987 from engine maker Pratt &amp; Whitney, a unit of United Technologies Corp.</p>
<p>After serving as a senior vice president in the commercial airplane group, Clarkson was promoted to his position in Boeing headquarters, which The New York Times descibed as "the closest thing it has to a corporate secretary of state."</p>
<p>"I think I'll still have to use some of those skills, but it's kind of nice to get into more of a line operation and something new," Clarkson said.</p>
<p>Clarkson will retain his title as one of only six Boeing senior vice presidents.</p>
</text>
<copyright>(c) Reuters Limited 1997</copyright>
<metadata>
<codes class="bip:countries:1.0">
  <code code="USA">
    <editdetail action="confirmed" attribution="Reuters BIP Coding Group" date="1997-01-28"/>
  </code>
</codes>
<codes class="bip:industries:1.0">
  <code code="I36400">
    <editdetail action="confirmed" attribution="Reuters BIP Coding Group" date="1997-01-28"/>
  </code>
  <code code="I3640010">
    <editdetail action="confirmed" attribution="Reuters BIP Coding Group" date="1997-01-28"/>
  </code>
</codes>
<codes class="bip:topics:1.0">
  <code code="C11">
    <editdetail action="confirmed" attribution="Reuters BIP Coding Group" date="1997-01-28"/>
  </code>
  <code code="CCAT">
    <editdetail action="confirmed" attribution="Reuters BIP Coding Group" date="1997-01-28"/>
  </code>
</codes>
<dc element="dc.date.created" value="1997-01-28"/>
<dc element="dc.publisher" value="Reuters Holdings Plc"/>
<dc element="dc.date.published" value="1997-01-28"/>
<dc element="dc.source" value="Reuters"/>
<dc element="dc.creator.location" value="SEATTLE"/>
<dc element="dc.creator.location.country.name" value="USA"/>
<dc element="dc.source" value="Reuters"/>
</metadata>
</newsitem>
