<?xml version="1.0" encoding="ISO-8859-1" standalone="no"?>
<newsitem date="1997-01-28" id="root" itemid="337439" xml:lang="en">
<title>CROATIA: Croat Podravka says makes headway in consolidation.</title>
<headline>Croat Podravka says makes headway in consolidation.</headline>
<dateline>ZAGREB 1997-01-28</dateline>
<text>
<p>Croatia's leading food-processing group Podravka d.d. said on Tuesday it was making headway in corporate reorganisation and financial consolidation.</p>
<p>"We have moved ahead in our plans for restructuring in order to achieve a profitable growth," spokesman Zeljko Pazic told Reuters by telephone.</p>
<p>Podravka is situated in Koprivnica in the rural Podravina region, some 100 km (62 miles) northeast of the capital Zagreb.</p>
<p>Although its main food-processing business is profitable, the group had accumulated losses in some parts such as distillery Segestica, a glass factory and wickerworks.</p>
<p>"We have sold five loss-making subsidiaries," Pazic said, adding Podravka now had to deal with surplus workers.</p>
<p>It made a loss of 135 million kuna in 1995 and covered it from reserves.</p>
<p>The price of Podravka's shares on Zagreb's bourse has soared to 315 kuna this year from 231 on December 31, 1996 as the market picked up rumours about its restructuring progress. -- Kolumbina Bencevic, Zagreb Newsroom, 385-1-4557075</p>
</text>
<copyright>(c) Reuters Limited 1997</copyright>
<metadata>
<codes class="bip:countries:1.0">
  <code code="CRTIA">
    <editdetail action="confirmed" attribution="Reuters BIP Coding Group" date="1997-01-28"/>
  </code>
</codes>
<codes class="bip:topics:1.0">
  <code code="C11">
    <editdetail action="confirmed" attribution="Reuters BIP Coding Group" date="1997-01-28"/>
  </code>
  <code code="CCAT">
    <editdetail action="confirmed" attribution="Reuters BIP Coding Group" date="1997-01-28"/>
  </code>
</codes>
<dc element="dc.date.created" value="1997-01-28"/>
<dc element="dc.publisher" value="Reuters Holdings Plc"/>
<dc element="dc.date.published" value="1997-01-28"/>
<dc element="dc.source" value="Reuters"/>
<dc element="dc.creator.location" value="ZAGREB"/>
<dc element="dc.creator.location.country.name" value="CROATIA"/>
<dc element="dc.source" value="Reuters"/>
</metadata>
</newsitem>
