<?xml version="1.0" encoding="ISO-8859-1" standalone="no"?>
<newsitem date="1997-01-28" id="root" itemid="337752" xml:lang="en">
<title>USA: Hershey says net income cut by sale of European units.</title>
<headline>Hershey says net income cut by sale of European units.</headline>
<dateline>HERSHEY, Pa.</dateline>
<text>
<p>Chocolate maker Hershey Foods Corp. Tuesday reported record sales for the fourth quarter, but its earnings fell due to the sale of two overseas businesses.</p>
<p>The Hershey, Pa.-based maker of candy and grocery products said its earnings fell to $78.7 million, or 51 cents a share, in the latest quarter, reflecting the sale of chocolate and confectionary makers in Europe, which cut its earnings by $35.3 million. Sales were a record $1.18 billion.</p>
<p>In the 1995 fourth quarter, it earned $105.8 million, or 68 cents a share, on sales of $1.11 billion.</p>
<p>For the 1996 year, the company posted earnings of $273.1 million or $1.77 a share vs. 1995 earnings of $282.0 million or $1.70 a share. Sales increased to $4.0 billion from $3.7 billion.</p>
<p>"We had an excellent year in 1996, and our business enters 1997 on solid footing," said Chairman Kenneth Wolfe.</p>
<p>"Hershey Chocolate North America was the principal contributor to income growth for the year with important contributions also made by Hershey Grocery and Hershey International," he said.</p>
<p>Hershey's stock was up $1.125 at $44.75 on the New York Stock Exchange in early afternoon.</p>
</text>
<copyright>(c) Reuters Limited 1997</copyright>
<metadata>
<codes class="bip:countries:1.0">
  <code code="USA">
    <editdetail action="confirmed" attribution="Reuters BIP Coding Group" date="1997-01-28"/>
  </code>
</codes>
<codes class="bip:industries:1.0">
  <code code="I42100">
    <editdetail action="confirmed" attribution="Reuters BIP Coding Group" date="1997-01-28"/>
  </code>
</codes>
<codes class="bip:topics:1.0">
  <code code="C15">
    <editdetail action="confirmed" attribution="Reuters BIP Coding Group" date="1997-01-28"/>
  </code>
  <code code="C151">
    <editdetail action="confirmed" attribution="Reuters BIP Coding Group" date="1997-01-28"/>
  </code>
  <code code="C1511">
    <editdetail action="confirmed" attribution="Reuters BIP Coding Group" date="1997-01-28"/>
  </code>
  <code code="CCAT">
    <editdetail action="confirmed" attribution="Reuters BIP Coding Group" date="1997-01-28"/>
  </code>
</codes>
<dc element="dc.publisher" value="Reuters Holdings Plc"/>
<dc element="dc.date.published" value="1997-01-28"/>
<dc element="dc.source" value="Reuters"/>
<dc element="dc.creator.location" value="HERSHEY, Pa."/>
<dc element="dc.creator.location.country.name" value="USA"/>
<dc element="dc.source" value="Reuters"/>
</metadata>
</newsitem>
