<?xml version="1.0" encoding="ISO-8859-1" standalone="no"?>
<newsitem date="1997-01-28" id="root" itemid="337253" xml:lang="en">
<title>RUSSIA: Rebel Maskhadov claims victory in Chechen poll.</title>
<headline>Rebel Maskhadov claims victory in Chechen poll.</headline>
<byline>Lawrence Sheets</byline>
<dateline>GROZNY, Russia 1997-01-28</dateline>
<text>
<p>Aslan Maskhadov, who forced Russian troops out of Chechnya with a combination of guerrilla warfare and shrewd diplomacy, claimed a sweeping victory on Tuesday in its presidential election.</p>
<p>"I'm delighted the people made the right choice," Maskhadov told reporters as early data on Monday's polls credited him with more than 50 percent of the vote, enough for a clear victory that would avoid the need for a second round.</p>
<p>However, the Chechen electoral commission has not released any voting or turnout figures.</p>
<p>The commission's chairman Mumadi Saydaiyev told a news conference he and his colleagues were annoyed by unauthorised leaks of early returns and had decided not to issue any information before Wednesday when the count was finally completed.</p>
<p>The likely Maskhadov win will add weight to Chechen demands for independence. But Moscow still holds strong cards in its efforts to hang on to the tiny landlocked region.</p>
<p>Maskhadov, a 45-year-old former Soviet artillery colonel who led Chechnya's guerrilla army to a stunning victory in the two-year war, chided rebel hardliner Shamil Basayev, 32. But he promised to work with any of his former allies.</p>
<p>Basayev, speaking at his headquarters in the devastated capital Grozny, ruled out working in Maskhadov's government unless he made changes in his inner circle.</p>
<p>"I don't have any policy differences with Maskhadov. I said a long time ago that I will not be in his team unless he changes his entourage," Basayev told Reuters.</p>
<p>He accused Maskhadov of surrounding himself with "Soviet bureaucrats" who were "robbing the population".</p>
<p>Victory by Maskhadov, who had struck the latest peace deal with Russia, rather than Basayev, whom it wants for a bloody 1995 hostage raid on a Russian town, may be of some comfort to the Kremlin.</p>
<p>President Boris Yeltsin, who is recovering from pneumonia, gave a cautious welcome to the likely Maskhadov win.</p>
<p>"The preliminary results of the voting, in the president's opinion, give a serious chance for productive negotiations to continue between the federal government and the new Chechen leadership," Kremlin spokesman Sergei Yastrzhembsky told reporters.</p>
<p>But he made clear Moscow still ruled out full independence for Chechnya.</p>
<p>Maskhadov said he was no less of a secessionist than Basayev or acting president Zelimkhan Yandarbiyev, who was expected to finish third in the polls.</p>
<p>"We have had our independence from Russia since 1991 and all that now remains is for other countries, including Russia, to recognise that," he told a news conference.</p>
<p>Maskhadov said his first priority would be to give Chechnya's million or so people a chance to recover from the war, in which tens of thousands were killed and hundreds of thousands lost their homes. He promised to crack down on lawlessness.</p>
<p>The Organisation for Security and Cooperation in Europe (OSCE), whose 72 observers monitored the polling, issued a report praising the elections as reflecting "the free will of those entitled to vote" and creating a "legitimate" new government.</p>
<p>The Kremlin, worried for its own stability and concerned about other restless ethnic minorities, has a strong hand against Chechnya, which is surrounded by Russian territory on three sides and backs the Caucasus mountains.</p>
<p>Moscow has threatened to sever relations with any nation that recognises Chechen sovereignty.</p>
<p>Despite sympathy for the suffering of Chechen civilians after Yeltsin unleashed his army against the region's self-declared independent government in 1994, the West has no interest in seeing Russia start to fall apart.</p>
<p>Maskhadov, whom aides said had 58 percent of the early count to 30 percent for Basayev, wants "war reparations". Russia has promised cash for rebuilding, notably Chechnya's oil refineries. Those funds will be a vital bargaining chip.</p>
</text>
<copyright>(c) Reuters Limited 1997</copyright>
<metadata>
<codes class="bip:countries:1.0">
  <code code="RUSS">
    <editdetail action="confirmed" attribution="Reuters BIP Coding Group" date="1997-01-28"/>
  </code>
</codes>
<codes class="bip:topics:1.0">
  <code code="GCAT">
    <editdetail action="confirmed" attribution="Reuters BIP Coding Group" date="1997-01-28"/>
  </code>
  <code code="GPOL">
    <editdetail action="confirmed" attribution="Reuters BIP Coding Group" date="1997-01-28"/>
  </code>
  <code code="GVOTE">
    <editdetail action="confirmed" attribution="Reuters BIP Coding Group" date="1997-01-28"/>
  </code>
</codes>
<dc element="dc.date.created" value="1997-01-28"/>
<dc element="dc.publisher" value="Reuters Holdings Plc"/>
<dc element="dc.date.published" value="1997-01-28"/>
<dc element="dc.source" value="Reuters"/>
<dc element="dc.creator.location" value="GROZNY, Russia"/>
<dc element="dc.creator.location.country.name" value="RUSSIA"/>
<dc element="dc.source" value="Reuters"/>
</metadata>
</newsitem>
