<?xml version="1.0" encoding="ISO-8859-1" standalone="no"?>
<newsitem date="1997-01-28" id="root" itemid="337483" xml:lang="en">
<title>BRAZIL: Brazilian domestic soybean and soyproducts.</title>
<headline>Brazilian domestic soybean and soyproducts.</headline>
<dateline>SAO PAULO 1997-01-28</dateline>
<text>
<p>The following domestic prices were reported for Brazilian soybeans and soyproducts</p>
<p>					TODAY	    PREV</p>
<p>(R$ per 60-Kg bag)</p>
<p> National Price (FIPE/BM&amp;F)     15,30	    15,40</p>
<p>Rio Grande do Sul (Brokers)</p>
<p> Ijui				   15,40	    15,40</p>
<p> Passo Fundo			  15,10	    15,10</p>
<p>NOTE: US$1.00 is worth R$1.04</p>
<p> (R$ per 60-kg bag)	 TODAY	PREVIOUS</p>
<p>Parana (SEAB)</p>
<p> Cascavel		     14,60	14,60</p>
<p> Ponta Grossa		 15,00	15,00</p>
<p> Londrina		     16,30	16,50</p>
<p>Safras e Mercado</p>
<p> (R$ per 1-kg)		23/01	16/01</p>
<p> SOYMEAL - Ponta Grossa   0.297	0.297</p>
<p> SOYOIL - Sao Paulo	 0.660	0.650</p>
<p>NOTE: US$1.00 is worth R$1.04.</p>
</text>
<copyright>(c) Reuters Limited 1997</copyright>
<metadata>
<codes class="bip:countries:1.0">
  <code code="BRAZ">
    <editdetail action="confirmed" attribution="Reuters BIP Coding Group" date="1997-01-28"/>
  </code>
</codes>
<codes class="bip:industries:1.0">
  <code code="I01002">
    <editdetail action="confirmed" attribution="Reuters BIP Coding Group" date="1997-01-28"/>
  </code>
  <code code="I0100223">
    <editdetail action="confirmed" attribution="Reuters BIP Coding Group" date="1997-01-28"/>
  </code>
</codes>
<codes class="bip:topics:1.0">
  <code code="C21">
    <editdetail action="confirmed" attribution="Reuters BIP Coding Group" date="1997-01-28"/>
  </code>
  <code code="CCAT">
    <editdetail action="confirmed" attribution="Reuters BIP Coding Group" date="1997-01-28"/>
  </code>
  <code code="M14">
    <editdetail action="confirmed" attribution="Reuters BIP Coding Group" date="1997-01-28"/>
  </code>
  <code code="M141">
    <editdetail action="confirmed" attribution="Reuters BIP Coding Group" date="1997-01-28"/>
  </code>
  <code code="MCAT">
    <editdetail action="confirmed" attribution="Reuters BIP Coding Group" date="1997-01-28"/>
  </code>
</codes>
<dc element="dc.date.created" value="1997-01-28"/>
<dc element="dc.publisher" value="Reuters Holdings Plc"/>
<dc element="dc.date.published" value="1997-01-28"/>
<dc element="dc.source" value="Reuters"/>
<dc element="dc.creator.location" value="SAO PAULO"/>
<dc element="dc.creator.location.country.name" value="BRAZIL"/>
<dc element="dc.source" value="Reuters"/>
</metadata>
</newsitem>
