<?xml version="1.0" encoding="ISO-8859-1" standalone="no"?>
<newsitem date="1996-12-20" id="root" itemid="270758" xml:lang="en">
<title>SPAIN: Spain to try leading Socialists for corruption.</title>
<headline>Spain to try leading Socialists for corruption.</headline>
<dateline>MADRID 1996-12-20</dateline>
<text>
<p>Spain's Supreme Court has decided to charge 26 people with corruption, among them top officials in the former ruling Socialist party, court documents published on Friday said.</p>
<p>Guillermo Galeote, former finance director for the Socialist Workers' Party (PSOE), and its former accounts director Aida Alvarez, were among those to be charged in the Filesa party financing corruption case, the court documents said.</p>
<p>Seven people including two former Socialist parliamentarians have already been accused in the Filesa case, named after a front-company set up to channel funds to the party.</p>
<p>The court also decided, in a meeting early on Friday, not to try any bankers or financiers in the case.</p>
<p>The state prosecutor sayd 10 Spanish companies paid more than 1.08 billion pesetas ($8.7 million) to several front companies, set up by those who are to stand trial, for bogus studies and reports. In return they received government favours.</p>
<p>The companies included Spanish banks Banco Bilbao Vizcaya and the former Banco Central, private oil company Espanola de Petroleos SA-Cepsa, bus and truck company Empresa Nacional de Autocamiones-ENASA, supermarket chain Centros Comerciales Pryca and construction company Fomento de Obras and Construcciones SA.</p>
<p>The front companies -- Malesa, Time Export and Filesa -- were used to fund Socialist party election campaigns starting in 1989 with a general election and a European parliament poll, according to the state prosecutor.</p>
<p>The scandal, which came to light more than three years ago, embarrassed the former Socialist government and contributed to its election defeat in March after 13 years in power.</p>
<p>The state investigators were unable to establish, however, that the party's executive body had agreed to the scheme.</p>
<p>After learning about the court decision, Socialist party spokesman Cipria Ciscar said the party respected the judicial process and asked for a speedy resolution.</p>
<p>"We are asking for swiftness in its judicial resolution," Ciscar said in a statement. "The PSOE has always had respect for judicial decisions, in this case as in all."</p>
</text>
<copyright>(c) Reuters Limited 1996</copyright>
<metadata>
<codes class="bip:countries:1.0">
  <code code="SPAIN">
    <editdetail action="confirmed" attribution="Reuters BIP Coding Group" date="1996-12-20"/>
  </code>
</codes>
<codes class="bip:industries:1.0">
  <code code="I14000">
    <editdetail action="confirmed" attribution="Reuters BIP Coding Group" date="1996-12-20"/>
  </code>
  <code code="I35101">
    <editdetail action="confirmed" attribution="Reuters BIP Coding Group" date="1996-12-20"/>
  </code>
  <code code="I64100">
    <editdetail action="confirmed" attribution="Reuters BIP Coding Group" date="1996-12-20"/>
  </code>
  <code code="I81402">
    <editdetail action="confirmed" attribution="Reuters BIP Coding Group" date="1996-12-20"/>
  </code>
  <code code="I83951">
    <editdetail action="confirmed" attribution="Reuters BIP Coding Group" date="1996-12-20"/>
  </code>
</codes>
<codes class="bip:topics:1.0">
  <code code="C12">
    <editdetail action="confirmed" attribution="Reuters BIP Coding Group" date="1996-12-20"/>
  </code>
  <code code="CCAT">
    <editdetail action="confirmed" attribution="Reuters BIP Coding Group" date="1996-12-20"/>
  </code>
  <code code="GCAT">
    <editdetail action="confirmed" attribution="Reuters BIP Coding Group" date="1996-12-20"/>
  </code>
  <code code="GCRIM">
    <editdetail action="confirmed" attribution="Reuters BIP Coding Group" date="1996-12-20"/>
  </code>
  <code code="GPOL">
    <editdetail action="confirmed" attribution="Reuters BIP Coding Group" date="1996-12-20"/>
  </code>
</codes>
<dc element="dc.date.created" value="1996-12-20"/>
<dc element="dc.publisher" value="Reuters Holdings Plc"/>
<dc element="dc.date.published" value="1996-12-20"/>
<dc element="dc.source" value="Reuters"/>
<dc element="dc.creator.location" value="MADRID"/>
<dc element="dc.creator.location.country.name" value="SPAIN"/>
<dc element="dc.source" value="Reuters"/>
</metadata>
</newsitem>
