<?xml version="1.0" encoding="ISO-8859-1" standalone="no"?>
<newsitem date="1997-01-28" id="root" itemid="337573" xml:lang="en">
<title>MEXICO: Mexican police seize alleged leader of EPR rebels.</title>
<headline>Mexican police seize alleged leader of EPR rebels.</headline>
<byline>Henry Tricks</byline>
<dateline>MEXICO CITY 1997-01-27</dateline>
<text>
<p>Mexican police on Monday arrested a well-known peasant activist on charges he was a figurehead of the rebel Popular Revolutionary Army (EPR) that launched a series of violent attacks last year.</p>
<p>In a statement, the Interior Ministry said Mexico City police seized Benigno Guzman Martinez near his home in the capital then sent him to Chilpancingo, capital of southern Guerrero state, where the EPR first appeared last year.</p>
<p>"The name of Mr. Guzman Martinez was mentioned by detained persons facing trial on a number of counts, in reference to his participation as the main organiser of the first appearance of the EPR in the village of Aguas Blancas, Guerrero, on June 28, 1996," the ministry said.</p>
<p>The statement did not give information about Guzman's past. However, an attorney general's office spokesman in Chilpancingo said he was the leader of the OCSS, a local peasant group that officials have long linked to the EPR.</p>
<p>Some 17 OCSS members were slain by state police in the village of Aguas Blancas in 1995, an incident that may have helped create the EPR, which made its debut appearance, symbolically, exactly one year later at a rally to mark the massacre.</p>
<p>After the EPR's appearance, Guzman went underground, though his residence in Mexico City was an open secret.</p>
<p>His estranged brother, Bartolo, also a peasant leader who backed the ruling Institutional Revolutionary Party, was shot and killed by masked gunmen near Aguas Blancas in December.</p>
<p>Since it emerged in June, the EPR has launched several attacks against military and police targets, the most bloody being a coordinated strike across several states in August in which at least 20 people died.</p>
<p>Conflict has died down recently, however, and the rebels have limited their actions to propaganda rallies and the issuing of communiques.</p>
<p>The Interior Ministry said Guzman would be prosecuted in Chilpancingo over his alleged links to the EPR.</p>
</text>
<copyright>(c) Reuters Limited 1997</copyright>
<metadata>
<codes class="bip:countries:1.0">
  <code code="MEX">
    <editdetail action="confirmed" attribution="Reuters BIP Coding Group" date="1997-01-28"/>
  </code>
</codes>
<codes class="bip:topics:1.0">
  <code code="GCAT">
    <editdetail action="confirmed" attribution="Reuters BIP Coding Group" date="1997-01-28"/>
  </code>
  <code code="GVIO">
    <editdetail action="confirmed" attribution="Reuters BIP Coding Group" date="1997-01-28"/>
  </code>
</codes>
<dc element="dc.date.created" value="1997-01-27"/>
<dc element="dc.publisher" value="Reuters Holdings Plc"/>
<dc element="dc.date.published" value="1997-01-28"/>
<dc element="dc.source" value="Reuters"/>
<dc element="dc.creator.location" value="MEXICO CITY"/>
<dc element="dc.creator.location.country.name" value="MEXICO"/>
<dc element="dc.source" value="Reuters"/>
</metadata>
</newsitem>
