<?xml version="1.0" encoding="ISO-8859-1" standalone="no"?>
<newsitem date="1996-11-26" id="root" itemid="219106" xml:lang="en">
<title>FRANCE: France ready to meet some of truckers' demands.</title>
<headline>France ready to meet some of truckers' demands.</headline>
<dateline>PARIS 1996-11-26</dateline>
<text>
<p>The French government said on Tuesday it was ready to help meet some of the key demands of striking French truck drivers by facilitating early retirement and reducing payroll taxes.</p>
<p>Government spokesman Alain Lamassoure told Radio Luxembourg: "The state is ready to take responsibility, in particular by facilitating an agreement on cessation of activities and by contributing to reducing social charges."</p>
<p>He was speaking after talks between employers and drivers demanding higher pay, shorter working hours and earlier retirement broke off without an agreement after an all-night session. They are due to resume at 1400 GMT.</p>
<p>Lamassoure said substantial progress had been made in the talks, chaired by a government mediator and he hoped for a rapid conclusion.</p>
<p>The drivers, who have blockaded provincial highways and fuel depots for the last nine days, are demanding a 10 percent wage rise, payment for all hours worked and the right to retire at 55. Employers are seeking a cut in payroll taxes to help finance the drivers' demands.</p>
<p>Lamassoure, who is also budget minister, said the state could also play a role by checking that employers respected a 1994 agreement on pay and conditions which drivers accuse them of flouting.</p>
<p>"I think everyone is well aware that there is no interest in extending the dispute to other sctors. It certainly isn't in the interest of road haulage employees, because some of their demands are legitimate," he said.</p>
<p>"We are working in the negotiations to improve their situation. Diluting the issue would not not be to their benefit," he added.</p>
</text>
<copyright>(c) Reuters Limited 1996</copyright>
<metadata>
<codes class="bip:countries:1.0">
  <code code="FRA">
    <editdetail action="confirmed" attribution="Reuters BIP Coding Group" date="1996-11-26"/>
  </code>
</codes>
<codes class="bip:industries:1.0">
  <code code="I72300">
    <editdetail action="confirmed" attribution="Reuters BIP Coding Group" date="1996-11-26"/>
  </code>
</codes>
<codes class="bip:topics:1.0">
  <code code="C42">
    <editdetail action="confirmed" attribution="Reuters BIP Coding Group" date="1996-11-26"/>
  </code>
  <code code="CCAT">
    <editdetail action="confirmed" attribution="Reuters BIP Coding Group" date="1996-11-26"/>
  </code>
  <code code="E41">
    <editdetail action="confirmed" attribution="Reuters BIP Coding Group" date="1996-11-26"/>
  </code>
  <code code="ECAT">
    <editdetail action="confirmed" attribution="Reuters BIP Coding Group" date="1996-11-26"/>
  </code>
  <code code="GCAT">
    <editdetail action="confirmed" attribution="Reuters BIP Coding Group" date="1996-11-26"/>
  </code>
  <code code="GJOB">
    <editdetail action="confirmed" attribution="Reuters BIP Coding Group" date="1996-11-26"/>
  </code>
</codes>
<dc element="dc.date.created" value="1996-11-26"/>
<dc element="dc.publisher" value="Reuters Holdings Plc"/>
<dc element="dc.date.published" value="1996-11-26"/>
<dc element="dc.source" value="Reuters"/>
<dc element="dc.creator.location" value="PARIS"/>
<dc element="dc.creator.location.country.name" value="FRANCE"/>
<dc element="dc.source" value="Reuters"/>
</metadata>
</newsitem>
