<?xml version="1.0" encoding="ISO-8859-1" standalone="no"?>
<newsitem date="1997-01-28" id="root" itemid="336702" xml:lang="en">
<title>USA: Arthur J. Gallagher buys two companies.</title>
<headline>Arthur J. Gallagher buys two companies.</headline>
<dateline>ITASCA, Ill. 1997-01-28</dateline>
<text>
<p>Arthur J. Gallagher &amp; Co said Tuesday it paid an undisclosed amount to acquire two insurance benefit consulting companies in Michigan and Colorado.</p>
<p>Arnold &amp; Co of Troy, Michigan, will merge its operations with Gallagher ABOW Inc, a Gallagher &amp; Co subsidiary.</p>
<p>Byerly &amp; Company of Denver, Colorado, will become a unit of Gallagher Benefits Services of Colorado.</p>
<p>Gallagher is an international insurance brokerage and risk management services firm with 153 offices in seven countries.</p>
<p>Its shares were unchanged Tuesday at 30.</p>
<p>((Chicago newsdesk (312) 408-8787))</p>
</text>
<copyright>(c) Reuters Limited 1997</copyright>
<metadata>
<codes class="bip:countries:1.0">
  <code code="USA">
    <editdetail action="confirmed" attribution="Reuters BIP Coding Group" date="1997-01-28"/>
  </code>
</codes>
<codes class="bip:industries:1.0">
  <code code="I83200">
    <editdetail action="confirmed" attribution="Reuters BIP Coding Group" date="1997-01-28"/>
  </code>
</codes>
<codes class="bip:topics:1.0">
  <code code="C18">
    <editdetail action="confirmed" attribution="Reuters BIP Coding Group" date="1997-01-28"/>
  </code>
  <code code="C181">
    <editdetail action="confirmed" attribution="Reuters BIP Coding Group" date="1997-01-28"/>
  </code>
  <code code="CCAT">
    <editdetail action="confirmed" attribution="Reuters BIP Coding Group" date="1997-01-28"/>
  </code>
</codes>
<dc element="dc.date.created" value="1997-01-28"/>
<dc element="dc.publisher" value="Reuters Holdings Plc"/>
<dc element="dc.date.published" value="1997-01-28"/>
<dc element="dc.source" value="Reuters"/>
<dc element="dc.creator.location" value="ITASCA, Ill."/>
<dc element="dc.creator.location.country.name" value="USA"/>
<dc element="dc.source" value="Reuters"/>
</metadata>
</newsitem>
