<?xml version="1.0" encoding="ISO-8859-1" standalone="no"?>
<newsitem date="1997-01-28" id="root" itemid="337805" xml:lang="en">
<title>USA: Texas power prices up with some calls for cold.</title>
<headline>Texas power prices up with some calls for cold.</headline>
<dateline>NEW YORK 1997-01-28</dateline>
<text>
<p>Spot bulk power prices in the Electric Reliability Council of Texas (ERCOT) climbed again Tuesday with some forecasts calling for continued cold weather in the north through Wednesday, industry sources said.</p>
<p>Forecasts called for temperatures below normal in northern Texas and above normal in the south Wednesday and Thursday, while temperatures were called to be well above normal Friday through Sunday, especially in the north and west.</p>
<p>But other forecasts called for continued cold through much of the state, and the mixed predictions had ERCOT traders quoting next-day power over a wide price range.</p>
<p>ERCOT firm, peak power for a 16-hour block for Wednesday delivery was pegged at $30.00-33.00 per megawatt hour (MWh) from $27.00-29.00 on Monday, the sources said.</p>
<p>Some firm next day peak power had been offered as high as $40, although sources said they had not heard of any business being done at that level.</p>
<p>One source reported trading a 24-hour block of ERCOT peak power for Wednesday at $30.75, although the trade was not confirmed.</p>
<p>Non-firm on peak power for Wednesday was notionally said to be higher at $27.00-30.00 from a notional assessment at $25.00-27.00 on Monday.</p>
<p>Firm off-peak Wednesday ERCOT deliveries were assessed higher at $18.00-20.00 from $13.00-15.00 on Monday, although trade was said to be very thin.</p>
<p>Non firm off peak power was notionally pegged higher at $15.00-17.00 from $10.00-13.00 on Monday, the sources said.</p>
<p>February ERCOT peak power was assessed higher at $27.00-27.60 from a Monday notional assessment at $25.00-26.00 per MWh.</p>
<p>July/August ERCOT was talked at $24.75-25.10 per MWh, the sources said.</p>
<p>((--New York Power Desk +1 212 859 1627))</p>
</text>
<copyright>(c) Reuters Limited 1997</copyright>
<metadata>
<codes class="bip:countries:1.0">
  <code code="USA">
    <editdetail action="confirmed" attribution="Reuters BIP Coding Group" date="1997-01-28"/>
  </code>
</codes>
<codes class="bip:topics:1.0">
  <code code="M14">
    <editdetail action="confirmed" attribution="Reuters BIP Coding Group" date="1997-01-28"/>
  </code>
  <code code="M143">
    <editdetail action="confirmed" attribution="Reuters BIP Coding Group" date="1997-01-28"/>
  </code>
  <code code="MCAT">
    <editdetail action="confirmed" attribution="Reuters BIP Coding Group" date="1997-01-28"/>
  </code>
</codes>
<dc element="dc.date.created" value="1997-01-28"/>
<dc element="dc.publisher" value="Reuters Holdings Plc"/>
<dc element="dc.date.published" value="1997-01-28"/>
<dc element="dc.source" value="Reuters"/>
<dc element="dc.creator.location" value="NEW YORK"/>
<dc element="dc.creator.location.country.name" value="USA"/>
<dc element="dc.source" value="Reuters"/>
</metadata>
</newsitem>
