<?xml version="1.0" encoding="ISO-8859-1" standalone="no"?>
<newsitem date="1997-01-28" id="root" itemid="337928" xml:lang="en">
<title>USA: Clinton expects Yeltsin summit to proceed.</title>
<headline>Clinton expects Yeltsin summit to proceed.</headline>
<dateline>WASHINGTON 1997-01-28</dateline>
<text>
<p>President Bill Clinton said on Tuesday he expected a summit with Russian President Boris Yeltsin to go ahead as planned in March despite Yeltsin's health problems.</p>
<p>"I expect to have that meeting in March, and I expect it to be an important one, and I hope a successful one," Clinton told a news conference.  </p>
<p>Since Clinton's last summit with Yeltsin was in Moscow in April, it is Yeltsin's turn to visit the United States. But U.S. officials have said Yeltsin's health problems could force the summit to be held in a location closer to Russia. Clinton did not say where the summit would be held.</p>
<p>"We have a huge, full agenda. And we have been given no impression by the Russians that we aren't still going to have the Yeltsin-Clinton meeting in the March time frame," he said.</p>
<p>The White House had suggested on Monday that the summit could be delayed because of lingering questions about Yeltsin's recovery from heart bypass surgery last November and a subsequent bout with pneumonia.</p>
<p>Clinton said he had no private information on Yeltsin's health that was different from Russia's public statements. "I have no reasons to believe, based on any information I have, that his condition is any different from what the Russian government has said it is," he said.</p>
</text>
<copyright>(c) Reuters Limited 1997</copyright>
<metadata>
<codes class="bip:countries:1.0">
  <code code="RUSS">
    <editdetail action="confirmed" attribution="Reuters BIP Coding Group" date="1997-01-28"/>
  </code>
  <code code="USA">
    <editdetail action="confirmed" attribution="Reuters BIP Coding Group" date="1997-01-28"/>
  </code>
</codes>
<codes class="bip:topics:1.0">
  <code code="GCAT">
    <editdetail action="confirmed" attribution="Reuters BIP Coding Group" date="1997-01-28"/>
  </code>
  <code code="GDIP">
    <editdetail action="confirmed" attribution="Reuters BIP Coding Group" date="1997-01-28"/>
  </code>
</codes>
<dc element="dc.date.created" value="1997-01-28"/>
<dc element="dc.publisher" value="Reuters Holdings Plc"/>
<dc element="dc.date.published" value="1997-01-28"/>
<dc element="dc.source" value="Reuters"/>
<dc element="dc.creator.location" value="WASHINGTON"/>
<dc element="dc.creator.location.country.name" value="USA"/>
<dc element="dc.source" value="Reuters"/>
</metadata>
</newsitem>
