<?xml version="1.0" encoding="ISO-8859-1" standalone="no"?>
<newsitem date="1997-01-28" id="root" itemid="337821" xml:lang="en">
<title>USA: Michigan Democrats outline legislative proposals.</title>
<headline>Michigan Democrats outline legislative proposals.</headline>
<dateline>CHICAGO 1997-01-28</dateline>
<text>
<p>Just hours before Michigan Gov. John Engler was to give his state of the state address Tuesday evening, Democrats in the state House released their legislative agenda.</p>
<p>The Democrats, who took over control of the House from Republicans following the Nov. 5 election, called for tax credits for low-income residents and for the care of children, the elderly and the disabled.</p>
<p>The lawmakers also proposed an income tax credit for families with children in college and the removal of a five-year limit for senior citizens to defer paying their property taxes.</p>
<p>Other items on the agenda included the reinstatement of uniform academic standards for schools in basic subjects and the repeal of a new law that requires photo identification to vote in elections.</p>
<p>House Speaker Curtis Hertel, D-Detroit, said that voters "sent a clear signal by dividing" the state government in the last election. And he called on Republicans in the legislature and the Republican governor to "work with us in a bipartisan spirit to help improve the lives of Michigan's working families."</p>
<p>Engler is expected to outline his agenda for the year during his state of the state speech Tuesday evening.</p>
<p>((--Karen Pierog, 312-408-8647))</p>
</text>
<copyright>(c) Reuters Limited 1997</copyright>
<metadata>
<codes class="bip:countries:1.0">
  <code code="USA">
    <editdetail action="confirmed" attribution="Reuters BIP Coding Group" date="1997-01-28"/>
  </code>
</codes>
<codes class="bip:topics:1.0">
  <code code="GCAT">
    <editdetail action="confirmed" attribution="Reuters BIP Coding Group" date="1997-01-28"/>
  </code>
  <code code="GPOL">
    <editdetail action="confirmed" attribution="Reuters BIP Coding Group" date="1997-01-28"/>
  </code>
</codes>
<dc element="dc.date.created" value="1997-01-28"/>
<dc element="dc.publisher" value="Reuters Holdings Plc"/>
<dc element="dc.date.published" value="1997-01-28"/>
<dc element="dc.source" value="Reuters"/>
<dc element="dc.creator.location" value="CHICAGO"/>
<dc element="dc.creator.location.country.name" value="USA"/>
<dc element="dc.source" value="Reuters"/>
</metadata>
</newsitem>
