<?xml version="1.0" encoding="ISO-8859-1" standalone="no"?>
<newsitem date="1997-01-28" id="root" itemid="338065" xml:lang="en">
<title>ITALY: Italy employers want longer metalworkers contract.</title>
<headline>Italy employers want longer metalworkers contract.</headline>
<dateline>ROME 1997-01-28</dateline>
<text>
<p>Employers group Confapi said on Tuesday the new engineering and metalworkers' contract must be extended to 30 months from the standard two years.</p>
<p>In a statement after a meeting with the sector unions FIM, FIOM and UILM, Confapi said an extended contract was needed "in order to lighten the contract's costs and to enable companies to plan their employees's related costs."</p>
<p>The Confapi organisation represents 12,000 companies accounting for more than 400,000 of the sector's 1.7 million employees.</p>
<p>Confapi represents small and medium-sized businesses and is one of three employers' groups in the sector, where the bitter pay dispute has been going on since last June.</p>
<p>Italian media have widely reported that the largest organisation, Federmeccanica, has also requested an extension of the contract. The dispute centres on the interpretation of a landmark 1993 wage deal, which scrapped automatic index linked wage rises.</p>
<p>FIOM leader Claudio Damiani said on Monday it would never agree to a 30-month contract because this was a misinterpretation of the deal.</p>
<p>-- Rome bureau +396 678-2501</p>
</text>
<copyright>(c) Reuters Limited 1997</copyright>
<metadata>
<codes class="bip:countries:1.0">
  <code code="ITALY">
    <editdetail action="confirmed" attribution="Reuters BIP Coding Group" date="1997-01-28"/>
  </code>
</codes>
<codes class="bip:industries:1.0">
  <code code="I22100">
    <editdetail action="confirmed" attribution="Reuters BIP Coding Group" date="1997-01-28"/>
  </code>
</codes>
<codes class="bip:topics:1.0">
  <code code="C42">
    <editdetail action="confirmed" attribution="Reuters BIP Coding Group" date="1997-01-28"/>
  </code>
  <code code="CCAT">
    <editdetail action="confirmed" attribution="Reuters BIP Coding Group" date="1997-01-28"/>
  </code>
  <code code="E41">
    <editdetail action="confirmed" attribution="Reuters BIP Coding Group" date="1997-01-28"/>
  </code>
  <code code="ECAT">
    <editdetail action="confirmed" attribution="Reuters BIP Coding Group" date="1997-01-28"/>
  </code>
  <code code="GCAT">
    <editdetail action="confirmed" attribution="Reuters BIP Coding Group" date="1997-01-28"/>
  </code>
  <code code="GJOB">
    <editdetail action="confirmed" attribution="Reuters BIP Coding Group" date="1997-01-28"/>
  </code>
</codes>
<dc element="dc.date.created" value="1997-01-28"/>
<dc element="dc.publisher" value="Reuters Holdings Plc"/>
<dc element="dc.date.published" value="1997-01-28"/>
<dc element="dc.source" value="Reuters"/>
<dc element="dc.creator.location" value="ROME"/>
<dc element="dc.creator.location.country.name" value="ITALY"/>
<dc element="dc.source" value="Reuters"/>
</metadata>
</newsitem>
