<?xml version="1.0" encoding="ISO-8859-1" standalone="no"?>
<newsitem date="1997-01-28" id="root" itemid="337037" xml:lang="en">
<title>ROMANIA: BUCHAREST CINEMA LIST - JAN 28-30.</title>
<headline>BUCHAREST CINEMA LIST - JAN 28-30.</headline>
<dateline>BUCHAREST 1997-01-28</dateline>
<text>
<p>Bucharest cinema list:</p>
<p>Ransom			 - PATRIA		 2118625</p>
<p>				   0900 1100 1315 1530 1745 2000</p>
<p>				 - CORSO		  6151334</p>
<p>				   0900 1130 1400 1630 1900</p>
<p>				 - GLORIA		 6474675</p>
<p>				   1000 1215 1430 1645 1900</p>
<p>Gladiator Cop		- LUCEAFARUL	   6158767</p>
<p>				   0900 1100 1300 1500 1715 1930</p>
<p>				 - FAVORIT		7453170</p>
<p>				   0900 1100 1300 1500 1700 1900</p>
<p>Independence Day	   - SCALA		  2110372</p>
<p>				   0900 1130 1400 1645 1930</p>
<p>Street Fighter(Jan 24-26)- BUCURESTI	    6156134</p>
<p>				   0900 1100 1300 1500 1700 1900</p>
<p>Gaddaar(Jan 27-28)	 - BUCURESTI	    6156134</p>
<p>				   0900 1100 1300 1500 1700 1900</p>
<p>Timecop(Jan 29-30)	 - BUCURESTI	    6156134</p>
<p>				   0900 1100 1300 1500 1700 1900</p>
<p>Maximum Risk(Jan 27-28)  - SALA PALATULUI     6157372</p>
<p>				   1730 2000</p>
<p>Seven(Jan 29-30)	   - SALA PALATULUI     6157372</p>
<p>				   1730 2000</p>
<p>				 - COTROCENI	    6384045</p>
<p>				   1130 1400 1630 1900</p>
<p>Tin Cop			- STUDIO		 6595315</p>
<p>				   0930 1200 1430 1700 1930</p>
<p>				 - MIORITA		6142714</p>
<p>				   1000 1230 1430 1630 1830</p>
<p>Swordsman		    - FLAMURA		6857712</p>
<p>				   1000 1230 1500 1730</p>
<p>				 - DACIA		  6503594</p>
<p>				   1200 1400 1600 1800(Jan 24-29)</p>
<p>Gaddaar			- DACIA		  6503594</p>
<p>				   1200 1400 1600 1800(Jan 30)</p>
<p>Courage Under Fire	 - CULTURAL	     6835013</p>
<p>				   1000 1215 1430 1645 1900</p>
<p>				 - OLYMPIA PALLAS     2223085</p>
<p>				   1000 1200 1400</p>
<p>Chain Reaction	     - FESTIVAL	     6156384</p>
<p>				   0900 1100 1300 1500 1700 1900</p>
<p>				 - AURORA		 6350466</p>
<p>				   1200 1400 1600 1800(week days)</p>
<p>				   1000 1200 1400 1600 1800(Sat, Sun)</p>
<p>Jungle All the Way	 - EXCELSIOR	    6654945</p>
<p>				   1200 1400 1600 1800</p>
<p>Matilda			- STUDIO MARTIN	2123242</p>
<p>				   1400 1600 1800</p>
<p>Climerman		    - FLOREASCA	    2122972</p>
<p>				   1500 1700 (week days)</p>
<p>				   1300 1500 1700 (Sat, Sun)</p>
<p>				 - DRUMUL SARII	 4102344</p>
<p>				   1500 1700 (Mon-Thu), 1100 1500 (Sun)</p>
<p>High School High	   - LUMINA		 6147416</p>
<p>				   0915 1115 1315 1515 1715 1915</p>
<p>(Source: Romaniafilm national distribution company)</p>
</text>
<copyright>(c) Reuters Limited 1997</copyright>
<metadata>
<codes class="bip:countries:1.0">
  <code code="ROM">
    <editdetail action="confirmed" attribution="Reuters BIP Coding Group" date="1997-01-28"/>
  </code>
</codes>
<codes class="bip:topics:1.0">
  <code code="GCAT">
    <editdetail action="confirmed" attribution="Reuters BIP Coding Group" date="1997-01-28"/>
  </code>
  <code code="GENT">
    <editdetail action="confirmed" attribution="Reuters BIP Coding Group" date="1997-01-28"/>
  </code>
</codes>
<dc element="dc.date.created" value="1997-01-28"/>
<dc element="dc.publisher" value="Reuters Holdings Plc"/>
<dc element="dc.date.published" value="1997-01-28"/>
<dc element="dc.source" value="Reuters"/>
<dc element="dc.creator.location" value="BUCHAREST"/>
<dc element="dc.creator.location.country.name" value="ROMANIA"/>
<dc element="dc.source" value="Reuters"/>
</metadata>
</newsitem>
