<?xml version="1.0" encoding="ISO-8859-1" standalone="no"?>
<newsitem date="1997-01-28" id="root" itemid="337088" xml:lang="en">
<title>UK: Maxwell administrators raise repayment estimate.</title>
<headline>Maxwell administrators raise repayment estimate.</headline>
<dateline>LONDON 1997-01-28</dateline>
<text>
<p>Price Waterhouse, administrators of Maxwell Communication Corporation Plc (MMC), on Tuesday announced a further increase in the total repayment to its creditors to "approximately 47 to 52 percent".</p>
<p>In addition they would also receive any proceeds of remaining recovery actions, the administrators of Robert Maxwell's failed media empire said in a statement.</p>
<p>"The administrators remain of the view that it is inappropriate and not in creditors' interests to publish any estimate of the likely outcome of recovery actions."</p>
<p>The estimate compared with a predicted 44 to 48 percent dividend in the administrator's last report, released in July last year.</p>
<p>Price Waterhouse said that since the last report it had made fifth and sixth dividend payments to unsecured creditors of 5.0 percent and 2.5 percent respectively, "bringing cumulative dividends paid to agreed Scheme Creditors to 42 percent of their claims before Scheme interest".</p>
<p>-- London Newsroom +44 171 542 7717</p>
</text>
<copyright>(c) Reuters Limited 1997</copyright>
<metadata>
<codes class="bip:countries:1.0">
  <code code="UK">
    <editdetail action="confirmed" attribution="Reuters BIP Coding Group" date="1997-01-28"/>
  </code>
</codes>
<codes class="bip:industries:1.0">
  <code code="I47500">
    <editdetail action="confirmed" attribution="Reuters BIP Coding Group" date="1997-01-28"/>
  </code>
  <code code="I47510">
    <editdetail action="confirmed" attribution="Reuters BIP Coding Group" date="1997-01-28"/>
  </code>
  <code code="I83600">
    <editdetail action="confirmed" attribution="Reuters BIP Coding Group" date="1997-01-28"/>
  </code>
</codes>
<codes class="bip:topics:1.0">
  <code code="C17">
    <editdetail action="confirmed" attribution="Reuters BIP Coding Group" date="1997-01-28"/>
  </code>
  <code code="CCAT">
    <editdetail action="confirmed" attribution="Reuters BIP Coding Group" date="1997-01-28"/>
  </code>
</codes>
<dc element="dc.date.created" value="1997-01-28"/>
<dc element="dc.publisher" value="Reuters Holdings Plc"/>
<dc element="dc.date.published" value="1997-01-28"/>
<dc element="dc.source" value="Reuters"/>
<dc element="dc.creator.location" value="LONDON"/>
<dc element="dc.creator.location.country.name" value="UK"/>
<dc element="dc.source" value="Reuters"/>
</metadata>
</newsitem>
