<?xml version="1.0" encoding="ISO-8859-1" standalone="no"?>
<newsitem date="1997-01-28" id="root" itemid="337386" xml:lang="en">
<title>POLAND: Poland to introduce 10 pct duty on grains soon.</title>
<headline>Poland to introduce 10 pct duty on grains soon.</headline>
<dateline>WARSAW 1997-01-28</dateline>
<text>
<p>The Polish government will soon introduce duties on most grain imports, which were originally scheduled to remain duty-free until the end of June, 1997, a government spokeswoman said on Tuesday.</p>
<p>Aleksandra Jakubowska told a news conference imports of durum wheat, maize and soybeans would remain duty free and the tariffs on other grains would be 10 percent.  </p>
<p>"The Prime Minister (Wlodzimierz Cimoszewicz) presented a proposal which has been approved by the government and which calls for the reinstatement of duties on grains...but it will not be a 20 percent duty but a 10 percent duty," she said.</p>
<p>Jakubowska said a necessary government regulation would be published within the next few days and would come into force 10 days after its publication in an official government bulletin.</p>
<p>Jakubowska added the 10-day grace period would allow firms to finalise contracts negotiated under previous regulations.</p>
<p>She also said the regulation included a clause that would allow duties to be suspended again if grain prices rose faster than overall consumer prices.</p>
<p>-- Warsaw Newsroom +48 22 653 9700</p>
</text>
<copyright>(c) Reuters Limited 1997</copyright>
<metadata>
<codes class="bip:countries:1.0">
  <code code="POL">
    <editdetail action="confirmed" attribution="Reuters BIP Coding Group" date="1997-01-28"/>
  </code>
</codes>
<codes class="bip:industries:1.0">
  <code code="I01001">
    <editdetail action="confirmed" attribution="Reuters BIP Coding Group" date="1997-01-28"/>
  </code>
  <code code="I0100132">
    <editdetail action="confirmed" attribution="Reuters BIP Coding Group" date="1997-01-28"/>
  </code>
</codes>
<codes class="bip:topics:1.0">
  <code code="C13">
    <editdetail action="confirmed" attribution="Reuters BIP Coding Group" date="1997-01-28"/>
  </code>
  <code code="C31">
    <editdetail action="confirmed" attribution="Reuters BIP Coding Group" date="1997-01-28"/>
  </code>
  <code code="C311">
    <editdetail action="confirmed" attribution="Reuters BIP Coding Group" date="1997-01-28"/>
  </code>
  <code code="CCAT">
    <editdetail action="confirmed" attribution="Reuters BIP Coding Group" date="1997-01-28"/>
  </code>
  <code code="M14">
    <editdetail action="confirmed" attribution="Reuters BIP Coding Group" date="1997-01-28"/>
  </code>
  <code code="M141">
    <editdetail action="confirmed" attribution="Reuters BIP Coding Group" date="1997-01-28"/>
  </code>
  <code code="MCAT">
    <editdetail action="confirmed" attribution="Reuters BIP Coding Group" date="1997-01-28"/>
  </code>
</codes>
<dc element="dc.date.created" value="1997-01-28"/>
<dc element="dc.publisher" value="Reuters Holdings Plc"/>
<dc element="dc.date.published" value="1997-01-28"/>
<dc element="dc.source" value="Reuters"/>
<dc element="dc.creator.location" value="WARSAW"/>
<dc element="dc.creator.location.country.name" value="POLAND"/>
<dc element="dc.source" value="Reuters"/>
</metadata>
</newsitem>
