<?xml version="1.0" encoding="ISO-8859-1" standalone="no"?>
<newsitem date="1997-01-28" id="root" itemid="337933" xml:lang="en">
<title>USA: NYMEX crude slips in rangebound trade late session.</title>
<headline>NYMEX crude slips in rangebound trade late session.</headline>
<dateline>NEW YORK 1997-01-28</dateline>
<text>
<p>NYMEX crude prices slipped Tuesday afternoon but were rangebound as expectations of this evening's weekly oil inventory data from the American Petroleum Institute (API) failed to provide market direction.</p>
<p>"The estimates are the same as last week's, so it's like 'who cares'" said a crude dealer of the API data expectations.</p>
<p>"There is nothing going on. We have been trading between $23.80 and $23.25 and it's going to remain that way (until the close)," the trader said.</p>
<p>At 1448 EST, March crude was off one cent at $23.93 a barrel.  </p>
<p>Expiry-related rolling continued to pressure February heating oil which was off 0.44 cent at 66.85 cents a gallon.</p>
<p>Feb gasoline was off 0.42 cent a gallon at 67.20 cents, also giving way to some front-to-back month selling ahead of the Feb refined product contract expiry Friday.</p>
<p>"There is some selling of Feb for March, but it's pretty dead here," said a gasoline trader, noting thin volume.</p>
<p>A consensus of trader estimates for the API data called for a draw in distillate stocks of two million barrels, while gasoline and crude stocks were expected to build by 2.25 million and three million barrels respectively.</p>
<p>The data reflects the week ended January 24.</p>
<p>((-- Harry Milling, New York Energy Desk, 212-859-1761))</p>
</text>
<copyright>(c) Reuters Limited 1997</copyright>
<metadata>
<codes class="bip:countries:1.0">
  <code code="USA">
    <editdetail action="confirmed" attribution="Reuters BIP Coding Group" date="1997-01-28"/>
  </code>
</codes>
<codes class="bip:topics:1.0">
  <code code="M14">
    <editdetail action="confirmed" attribution="Reuters BIP Coding Group" date="1997-01-28"/>
  </code>
  <code code="M143">
    <editdetail action="confirmed" attribution="Reuters BIP Coding Group" date="1997-01-28"/>
  </code>
  <code code="MCAT">
    <editdetail action="confirmed" attribution="Reuters BIP Coding Group" date="1997-01-28"/>
  </code>
</codes>
<dc element="dc.date.created" value="1997-01-28"/>
<dc element="dc.publisher" value="Reuters Holdings Plc"/>
<dc element="dc.date.published" value="1997-01-28"/>
<dc element="dc.source" value="Reuters"/>
<dc element="dc.creator.location" value="NEW YORK"/>
<dc element="dc.creator.location.country.name" value="USA"/>
<dc element="dc.source" value="Reuters"/>
</metadata>
</newsitem>
