<?xml version="1.0" encoding="ISO-8859-1" standalone="no"?>
<newsitem date="1996-12-20" id="root" itemid="270762" xml:lang="en">
<title>GERMANY: Germany to permit bond stripping from middle 1997.</title>
<headline>Germany to permit bond stripping from middle 1997.</headline>
<byline>Svea Herbst-Bayliss</byline>
<dateline>FRANKFURT 1996-12-20</dateline>
<text>
<p>The German government on Friday unveiled a key change in the way its debt can be traded, bringing it into line with international standards and further improving Germany's status as a leading financial centre.</p>
<p>In a long awaited move, the Bundesbank said Germany would allow bond dealers to strip 10- and 30-year bonds from July 1997. This means the bond can be split into its principal and its coupon. The two are then sold separately, the principal as zero-coupon securities.</p>
<p>Although the Bonn government and the central bank have mulled the issue of permitting bond-stripping for several years, it was the spectre of European currency union that likely helped spur the final decision.</p>
<p>"Germany did this for Europe," said Heinz Gunasekera, bond analyst at UBS in Frankfurt.</p>
<p>While the step is likely to appeal to only a limited audience, analysts said it was one of many small steps taken in Germany recently to overhaul the financial market.</p>
<p>"This won't take the market hugely forward. But the number of small steps, like the Finance Ministry now issuing debt across the yield curve, all move in one direction," giving the German market new sophistication, said Ros Lifton, senior international economist at HSBC Markets in London.</p>
<p>Beside improving the German market's image, the step is also seen as giving bankers some hands-on training with new products in the run-up to Europe's planned currency union.</p>
<p>"This step is absolutely necessary to help Germany reach an international standard and give banks experience in dealing with this business before Europe's currency union is slated to begin," said Armin Kayser, analyst at SBC Warburg in Frankfurt.</p>
<p>The Bundesbank said Bonn would issue a strippable 30-year bond in the middle of the year which it plans to top up later. Both the government's already issued 6.25 percent bond maturing 2024 and the New Year bond for 1997 would also be strippable, the Bundesbank said.</p>
<p>Kayser and others predicted that bond-stripping will be permitted in the currency union, particularly since the practice has become hugely popular in many nations since being pioneered by U.S. investment banks several years ago.</p>
<p>For banks the most attractive aspect of bond-stripping, which effectively allows dealers to trade the same product twice, may be that arbitrage opportunities will be increased.</p>
<p>Here dealers can profit from differences in price when the same security is traded on two or more markets.</p>
<p>After complaining that the German market suffered a distinct competitive disadvantage when stripping was prohibited, commercial banks cheered today's news, which delivered what the government had promised since the summer.</p>
<p>Stephan Schuster, a senior official at Deutsche Bank said: "Of course we welcome this, in fact it was one of the demands we made" in discussions with the government and Bundesbank.</p>
<p>The Bundesbank acts as the government's issuing agent.</p>
<p>One reason it may have taken so long for the practice to be officially approved is that Bonn long struggled with a myriad of thorny tax issues pertaining to the issues.</p>
<p>The Finance Ministry said certain technical issues still needed to be worked out, and this was a reason stripping will not become effective until the middle of next year.</p>
<p>While the step is seen helping the German market, if only in a small way, SBC Warburg's Kayser criticised the timing, saying: "There is no reason to be jubilant about this move as it comes so late in the game."</p>
<p>Europe's currency union is due to begin on January 1, 1999.</p>
<p>--Frankfurt Newsroom, +49 69 756525</p>
</text>
<copyright>(c) Reuters Limited 1996</copyright>
<metadata>
<codes class="bip:countries:1.0">
  <code code="GFR">
    <editdetail action="confirmed" attribution="Reuters BIP Coding Group" date="1996-12-20"/>
  </code>
</codes>
<codes class="bip:topics:1.0">
  <code code="M12">
    <editdetail action="confirmed" attribution="Reuters BIP Coding Group" date="1996-12-20"/>
  </code>
  <code code="MCAT">
    <editdetail action="confirmed" attribution="Reuters BIP Coding Group" date="1996-12-20"/>
  </code>
</codes>
<dc element="dc.date.created" value="1996-12-20"/>
<dc element="dc.publisher" value="Reuters Holdings Plc"/>
<dc element="dc.date.published" value="1996-12-20"/>
<dc element="dc.source" value="Reuters"/>
<dc element="dc.creator.location" value="FRANKFURT"/>
<dc element="dc.creator.location.country.name" value="GERMANY"/>
<dc element="dc.source" value="Reuters"/>
</metadata>
</newsitem>
