<?xml version="1.0" encoding="ISO-8859-1" standalone="no"?>
<newsitem date="1997-01-28" id="root" itemid="336928" xml:lang="en">
<title>UK: SOCCER-ENGLISH LEAGUE RESULTS.</title>
<headline>SOCCER-ENGLISH LEAGUE RESULTS.</headline>
<dateline>LONDON 1997-01-28</dateline>
<text>
<p>Results of English league matches</p>
<p>on Tuesday:</p>
<p>Division one</p>
<p> Bradford	1     Port Vale		0</p>
<p> Grimsby	 2     Barnsley		 3</p>
<p> Portsmouth    2     Oxford United	  1</p>
<p> Reading	 4     Huddersfield	   1</p>
<p> Southend	2     Crystal Palace	 1</p>
<p> Tranmere	3     Norwich		  1</p>
<p>Postponed: Oldham v Charlton</p>
<p>Division two</p>
<p> Burnley	 0     Chesterfield	   0</p>
<p>Division three</p>
<p> Lincoln	 0     Chester		  0</p>
<p> Swansea	 2     Doncaster		0</p>
<p>Postponed: Rochdale v Scarborough.</p>
</text>
<copyright>(c) Reuters Limited 1997</copyright>
<metadata>
<codes class="bip:countries:1.0">
  <code code="UK">
    <editdetail action="confirmed" attribution="Reuters BIP Coding Group" date="1997-01-28"/>
  </code>
</codes>
<codes class="bip:topics:1.0">
  <code code="GCAT">
    <editdetail action="confirmed" attribution="Reuters BIP Coding Group" date="1997-01-28"/>
  </code>
  <code code="GSPO">
    <editdetail action="confirmed" attribution="Reuters BIP Coding Group" date="1997-01-28"/>
  </code>
</codes>
<dc element="dc.date.created" value="1997-01-28"/>
<dc element="dc.publisher" value="Reuters Holdings Plc"/>
<dc element="dc.date.published" value="1997-01-28"/>
<dc element="dc.source" value="Reuters"/>
<dc element="dc.creator.location" value="LONDON"/>
<dc element="dc.creator.location.country.name" value="UK"/>
<dc element="dc.source" value="Reuters"/>
</metadata>
</newsitem>
