<?xml version="1.0" encoding="ISO-8859-1" standalone="no"?>
<newsitem date="1997-01-28" id="root" itemid="336771" xml:lang="en">
<title>USA: NYPA says has approval to set up transmission plan.</title>
<headline>NYPA says has approval to set up transmission plan.</headline>
<dateline>NEW YORK 1997-01-28</dateline>
<text>
<p>The New York Power Authority (NYPA) said Tuesday its trustees approved a plan under which it would help set up an Independent System Operator (ISO) for New York state's transmission system.</p>
<p>"(This) marks one of the first joint actions by utilities to open the state's transmission network to any power marketer," NYPA chairman and chief executive officer C.D. Rappleyea said in a statement.  </p>
<p>Rappleyea said the ISO proposal was the result of two years of work with New York's Public Service Commission, Federal Energy Regulatory Commission (FERC), the state's seven investor-owned utilities and trade and environmental groups.</p>
<p>The plan, a key step toward opening the state's electricity industry to open competition, will be submitted to FERC January 31 for approval.</p>
<p>"If approved, (it) could be partially implemented in mid-1997, with full implementation anticipated by mid-1998," NYPA said.</p>
<p>FERC, which would regulate the ISO, last year ordered utilities nationwide to prepare a plan that would open their high-voltage lines to all bulk power marketers.</p>
<p>The NYPA plan approved by trustees would establish a not-for-profit ISO corporation replacing the existing New York Power Pool (NYPP), providing access and coordination functions for all users of the grid similar to those currently available from NYPP.</p>
<p>"Maintenance and basic operation of the system would remain the responsibility of the transmission owners," NYPA said.</p>
<p>ISO's functions would include balancing the grid's power load, dispatching electricity, and setting some pricing.</p>
<p>It would be governed by 28 representatives from transmission owners (8), wholesale power buyers (8), wholesale sellers (8), and environmental and consumer groups (4).</p>
<p>The plan also calls for a New York State Reliability Council, a voluntary association that would ensure operations comply with standards set by local and national regulators.</p>
<p>The council would consist of an 11-member board representing transmission owners (8) and one representative each of electricity sellers, buyers, environmental and consumer groups.</p>
<p>The plan calls for setting up a Power Exchange (PE) to meet power demand identified by the ISO. Transmission owners would establish one PE, but others could be established, with governance based on the level of participation in trade.</p>
<p>According to the statement, transmission prices would be based on "Locational Based Marginal Pricing," a mechanism for showing price differentials between various delivery points on the system.</p>
<p>Customers would also pay a transmission service charge to cover the fixed transmission costs of the local utility.</p>
<p>--New York Power Desk + 212 859 1621</p>
</text>
<copyright>(c) Reuters Limited 1997</copyright>
<metadata>
<codes class="bip:countries:1.0">
  <code code="USA">
    <editdetail action="confirmed" attribution="Reuters BIP Coding Group" date="1997-01-28"/>
  </code>
</codes>
<codes class="bip:industries:1.0">
  <code code="I16100">
    <editdetail action="confirmed" attribution="Reuters BIP Coding Group" date="1997-01-28"/>
  </code>
</codes>
<codes class="bip:topics:1.0">
  <code code="C11">
    <editdetail action="confirmed" attribution="Reuters BIP Coding Group" date="1997-01-28"/>
  </code>
  <code code="C24">
    <editdetail action="confirmed" attribution="Reuters BIP Coding Group" date="1997-01-28"/>
  </code>
  <code code="CCAT">
    <editdetail action="confirmed" attribution="Reuters BIP Coding Group" date="1997-01-28"/>
  </code>
</codes>
<dc element="dc.date.created" value="1997-01-28"/>
<dc element="dc.publisher" value="Reuters Holdings Plc"/>
<dc element="dc.date.published" value="1997-01-28"/>
<dc element="dc.source" value="Reuters"/>
<dc element="dc.creator.location" value="NEW YORK"/>
<dc element="dc.creator.location.country.name" value="USA"/>
<dc element="dc.source" value="Reuters"/>
</metadata>
</newsitem>
