<?xml version="1.0" encoding="ISO-8859-1" standalone="no"?>
<newsitem date="1997-01-28" id="root" itemid="337758" xml:lang="en">
<title>USA: PRESALE - Ophir Sch Dist 72, Mont.</title>
<headline>PRESALE - Ophir Sch Dist 72, Mont.</headline>
<text>
<p>AMT: 2,095,000	DATE: 02/04/97	NYC Time: 1300     CUSIP: 363702</p>
<p>ISSUER: Ophir Sch Dist 72					    ST: MT</p>
<p>ISSUE: General obligation school building series 1997	TAX STAT: Exempt-ULT</p>
<p>M/SP/F: NR/NR/NA							 BOOK ENTRY: Y</p>
<p>ENHANCEMENTS: None						     BANK QUAL: Y</p>
<p>DTD: 02/01/97							    SURE BID: Y</p>
<p>DUE: 7/1/98-17						SR MR:</p>
<p>1ST CPN: 01/01/98</p>
<p>CALL: 7/1/07 @ par					  TIC</p>
<p>DELIVERY: 2/18/97 approx				  ORDERS:</p>
<p>PAYING AGENT: Norwest Bank Montana, Helena</p>
<p>L.O.: Dorsey &amp; Whitney, Missoula</p>
<p>F.A.: Dain Bosworth Inc., Helena</p>
<p>LAST SALE: None</p>
<p>Year		     Amount    Coupon     Yield     Price  Conc.</p>
<p>1998		     40,000</p>
<p>1999		     60,000</p>
<p>2000		     65,000</p>
<p>2001		     70,000</p>
<p>2002		     75,000</p>
<p>2003		     80,000</p>
<p>2004		     85,000</p>
<p>2005		     90,000</p>
<p>2006		     95,000</p>
<p>2007		     95,000</p>
<p>2008		    105,000</p>
<p>2009		    110,000</p>
<p>2010		    115,000</p>
<p>2011		    120,000</p>
<p>2012		    130,000</p>
<p>2013		    135,000</p>
<p>2014		    145,000</p>
<p>2015		    150,000</p>
<p>2016		    160,000</p>
<p>2017		    170,000</p>
<p>COMPETITIVE PRE-SALE CONTRIBUTED BY J.J. KENNY K-SHEETS:</p>
</text>
<copyright>(c) Reuters Limited 1997</copyright>
<metadata>
<codes class="bip:countries:1.0">
  <code code="USA">
    <editdetail action="confirmed" attribution="Reuters BIP Coding Group" date="1997-01-28"/>
  </code>
</codes>
<codes class="bip:topics:1.0">
  <code code="E21">
    <editdetail action="confirmed" attribution="Reuters BIP Coding Group" date="1997-01-28"/>
  </code>
  <code code="E212">
    <editdetail action="confirmed" attribution="Reuters BIP Coding Group" date="1997-01-28"/>
  </code>
  <code code="ECAT">
    <editdetail action="confirmed" attribution="Reuters BIP Coding Group" date="1997-01-28"/>
  </code>
</codes>
<dc element="dc.publisher" value="Reuters Holdings Plc"/>
<dc element="dc.date.published" value="1997-01-28"/>
<dc element="dc.source" value="Reuters"/>
<dc element="dc.creator.location.country.name" value="USA"/>
<dc element="dc.source" value="Reuters"/>
</metadata>
</newsitem>
