<?xml version="1.0" encoding="ISO-8859-1" standalone="no"?>
<newsitem date="1997-01-28" id="root" itemid="337119" xml:lang="en">
<title>UK: KLM unit wins BA S.Africa cargo contract.</title>
<headline>KLM unit wins BA S.Africa cargo contract.</headline>
<dateline>LONDON 1997-01-28</dateline>
<text>
<p>Airfreight handling company Cargo Service Centre (CSC) said it has signed a joint management contract with British Airways World Cargo (BAWC) for the operation of a new warehouse at Johannesburg International Airport.</p>
<p>CSC is a KLM Royal Dutch Airlines NV subsidiary.</p>
<p>A CSC statement issued here said the company is basing a team at the new, recently-opened, purpose-built BAWC warehouse to provide a full freight handling and sales support service on behalf of the British Airways cargo division.</p>
<p>In addition to the new partnership agreement, CSC said it operates its own warehouse within the boundaries of Johannesburg airport, where it is one of four companies licensed toprovide freight handling services.</p>
<p>-Air Cargo Newsroom Tel +44 171 542 7706 Fax+44 171 542 5017</p>
</text>
<copyright>(c) Reuters Limited 1997</copyright>
<metadata>
<codes class="bip:countries:1.0">
  <code code="NETH">
    <editdetail action="confirmed" attribution="Reuters BIP Coding Group" date="1997-01-28"/>
  </code>
  <code code="SAFR">
    <editdetail action="confirmed" attribution="Reuters BIP Coding Group" date="1997-01-28"/>
  </code>
  <code code="UK">
    <editdetail action="confirmed" attribution="Reuters BIP Coding Group" date="1997-01-28"/>
  </code>
</codes>
<codes class="bip:industries:1.0">
  <code code="I75000">
    <editdetail action="confirmed" attribution="Reuters BIP Coding Group" date="1997-01-28"/>
  </code>
  <code code="I77002">
    <editdetail action="confirmed" attribution="Reuters BIP Coding Group" date="1997-01-28"/>
  </code>
</codes>
<codes class="bip:topics:1.0">
  <code code="C33">
    <editdetail action="confirmed" attribution="Reuters BIP Coding Group" date="1997-01-28"/>
  </code>
  <code code="CCAT">
    <editdetail action="confirmed" attribution="Reuters BIP Coding Group" date="1997-01-28"/>
  </code>
</codes>
<dc element="dc.date.created" value="1997-01-28"/>
<dc element="dc.publisher" value="Reuters Holdings Plc"/>
<dc element="dc.date.published" value="1997-01-28"/>
<dc element="dc.source" value="Reuters"/>
<dc element="dc.creator.location" value="LONDON"/>
<dc element="dc.creator.location.country.name" value="UK"/>
<dc element="dc.source" value="Reuters"/>
</metadata>
</newsitem>
