<?xml version="1.0" encoding="ISO-8859-1" standalone="no"?>
<newsitem date="1996-12-20" id="root" itemid="270694" xml:lang="en">
<title>USA: BALANCE - Arlington, Mass., at $1.7 mln.</title>
<headline>BALANCE - Arlington, Mass., at $1.7 mln.</headline>
<text>
<p>TOWN OF ARLINGTON, MaSSACHUSETTS</p>
<p>RE: $6,610,000</p>
<p>MUNICIPAL PURPOSE LOAN OF 1996 BONDS</p>
<p>(LIMITED TAX)</p>
<p>    MOODY'S: Aa		    S&amp;P: NR</p>
<p>Delivery Date: 12/20/1996</p>
<p>Maturity	   Balance     Coupon    List</p>
<p>08/15/1998	     300M    6.30	  3.80</p>
<p>08/15/1999	     335M    6.30	  4.00</p>
<p>08/15/2001	     175M    6.00	  4.25</p>
<p>08/15/2002		15M    4.35	  4.35</p>
<p>08/15/2004		40M    4.55	  4.55</p>
<p>08/15/2006		15M    4.75	  4.75</p>
<p>08/15/2007		80M    4.80	  4.875</p>
<p>08/15/2013	     275M    5.25	  5.35</p>
<p>08/15/2014	     100M    5.30	  5.40</p>
<p>08/15/2015	     410M    5.375	 5.45</p>
<p>  Total:	     1,745M</p>
<p>A.G. Edwards &amp; Sons, Inc.</p>
<p>Smith Barney Inc.</p>
<p>Roosevelt &amp; Cross, Inc.</p>
<p>Advest, Inc.</p>
<p>Dean Witter Reynolds Inc.</p>
<p>--U.S. Municipal Desk, 212-859-1650</p>
</text>
<copyright>(c) Reuters Limited 1996</copyright>
<metadata>
<codes class="bip:countries:1.0">
  <code code="USA">
    <editdetail action="confirmed" attribution="Reuters BIP Coding Group" date="1996-12-20"/>
  </code>
</codes>
<codes class="bip:topics:1.0">
  <code code="E21">
    <editdetail action="confirmed" attribution="Reuters BIP Coding Group" date="1996-12-20"/>
  </code>
  <code code="E212">
    <editdetail action="confirmed" attribution="Reuters BIP Coding Group" date="1996-12-20"/>
  </code>
  <code code="ECAT">
    <editdetail action="confirmed" attribution="Reuters BIP Coding Group" date="1996-12-20"/>
  </code>
</codes>
<dc element="dc.publisher" value="Reuters Holdings Plc"/>
<dc element="dc.date.published" value="1996-12-20"/>
<dc element="dc.source" value="Reuters"/>
<dc element="dc.creator.location.country.name" value="USA"/>
<dc element="dc.source" value="Reuters"/>
</metadata>
</newsitem>
