<?xml version="1.0" encoding="ISO-8859-1" standalone="no"?>
<newsitem date="1997-01-28" id="root" itemid="337108" xml:lang="en">
<title>UK: Canadian Air in pact with Thai forwarder.</title>
<headline>Canadian Air in pact with Thai forwarder.</headline>
<dateline>LONDON 1997-01-28</dateline>
<text>
<p>Canadian Airlines Corp's cargo division has formed a C$12 million partnership with Thailand-based Commercial Transport International Co Ltd (CTI).</p>
<p>CTI is ranked among the top 10 revenue-earning international airfreight forwarders in Canada, Canadian Air said in a statement received here..</p>
<p>"This partnership...emphasises our commitment to serving the Asian marketplace," said Canadian AirCargo vice-president Barry Rempel in the statement.</p>
<p>In the Asia-Pacific region, Canadian serves Tokyo, Manila, Bangkok and Kuala Lumpur from Vancouver. - Reuters Air Cargo Newsroom Tel +44 171 542 7706 Fax+44 171 542 5017</p>
</text>
<copyright>(c) Reuters Limited 1997</copyright>
<metadata>
<codes class="bip:countries:1.0">
  <code code="CANA">
    <editdetail action="confirmed" attribution="Reuters BIP Coding Group" date="1997-01-28"/>
  </code>
  <code code="THAIL">
    <editdetail action="confirmed" attribution="Reuters BIP Coding Group" date="1997-01-28"/>
  </code>
  <code code="UK">
    <editdetail action="confirmed" attribution="Reuters BIP Coding Group" date="1997-01-28"/>
  </code>
</codes>
<codes class="bip:industries:1.0">
  <code code="I75000">
    <editdetail action="confirmed" attribution="Reuters BIP Coding Group" date="1997-01-28"/>
  </code>
  <code code="I77002">
    <editdetail action="confirmed" attribution="Reuters BIP Coding Group" date="1997-01-28"/>
  </code>
</codes>
<codes class="bip:topics:1.0">
  <code code="C11">
    <editdetail action="confirmed" attribution="Reuters BIP Coding Group" date="1997-01-28"/>
  </code>
  <code code="CCAT">
    <editdetail action="confirmed" attribution="Reuters BIP Coding Group" date="1997-01-28"/>
  </code>
</codes>
<dc element="dc.date.created" value="1997-01-28"/>
<dc element="dc.publisher" value="Reuters Holdings Plc"/>
<dc element="dc.date.published" value="1997-01-28"/>
<dc element="dc.source" value="Reuters"/>
<dc element="dc.creator.location" value="LONDON"/>
<dc element="dc.creator.location.country.name" value="UK"/>
<dc element="dc.source" value="Reuters"/>
</metadata>
</newsitem>
