<?xml version="1.0" encoding="ISO-8859-1" standalone="no"?>
<newsitem date="1997-01-28" id="root" itemid="338282" xml:lang="en">
<title>SRI LANKA: Merchant in bonus issue to employees.</title>
<headline>Merchant in bonus issue to employees.</headline>
<dateline>COLOMBO 1997-01-28</dateline>
<text>
<p>Merchant Bank of Sri Lanka Ltd has sought stock exchange permission to issue five million bonus shares to an employee share ownership trust (ESOP), in a bid to improve profitability, a bank official said on Tuesday.</p>
<p>The Merchant Bank set up a ESOP scheme in 1990, which borrows funds at commercial rates from the company, to purchase and trade in MBSL shares.</p>
<p>"But the recent decline in the share market and in the company's shares, has resulted in the ESOP owing MBSL loans plus interest amounting to about 120 million rupees," a bank official told Reuters.</p>
<p>Colombo stocks took a major blow in 1995, when global funds pulled out of emerging markets. The decline continued in 1996, as company profits were hit by a drought and power cuts.</p>
<p>The share, which fell to a low of 10 rupees in July 1996, was trading at 21 rupees on Tuesday.</p>
<p>The bonus issue will enable the ESOP to profit by trading in MBSL shares, which are now recovering along with the market, the official said.</p>
<p>"The ESOP can then pay back the 120 million it owes MBSL, which will not have to make a provision (for bad debts) in 1997," he added.  </p>
<p>Since the solving of EOSP problems will have a direct bearing on profitability of Merchant Bank, the share dilution by issuing bonus shares, was justified, the official said.</p>
<p>Unaudited results of Merchant Bank for the financial year ended 31 December 1996, show the company made a net profit of 54.93 million rupees, up from 33.79 million in 1995.</p>
<p>Market analysts say pulling the ESOP out of the red will boost MBSL profits by about 30 million rupees, in 1997.</p>
<p>The bonus issue has to be approved by a majority of 75 percent at an EGM, after getting the greenlight from the stock exchange. -- Colombo newsroom (941) 434319</p>
</text>
<copyright>(c) Reuters Limited 1997</copyright>
<metadata>
<codes class="bip:countries:1.0">
  <code code="SRILAN">
    <editdetail action="confirmed" attribution="Reuters BIP Coding Group" date="1997-01-28"/>
  </code>
</codes>
<codes class="bip:industries:1.0">
  <code code="I81402">
    <editdetail action="confirmed" attribution="Reuters BIP Coding Group" date="1997-01-28"/>
  </code>
</codes>
<codes class="bip:topics:1.0">
  <code code="C11">
    <editdetail action="confirmed" attribution="Reuters BIP Coding Group" date="1997-01-28"/>
  </code>
  <code code="C17">
    <editdetail action="confirmed" attribution="Reuters BIP Coding Group" date="1997-01-28"/>
  </code>
  <code code="C171">
    <editdetail action="confirmed" attribution="Reuters BIP Coding Group" date="1997-01-28"/>
  </code>
  <code code="C42">
    <editdetail action="confirmed" attribution="Reuters BIP Coding Group" date="1997-01-28"/>
  </code>
  <code code="CCAT">
    <editdetail action="confirmed" attribution="Reuters BIP Coding Group" date="1997-01-28"/>
  </code>
  <code code="E41">
    <editdetail action="confirmed" attribution="Reuters BIP Coding Group" date="1997-01-28"/>
  </code>
  <code code="ECAT">
    <editdetail action="confirmed" attribution="Reuters BIP Coding Group" date="1997-01-28"/>
  </code>
  <code code="GCAT">
    <editdetail action="confirmed" attribution="Reuters BIP Coding Group" date="1997-01-28"/>
  </code>
  <code code="GJOB">
    <editdetail action="confirmed" attribution="Reuters BIP Coding Group" date="1997-01-28"/>
  </code>
</codes>
<dc element="dc.date.created" value="1997-01-28"/>
<dc element="dc.publisher" value="Reuters Holdings Plc"/>
<dc element="dc.date.published" value="1997-01-28"/>
<dc element="dc.source" value="Reuters"/>
<dc element="dc.creator.location" value="COLOMBO"/>
<dc element="dc.creator.location.country.name" value="SRI LANKA"/>
<dc element="dc.source" value="Reuters"/>
</metadata>
</newsitem>
