<?xml version="1.0" encoding="ISO-8859-1" standalone="no"?>
<newsitem date="1997-01-28" id="root" itemid="337753" xml:lang="en">
<title>USA: Kansas City/Hutchinson rail ship/receipts - Jan 28.</title>
<headline>Kansas City/Hutchinson rail ship/receipts - Jan 28.</headline>
<text>
<p>shown in 1,000 bushels</p>
<p> ............Kansas City...............Hutchinson, Kan.</p>
<p>		Shipments    Receipts     Shipments    Receipts</p>
<p> Wheat	     117	   55		84	     0</p>
<p> Corn		 74	    3		 0	     0</p>
<p> Soybns	    194	    0		 0	     0</p>
<p> Sorghum	     0	    0	     164	     0</p>
<p> Oats		  0	    0		 0	     0</p>
<p> Total	     385	   58	     248	     0</p>
</text>
<copyright>(c) Reuters Limited 1997</copyright>
<metadata>
<codes class="bip:countries:1.0">
  <code code="USA">
    <editdetail action="confirmed" attribution="Reuters BIP Coding Group" date="1997-01-28"/>
  </code>
</codes>
<codes class="bip:topics:1.0">
  <code code="M14">
    <editdetail action="confirmed" attribution="Reuters BIP Coding Group" date="1997-01-28"/>
  </code>
  <code code="M141">
    <editdetail action="confirmed" attribution="Reuters BIP Coding Group" date="1997-01-28"/>
  </code>
  <code code="MCAT">
    <editdetail action="confirmed" attribution="Reuters BIP Coding Group" date="1997-01-28"/>
  </code>
</codes>
<dc element="dc.publisher" value="Reuters Holdings Plc"/>
<dc element="dc.date.published" value="1997-01-28"/>
<dc element="dc.source" value="Reuters"/>
<dc element="dc.creator.location.country.name" value="USA"/>
<dc element="dc.source" value="Reuters"/>
</metadata>
</newsitem>
