<?xml version="1.0" encoding="ISO-8859-1" standalone="no"?>
<newsitem date="1997-01-28" id="root" itemid="337327" xml:lang="en">
<title>CZECH REPUBLIC: Czech CNB-120 index rises 2.4 points to 840.5 pts.</title>
<headline>Czech CNB-120 index rises 2.4 points to 840.5 pts.</headline>
<dateline>PRAGUE 1997-01-28</dateline>
<text>
<p>The CNB-120 index, a broad daily measure of Czech equities, rose 2.4 points on Tuesday to 840.5, the Czech National Bank (CNB) said.</p>
<p>Seven of the ten sectoral indices gained, with the machinery index rising the most, up 14.4 points to 1,011.</p>
<p>-- Prague Newsroom, 42-2-2423-0003</p>
</text>
<copyright>(c) Reuters Limited 1997</copyright>
<metadata>
<codes class="bip:countries:1.0">
  <code code="CZREP">
    <editdetail action="confirmed" attribution="Reuters BIP Coding Group" date="1997-01-28"/>
  </code>
</codes>
<codes class="bip:topics:1.0">
  <code code="M11">
    <editdetail action="confirmed" attribution="Reuters BIP Coding Group" date="1997-01-28"/>
  </code>
  <code code="MCAT">
    <editdetail action="confirmed" attribution="Reuters BIP Coding Group" date="1997-01-28"/>
  </code>
</codes>
<dc element="dc.date.created" value="1997-01-28"/>
<dc element="dc.publisher" value="Reuters Holdings Plc"/>
<dc element="dc.date.published" value="1997-01-28"/>
<dc element="dc.source" value="Reuters"/>
<dc element="dc.creator.location" value="PRAGUE"/>
<dc element="dc.creator.location.country.name" value="CZECH REPUBLIC"/>
<dc element="dc.source" value="Reuters"/>
</metadata>
</newsitem>
