<?xml version="1.0" encoding="ISO-8859-1" standalone="no"?>
<newsitem date="1997-01-28" id="root" itemid="336691" xml:lang="en">
<title>USA: Crown Pacific Q4 unit $0.22 vs $0.25.</title>
<headline>Crown Pacific Q4 unit $0.22 vs $0.25.</headline>
<dateline>PORTLAND, Ore 1997-01-28</dateline>
<text>
<p>(In thousands, except per Unit data)</p>
<p>				    (Unaudited)</p>
<p>					     For the three months ended</p>
<p>							  Dec. 31,</p>
<p>						   1996		 1995</p>
<p> Revenues				  $112,129	     $89,426</p>
<p>Operating costs:</p>
<p>   Cost of products sold		 90,851		71,243</p>
<p>Selling, general and</p>
<p>    administrative expenses	     4,335		 5,748</p>
<p> Operating income			  16,943		12,435</p>
<p> Interest expense			   9,465		 8,009</p>
<p>Amortization of debt</p>
<p>  issuance costs				143		   134</p>
<p> Other expense (income), net	    1,308		 (317)</p>
<p> Net income				   6,027		 4,609</p>
<p> Net income per Unit(a)		    0.22		  0.25</p>
<p>Weighted average</p>
<p>  Units outstanding		  27,104,277	  18,133,527</p>
<p> Cash flow(b)				24,106		24,195</p>
<p>						     For the year ended</p>
<p>								Dec. 31,</p>
<p>						   1996		 1995</p>
<p> Revenues				  $401,579	    $383,383</p>
<p>Operating costs:</p>
<p>   Cost of products sold		321,935	     313,490</p>
<p>Selling, general and</p>
<p>    administrative expenses	    18,636		21,653</p>
<p> Operating income			  61,008		48,240</p>
<p> Interest expense			  38,852		31,053</p>
<p>Amortization of debt</p>
<p>  issuance costs				594		   508</p>
<p>Other expense (income), net	    1,021		 (599)</p>
<p> Net income				  20,541		17,278</p>
<p> Net income per Unit(a)		    0.94		  0.94</p>
<p>Weighted average</p>
<p>  Units outstanding		  21,690,655	  18,133,527</p>
<p> Cash flow(b)				99,240		83,290</p>
<p>(a) Net income per Unit based on weighted average Units outstanding after deducting the General Partners' allocation of net income. (b) Cash flow is defined as EBITDDA, or earnings before interest, income taxes, depreciation, depletion and amortization.  EBITDDA is provided because management believes EBITDDA provides useful information for evaluating the Company's ability to service debt and support its cash distributions to Unitholders.</p>
</text>
<copyright>(c) Reuters Limited 1997</copyright>
<metadata>
<codes class="bip:countries:1.0">
  <code code="USA">
    <editdetail action="confirmed" attribution="Reuters BIP Coding Group" date="1997-01-28"/>
  </code>
</codes>
<codes class="bip:industries:1.0">
  <code code="I02000">
    <editdetail action="confirmed" attribution="Reuters BIP Coding Group" date="1997-01-28"/>
  </code>
</codes>
<codes class="bip:topics:1.0">
  <code code="C15">
    <editdetail action="confirmed" attribution="Reuters BIP Coding Group" date="1997-01-28"/>
  </code>
  <code code="C151">
    <editdetail action="confirmed" attribution="Reuters BIP Coding Group" date="1997-01-28"/>
  </code>
  <code code="C1511">
    <editdetail action="confirmed" attribution="Reuters BIP Coding Group" date="1997-01-28"/>
  </code>
  <code code="CCAT">
    <editdetail action="confirmed" attribution="Reuters BIP Coding Group" date="1997-01-28"/>
  </code>
</codes>
<dc element="dc.date.created" value="1997-01-28"/>
<dc element="dc.publisher" value="Reuters Holdings Plc"/>
<dc element="dc.date.published" value="1997-01-28"/>
<dc element="dc.source" value="Reuters"/>
<dc element="dc.creator.location" value="PORTLAND, Ore"/>
<dc element="dc.creator.location.country.name" value="USA"/>
<dc element="dc.source" value="Reuters"/>
</metadata>
</newsitem>
