<?xml version="1.0" encoding="ISO-8859-1" standalone="no"?>
<newsitem date="1997-01-28" id="root" itemid="337123" xml:lang="en">
<title>UK: UK picks Building Research Establishment buyer.</title>
<headline>UK picks Building Research Establishment buyer.</headline>
<dateline>LONDON 1997-01-28</dateline>
<text>
<p>The Building Research Establishment Management Bid has been selected as the buyer in the privatisation of Britain's Building Research Establishment, construction minister Robert Jones said on Tuesday.</p>
<p>"Following our consideration of the two final offers for the Building Research Establishment, we have decided to select the BRE Management Bid team as the preferred purchaser," Jones said in answer to a parliamentary question.</p>
<p>The Built Environment Research Foundation's bid has lost out.</p>
<p>"The BRE Management Team bid was the one which best demonstrated that it met all the sale objectives," Jones said. "Overall the Management Team Bid offers the best value for money for the taxpayer."</p>
<p>He said the Government's objectives for the sale were to secure high quality, independent and impartial research and development and advice at good value for money and to transfer the establishment to the private sector by the end of February 1997.</p>
<p>"I am pleased to say that the Construction Industry Council have indicated that they will support it, as have an impressive number of organisations from all sections of the industry, and the major university interests," Jones said.</p>
<p>-- Mike Peacock, London Newsroom +44 171 542 5109</p>
</text>
<copyright>(c) Reuters Limited 1997</copyright>
<metadata>
<codes class="bip:countries:1.0">
  <code code="UK">
    <editdetail action="confirmed" attribution="Reuters BIP Coding Group" date="1997-01-28"/>
  </code>
</codes>
<codes class="bip:industries:1.0">
  <code code="I83700">
    <editdetail action="confirmed" attribution="Reuters BIP Coding Group" date="1997-01-28"/>
  </code>
</codes>
<codes class="bip:topics:1.0">
  <code code="C18">
    <editdetail action="confirmed" attribution="Reuters BIP Coding Group" date="1997-01-28"/>
  </code>
  <code code="C183">
    <editdetail action="confirmed" attribution="Reuters BIP Coding Group" date="1997-01-28"/>
  </code>
  <code code="CCAT">
    <editdetail action="confirmed" attribution="Reuters BIP Coding Group" date="1997-01-28"/>
  </code>
</codes>
<dc element="dc.date.created" value="1997-01-28"/>
<dc element="dc.publisher" value="Reuters Holdings Plc"/>
<dc element="dc.date.published" value="1997-01-28"/>
<dc element="dc.source" value="Reuters"/>
<dc element="dc.creator.location" value="LONDON"/>
<dc element="dc.creator.location.country.name" value="UK"/>
<dc element="dc.source" value="Reuters"/>
</metadata>
</newsitem>
