<?xml version="1.0" encoding="ISO-8859-1" standalone="no"?>
<newsitem date="1997-01-28" id="root" itemid="337937" xml:lang="en">
<title>USA: PECO chairman confident of dividend.</title>
<headline>PECO chairman confident of dividend.</headline>
<dateline>PHILADELPHIA 1997-01-28</dateline>
<text>
<p>PECO Energy Co said Tuesday Chairman Joseph F. Paquette Jr is confident the company can maintain its quarterly dividend.</p>
<p>The company said he released a statement about the dividend in response to concerns expressed this week about the utility's ability to maintain its current annual dividend rate of $1.80 per share.</p>
<p>These concerns have "caused the market price of the company's stock to decrease approximately $3 per share over the last 24 hours," the company said.</p>
<p>In afternoon trading, the stock was off 1-1/2 at 22-1/2.  </p>
<p>By midafternoon, nearly 3 million shares had changed hands.</p>
<p>Paquette issued the following statement:</p>
<p>"I want our shareholders to know that I am confident that we can maintain the current dividend of $1.80 per share for the foreseeable future.  Although the electric utility industry is faced with the challenge of transitioning to a competitive market, I am optimistic that the Pennsylvania Public Utility Commission will reach a just and reasonable decision on our stranded costs which will enable the Company to maintain its financial condition."  </p>
<p>In October, PECO declared a quarterly payment of $0.45 per share, raising its dividend from the $0.435 it had been paying. Monday, directors again declared a $0.45 payment.</p>
<p>Earlier Tuesday, the utility's common stock was downgraded by Merrill Lynch and Oppenheimer, which said the consensus earnings estimate of $2.60 per share for 1997 was too high and projected the company would earn $2.10.</p>
<p>Monday, PECO reported 1996 earnings of $2.24 per share, down from $2.64 in 1995, saying the decrease was primarily attributable to increased costs associated with the shutdown of Salem Generating Station Units No. 1 and No. 2.  </p>
<p>The nuclear power plant, located in southern New Jersey, is operated by Public Service Enterprise Group Inc.  Both PECO and PSE&amp;G have a 42.59 percent interest in the plant.</p>
<p>PECO also cited lower electric revenues from retail sales resulting from unfavorable weather conditions, the gain on the 1995 sale of Conowingo Power Co, higher customer expenses, and accelerated depreciation of its investment in the Limerick nuclear power plant and other assets.</p>
<p>These decreases were partially offset by improvements in operating and maintenance costs; savings from the Company's ongoing debt and preferred stock refunding program; and higher electric revenues from sales to other utilities.</p>
<p>Record levels of electric sales were achieved last year, increasing 11.5 percent from 1995 due primarily to the increased sales to other utilities.</p>
<p>In the fourth quarter, electric sales increased 9 percent as compared to the prior fourth quarter primarily due to increased sales to other utilities.</p>
<p>Last week the utility put its potential stranded assets at $7.1 billion when it announced plans to refinance these costs under a new Pennsylvania law. ((-- Jim Brumm 212-859-1710.))</p>
</text>
<copyright>(c) Reuters Limited 1997</copyright>
<metadata>
<codes class="bip:countries:1.0">
  <code code="USA">
    <editdetail action="confirmed" attribution="Reuters BIP Coding Group" date="1997-01-28"/>
  </code>
</codes>
<codes class="bip:industries:1.0">
  <code code="I16000">
    <editdetail action="confirmed" attribution="Reuters BIP Coding Group" date="1997-01-28"/>
  </code>
</codes>
<codes class="bip:topics:1.0">
  <code code="C15">
    <editdetail action="confirmed" attribution="Reuters BIP Coding Group" date="1997-01-28"/>
  </code>
  <code code="C151">
    <editdetail action="confirmed" attribution="Reuters BIP Coding Group" date="1997-01-28"/>
  </code>
  <code code="C152">
    <editdetail action="confirmed" attribution="Reuters BIP Coding Group" date="1997-01-28"/>
  </code>
  <code code="CCAT">
    <editdetail action="confirmed" attribution="Reuters BIP Coding Group" date="1997-01-28"/>
  </code>
</codes>
<dc element="dc.date.created" value="1997-01-28"/>
<dc element="dc.publisher" value="Reuters Holdings Plc"/>
<dc element="dc.date.published" value="1997-01-28"/>
<dc element="dc.source" value="Reuters"/>
<dc element="dc.creator.location" value="PHILADELPHIA"/>
<dc element="dc.creator.location.country.name" value="USA"/>
<dc element="dc.source" value="Reuters"/>
</metadata>
</newsitem>
