<?xml version="1.0" encoding="ISO-8859-1" standalone="no"?>
<newsitem date="1997-01-28" id="root" itemid="337728" xml:lang="en">
<title>USA: Most U.S. stock index futures close higher.</title>
<headline>Most U.S. stock index futures close higher.</headline>
<text>
<p>Jan 28 - Most U.S. stock index futures managed to close higher despite falling on heavy profit-taking in the last hour of trade. S&amp;Ps reversed direction late after bond futures erased most of the day's gains, and continued to sell off in after hours trade. Some analysts said S&amp;Ps were still overbought from earlier in the month, and needed to correct further. ((DerivativesDesk(312)408-8750/E-mail:derivatives@reuters.com))</p>
</text>
<copyright>(c) Reuters Limited 1997</copyright>
<metadata>
<codes class="bip:countries:1.0">
  <code code="USA">
    <editdetail action="confirmed" attribution="Reuters BIP Coding Group" date="1997-01-28"/>
  </code>
</codes>
<codes class="bip:topics:1.0">
  <code code="M11">
    <editdetail action="confirmed" attribution="Reuters BIP Coding Group" date="1997-01-28"/>
  </code>
  <code code="MCAT">
    <editdetail action="confirmed" attribution="Reuters BIP Coding Group" date="1997-01-28"/>
  </code>
</codes>
<dc element="dc.publisher" value="Reuters Holdings Plc"/>
<dc element="dc.date.published" value="1997-01-28"/>
<dc element="dc.source" value="Reuters"/>
<dc element="dc.creator.location.country.name" value="USA"/>
<dc element="dc.source" value="Reuters"/>
</metadata>
</newsitem>
