<?xml version="1.0" encoding="ISO-8859-1" standalone="no"?>
<newsitem date="1997-01-28" id="root" itemid="337638" xml:lang="en">
<title>CHINA: France, China sign space sciences exchange deal.</title>
<headline>France, China sign space sciences exchange deal.</headline>
<dateline>BEIJING 1997-01-28</dateline>
<text>
<p>China and France on Tuesday signed an accord that will pave the way for scientific exchanges between the two nations' space industries, a French official said.</p>
<p>Chinese and French officials signed the deal, which is intended to lead to transfers of space research and information, an official with the French embassy said.</p>
<p>The signing was attended by a delegation led by the French minister for posts, telecommunications and space Francois Fillon and which included Francis Avanzi, director general of European space firm Arianespace, the official said.</p>
<p>China and France would not transfer space technologies under the accord in line with international treaties but would exchange research, information and teaching methods, she said.</p>
<p>The agreement, to be concluded when French President Jacques Chirac visits China in May, would cover exchanges of information on earth observation and satellite networks, she said.</p>
<p>The accord also called for such exchanges in the field of manned space flight preparation but Fillon had ruled out the idea of a joint Sino-European manned space mission, she said.</p>
<p>"They will help each other to master these technologies," she said.</p>
<p>The official said the accord, when completed, would also allow French and Chinese authorities to discuss using each other's rockets as back-ups in case of failure.</p>
<p>But Paris-based satellite launch company Arianespace said on Monday it was far from reaching a deal with Beijing to allow its Ariane rocket to be used as a back-up in case of failure of China's Long March launcher.</p>
<p>Fillon would leave Beijing on Wednesday to visit China's Xichang space centre in the southwestern province of Sichuan, she said, but gave no further details.</p>
</text>
<copyright>(c) Reuters Limited 1997</copyright>
<metadata>
<codes class="bip:countries:1.0">
  <code code="CHINA">
    <editdetail action="confirmed" attribution="Reuters BIP Coding Group" date="1997-01-28"/>
  </code>
  <code code="FRA">
    <editdetail action="confirmed" attribution="Reuters BIP Coding Group" date="1997-01-28"/>
  </code>
</codes>
<codes class="bip:topics:1.0">
  <code code="GCAT">
    <editdetail action="confirmed" attribution="Reuters BIP Coding Group" date="1997-01-28"/>
  </code>
  <code code="GSCI">
    <editdetail action="confirmed" attribution="Reuters BIP Coding Group" date="1997-01-28"/>
  </code>
</codes>
<dc element="dc.date.created" value="1997-01-28"/>
<dc element="dc.publisher" value="Reuters Holdings Plc"/>
<dc element="dc.date.published" value="1997-01-28"/>
<dc element="dc.source" value="Reuters"/>
<dc element="dc.creator.location" value="BEIJING"/>
<dc element="dc.creator.location.country.name" value="CHINA"/>
<dc element="dc.source" value="Reuters"/>
</metadata>
</newsitem>
