<?xml version="1.0" encoding="ISO-8859-1" standalone="no"?>
<newsitem date="1997-01-28" id="root" itemid="338139" xml:lang="en">
<title>FRANCE: New European agency suggested to protect seas.</title>
<headline>New European agency suggested to protect seas.</headline>
<dateline>STRASBOURG, France 1997-01-28</dateline>
<text>
<p>Europe should consider creating a new agency to protect its seas from overfishing, pollution and other such threats, former Portuguese president Mario Soares said on Tuesday.</p>
<p>Soares, chairman of the Independent World Commission on the Oceans, told a news conference his suggestion aimed to "coordinate the interests of all European countries...and to promote contacts and cooperation over oceans."</p>
<p>Speaking at the 40-nation Council of Europe in Strasbourg, Soares said a new European agency could cooperate to manage fish stocks and also combat maritime smuggling and illegal dumping.</p>
<p>He was to discuss the idea with European Commission chief Jacques Santer and the head of the Council of Europe, Daniel Tarschys, during his visit to Strasbourg. The Council of Europe seeks to promote democracy and human rights.</p>
<p>Soares' 43-member commission, launched in 1995 to gather evidence on the state of the world's oceans, is to present its final report to the U.N. General Assembly in 1998 -- designated international year of the oceans.</p>
</text>
<copyright>(c) Reuters Limited 1997</copyright>
<metadata>
<codes class="bip:countries:1.0">
  <code code="EEC">
    <editdetail action="confirmed" attribution="Reuters BIP Coding Group" date="1997-01-28"/>
  </code>
  <code code="EUR">
    <editdetail action="confirmed" attribution="Reuters BIP Coding Group" date="1997-01-28"/>
  </code>
  <code code="FRA">
    <editdetail action="confirmed" attribution="Reuters BIP Coding Group" date="1997-01-28"/>
  </code>
  <code code="PORL">
    <editdetail action="confirmed" attribution="Reuters BIP Coding Group" date="1997-01-28"/>
  </code>
</codes>
<codes class="bip:topics:1.0">
  <code code="GCAT">
    <editdetail action="confirmed" attribution="Reuters BIP Coding Group" date="1997-01-28"/>
  </code>
  <code code="GDIP">
    <editdetail action="confirmed" attribution="Reuters BIP Coding Group" date="1997-01-28"/>
  </code>
  <code code="GENV">
    <editdetail action="confirmed" attribution="Reuters BIP Coding Group" date="1997-01-28"/>
  </code>
</codes>
<dc element="dc.date.created" value="1997-01-28"/>
<dc element="dc.publisher" value="Reuters Holdings Plc"/>
<dc element="dc.date.published" value="1997-01-28"/>
<dc element="dc.source" value="Reuters"/>
<dc element="dc.creator.location" value="STRASBOURG, France"/>
<dc element="dc.creator.location.country.name" value="FRANCE"/>
<dc element="dc.source" value="Reuters"/>
</metadata>
</newsitem>
