<?xml version="1.0" encoding="ISO-8859-1" standalone="no"?>
<newsitem date="1997-01-28" id="root" itemid="338172" xml:lang="en">
<title>INDIA: BOMBAY LEADING STOCKS CLOSING PRICES - Jan 28.</title>
<headline>BOMBAY LEADING STOCKS CLOSING PRICES - Jan 28.</headline>
<text>
<p>Today's close	  Previous close</p>
<p> Bombay 30-share index	  3,604.20		  3,562.74</p>
<p> 100 Share national index     1,569.43		  1,554.63</p>
<p> Associated Cement Cos	  1,432.50		  1,418.75</p>
<p> Arvind Mills			 135.00		    133.50</p>
<p> Bajaj Auto			   937.75		    937.00</p>
<p> BHEL				   230.00		    230.00</p>
<p> BSES				   243.50		    239.25</p>
<p> Colgate				263.75		    256.75</p>
<p> G E Shipping			  37.25		     36.75</p>
<p> Glaxo India			  273.00		    272.25</p>
<p> Grasim Industries		  430.00		    438.50</p>
<p> Gujarat Ambuja		     245.25		    247.75</p>
<p> Hindalco			     790.00		    788.00</p>
<p> Hindustan Lever		    882.00		    884.75</p>
<p> HPCL				   390.00		    387.50</p>
<p> ICICI				   66.50		     67.25</p>
<p> IDBI				    97.00		     98.00</p>
<p> Indian Hotels			731.75		    730.00</p>
<p> IPCL				   119.50		    119.50</p>
<p> ITC				    403.00		    402.00</p>
<p> Larsen &amp; Toubro		    256.50		    244.00</p>
<p> Mahindra &amp; Mahindra		366.75		    356.50</p>
<p> MTNL				   245.00		    245.50</p>
<p> Nestle				 238.00		    238.00</p>
<p> Ranbaxy Laboratories	     620.00		    623.00</p>
<p> Reliance Industries		280.50		    272.50</p>
<p> SAIL				    23.75		     23.75</p>
<p> SBI New				312.50		    294.50</p>
<p> Tata Chemicals		     186.75		    183.75</p>
<p> Tata Power			   148.50		    139.00</p>
<p> Tata Engineering		   355.00		    357.00</p>
<p> Tata Steel			   211.00		    208.00</p>
</text>
<copyright>(c) Reuters Limited 1997</copyright>
<metadata>
<codes class="bip:countries:1.0">
  <code code="INDIA">
    <editdetail action="confirmed" attribution="Reuters BIP Coding Group" date="1997-01-28"/>
  </code>
</codes>
<codes class="bip:topics:1.0">
  <code code="M11">
    <editdetail action="confirmed" attribution="Reuters BIP Coding Group" date="1997-01-28"/>
  </code>
  <code code="MCAT">
    <editdetail action="confirmed" attribution="Reuters BIP Coding Group" date="1997-01-28"/>
  </code>
</codes>
<dc element="dc.publisher" value="Reuters Holdings Plc"/>
<dc element="dc.date.published" value="1997-01-28"/>
<dc element="dc.source" value="Reuters"/>
<dc element="dc.creator.location.country.name" value="INDIA"/>
<dc element="dc.source" value="Reuters"/>
</metadata>
</newsitem>
