<?xml version="1.0" encoding="ISO-8859-1" standalone="no"?>
<newsitem date="1997-01-28" id="root" itemid="336837" xml:lang="en">
<title>USA: Hilton CEO sticks to $55/shr offer for ITT.</title>
<headline>Hilton CEO sticks to $55/shr offer for ITT.</headline>
<byline>Bob Tourtellotte</byline>
<dateline>LOS ANGELES 1997-01-28</dateline>
<text>
<p>Hilton Hotels Corp Chief Executive Officer Stephen Bollenbach said Tuesday Hilton would not consider raising its $55-a-share bid for ITT Corp unless it met with ITT management and decided the company was worth more.</p>
<p>He also said in a teleconference that any higher bid would have to meet Hilton's goal of ensuring the deal is accretive to earnings.</p>
<p>"I don't think we need to change the price unless we meet with ITT," Bollenbach said.  </p>
<p>He said he would consider a higher price only if, after meeting with ITT executives, Hilton determined ITT had greater value.</p>
<p>Shares of ITT were up 14-3/4 at 57-3/8 at midday. Hilton shares were up three points at 28-1/4.</p>
<p>Bollenbach saw the stock action as evidence that Hilton's bid was in the right ballpark and that investors buying the stock would likely support the deal.</p>
<p>"You know where those shares are going...they are going to people who want to vote for this transaction," he said.  </p>
<p>One of Hilton's primary goals in gaining ownership of ITT's large, full-service Sheraton hotels, he said. Hilton would consider changing the brand names of some large Sheraton hotels to Hilton where operations overlap.</p>
<p>ITT's hotel and casino operations run under the Caesars World brand would likely remain unchanged, he said.</p>
<p>"It gives us another brand name," Arthur Goldberg, president of Hilton's gaming operations, said in the conference call.</p>
<p>He added, "Caesar's should have expanded beyond Atlantic City and Las Vegas a long time ago."  </p>
<p>He does not see any overlap in Atlantic City between Hilton and Caesars.</p>
<p>In Las Vegas, Hilton's casino, themed after the city of Paris, will continue on track for development, Goldberg said.</p>
<p>Bollenbach said Hilton would review ITT's $3.0 billion expansion plan, which includes new hotel rooms at Caesars Palace and renovation of the Sheraton Desert Inn in Las Vegas, as well as building casinos in conjunction with themed restaurant chain Planet Hollywood International Inc.</p>
<p>He declined to say which plans, if any, would be put on hold.  </p>
<p>He also declined to speculate on the fate of entertainment assets held by ITT's MSG L.P. unit. He labeled those assets, including Madison Square Garden in New York and two professional sports teams, as non-core to Hilton's business.</p>
<p>Bollenbach said he did not believe Hilton's debt ratings would be hurt by the deal. "This will in no way adversely impact our credit rating," he said. "It's very important that we maintain an investment grade rating."  </p>
<p>Moody's Investors Service Inc is reviewing the ratings of both Hilton and ITT for possible downgrade, and Standard &amp; Poor's Corp has both ratings on CreditWatch with negative implications.</p>
<p>Hilton Chief Financial Officer Matthew Hart said Hilton's goal for maintaing its debt ratings is to generate cash that is four times as great as its interest expense.</p>
<p>He said Hilton would be able to maintain that "four times" ratio after the ITT acquisition.</p>
<p>Hart said many of Hilton's bankers are "very supportive of the transaction."</p>
<p>Bollenbach said he did not see Nevada gaming regulations as a stumbling block to an ITT deal.</p>
</text>
<copyright>(c) Reuters Limited 1997</copyright>
<metadata>
<codes class="bip:countries:1.0">
  <code code="USA">
    <editdetail action="confirmed" attribution="Reuters BIP Coding Group" date="1997-01-28"/>
  </code>
</codes>
<codes class="bip:industries:1.0">
  <code code="I66100">
    <editdetail action="confirmed" attribution="Reuters BIP Coding Group" date="1997-01-28"/>
  </code>
  <code code="I66500">
    <editdetail action="confirmed" attribution="Reuters BIP Coding Group" date="1997-01-28"/>
  </code>
</codes>
<codes class="bip:topics:1.0">
  <code code="C11">
    <editdetail action="confirmed" attribution="Reuters BIP Coding Group" date="1997-01-28"/>
  </code>
  <code code="C18">
    <editdetail action="confirmed" attribution="Reuters BIP Coding Group" date="1997-01-28"/>
  </code>
  <code code="C181">
    <editdetail action="confirmed" attribution="Reuters BIP Coding Group" date="1997-01-28"/>
  </code>
  <code code="CCAT">
    <editdetail action="confirmed" attribution="Reuters BIP Coding Group" date="1997-01-28"/>
  </code>
</codes>
<dc element="dc.date.created" value="1997-01-28"/>
<dc element="dc.publisher" value="Reuters Holdings Plc"/>
<dc element="dc.date.published" value="1997-01-28"/>
<dc element="dc.source" value="Reuters"/>
<dc element="dc.creator.location" value="LOS ANGELES"/>
<dc element="dc.creator.location.country.name" value="USA"/>
<dc element="dc.source" value="Reuters"/>
</metadata>
</newsitem>
