<?xml version="1.0" encoding="ISO-8859-1" standalone="no"?>
<newsitem date="1997-01-28" id="root" itemid="338012" xml:lang="en">
<title>USA: Jewell reaches settlement with CNN - lawyer.</title>
<headline>Jewell reaches settlement with CNN - lawyer.</headline>
<dateline>ATLANTA 1997-01-28</dateline>
<text>
<p>Attorneys for Richard Jewell said on Tuesday they reached a settlement with Cable News Network over claims that the 24-hour news channel invaded the privacy of the former security guard and his mother during its coverage of last summer's Olympic park bombing.</p>
<p>"We have reached a settlement with CNN. That is actually going to be physically consummated this afternoon," said Lin Wood, one of two civil lawyers retained by Jewell. CNN, which operates as a unit of media giant Time Warner Inc., had no immediate comment.  </p>
<p>"The amount of the settlement is both confidential and, under the terms of the agreement, cannot be characterised, except for me to tell you that it was a monetary payment to Barbara Jewell, the mother, and Richard Jewell," said Wood.</p>
<p>Jewell already has reached an out-of-court settlement with the NBC network, which is owned by General Electric Co. An unconfirmed report by the Wall Street Journal put the value of that deal at more than $500,000.</p>
<p>"As with NBC, I think it's a safe assumption that both sides are again in this instance mutually satisfied with the settlement," the attorney added.</p>
<p>Jewell's attorneys contended that the news channel violated Georgia state privacy laws by posting a camera and a surveillance car outside the family apartment for about a month after a federal search of the residence on July 31.</p>
</text>
<copyright>(c) Reuters Limited 1997</copyright>
<metadata>
<codes class="bip:countries:1.0">
  <code code="USA">
    <editdetail action="confirmed" attribution="Reuters BIP Coding Group" date="1997-01-28"/>
  </code>
</codes>
<codes class="bip:industries:1.0">
  <code code="I83960">
    <editdetail action="confirmed" attribution="Reuters BIP Coding Group" date="1997-01-28"/>
  </code>
</codes>
<codes class="bip:topics:1.0">
  <code code="C12">
    <editdetail action="confirmed" attribution="Reuters BIP Coding Group" date="1997-01-28"/>
  </code>
  <code code="CCAT">
    <editdetail action="confirmed" attribution="Reuters BIP Coding Group" date="1997-01-28"/>
  </code>
  <code code="GCAT">
    <editdetail action="confirmed" attribution="Reuters BIP Coding Group" date="1997-01-28"/>
  </code>
  <code code="GCRIM">
    <editdetail action="confirmed" attribution="Reuters BIP Coding Group" date="1997-01-28"/>
  </code>
</codes>
<dc element="dc.date.created" value="1997-01-28"/>
<dc element="dc.publisher" value="Reuters Holdings Plc"/>
<dc element="dc.date.published" value="1997-01-28"/>
<dc element="dc.source" value="Reuters"/>
<dc element="dc.creator.location" value="ATLANTA"/>
<dc element="dc.creator.location.country.name" value="USA"/>
<dc element="dc.source" value="Reuters"/>
</metadata>
</newsitem>
