<?xml version="1.0" encoding="ISO-8859-1" standalone="no"?>
<newsitem date="1996-12-20" id="root" itemid="270683" xml:lang="en">
<title>USA: BALANCE - East Bridgewater, Mass., at $3 mln.</title>
<headline>BALANCE - East Bridgewater, Mass., at $3 mln.</headline>
<text>
<p>TOWN OF EAST BRIDGEWATER, MASSACHUSETTS</p>
<p>RE: $14,405,000</p>
<p>GENERAL OBLIGATION BONDS</p>
<p>    MOODY'S: Aaa / A	     S&amp;P: NR</p>
<p>Delivery Date: Regular Way</p>
<p>MBIA INSURED</p>
<p>Maturity	   Balance     Coupon    List</p>
<p>12/15/2000	     140M    6.10	  4.25</p>
<p>12/15/2001	     270M    6.10	  4.35</p>
<p>12/15/2008	     150M    4.95	  5.05</p>
<p>12/15/2009		75M    5.05	  5.15</p>
<p>12/15/2010	     670M    5.10	  5.25</p>
<p>12/15/2011	     235M    5.15	  5.30</p>
<p>12/15/2012		 5M    5.20	  5.35</p>
<p>12/15/2013	     835M    5.25	  5.40</p>
<p>12/15/2014	     670M    5.30	  5.45</p>
<p>  Total:	     3,050M</p>
<p>State Street Bank and Trust Company</p>
<p>Prudential Securities Incorporated</p>
<p>Fidelity Capital Markets</p>
<p>PaineWebber Incorporated</p>
<p>IN ASSOCIATION WITH:</p>
<p>Fleet Securities</p>
<p>--U.S. Municipal Desk, 212-859-1650</p>
</text>
<copyright>(c) Reuters Limited 1996</copyright>
<metadata>
<codes class="bip:countries:1.0">
  <code code="USA">
    <editdetail action="confirmed" attribution="Reuters BIP Coding Group" date="1996-12-20"/>
  </code>
</codes>
<codes class="bip:topics:1.0">
  <code code="E21">
    <editdetail action="confirmed" attribution="Reuters BIP Coding Group" date="1996-12-20"/>
  </code>
  <code code="E212">
    <editdetail action="confirmed" attribution="Reuters BIP Coding Group" date="1996-12-20"/>
  </code>
  <code code="ECAT">
    <editdetail action="confirmed" attribution="Reuters BIP Coding Group" date="1996-12-20"/>
  </code>
</codes>
<dc element="dc.publisher" value="Reuters Holdings Plc"/>
<dc element="dc.date.published" value="1996-12-20"/>
<dc element="dc.source" value="Reuters"/>
<dc element="dc.creator.location.country.name" value="USA"/>
<dc element="dc.source" value="Reuters"/>
</metadata>
</newsitem>
