<?xml version="1.0" encoding="ISO-8859-1" standalone="no"?>
<newsitem date="1996-12-20" id="root" itemid="270804" xml:lang="en">
<title>REPUBLIC OF IRELAND: Horse Racing-What A Question in form ahead of Asco.</title>
<headline>Horse Racing-What A Question in form ahead of Asco.</headline>
<dateline>DUBLIN 1996-12-20</dateline>
<text>
<p>County Tipperary-based trainer Michael Morris said on Friday that his stable-star What A Question is in top form ahead of the Long Walk Hurdle at Ascot, England, on Saturday.</p>
<p>"She's in good form. I expect her to run a good race," Morris said. "She travelled over on Thursday and has had no problems...I will travel across on Saturday." What A Question (11-4) will be ridden by Graham Bradley.</p>
<p>She faces five opponents including Jimmy Fitzgerald-trained Trainglot (7-2), the mount of Richard Dunwoody, over the three miles, one furlong and 110 yards contest at Ascot.</p>
<p>What A Question and Trainglot have already met twice this season and the score stands at one apiece.</p>
<p>--Damien Lynch, Dublin newsroom 353-1-6603377.</p>
</text>
<copyright>(c) Reuters Limited 1996</copyright>
<metadata>
<codes class="bip:countries:1.0">
  <code code="IRE">
    <editdetail action="confirmed" attribution="Reuters BIP Coding Group" date="1996-12-20"/>
  </code>
  <code code="UK">
    <editdetail action="confirmed" attribution="Reuters BIP Coding Group" date="1996-12-20"/>
  </code>
</codes>
<codes class="bip:topics:1.0">
  <code code="GCAT">
    <editdetail action="confirmed" attribution="Reuters BIP Coding Group" date="1996-12-20"/>
  </code>
  <code code="GSPO">
    <editdetail action="confirmed" attribution="Reuters BIP Coding Group" date="1996-12-20"/>
  </code>
</codes>
<dc element="dc.date.created" value="1996-12-20"/>
<dc element="dc.publisher" value="Reuters Holdings Plc"/>
<dc element="dc.date.published" value="1996-12-20"/>
<dc element="dc.source" value="Reuters"/>
<dc element="dc.creator.location" value="DUBLIN"/>
<dc element="dc.creator.location.country.name" value="REPUBLIC OF IRELAND"/>
<dc element="dc.source" value="Reuters"/>
</metadata>
</newsitem>
