<?xml version="1.0" encoding="ISO-8859-1" standalone="no"?>
<newsitem date="1997-01-28" id="root" itemid="338051" xml:lang="en">
<title>UNITED NATIONS: U.N. outlines peace operation for Sierra Leone.</title>
<headline>U.N. outlines peace operation for Sierra Leone.</headline>
<dateline>UNITED NATIONS 1997-01-28</dateline>
<text>
<p>Secretary-General Kofi Annan outlined plans on Tuesday to send a peacekeeping force to Sierra Leone to help implement an accord ending five years of civil war in the west African country.</p>
<p>The peace accord was signed in November to stop fighting between the government and former rebels of the Revolutionary United Front (RUF). Details of the operation, which would involve up to 720 troops, were in a report to the Security Council based on the findings of a U.N. assessment team that recently visited Sierra Leone.</p>
<p>The Sierra Leone government said it was ready to cooperate with such an operation. Once the RUF gave its consent, Annan said he would submit recommendations to the council for the creation of a U.N. force.</p>
<p>Its tasks would include monitoring and verifying the ceasefire and the withdrawal of foreign troops; the disarmament and demobilization of RUF combatants and the withdrawal to barracks of government troops not required for normal security and their eventual demobilization.</p>
<p>Under the proposed plan, the U.N. operation would last eight months and be headed by a special representative appointed by Annan. Its headquarters would be in Freetown, the capital of Sierra Leone.</p>
</text>
<copyright>(c) Reuters Limited 1997</copyright>
<metadata>
<codes class="bip:countries:1.0">
  <code code="SILEN">
    <editdetail action="confirmed" attribution="Reuters BIP Coding Group" date="1997-01-28"/>
  </code>
  <code code="UN">
    <editdetail action="confirmed" attribution="Reuters BIP Coding Group" date="1997-01-28"/>
  </code>
</codes>
<codes class="bip:topics:1.0">
  <code code="GCAT">
    <editdetail action="confirmed" attribution="Reuters BIP Coding Group" date="1997-01-28"/>
  </code>
  <code code="GDIP">
    <editdetail action="confirmed" attribution="Reuters BIP Coding Group" date="1997-01-28"/>
  </code>
  <code code="GVIO">
    <editdetail action="confirmed" attribution="Reuters BIP Coding Group" date="1997-01-28"/>
  </code>
</codes>
<dc element="dc.date.created" value="1997-01-28"/>
<dc element="dc.publisher" value="Reuters Holdings Plc"/>
<dc element="dc.date.published" value="1997-01-28"/>
<dc element="dc.source" value="Reuters"/>
<dc element="dc.creator.location" value="UNITED NATIONS"/>
<dc element="dc.creator.location.country.name" value="UNITED NATIONS"/>
<dc element="dc.source" value="Reuters"/>
</metadata>
</newsitem>
