<?xml version="1.0" encoding="ISO-8859-1" standalone="no"?>
<newsitem date="1997-01-28" id="root" itemid="337543" xml:lang="en">
<title>MEXICO: GFInbur 1996 net rises.</title>
<headline>GFInbur 1996 net rises.</headline>
<dateline>MEXICO CITY 1997-01-28</dateline>
<text>
<p>Mexico's Grupo Financiero Inbursa SA earned a net profit of 3.484 billion pesos during 1996, up 8.0 percent compared with 1995 profits, the company said in a statement.</p>
<p>It said its bank unit Banco Inbursa earned net profits of 1.236 billion pesos, up 15.2 percent compared with the previous year.  </p>
<p>Provisions against bad loans reached 339 million pesos, while net capital was 5.629 billion, a figure the company said placed it in fourth place among Mexican banks.</p>
<p>Profits at its insurance division were 1.345 billion pesos, up 25.6 percent from 1995. The group's investment bank unit earned 174 million pesos during 1996, up 8.7 percent from 1995.</p>
<p>((--Mexico City Newsroom, 525 728-9565))</p>
</text>
<copyright>(c) Reuters Limited 1997</copyright>
<metadata>
<codes class="bip:countries:1.0">
  <code code="MEX">
    <editdetail action="confirmed" attribution="Reuters BIP Coding Group" date="1997-01-28"/>
  </code>
</codes>
<codes class="bip:topics:1.0">
  <code code="C15">
    <editdetail action="confirmed" attribution="Reuters BIP Coding Group" date="1997-01-28"/>
  </code>
  <code code="C151">
    <editdetail action="confirmed" attribution="Reuters BIP Coding Group" date="1997-01-28"/>
  </code>
  <code code="C1511">
    <editdetail action="confirmed" attribution="Reuters BIP Coding Group" date="1997-01-28"/>
  </code>
  <code code="CCAT">
    <editdetail action="confirmed" attribution="Reuters BIP Coding Group" date="1997-01-28"/>
  </code>
</codes>
<dc element="dc.date.created" value="1997-01-28"/>
<dc element="dc.publisher" value="Reuters Holdings Plc"/>
<dc element="dc.date.published" value="1997-01-28"/>
<dc element="dc.source" value="Reuters"/>
<dc element="dc.creator.location" value="MEXICO CITY"/>
<dc element="dc.creator.location.country.name" value="MEXICO"/>
<dc element="dc.source" value="Reuters"/>
</metadata>
</newsitem>
