<?xml version="1.0" encoding="ISO-8859-1" standalone="no"?>
<newsitem date="1997-01-28" id="root" itemid="336640" xml:lang="en">
<title>USA: Sterling Commerce approves share offering.</title>
<headline>Sterling Commerce approves share offering.</headline>
<dateline>DALLAS 1997-01-28</dateline>
<text>
<p>Sterlin Commerce Inc said on Monday that its board of directors has approved a public offering of 12.5 million shares of its common stock.</p>
<p>The managing underwriters for the offering will be Alex Brown &amp; Sons Inc and Goldman Sachs &amp; Co.</p>
<p>Underwriters will be granted an over-allotment option to purchase up to an additional 1.875 million shares from Sterling Commerce, the company said.  </p>
<p>Sterling Commerce vice president of investor relations Dawn Wheeler said the company is selling all the shares in the offering.</p>
<p>The total of shares outstanding will increase to 87.5 million after the offering, Wheeler said.</p>
</text>
<copyright>(c) Reuters Limited 1997</copyright>
<metadata>
<codes class="bip:countries:1.0">
  <code code="USA">
    <editdetail action="confirmed" attribution="Reuters BIP Coding Group" date="1997-01-28"/>
  </code>
</codes>
<codes class="bip:industries:1.0">
  <code code="I33020">
    <editdetail action="confirmed" attribution="Reuters BIP Coding Group" date="1997-01-28"/>
  </code>
  <code code="I3302021">
    <editdetail action="confirmed" attribution="Reuters BIP Coding Group" date="1997-01-28"/>
  </code>
</codes>
<codes class="bip:topics:1.0">
  <code code="C17">
    <editdetail action="confirmed" attribution="Reuters BIP Coding Group" date="1997-01-28"/>
  </code>
  <code code="C171">
    <editdetail action="confirmed" attribution="Reuters BIP Coding Group" date="1997-01-28"/>
  </code>
  <code code="CCAT">
    <editdetail action="confirmed" attribution="Reuters BIP Coding Group" date="1997-01-28"/>
  </code>
</codes>
<dc element="dc.date.created" value="1997-01-28"/>
<dc element="dc.publisher" value="Reuters Holdings Plc"/>
<dc element="dc.date.published" value="1997-01-28"/>
<dc element="dc.source" value="Reuters"/>
<dc element="dc.creator.location" value="DALLAS"/>
<dc element="dc.creator.location.country.name" value="USA"/>
<dc element="dc.source" value="Reuters"/>
</metadata>
</newsitem>
