<?xml version="1.0" encoding="ISO-8859-1" standalone="no"?>
<newsitem date="1997-01-28" id="root" itemid="337071" xml:lang="en">
<title>UK: Med oil products mostly up, gas oil sheds $3-$4.</title>
<headline>Med oil products mostly up, gas oil sheds $3-$4.</headline>
<dateline>LONDON 1997-01-28</dateline>
<text>
<p>Mediterranean oil products were mostly firmer on Tuesday, traders said.</p>
<p>Gas oil lost $3-$4 a tonne as sliding premiums more than erased modest gains on benchmark IPE futures, traders said.</p>
<p>Good supplies coupled with high shipping costs were limiting interest for fob barrels and the lack of an arbitrage to the Far East removed an outlet for cif cargoes.</p>
<p>Traders said heating oil was around high fob quotes +$2 while Russian could attract no more than high cif quotes +$2.</p>
<p>Algerian gas oil was available at EN590 high cif quotes cif Genoa.</p>
<p>Naphtha was slightly up on light end-user demand and tighter supplies after a 57,000 tonne Skikda cargo moved to the States.</p>
<p>The Bona Fortuna was fixed by Nova for loading February 2 for the U.S. Gulf Coast, shipping sources said.</p>
<p>Gasoline ended slightly higher after a bounce in crude and on continued support from recent U.S. and eastern Med demand.</p>
<p>High sulphur fuel oil was steady, with swaps for February at $91/$92 fob Med. A trader bought Isab material, loading at the beginning of this month, from another trader around $93 fob Med.</p>
<p>Fresh avails are moving in from the east, and are expected to pressure prices.</p>
<p>A trader was heard holding 50,000 tonnes of fuel oil on a larger vessel loading in Rabigh.</p>
<p>A Syrian tender for two 50,000 tonne cargoes of high sulphur fuel closed on Tuesday. Dealers felt this was likely to move into Lebanon.</p>
<p>Low sulphur fuel oil was steady. A trader saw offers at $116 cif Italy. Some of last week's length has now evaporated.</p>
<p>An Italian refiner bought a low sulphur cargo from Scandinavia to cover an end-February requirement.</p>
<p>-- London newsroom +44 171 542 8167</p>
</text>
<copyright>(c) Reuters Limited 1997</copyright>
<metadata>
<codes class="bip:countries:1.0">
  <code code="UK">
    <editdetail action="confirmed" attribution="Reuters BIP Coding Group" date="1997-01-28"/>
  </code>
</codes>
<codes class="bip:topics:1.0">
  <code code="M14">
    <editdetail action="confirmed" attribution="Reuters BIP Coding Group" date="1997-01-28"/>
  </code>
  <code code="M143">
    <editdetail action="confirmed" attribution="Reuters BIP Coding Group" date="1997-01-28"/>
  </code>
  <code code="MCAT">
    <editdetail action="confirmed" attribution="Reuters BIP Coding Group" date="1997-01-28"/>
  </code>
</codes>
<dc element="dc.date.created" value="1997-01-28"/>
<dc element="dc.publisher" value="Reuters Holdings Plc"/>
<dc element="dc.date.published" value="1997-01-28"/>
<dc element="dc.source" value="Reuters"/>
<dc element="dc.creator.location" value="LONDON"/>
<dc element="dc.creator.location.country.name" value="UK"/>
<dc element="dc.source" value="Reuters"/>
</metadata>
</newsitem>
