<?xml version="1.0" encoding="ISO-8859-1" standalone="no"?>
<newsitem date="1997-01-28" id="root" itemid="337932" xml:lang="en">
<title>USA: Clinton says no one buys policy action from him.</title>
<headline>Clinton says no one buys policy action from him.</headline>
<dateline>WASHINGTON 1997-01-28</dateline>
<text>
<p>President Bill Clinton acknowledged on Tuesday that he gives "a respectful hearing" to those who donate large sums to Democratic campaign coffers but added: "Nobody buys a guaranteed result."</p>
<p>"What they get from me, I think, is a respectful hearing if they have some concern about the issues ... but nobody buys a guaranteed result, nor should they ever," Clinton said at a news conference in which he pledged to support efforts to reform political fund-raising but also defended his own plans to attended a $1 million fund-raiser on Tuesday evening.  </p>
<p>The White House has been under fire since last year's presidential election campaign for Democratic fund-raising practices that have raised eyebrows and will be subject to congressional and Justice Departmenbt hearings. Clinton said the need for reform was clear, adding, "Anyone who's involved in politics must accept responsibility for this problem and take responsiblity to repair it. That is true for me and true for others as well."</p>
<p>But he defended the need for political fund-raising generally, saying: "I don't think there is anything wrong with raising money for the political process. The problem is the volume of money, the amount of money, the time it takes to raise, the inevitable questions that are raised."</p>
<p>Critics have questioned whether the access huge contributions gives political donors does not amount to infuence peddling, but Clinton said some access is "a good thing when contributors care about the country and have some particular area of expertise they want to contribute."</p>
<p>Asked about a controversial episode in which banking industry officials had been invited to have coffee in the White House, he said they were legitimate as a venue for such exchanges of views but he conceded that it probably was not proper for federal banking regulators also to be present.</p>
</text>
<copyright>(c) Reuters Limited 1997</copyright>
<metadata>
<codes class="bip:countries:1.0">
  <code code="USA">
    <editdetail action="confirmed" attribution="Reuters BIP Coding Group" date="1997-01-28"/>
  </code>
</codes>
<codes class="bip:topics:1.0">
  <code code="GCAT">
    <editdetail action="confirmed" attribution="Reuters BIP Coding Group" date="1997-01-28"/>
  </code>
  <code code="GPOL">
    <editdetail action="confirmed" attribution="Reuters BIP Coding Group" date="1997-01-28"/>
  </code>
  <code code="GVOTE">
    <editdetail action="confirmed" attribution="Reuters BIP Coding Group" date="1997-01-28"/>
  </code>
</codes>
<dc element="dc.date.created" value="1997-01-28"/>
<dc element="dc.publisher" value="Reuters Holdings Plc"/>
<dc element="dc.date.published" value="1997-01-28"/>
<dc element="dc.source" value="Reuters"/>
<dc element="dc.creator.location" value="WASHINGTON"/>
<dc element="dc.creator.location.country.name" value="USA"/>
<dc element="dc.source" value="Reuters"/>
</metadata>
</newsitem>
