<?xml version="1.0" encoding="ISO-8859-1" standalone="no"?>
<newsitem date="1997-01-28" id="root" itemid="338189" xml:lang="en">
<title>India: INDICATORS - Key Indian economic data - January 28.</title>
<headline>INDICATORS - Key Indian economic data - January 28.</headline>
<text>
<p>*********** DAILY INDICATORS ***********</p>
<p>					    MONDAY	    PREVIOUS</p>
<p>Rupee/US $ (Inter-bank)		35.85		 35.84</p>
<p>--------------------------------------------------------------</p>
<p>RBI Reference Rate (Rs/$)	    35.85		 35.85</p>
<p>--------------------------------------------------------------</p>
<p>Bombay 30-share index		  3,562.74	  3,435.62</p>
<p>--------------------------------------------------------------</p>
<p>BSE National 100-share index	 1,554.63	  1,506.34</p>
<p>--------------------------------------------------------------</p>
<p>Call money rate			  1.00 pct	   3.50 pct</p>
<p>--------------------------------------------------------------</p>
<p>Gold (Bombay) Rs/10gm		  4,910		4,940</p>
<p>---------------------------------------------------------------</p>
<p>Silver.999 (Rs/kg)		     6,995		7,005</p>
<p>--------------------------------------------------------------</p>
<p>  WEEKLY/MONTHLY			   CURRENT	    YEAR-AGO</p>
<p>Growth in:</p>
<p>  Consumer price index  AUG	     8.90 pct	 10.9  pct</p>
<p>  Wholesale price index JAN	     7.64 pct	  4.87 pct</p>
<p>  M3 (yr-on-yr)	   JAN	    15.9  pct	 15.2  pct</p>
<p>  Industrial production SEP	     9.7  pct	 12.6  pct</p>
<p>India forex reserves    JAN	   $23.89 bln	$21.53 bln</p>
<p>  Foreign currency	JAN	   $19.65 bln	$16.76 bln</p>
<p>  Gold, SDRs		JAN	    $4.25 bln	 $4.77 bln</p>
<p>FII Investment (net)    SEP	  $122.8  million	$131.0 million</p>
<p>Trade balance	     NOV	   -$0.47 bln	-$0.52 bln</p>
<p>  Exports		   NOV	    $2.48 bln	 $2.58 bln</p>
<p>  Imports		   NOV	    $2.95 bln	 $3.10 bln</p>
<p>-------------------------------------------------------------- .</p>
<p>     ANNUAL		     @1995/96	 1994/95	 1993/4</p>
<p> Population (millions)	    920	     904	    889</p>
<p> Per capita income	   Rs 2,506	Rs 2,401     Rs 2,292</p>
<p> Indian external debt (a)  $92.6 bln     $99.04 bln  $91.1 bln</p>
<p> Debt service ratio	   26.5pct	 26.6pct     25.1 pct</p>
<p> Real GDP growth (pct)	    7.0	     6.3	   5.0</p>
<p> Fiscal deficit (pct of GDP)    5.9	     6.1	   7.5</p>
<p> Consumer price index (pct)     9.0	     9.7	   9.9</p>
<p> Trade balance		 -$4.53bln    -$2.03 bln   -$1.04 bln</p>
<p>  Exports			$31.83bln    $26.23 bln   $22.17 bln</p>
<p>  Imports			$36.37bln    $28.25 bln   $23.21 bln</p>
<p>Current account balance</p>
<p>  as pct of GDP		    -1.5	   -0.8	   -0.1</p>
<p>Industrial production</p>
<p> index  (pct growth)	     10.0 (c)	8.6	    6.0</p>
<p>Agricultural production</p>
<p> index  (pct growth)		-0.1	   4.6	    3.6</p>
<p>Cumulative FII stock</p>
<p> investment (end fiscal)	 5,617.3     $3,208 million $1,657million</p>
<p> Rupee exchange rate Rs/$	   34.63    31.39	  31.37</p>
<p>	    -----------------------------------------</p>
<p>@  Projections are from the Economic survey</p>
<p>a) Source: Reserve Bank of India 1994/95 annual report</p>
<p>c) Government preliminary estimate</p>
<p>---------------------------------------------------------------</p>
<p>-- Bombay newsroom +91-22-265 9000</p>
</text>
<copyright>(c) Reuters Limited 1997</copyright>
<metadata>
<codes class="bip:countries:1.0">
  <code code="INDIA">
    <editdetail action="confirmed" attribution="Reuters BIP Coding Group" date="1997-01-28"/>
  </code>
</codes>
<codes class="bip:topics:1.0">
  <code code="E71">
    <editdetail action="confirmed" attribution="Reuters BIP Coding Group" date="1997-01-28"/>
  </code>
  <code code="ECAT">
    <editdetail action="confirmed" attribution="Reuters BIP Coding Group" date="1997-01-28"/>
  </code>
</codes>
<dc element="dc.publisher" value="Reuters Holdings Plc"/>
<dc element="dc.date.published" value="1997-01-28"/>
<dc element="dc.source" value="Reuters"/>
<dc element="dc.creator.location.country.name" value="INDIA"/>
<dc element="dc.source" value="Reuters"/>
</metadata>
</newsitem>
