<?xml version="1.0" encoding="ISO-8859-1" standalone="no"?>
<newsitem date="1997-01-28" id="root" itemid="338296" xml:lang="en">
<title>USA: GM reaches pact to end Ohio truck strike.</title>
<headline>GM reaches pact to end Ohio truck strike.</headline>
<dateline>DETROIT 1997-01-28</dateline>
<text>
<p>General Motors Corp. said Tuesday it reached a tentative agreement with the International Union of Electronics Workers to end a three-day-old strike at its sport utility vehicle plant in Moraine, Ohio.</p>
<p>GM spokesman Gerald Holmes said production of Chevrolet Blazer, GMC Jimmy and Oldsmobile Bravada vehicles is scheduled to resume at the suburban Dayton, Ohio, plant early Wednesday.</p>
<p>"We've reached a tentative agreement to end the strike at Moraine," he said.</p>
<p>Holmes declined to disclose details of the new local labour agreement, but said he believed it does not contain the harsh penalties for absenteeism that caused about 4,100 members of IUE Local 801 to reject a previous local pact last week.</p>
<p>"That was taken out before the strike started. I can't imagine why they would put that back in," Holmes said.</p>
<p>The workers struck the sport utility vehicle plant on Sunday. Through Tuesday, GM has lost two full days worth of production at the factory, or about 2,000 vehicles.</p>
<p>GM officials said a ratification vote for the new contract will take place on Thursday and Friday.</p>
</text>
<copyright>(c) Reuters Limited 1997</copyright>
<metadata>
<codes class="bip:countries:1.0">
  <code code="USA">
    <editdetail action="confirmed" attribution="Reuters BIP Coding Group" date="1997-01-28"/>
  </code>
</codes>
<codes class="bip:topics:1.0">
  <code code="C42">
    <editdetail action="confirmed" attribution="Reuters BIP Coding Group" date="1997-01-28"/>
  </code>
  <code code="GJOB">
    <editdetail action="confirmed" attribution="Reuters BIP Coding Group" date="1997-01-28"/>
  </code>
</codes>
<dc element="dc.date.created" value="1997-01-28"/>
<dc element="dc.publisher" value="Reuters Holdings Plc"/>
<dc element="dc.date.published" value="1997-01-28"/>
<dc element="dc.source" value="Reuters"/>
<dc element="dc.creator.location" value="DETROIT"/>
<dc element="dc.creator.location.country.name" value="USA"/>
<dc element="dc.source" value="Reuters"/>
</metadata>
</newsitem>
