<?xml version="1.0" encoding="ISO-8859-1" standalone="no"?>
<newsitem date="1997-01-28" id="root" itemid="337690" xml:lang="en">
<title>CYPRUS: Missing Cyprus MP appears after stint in the bush.</title>
<headline>Missing Cyprus MP appears after stint in the bush.</headline>
<dateline>NICOSIA 1997-01-28</dateline>
<text>
<p>A Cypriot politician who hid in a firing range to protest against British military exercises there re-appeared on Tuesday night after two days in the wilderness.</p>
<p>"I had a really good time," MP Marios Matsakis told Cyprus state radio. "I spent two magical days in the Akamas."</p>
<p>Matsakis, an MP for the centre-right Democratic Party, was one of a party of 15 environmentalists who hid in thick bush at the firing range in the northwestern Akamas peninsula on Monday to delay the start of the exercises.</p>
<p>When he failed to appear on Monday evening his family filed a report to police on his disappearance. It was not immediately clear whether Matsakis appeared of his own volition or was found by police.</p>
<p>Police believe other activists may be hiding in the range, where British troops have started exercises with live ammunition. The firing range, covered with dense vegetation, covers an expanse of six square kilometres.</p>
<p>Matsakis criticised the British military for using live ammunition in the range when they knew, he said, that people were in there.</p>
<p>"That shows they have absolutely, absolutely no respect for the lives of Cypriots," he said.</p>
<p>British military officials earlier told Reuters they had no indication any person was in the range, and added that the area was throroughly searched before any military activity.</p>
<p>Environmentalists are up in arms over the exercises, saying they have caused irreparable damage to the region, which they want declared a national park.</p>
<p>The exercises are being carried out by 30 soldiers from the British base of Episkopi on the south coast. The bases are allowed, under the island's 1960 treaty of establishment, to train in the area for up to 70 days a year.</p>
</text>
<copyright>(c) Reuters Limited 1997</copyright>
<metadata>
<codes class="bip:countries:1.0">
  <code code="CYPR">
    <editdetail action="confirmed" attribution="Reuters BIP Coding Group" date="1997-01-28"/>
  </code>
  <code code="UK">
    <editdetail action="confirmed" attribution="Reuters BIP Coding Group" date="1997-01-28"/>
  </code>
</codes>
<codes class="bip:topics:1.0">
  <code code="GCAT">
    <editdetail action="confirmed" attribution="Reuters BIP Coding Group" date="1997-01-28"/>
  </code>
  <code code="GPOL">
    <editdetail action="confirmed" attribution="Reuters BIP Coding Group" date="1997-01-28"/>
  </code>
  <code code="GPRO">
    <editdetail action="confirmed" attribution="Reuters BIP Coding Group" date="1997-01-28"/>
  </code>
</codes>
<dc element="dc.date.created" value="1997-01-28"/>
<dc element="dc.publisher" value="Reuters Holdings Plc"/>
<dc element="dc.date.published" value="1997-01-28"/>
<dc element="dc.source" value="Reuters"/>
<dc element="dc.creator.location" value="NICOSIA"/>
<dc element="dc.creator.location.country.name" value="CYPRUS"/>
<dc element="dc.source" value="Reuters"/>
</metadata>
</newsitem>
