<?xml version="1.0" encoding="ISO-8859-1" standalone="no"?>
<newsitem date="1996-11-26" id="root" itemid="219144" xml:lang="en">
<title>SWITZERLAND: UBS sees 1996 provisions at 1.4 bln Sfr.</title>
<headline>UBS sees 1996 provisions at 1.4 bln Sfr.</headline>
<dateline>ZURICH 1996-11-26</dateline>
<text>
<p>Union Bank of Switzerland (UBS) said it expected to set provisions for 1996 at 1.4 billion Swiss francs.</p>
<p>"On the basis of the valuation method used for credit positions up to now, we expect credit risk provisions to amount to some 1.4 billion Swiss francs for 1996," UBS said in an announcement of a domestic restructuring.</p>
<p>It already said that a review of its entire domestic loan portfolio produced "additional potential losses totalling 3.0 billion Swiss francs" which it said would likely be incurred over the next two to three years, if the current valuation method was applied.</p>
<p>-- Zurich Editorial, +41 1 631 7340</p>
</text>
<copyright>(c) Reuters Limited 1996</copyright>
<metadata>
<codes class="bip:countries:1.0">
  <code code="SWITZ">
    <editdetail action="confirmed" attribution="Reuters BIP Coding Group" date="1996-11-26"/>
  </code>
</codes>
<codes class="bip:industries:1.0">
  <code code="I81402">
    <editdetail action="confirmed" attribution="Reuters BIP Coding Group" date="1996-11-26"/>
  </code>
</codes>
<codes class="bip:topics:1.0">
  <code code="C15">
    <editdetail action="confirmed" attribution="Reuters BIP Coding Group" date="1996-11-26"/>
  </code>
  <code code="C152">
    <editdetail action="confirmed" attribution="Reuters BIP Coding Group" date="1996-11-26"/>
  </code>
  <code code="CCAT">
    <editdetail action="confirmed" attribution="Reuters BIP Coding Group" date="1996-11-26"/>
  </code>
</codes>
<dc element="dc.date.created" value="1996-11-26"/>
<dc element="dc.publisher" value="Reuters Holdings Plc"/>
<dc element="dc.date.published" value="1996-11-26"/>
<dc element="dc.source" value="Reuters"/>
<dc element="dc.creator.location" value="ZURICH"/>
<dc element="dc.creator.location.country.name" value="SWITZERLAND"/>
<dc element="dc.source" value="Reuters"/>
</metadata>
</newsitem>
