<?xml version="1.0" encoding="ISO-8859-1" standalone="no"?>
<newsitem date="1997-01-28" id="root" itemid="336857" xml:lang="en">
<title>USA: Agrium Inc sets $300 mln in three-tranche deal.</title>
<headline>Agrium Inc sets $300 mln in three-tranche deal.</headline>
<dateline>NEW YORK 1997-01-28</dateline>
<text>
<p>The following three-tranche debt issue from Agrium Inc was priced on Tuesday, according to lead manager Merrill Lynch &amp; Co.</p>
<p>BORROWER AGRIUM INC</p>
<p>AMT $75 MLN	  COUPON 7.00 PCT   MATURITY 2/01/2004</p>
<p>TYPE NOTES	   ISS PRICE 99.678  FIRST PAY DATE 8/01/1997</p>
<p>LAST MOODY'S BAA2  YIELD 7.059 PCT   PAY FREQ  QUARTERLY</p>
<p>LAST S&amp;P BBB	 SPREAD 60 BP	CALLABLE NO</p>
<p>AMT $100 MLN	 COUPON 7.70 PCT   MATURITY 2/01/2017</p>
<p>TYPE DEBENTURES    ISS PRICE 99.697  FIRST PAY DATE 8/01/1997</p>
<p>LAST MOODY'S BAA2  YIELD 7.73 PCT    PAY FREQ  QUARTERLY</p>
<p>LAST S&amp;P BBB	 SPREAD 85 BP	CALLABLE  NO</p>
<p>AMT $125 MLN	 COUPON 7.80 PCT   MATURITY 2/01/2027</p>
<p>TYPE DEBENTURES    ISS PRICE 99.655  FIRST PAY DATE 8/01/1997</p>
<p>LAST MOODY'S BAA2  YIELD 7.83 PCT    PAY FREQ  QUARTERLY</p>
<p>LAST S&amp;P BBB	 SPREAD 95 BP	CALLABLE  NO</p>
<p>U.S. Corporate bond unit 212-859-1678</p>
</text>
<copyright>(c) Reuters Limited 1997</copyright>
<metadata>
<codes class="bip:countries:1.0">
  <code code="USA">
    <editdetail action="confirmed" attribution="Reuters BIP Coding Group" date="1997-01-28"/>
  </code>
</codes>
<codes class="bip:industries:1.0">
  <code code="I25130">
    <editdetail action="confirmed" attribution="Reuters BIP Coding Group" date="1997-01-28"/>
  </code>
</codes>
<codes class="bip:topics:1.0">
  <code code="C17">
    <editdetail action="confirmed" attribution="Reuters BIP Coding Group" date="1997-01-28"/>
  </code>
  <code code="C172">
    <editdetail action="confirmed" attribution="Reuters BIP Coding Group" date="1997-01-28"/>
  </code>
  <code code="CCAT">
    <editdetail action="confirmed" attribution="Reuters BIP Coding Group" date="1997-01-28"/>
  </code>
</codes>
<dc element="dc.date.created" value="1997-01-28"/>
<dc element="dc.publisher" value="Reuters Holdings Plc"/>
<dc element="dc.date.published" value="1997-01-28"/>
<dc element="dc.source" value="Reuters"/>
<dc element="dc.creator.location" value="NEW YORK"/>
<dc element="dc.creator.location.country.name" value="USA"/>
<dc element="dc.source" value="Reuters"/>
</metadata>
</newsitem>
