<?xml version="1.0" encoding="ISO-8859-1" standalone="no"?>
<newsitem date="1997-01-28" id="root" itemid="337906" xml:lang="en">
<title>USA: Fannie Mae exceeds housing goals in 1996.</title>
<headline>Fannie Mae exceeds housing goals in 1996.</headline>
<dateline>WASHINGTON 1997-01-28</dateline>
<text>
<p>Federal National Mortgage Association said its financing activity surpassed all of the housing goals set by regulators in 1996.</p>
<p>Fannie Mae, the nation's largest source of funds for home mortgages, said that more than 45 percent of the units it financed in 1996 were for low- and moderate-income households.</p>
<p>"Fannie Mae had another year of record-setting accomplishments through our low- and moderate-income financing," said James Johnson, Fannie Mae chairman and chief executive officer.  </p>
<p>Fannie Mae's stock gained 1-1/4 to 38-1/4 and was one of the most active issues on the New York Stock Exchange.</p>
<p>Underserved areas accounted for 28 percent of Fannie Mae's business, exceeding the regulatory goal of 21 percent.</p>
<p>Low- and moderate-income households, those with incomes less than or equal to 100 percent of an area's median, represented over 45 percent of Fannie Mae's business, compared with a goal of 40 percent, the company said.  </p>
<p>Special affordable housing (low- and very low-income households living in both single-family and multifamily residences) represented 17 percent of the company's business in 1996, exceeding the one-year goal of 12 percent, the company said.</p>
<p>Fannie Mae said it financed $2.3 billion in multifamily special affordable mortgages in 1996 against a minimum goal of $1.3 billion.</p>
<p>Congressionally chartered Fannie Mae has committed to purchase $1 trillion in "targeted lending" for 10 million homes by the end of the decade.</p>
<p>The "targeted lending" will serve both low- and moderate-income families, minorities, residents of central cities and other underserved areas, and people who have special housing needs.</p>
</text>
<copyright>(c) Reuters Limited 1997</copyright>
<metadata>
<codes class="bip:countries:1.0">
  <code code="USA">
    <editdetail action="confirmed" attribution="Reuters BIP Coding Group" date="1997-01-28"/>
  </code>
</codes>
<codes class="bip:industries:1.0">
  <code code="I81501">
    <editdetail action="confirmed" attribution="Reuters BIP Coding Group" date="1997-01-28"/>
  </code>
  <code code="I8150103">
    <editdetail action="confirmed" attribution="Reuters BIP Coding Group" date="1997-01-28"/>
  </code>
</codes>
<codes class="bip:topics:1.0">
  <code code="C21">
    <editdetail action="confirmed" attribution="Reuters BIP Coding Group" date="1997-01-28"/>
  </code>
  <code code="C31">
    <editdetail action="confirmed" attribution="Reuters BIP Coding Group" date="1997-01-28"/>
  </code>
  <code code="CCAT">
    <editdetail action="confirmed" attribution="Reuters BIP Coding Group" date="1997-01-28"/>
  </code>
</codes>
<dc element="dc.date.created" value="1997-01-28"/>
<dc element="dc.publisher" value="Reuters Holdings Plc"/>
<dc element="dc.date.published" value="1997-01-28"/>
<dc element="dc.source" value="Reuters"/>
<dc element="dc.creator.location" value="WASHINGTON"/>
<dc element="dc.creator.location.country.name" value="USA"/>
<dc element="dc.source" value="Reuters"/>
</metadata>
</newsitem>
