<?xml version="1.0" encoding="ISO-8859-1" standalone="no"?>
<newsitem date="1997-01-28" id="root" itemid="337953" xml:lang="en">
<title>USA: Procter &amp; Gamble net aided by favorable prices.</title>
<headline>Procter &amp; Gamble net aided by favorable prices.</headline>
<dateline>CINCINNATI 1997-01-28</dateline>
<text>
<p>Consumer products giant Procter &amp; Gamble Co. Tuesday reported higher quarterly profits and cited favourable commodity prices for raw materials and cost cutting.</p>
<p>The company, whose products include Tide detergent and Crest toothpaste, said its profits rose to $944 million, or $1.35 a share, on revenues of $9.14 billion in its fiscal second quarter ended Dec. 31. A year earlier it earned $836 million, or $1.18 a share, on revenues of $9.09 billion.</p>
<p>"Although improved from last quarter, our priority remains to accelerate sales and unit volume growth," Chief Executive John Pepper said in a statement.</p>
<p>Procter &amp; Gamble said it expected growth to come through areas such as new product initiatives and added production capacity. The Cincinnati-based company's other products include Ivory soap, Prell shampoo, Noxzema skin cream and Cover Girl cosmetics.</p>
<p>Worldwide unit volume was a record, growing 2 percent from the year-ago quarter, P&amp;G said.</p>
<p>Sales for the quarter grew 1 percent to $9.14 billion, P&amp;G said, adding the difference between sales and unit volume growth was largely due to weaker currencies in Europe and Asia.</p>
<p>For the six months, worldwide volume was up 2 percent over the year-ago period while sales were stable, primarily reflecting unfavourable exchange rates.</p>
<p>Cost reduction efforts and lower commodity prices, especially pulp, also helped earnings for the six months, P&amp;G said.</p>
<p>For the six months, earnings rose to $1.92 billion, or $2.74 a share, on revenues of $18.04 billion. A year earlier it earned $1.73 billion, or $2.45 a share, on revenues of $18.12 billion.</p>
<p>P&amp;G stock was up $6.125 to $113.875 in afternoon trading on the New York Stock Exchange.</p>
</text>
<copyright>(c) Reuters Limited 1997</copyright>
<metadata>
<codes class="bip:countries:1.0">
  <code code="USA">
    <editdetail action="confirmed" attribution="Reuters BIP Coding Group" date="1997-01-28"/>
  </code>
</codes>
<codes class="bip:industries:1.0">
  <code code="I25800">
    <editdetail action="confirmed" attribution="Reuters BIP Coding Group" date="1997-01-28"/>
  </code>
</codes>
<codes class="bip:topics:1.0">
  <code code="C15">
    <editdetail action="confirmed" attribution="Reuters BIP Coding Group" date="1997-01-28"/>
  </code>
  <code code="C151">
    <editdetail action="confirmed" attribution="Reuters BIP Coding Group" date="1997-01-28"/>
  </code>
  <code code="CCAT">
    <editdetail action="confirmed" attribution="Reuters BIP Coding Group" date="1997-01-28"/>
  </code>
</codes>
<dc element="dc.date.created" value="1997-01-28"/>
<dc element="dc.publisher" value="Reuters Holdings Plc"/>
<dc element="dc.date.published" value="1997-01-28"/>
<dc element="dc.source" value="Reuters"/>
<dc element="dc.creator.location" value="CINCINNATI"/>
<dc element="dc.creator.location.country.name" value="USA"/>
<dc element="dc.source" value="Reuters"/>
</metadata>
</newsitem>
