<?xml version="1.0" encoding="ISO-8859-1" standalone="no"?>
<newsitem date="1997-01-28" id="root" itemid="338078" xml:lang="en">
<title>GERMANY: Germany to wait for U.S. report on Scientology.</title>
<headline>Germany to wait for U.S. report on Scientology.</headline>
<dateline>BONN 1997-01-28</dateline>
<text>
<p>Germany declined to comment on Tuesday on reports that the U.S. State Department is set to criticise Bonn for its treatment of members of the Church of Scientology.</p>
<p>The Washington Post newspaper said on Monday the United States would chastise Germany for "a campaign of harassment and intimidation" against Scientology in the State Department's annual human rights survey, due to be published later this week.</p>
<p>"We want to do this in the usual way and that means reading the report first," Foreign Ministry spokesman Martin Erdmann told reporters. "Then we will draw our own conclusions."</p>
<p>Erdmann acknowledged State Department spokesman Nicholas Burns had discussed Germany's treatment of Scientologists at a news briefing on Monday but said he did not quote directly from the survey.</p>
<p>"I don't want to comment over hastily on things we haven't had verbatim," Erdmann said.</p>
<p>Burns told the briefing on Monday: "The Scientologists in Germany are being discriminated against merely as a result of their belonging to that organisation, not because, in our view...of any actions that they've taken."</p>
<p>But he also took aim at the Scientologists and their supporters for comparing Germany's treatment of the group with Nazi persecution of the Jews, branding the accusation "an outrageous historical claim".</p>
<p>The State Department survey is due to be published on Thursday. Four previous editions have also raised U.S. concerns over Bonn's attitude to Scientology, which Germany regards not as a religion but as an economic organisation exploiting its members.</p>
<p>Scientology and the German government have been involved in a fierce war of words over the last few months.</p>
<p>The simmering row boiled up again last Friday when the group lodged a complaint with the European Commission of Human Rights, accusing Germany of discriminating against its members.</p>
</text>
<copyright>(c) Reuters Limited 1997</copyright>
<metadata>
<codes class="bip:countries:1.0">
  <code code="GFR">
    <editdetail action="confirmed" attribution="Reuters BIP Coding Group" date="1997-01-28"/>
  </code>
  <code code="USA">
    <editdetail action="confirmed" attribution="Reuters BIP Coding Group" date="1997-01-28"/>
  </code>
</codes>
<codes class="bip:topics:1.0">
  <code code="GCAT">
    <editdetail action="confirmed" attribution="Reuters BIP Coding Group" date="1997-01-28"/>
  </code>
  <code code="GDIP">
    <editdetail action="confirmed" attribution="Reuters BIP Coding Group" date="1997-01-28"/>
  </code>
  <code code="GREL">
    <editdetail action="confirmed" attribution="Reuters BIP Coding Group" date="1997-01-28"/>
  </code>
</codes>
<dc element="dc.date.created" value="1997-01-28"/>
<dc element="dc.publisher" value="Reuters Holdings Plc"/>
<dc element="dc.date.published" value="1997-01-28"/>
<dc element="dc.source" value="Reuters"/>
<dc element="dc.creator.location" value="BONN"/>
<dc element="dc.creator.location.country.name" value="GERMANY"/>
<dc element="dc.source" value="Reuters"/>
</metadata>
</newsitem>
