<?xml version="1.0" encoding="ISO-8859-1" standalone="no"?>
<newsitem date="1997-01-28" id="root" itemid="336803" xml:lang="en">
<title>USA: CNN says Jewell settlement amicable.</title>
<headline>CNN says Jewell settlement amicable.</headline>
<dateline>ATLANTA 1997-01-28</dateline>
<text>
<p>Time Warner Inc's Cable News Network said on Tuesday it reached an amicable settlement with Richard Jewell and his mother, Barbara, over the cable news channel's coverage of the Centennial Olympic Park bombing.</p>
<p>But a CNN spokesman said he could not disclose the financial component of the agreement.</p>
<p>"CNN continues to believe that its coverage was a fair and accurate review of the events that unfolded following the Centennial Olympic Park Explosion," CNN said in a statement.  </p>
<p>"The Jewells, while not agreeing to the fairness and accuracy of all portions of CNN's coverage, understand CNN's efforts to cover events such as the Centennial Olympic Park explosion," the statement continued.</p>
<p>((Atlanta Bureau -- (404) 870-7340))</p>
</text>
<copyright>(c) Reuters Limited 1997</copyright>
<metadata>
<codes class="bip:countries:1.0">
  <code code="USA">
    <editdetail action="confirmed" attribution="Reuters BIP Coding Group" date="1997-01-28"/>
  </code>
</codes>
<codes class="bip:industries:1.0">
  <code code="I83960">
    <editdetail action="confirmed" attribution="Reuters BIP Coding Group" date="1997-01-28"/>
  </code>
  <code code="I97400">
    <editdetail action="confirmed" attribution="Reuters BIP Coding Group" date="1997-01-28"/>
  </code>
</codes>
<codes class="bip:topics:1.0">
  <code code="C12">
    <editdetail action="confirmed" attribution="Reuters BIP Coding Group" date="1997-01-28"/>
  </code>
  <code code="CCAT">
    <editdetail action="confirmed" attribution="Reuters BIP Coding Group" date="1997-01-28"/>
  </code>
  <code code="GCAT">
    <editdetail action="confirmed" attribution="Reuters BIP Coding Group" date="1997-01-28"/>
  </code>
  <code code="GCRIM">
    <editdetail action="confirmed" attribution="Reuters BIP Coding Group" date="1997-01-28"/>
  </code>
</codes>
<dc element="dc.date.created" value="1997-01-28"/>
<dc element="dc.publisher" value="Reuters Holdings Plc"/>
<dc element="dc.date.published" value="1997-01-28"/>
<dc element="dc.source" value="Reuters"/>
<dc element="dc.creator.location" value="ATLANTA"/>
<dc element="dc.creator.location.country.name" value="USA"/>
<dc element="dc.source" value="Reuters"/>
</metadata>
</newsitem>
