<?xml version="1.0" encoding="ISO-8859-1" standalone="no"?>
<newsitem date="1997-01-28" id="root" itemid="337900" xml:lang="en">
<title>USA: U.S. spot natgas extends gains on colder forecast.</title>
<headline>U.S. spot natgas extends gains on colder forecast.</headline>
<dateline>NEW YORK 1997-01-28</dateline>
<text>
<p>U.S. spot gas prices rose further Tuesday as cold temperatures continued in the central U.S. and forecasts called for the arrival of below-normal temperatures in the Northeast by week's end, sources said.</p>
<p>Swing prices on the Gulf Coast pipes climbed by about five cents to the low-$3 per mmBtu area. Freezing temperatures seeped into northern Texas today, attracting more spot buyers to the marketplace.</p>
<p>Early February bidweek prices were talked in the low-to-mid $2.90s, about a $1 under January indices.  </p>
<p>In the Midcontinent, where temperatures are at least 10 degrees below normal, prices gained more than five cents to about $3.</p>
<p>Early February prices on the Midcontinent pipes were talked around $2.80, with Demarcation quoted at $2.90.</p>
<p>Temperatures in the Midwest in the first week of February are expected to return to normal to above-normal levels.</p>
<p>In west Texas, Permian next-day prices were up another eight cents to the $2.89-2.94 range, while the Waha market climbed into the $2.95-3.00 area.</p>
<p>Prices at the southern California border rose by more than five cents to the $2.94-2.99 range. February 1 prices at the border were talked in the low-to-mid $2.60s.</p>
<p>Southern California Edison said again that its 1,070 megawatt San Onofre nuclear power unit will likely return to service about two weeks later than the originally scheduled restart date of February 8.</p>
<p>In the East, prices at the New York city-gate firmed by about 20 cents to the $3.55-3.70 range. Similar prices were talked for February 1 delivery.</p>
<p>((--H McCulloch, New York Power Desk +212-859-1628))</p>
</text>
<copyright>(c) Reuters Limited 1997</copyright>
<metadata>
<codes class="bip:countries:1.0">
  <code code="USA">
    <editdetail action="confirmed" attribution="Reuters BIP Coding Group" date="1997-01-28"/>
  </code>
</codes>
<codes class="bip:topics:1.0">
  <code code="M14">
    <editdetail action="confirmed" attribution="Reuters BIP Coding Group" date="1997-01-28"/>
  </code>
  <code code="M143">
    <editdetail action="confirmed" attribution="Reuters BIP Coding Group" date="1997-01-28"/>
  </code>
  <code code="MCAT">
    <editdetail action="confirmed" attribution="Reuters BIP Coding Group" date="1997-01-28"/>
  </code>
</codes>
<dc element="dc.date.created" value="1997-01-28"/>
<dc element="dc.publisher" value="Reuters Holdings Plc"/>
<dc element="dc.date.published" value="1997-01-28"/>
<dc element="dc.source" value="Reuters"/>
<dc element="dc.creator.location" value="NEW YORK"/>
<dc element="dc.creator.location.country.name" value="USA"/>
<dc element="dc.source" value="Reuters"/>
</metadata>
</newsitem>
