<?xml version="1.0" encoding="ISO-8859-1" standalone="no"?>
<newsitem date="1997-01-28" id="root" itemid="336673" xml:lang="en">
<title>USA: Genus Q4 shr loss $0.14 VS profit $0.77.</title>
<headline>Genus Q4 shr loss $0.14 VS profit $0.77.</headline>
<dateline>SUNNYVALE, Calif. 1997-01-28</dateline>
<text>
<p>GENUS INC.</p>
<p>		 Condensed Consolidated Statements of Operations</p>
<p>		  (amounts in thousands, except per share data)</p>
<p>			    Three months ended  Twelve months ended</p>
<p>				   Dec. 31,		Dec. 31,</p>
<p>				  1996	1995	1996	1995</p>
<p> Net sales		 $ 17,162  $ 25,526  $ 82,509  $100,350</p>
<p>Costs and expenses:</p>
<p>  Costs of goods sold    12,203    16,173    55,537    61,111</p>
<p>Research and development</p>
<p>				  3,268     3,221    14,639    12,259</p>
<p>Selling, general and</p>
<p>   administrative	   3,894     4,843    17,901    19,004</p>
<p>  Special charge	    2,350	  --     5,890	  --</p>
<p>Income (loss) from</p>
<p>     operations	   (4,553)     1,289  (11,458)     7,976</p>
<p> Other, net			15     (125)	  53	 327</p>
<p>Income (loss) before income</p>
<p>   taxes		    (4,538)     1,164  (11,405)     8,303</p>
<p>Benefit from income taxes</p>
<p>				(2,200)  (11,479)   (2,200)  (10,979)</p>
<p>  Net income (loss)   (  2,338)    12,643  (  9,205)   19,282</p>
<p>Net income (loss) per share</p>
<p>			    (   0.14)	0.77  (   0.56)     1.20</p>
<p>Shares used in per share</p>
<p>  calculations	     16,607    16,487    16,423    16,063</p>
</text>
<copyright>(c) Reuters Limited 1997</copyright>
<metadata>
<codes class="bip:countries:1.0">
  <code code="USA">
    <editdetail action="confirmed" attribution="Reuters BIP Coding Group" date="1997-01-28"/>
  </code>
</codes>
<codes class="bip:industries:1.0">
  <code code="I34420">
    <editdetail action="confirmed" attribution="Reuters BIP Coding Group" date="1997-01-28"/>
  </code>
</codes>
<codes class="bip:topics:1.0">
  <code code="C15">
    <editdetail action="confirmed" attribution="Reuters BIP Coding Group" date="1997-01-28"/>
  </code>
  <code code="C151">
    <editdetail action="confirmed" attribution="Reuters BIP Coding Group" date="1997-01-28"/>
  </code>
  <code code="C1511">
    <editdetail action="confirmed" attribution="Reuters BIP Coding Group" date="1997-01-28"/>
  </code>
  <code code="CCAT">
    <editdetail action="confirmed" attribution="Reuters BIP Coding Group" date="1997-01-28"/>
  </code>
</codes>
<dc element="dc.date.created" value="1997-01-28"/>
<dc element="dc.publisher" value="Reuters Holdings Plc"/>
<dc element="dc.date.published" value="1997-01-28"/>
<dc element="dc.source" value="Reuters"/>
<dc element="dc.creator.location" value="SUNNYVALE, Calif."/>
<dc element="dc.creator.location.country.name" value="USA"/>
<dc element="dc.source" value="Reuters"/>
</metadata>
</newsitem>
