<?xml version="1.0" encoding="ISO-8859-1" standalone="no"?>
<newsitem date="1997-01-28" id="root" itemid="336769" xml:lang="en">
<title>USA: CILCORP Inc Q4 net rises.</title>
<headline>CILCORP Inc Q4 net rises.</headline>
<dateline>PEORIA, Ill. 1997-01-28</dateline>
<text>
<p>1996			1995</p>
<p> Shr			  $0.19		    $0.15</p>
<p> Net			  2,551		    1,998</p>
<p> Revs		     182,137		  154,089</p>
<p> Avg shrs		  13,600		   13,288</p>
<p>	 (All Data Above 000s Except Per Share Numbers)</p>
<p>			 YEAR</p>
<p> Shr			  $2.07		   $ 2.93</p>
<p> Net			 27,943		   38,582</p>
<p> Revs		     628,392		  614,740</p>
<p> Avg shrs		  13,480		   13,147</p>
<p>	 (All Data Above 000s Except Per Share Numbers)</p>
<p>	 ((Chicago newsdesk 312 408-8787))</p>
</text>
<copyright>(c) Reuters Limited 1997</copyright>
<metadata>
<codes class="bip:countries:1.0">
  <code code="USA">
    <editdetail action="confirmed" attribution="Reuters BIP Coding Group" date="1997-01-28"/>
  </code>
</codes>
<codes class="bip:industries:1.0">
  <code code="I16200">
    <editdetail action="confirmed" attribution="Reuters BIP Coding Group" date="1997-01-28"/>
  </code>
</codes>
<codes class="bip:topics:1.0">
  <code code="C15">
    <editdetail action="confirmed" attribution="Reuters BIP Coding Group" date="1997-01-28"/>
  </code>
  <code code="C151">
    <editdetail action="confirmed" attribution="Reuters BIP Coding Group" date="1997-01-28"/>
  </code>
  <code code="C1511">
    <editdetail action="confirmed" attribution="Reuters BIP Coding Group" date="1997-01-28"/>
  </code>
  <code code="CCAT">
    <editdetail action="confirmed" attribution="Reuters BIP Coding Group" date="1997-01-28"/>
  </code>
</codes>
<dc element="dc.date.created" value="1997-01-28"/>
<dc element="dc.publisher" value="Reuters Holdings Plc"/>
<dc element="dc.date.published" value="1997-01-28"/>
<dc element="dc.source" value="Reuters"/>
<dc element="dc.creator.location" value="PEORIA, Ill."/>
<dc element="dc.creator.location.country.name" value="USA"/>
<dc element="dc.source" value="Reuters"/>
</metadata>
</newsitem>
