<?xml version="1.0" encoding="ISO-8859-1" standalone="no"?>
<newsitem date="1996-12-20" id="root" itemid="270688" xml:lang="en">
<title>USA: State of New York COPs account closed.</title>
<headline>State of New York COPs account closed.</headline>
<text>
<p>THE STATE OF NEW YORK</p>
<p>RE: $105,370,000</p>
<p>CERTIFICATES OF PARTICIPATION</p>
<p>THE ACCOUNT IS CLOSED.</p>
<p>THE 08/01/2001 MATURITY TRADED LESS 7/8.</p>
<p>J.P. Morgan Securities Inc.</p>
<p>Smith Barney Inc.</p>
<p>Bear, Stearns &amp; Co. Inc.</p>
<p>ABN Amro Securities</p>
<p>IN ASSOCIATION WITH:</p>
<p>First Albany Corporation</p>
<p>--U.S. Municipal Desk, 212-859-1650</p>
</text>
<copyright>(c) Reuters Limited 1996</copyright>
<metadata>
<codes class="bip:countries:1.0">
  <code code="USA">
    <editdetail action="confirmed" attribution="Reuters BIP Coding Group" date="1996-12-20"/>
  </code>
</codes>
<codes class="bip:topics:1.0">
  <code code="E21">
    <editdetail action="confirmed" attribution="Reuters BIP Coding Group" date="1996-12-20"/>
  </code>
  <code code="E212">
    <editdetail action="confirmed" attribution="Reuters BIP Coding Group" date="1996-12-20"/>
  </code>
  <code code="ECAT">
    <editdetail action="confirmed" attribution="Reuters BIP Coding Group" date="1996-12-20"/>
  </code>
</codes>
<dc element="dc.publisher" value="Reuters Holdings Plc"/>
<dc element="dc.date.published" value="1996-12-20"/>
<dc element="dc.source" value="Reuters"/>
<dc element="dc.creator.location.country.name" value="USA"/>
<dc element="dc.source" value="Reuters"/>
</metadata>
</newsitem>
