<?xml version="1.0" encoding="ISO-8859-1" standalone="no"?>
<newsitem date="1996-11-26" id="root" itemid="219067" xml:lang="en">
<title>GERMANY: Drivers snooze after crash blocks German motorway.</title>
<headline>Drivers snooze after crash blocks German motorway.</headline>
<dateline>BERLIN 1996-11-26</dateline>
<text>
<p>Thousands of motorists spent the night stranded in their cars in heavy snow on a busy northern German motorway after a truck jack-knifed and blocked traffic in both directions, police said on Tuesday.</p>
<p>Many drivers had fallen asleep in their cars and were blocking rescue vehicles from reaching the truck which had crashed through the central barrier, causing jams of more than than 100 km (60 miles) in both directions.</p>
<p>The truck driver was not hurt.</p>
<p>About six inches (15 cm) of snow had fallen in the night on the motorway. The Red Cross and firefighters brought hot tea and blankets to thousands of stranded motorists.</p>
<p>Police said the accident site was cleared early on Tuesday morning and traffic should return to normal by midday.</p>
</text>
<copyright>(c) Reuters Limited 1996</copyright>
<metadata>
<codes class="bip:countries:1.0">
  <code code="GFR">
    <editdetail action="confirmed" attribution="Reuters BIP Coding Group" date="1996-11-26"/>
  </code>
</codes>
<codes class="bip:topics:1.0">
  <code code="GCAT">
    <editdetail action="confirmed" attribution="Reuters BIP Coding Group" date="1996-11-26"/>
  </code>
  <code code="GDIS">
    <editdetail action="confirmed" attribution="Reuters BIP Coding Group" date="1996-11-26"/>
  </code>
</codes>
<dc element="dc.date.created" value="1996-11-26"/>
<dc element="dc.publisher" value="Reuters Holdings Plc"/>
<dc element="dc.date.published" value="1996-11-26"/>
<dc element="dc.source" value="Reuters"/>
<dc element="dc.creator.location" value="BERLIN"/>
<dc element="dc.creator.location.country.name" value="GERMANY"/>
<dc element="dc.source" value="Reuters"/>
</metadata>
</newsitem>
