<?xml version="1.0" encoding="ISO-8859-1" standalone="no"?>
<newsitem date="1997-01-28" id="root" itemid="337814" xml:lang="en">
<title>USA: US CREDIT OUTLOOK - Durable goods, indexed bond sale.</title>
<headline>US CREDIT OUTLOOK - Durable goods, indexed bond sale.</headline>
<byline>John P. Hughes</byline>
<dateline>NEW YORK 1997-01-28</dateline>
<text>
<p>The debut of inflation-indexed U.S. bonds and data on December's durable goods orders should garner the attention of bond market participants on Wednesday.</p>
<p>But a selloff from lofty levels in both stocks and bonds late Tuesday had some economists doubting that much forward momentum could be sustained Wednesday.</p>
<p>"The employment cost index provided some relief, but we still have the same basic economic scenario. ... growth and tight labor markets and the risks are to the upside," said Michael Moran, chief economist at Daiwa Securities America Inc.  </p>
<p>Durable goods orders were scheduled for release at 830 EST/1330 GMT. Consensus estimates had December orders increasing by 1.2, and excluding defense orders rising by 2.2 percent. In November, both figures declined, by 1.6 percent and 3.4 percent respectively.</p>
<p>Treasury will hold its first sale of $7.0 billion of inflation-indexed securities Wednesday at 1300EST/1800 GMT. Moran looked forward to the sale.</p>
<p>"A lot of firms and traders don't know where to bid on these securities and that should make for an interesting learning experience," Moran said.</p>
</text>
<copyright>(c) Reuters Limited 1997</copyright>
<metadata>
<codes class="bip:countries:1.0">
  <code code="USA">
    <editdetail action="confirmed" attribution="Reuters BIP Coding Group" date="1997-01-28"/>
  </code>
</codes>
<codes class="bip:topics:1.0">
  <code code="M12">
    <editdetail action="confirmed" attribution="Reuters BIP Coding Group" date="1997-01-28"/>
  </code>
  <code code="MCAT">
    <editdetail action="confirmed" attribution="Reuters BIP Coding Group" date="1997-01-28"/>
  </code>
</codes>
<dc element="dc.date.created" value="1997-01-28"/>
<dc element="dc.publisher" value="Reuters Holdings Plc"/>
<dc element="dc.date.published" value="1997-01-28"/>
<dc element="dc.source" value="Reuters"/>
<dc element="dc.creator.location" value="NEW YORK"/>
<dc element="dc.creator.location.country.name" value="USA"/>
<dc element="dc.source" value="Reuters"/>
</metadata>
</newsitem>
