<?xml version="1.0" encoding="ISO-8859-1" standalone="no"?>
<newsitem date="1997-01-28" id="root" itemid="336860" xml:lang="en">
<title>USA: Beacon Properties Q4 shr $0.34 vs $0.28.</title>
<headline>Beacon Properties Q4 shr $0.34 vs $0.28.</headline>
<dateline>BOSTON 1997-01-28</dateline>
<text>
<p>BEACON PROPERTIES CORPORATION</p>
<p>				   STATEMENTS OF OPERATIONS</p>
<p>		    For the Year Ended December 31, 1996 and 1995</p>
<p>			 (in thousands except per share amounts)</p>
<p>			    Three Months Ended   Twelve Months Ended</p>
<p>				12/31/96  12/31/95  12/31/96  12/31/95</p>
<p>Revenues</p>
<p>     Rental income	  $50,518  $18,769  $147,825   $71,050</p>
<p>     Management Fees	    756	789     3,005     2,203</p>
<p>Recoveries from tenants  </p>
<p>				    5,718    2,446    16,719     9,742</p>
<p>Mortgage interest income</p>
<p>				    1,402	982     4,970     2,546</p>
<p>     Other income	     3,688    1,537    11,272     5,502</p>
<p>     Total		     62,082   24,523   183,791    91,043</p>
<p>Expenses</p>
<p>     Property expenses     12,604    4,621    37,211    18,090</p>
<p>     Real estate taxes	5,634    2,803    18,124    10,217</p>
<p>General and</p>
<p>	administrative	  7,368    2,869    19,331     9,755</p>
<p>     Interest expense	 9,561    3,657    30,300    15,226</p>
<p>Interest - amortization</p>
<p>	of financing costs	466	423     2,084     1,370</p>
<p>Depreciation and</p>
<p>	amortization	   11,447    4,821    33,184    17,428</p>
<p>     Total		     47,080   19,194   140,234    72,086</p>
<p>Income from operations</p>
<p>				   15,002    5,329    43,557    18,967</p>
<p>Equity in net income of</p>
<p>joint ventures</p>
<p>	and corporations	1,026    1,488     4,989     3,234</p>
<p>Income from continuing  </p>
<p>	operations	     16,028    6,817    48,546    22,191</p>
<p>Discontinued Operations -</p>
<p>Construction Co.</p>
<p>	Loss from operations  (698)	---   (2,609)	(12)</p>
<p>	Loss on sale	    (249)	---     (249)	 ---</p>
<p>Income before minority</p>
<p>interest and</p>
<p>	extraordinary items  15,081    6,817    45,688    22,179</p>
<p>Minority interest in</p>
<p>Operating Partnership</p>
<p>				  (1,816)  (1,077)   (5,988)   (4,199)</p>
<p>Income before</p>
<p>	extraordinary item   13,265    5,740    39,700    18,060</p>
<p>Extraordinary item, net</p>
<p>	of minority interest    ---	---   (3,368)	 ---</p>
<p>     Net income	     $13,265   $5,740   $36,332   $18,060</p>
<p>Income from continuing</p>
<p>operations per</p>
<p>	common share	   $0.36    $0.28	$1.41     $1.09</p>
<p>Discontinued Operations --</p>
<p>Construction Co.</p>
<p>Loss from operations  </p>
<p>				  (0.02)     ---	(0.08)    (0.00)</p>
<p>	Loss on sale	  (O.00)     ---	(0.01)	---</p>
<p>Income per common share before</p>
<p>	extraordinary items  $0.34    $0.28	$1.32     $1.09</p>
<p>     Extraordinary items     ---	---	(0.11)	---</p>
<p>Net income per common share</p>
<p>				   $O.34    $O.28	$1.21     $1.09</p>
<p>Funds from operations</p>
<p>before minority</p>
<p>interest in</p>
<p>Operating Partnership</p>
<p>				 $27,811  $12,630    $83,154   $41,913</p>
<p>Company funds from operations</p>
<p>				  24,607  $10,634    $72,253   $34,079</p>
<p>Funds from operations per</p>
<p>common share -</p>
<p>new NAREIT definition</p>
<p>				   $0.63    $0.53	$2.41     $2.06</p>
<p>Weighted average common</p>
<p>	shares outstanding  39,356   20,194     29,932    16,525</p>
<p>Company share of</p>
<p>Operating Partnership</p>
<p>				  88.48%   84.20%     86.89%    81.31%</p>
<p>Joint venture properties:</p>
<p>Depreciation and amortization</p>
<p>				  $1,034     $992     $4,033    $2,306</p>
<p>Interest - amortization of</p>
<p>	financing costs	  225	224	  898	 853</p>
<p>    Total		     $1,259   $1,216     $4,931    $3,159</p>
<p>((-- New York Newsdesk 212 859-1610))</p>
</text>
<copyright>(c) Reuters Limited 1997</copyright>
<metadata>
<codes class="bip:countries:1.0">
  <code code="USA">
    <editdetail action="confirmed" attribution="Reuters BIP Coding Group" date="1997-01-28"/>
  </code>
</codes>
<codes class="bip:industries:1.0">
  <code code="I81502">
    <editdetail action="confirmed" attribution="Reuters BIP Coding Group" date="1997-01-28"/>
  </code>
  <code code="I8150206">
    <editdetail action="confirmed" attribution="Reuters BIP Coding Group" date="1997-01-28"/>
  </code>
</codes>
<codes class="bip:topics:1.0">
  <code code="C15">
    <editdetail action="confirmed" attribution="Reuters BIP Coding Group" date="1997-01-28"/>
  </code>
  <code code="C151">
    <editdetail action="confirmed" attribution="Reuters BIP Coding Group" date="1997-01-28"/>
  </code>
  <code code="C1511">
    <editdetail action="confirmed" attribution="Reuters BIP Coding Group" date="1997-01-28"/>
  </code>
  <code code="CCAT">
    <editdetail action="confirmed" attribution="Reuters BIP Coding Group" date="1997-01-28"/>
  </code>
</codes>
<dc element="dc.date.created" value="1997-01-28"/>
<dc element="dc.publisher" value="Reuters Holdings Plc"/>
<dc element="dc.date.published" value="1997-01-28"/>
<dc element="dc.source" value="Reuters"/>
<dc element="dc.creator.location" value="BOSTON"/>
<dc element="dc.creator.location.country.name" value="USA"/>
<dc element="dc.source" value="Reuters"/>
</metadata>
</newsitem>
