<?xml version="1.0" encoding="ISO-8859-1" standalone="no"?>
<newsitem date="1996-11-26" id="root" itemid="219123" xml:lang="en">
<title>FRANCE: BoF's Marchelli urges swift French rate cut.</title>
<headline>BoF's Marchelli urges swift French rate cut.</headline>
<dateline>PARIS 1996-11-26</dateline>
<text>
<p>Paul Marchelli, a member of the Bank of France's monetary policy council, was quoted on Tuesday as saying France should cut interest rates as soon as possible.</p>
<p>"The franc-mark link is sterile because it forces us to wait for the Bundesbank to lower its interest rates before we can lower ours," daily Liberation quoted him as saying.</p>
<p>Marchelli, who is believed to be outnumbered on the monetary policy council by those who defend the franc-mark link, said that "we should do everything to lower our interest rates as quickly as possible, which will allow an acceleration in growth and (the franc) to find a suitable level against the dollar".</p>
</text>
<copyright>(c) Reuters Limited 1996</copyright>
<metadata>
<codes class="bip:countries:1.0">
  <code code="FRA">
    <editdetail action="confirmed" attribution="Reuters BIP Coding Group" date="1996-11-26"/>
  </code>
</codes>
<codes class="bip:topics:1.0">
  <code code="E12">
    <editdetail action="confirmed" attribution="Reuters BIP Coding Group" date="1996-11-26"/>
  </code>
  <code code="ECAT">
    <editdetail action="confirmed" attribution="Reuters BIP Coding Group" date="1996-11-26"/>
  </code>
</codes>
<dc element="dc.date.created" value="1996-11-26"/>
<dc element="dc.publisher" value="Reuters Holdings Plc"/>
<dc element="dc.date.published" value="1996-11-26"/>
<dc element="dc.source" value="Reuters"/>
<dc element="dc.creator.location" value="PARIS"/>
<dc element="dc.creator.location.country.name" value="FRANCE"/>
<dc element="dc.source" value="Reuters"/>
</metadata>
</newsitem>
