<?xml version="1.0" encoding="ISO-8859-1" standalone="no"?>
<newsitem date="1997-01-28" id="root" itemid="337657" xml:lang="en">
<title>INDONESIA: Indonesia to discuss E.Timor with U.N. chief.</title>
<headline>Indonesia to discuss E.Timor with U.N. chief.</headline>
<dateline>JAKARTA 1997-01-28</dateline>
<text>
<p>Indonesian Foreign Minister Ali Alatas said on Tuesday he and United Nations chief Kofi Annan would discuss the future of U.N.-sponsored talks with Portugal on East Timor in Switzerland next week.</p>
<p>Alatas will attend the World Economic Forum meeting in Davos, Switzerland from January 30 to February 4.</p>
<p>He told reporters after meeting President Suharto that Annan was also due to be in Davos, and he expected to discuss the East Timor issue with the new U.N. secretary-general.</p>
<p>"I expect to meet the secretary-general at the Davos meeting... I will ask about future talks on East Timor with Portugal," Alatas said.</p>
<p>He accused Portugal of trying to drag out the East Timor issue and attempting to blame Indonesia for the lack of a settlement.</p>
<p>The two countries were due to hold the latest in a series of meetings on East Timor in New York in December, but the meeting was postponed and a date has still to be decided.</p>
<p>The U.N.-sponsored talks have continued for several years since Indonesia's invasion of the former Portuguese colony of East Timor in December 1975 and the territory's incorporation into Indonesia as its 27th province the following July.</p>
<p>The United Nations did not recognise the move and still regards Portugal as the territory's administering power.</p>
<p>Tensions in the East Timor capital of Dili have risen recently as Indonesian security officers continued their search for youths suspected of involvement in the murder of a soldier on December 24.</p>
<p>The official Antara news agency said the dossier of 16 men believed to have been involved had been handed by police to the district attorney there on Tuesday.</p>
<p>"We have submitted the dossier of the 16 main suspects. The dossier of the other five suspects will follow," it quoted East Timor Police chief Colonel Yusuf Muharam as saying on Tuesday.</p>
<p>An off-duty East Timorese soldier was beaten to death in the grounds of Dili's cathedral on December 24 as thousands of people gathered to welcome Roman Catholic bishop Carlos Belo back from Europe, where he had been a co-recipient of the Nobel Peace Prize.</p>
</text>
<copyright>(c) Reuters Limited 1997</copyright>
<metadata>
<codes class="bip:countries:1.0">
  <code code="INDON">
    <editdetail action="confirmed" attribution="Reuters BIP Coding Group" date="1997-01-28"/>
  </code>
  <code code="PORL">
    <editdetail action="confirmed" attribution="Reuters BIP Coding Group" date="1997-01-28"/>
  </code>
  <code code="TIMOR">
    <editdetail action="confirmed" attribution="Reuters BIP Coding Group" date="1997-01-28"/>
  </code>
  <code code="UN">
    <editdetail action="confirmed" attribution="Reuters BIP Coding Group" date="1997-01-28"/>
  </code>
</codes>
<codes class="bip:topics:1.0">
  <code code="GCAT">
    <editdetail action="confirmed" attribution="Reuters BIP Coding Group" date="1997-01-28"/>
  </code>
  <code code="GDIP">
    <editdetail action="confirmed" attribution="Reuters BIP Coding Group" date="1997-01-28"/>
  </code>
</codes>
<dc element="dc.date.created" value="1997-01-28"/>
<dc element="dc.publisher" value="Reuters Holdings Plc"/>
<dc element="dc.date.published" value="1997-01-28"/>
<dc element="dc.source" value="Reuters"/>
<dc element="dc.creator.location" value="JAKARTA"/>
<dc element="dc.creator.location.country.name" value="INDONESIA"/>
<dc element="dc.source" value="Reuters"/>
</metadata>
</newsitem>
