<?xml version="1.0" encoding="ISO-8859-1" standalone="no"?>
<newsitem date="1997-01-28" id="root" itemid="337246" xml:lang="en">
<title>KENYA: Kenya policeman charged in Irishman's murder.</title>
<headline>Kenya policeman charged in Irishman's murder.</headline>
<dateline>NAIROBI 1997-01-28</dateline>
<text>
<p>A Kenyan policeman has been charged with murdering an Irish Roman Catholic missionary at a school in central Kenya, Nairobi newspapers said on Tuesday.</p>
<p>They said 35-year-old Francis Kimanzi Mbaya was not required to plead when he appeared at a court in the town of Nakuru northwest of Nairobi on Monday charged with the murder of Brother Larry Timmons at a school in nearby Lare on January 21.</p>
<p>The Daily Nation newspaper said earlier on Monday priests, nuns and monks from parishes in the Nakuru region met the local provincial commissioner and complained about insecurity.</p>
<p>Provincial Commissioner Yusuf Haji said the government was shocked by the shooting of Timmons by a policeman who should maintain law and order and protect members of the public.</p>
<p>He said police should differentiate between attackers and victims and promised to bring to justice anyone implicated in the murder.</p>
<p>Kimanzi was remanded in custody until February 10. The East African Standard daily said Timmons was killed when police responded to residents saying robbers were raiding Lare school.</p>
<p>The Nakuru Roman Catholic diocese on Saturday demanded an explanation for the shooting of the 40-year-old missionary and three other violent robberies at Catholic missions this month.</p>
<p>It said in a statement that Timmons was shot by a policeman one day after he confronted local officials over bribery and discrimination surrounding the issuing of new identity cards.</p>
<p>"We cannot help but relate the killing with the prior confrontation between our brother and the administration," it said.</p>
<p>The London-based human rights group Amnesty International said this month Kenya's government had failed to halt the widespread torture of men, women and children. The government denied the report.</p>
</text>
<copyright>(c) Reuters Limited 1997</copyright>
<metadata>
<codes class="bip:countries:1.0">
  <code code="IRE">
    <editdetail action="confirmed" attribution="Reuters BIP Coding Group" date="1997-01-28"/>
  </code>
  <code code="KENYA">
    <editdetail action="confirmed" attribution="Reuters BIP Coding Group" date="1997-01-28"/>
  </code>
</codes>
<codes class="bip:topics:1.0">
  <code code="GCAT">
    <editdetail action="confirmed" attribution="Reuters BIP Coding Group" date="1997-01-28"/>
  </code>
  <code code="GCRIM">
    <editdetail action="confirmed" attribution="Reuters BIP Coding Group" date="1997-01-28"/>
  </code>
</codes>
<dc element="dc.date.created" value="1997-01-28"/>
<dc element="dc.publisher" value="Reuters Holdings Plc"/>
<dc element="dc.date.published" value="1997-01-28"/>
<dc element="dc.source" value="Reuters"/>
<dc element="dc.creator.location" value="NAIROBI"/>
<dc element="dc.creator.location.country.name" value="KENYA"/>
<dc element="dc.source" value="Reuters"/>
</metadata>
</newsitem>
