<?xml version="1.0" encoding="ISO-8859-1" standalone="no"?>
<newsitem date="1997-01-28" id="root" itemid="336630" xml:lang="en">
<title>USA: 3Com says Dec sales weak - analysts.</title>
<headline>3Com says Dec sales weak - analysts.</headline>
<dateline>NEW YORK 1997-01-28</dateline>
<text>
<p>3Com Corp executives told analysts Tuesday it had weak sales of its networking products in the last few weeks of December.</p>
<p>At its annual analyst conference in New York, the Santa Clara, Calif.-based maker of computer networking gear suggested sales of its stackable hub -- devices that shuffle information through networks -- were weak, analysts who listened to the conference said.</p>
<p>"There was a lot of concern that they were talking expectations for the quarter down," said Paul Weinstein, analyst at PaineWebber Inc.</p>
<p>"But they also said things picked up again in January."  </p>
<p>Eric Benhamou, in a passing reference at the beginning of the conference, said sales of key products were weaker than expected in the second half of December, analysts said.</p>
<p>The comments stoked concerns that had arisen in recent weeks about 3Com's performance.</p>
<p>"The weak sales are not what you would expect given strong sales of personal computers," said Roxane Googin, an analyst at Gruntal &amp; Co.</p>
<p>3Com's products are used to tie together networks of personal computers to share information.</p>
<p>Following Behamou's remarks, 3Com's stock slid 3-1/2 to 61-1/4 on Nasdaq trading of 20 million shares, making the stock the most active in U.S. markets.</p>
<p>3Com officials could not be reached immediately for comment.</p>
<p>((-- Kourosh Karimkhany, in San Francisco, +1 415 269 6931))</p>
</text>
<copyright>(c) Reuters Limited 1997</copyright>
<metadata>
<codes class="bip:countries:1.0">
  <code code="USA">
    <editdetail action="confirmed" attribution="Reuters BIP Coding Group" date="1997-01-28"/>
  </code>
</codes>
<codes class="bip:industries:1.0">
  <code code="I33020">
    <editdetail action="confirmed" attribution="Reuters BIP Coding Group" date="1997-01-28"/>
  </code>
  <code code="I3302003">
    <editdetail action="confirmed" attribution="Reuters BIP Coding Group" date="1997-01-28"/>
  </code>
</codes>
<codes class="bip:topics:1.0">
  <code code="C31">
    <editdetail action="confirmed" attribution="Reuters BIP Coding Group" date="1997-01-28"/>
  </code>
  <code code="CCAT">
    <editdetail action="confirmed" attribution="Reuters BIP Coding Group" date="1997-01-28"/>
  </code>
</codes>
<dc element="dc.date.created" value="1997-01-28"/>
<dc element="dc.publisher" value="Reuters Holdings Plc"/>
<dc element="dc.date.published" value="1997-01-28"/>
<dc element="dc.source" value="Reuters"/>
<dc element="dc.creator.location" value="NEW YORK"/>
<dc element="dc.creator.location.country.name" value="USA"/>
<dc element="dc.source" value="Reuters"/>
</metadata>
</newsitem>
