<?xml version="1.0" encoding="ISO-8859-1" standalone="no"?>
<newsitem date="1997-01-28" id="root" itemid="338026" xml:lang="en">
<title>USA: NJ Healthcare $61.75 mln revs yld 6.20 pct in 2027.</title>
<headline>NJ Healthcare $61.75 mln revs yld 6.20 pct in 2027.</headline>
<dateline>NEW YORK 1997-01-28</dateline>
<text>
<p>New Jersey Health Care Facilities $61.75 million sale of revenue bonds was tentatively priced at a top yield of 6.20 percent in 2027, Alex. Brown &amp; Son Inc. said.  </p>
<p>PRELIMINARY PRICING SCALE</p>
<p>RE: $61,750,000*</p>
<p>Financing Auth Revenue Bonds</p>
<p>(St Elizabeth Hosp Oblig Group)</p>
<p>Series 1997</p>
<p>--     MOODY'S: Baa2		  S&amp;P: BBB</p>
<p>	DATED: 01/15/1997	  FIRST COUPON: 07/01/1997</p>
<p>	 DUE: 07/01</p>
<p> MATURITY		AMOUNT*    COUPON	   PRICE</p>
<p>07/01/1997		  655M    4.00  %	100.00</p>
<p>07/01/1998		  840M    4.35  %	100.00</p>
<p>07/01/1999		  875M    4.60  %	100.00</p>
<p>07/01/2000		  915M    4.85  %	100.00</p>
<p>07/01/2001		  960M    5.00  %	100.00</p>
<p>07/01/2002		1,010M    5.10  %	  5.20</p>
<p>					   (Approx. $ Price 99.529)</p>
<p>07/01/2003		1,060M    5.20  %	  5.30</p>
<p>					   (Approx. $ Price 99.458)</p>
<p>07/01/2004		1,115M    5.35  %	  5.45</p>
<p>					   (Approx. $ Price 99.392)</p>
<p>07/01/2005		1,175M    5.45  %	  5.55</p>
<p>					   (Approx. $ Price 99.33)</p>
<p>07/01/2006		1,240M    5.55  %	  5.65</p>
<p>					   (Approx. $ Price 99.272)</p>
<p>07/01/2007		1,305M    5.65  %	  5.75</p>
<p>					   (Approx. $ Price 99.219)</p>
<p>07/01/2008		1,380M    5.75  %	  5.85</p>
<p>					   (Approx. $ Price 99.169)</p>
<p>07/01/2009		1,460M    5.85  %	  5.95</p>
<p>					   (Approx. $ Price 99)</p>
<p>07/01/2014		8,710M    6.00  %	  6.10</p>
<p>					   (Approx. $ Price 98.929)</p>
<p>07/01/2020	     14,425M    6.00  %	  6.15</p>
<p>					   (Approx. $ Price 98.144)</p>
<p>07/01/2027	     24,625M    6.00  %	  6.20</p>
<p>					   (Approx. $ Price 97.27)</p>
<p>CALL FEATURES: 07/01/2007    102.00</p>
<p>		   DTP 07/01/2009</p>
<p>The award is expected Wednesday, January 29, 1997.</p>
<p>Delivery is expected on February 12, 1997.</p>
<p>Alex. Brown &amp; Son Incorporated</p>
<p>Siebert, Brandford, Shank &amp; Co.</p>
<p>Bear, Stearns &amp; Co. Inc.</p>
<p>First Albany Corporation</p>
<p>Golden Harris Capital Group</p>
<p>Greenwich Partners, Inc.</p>
<p>William E. Simon &amp; Sons Municipal Securities Inc.</p>
<p>--U.S. Municipal Desk, 212-859-1650</p>
</text>
<copyright>(c) Reuters Limited 1997</copyright>
<metadata>
<codes class="bip:countries:1.0">
  <code code="USA">
    <editdetail action="confirmed" attribution="Reuters BIP Coding Group" date="1997-01-28"/>
  </code>
</codes>
<codes class="bip:topics:1.0">
  <code code="E21">
    <editdetail action="confirmed" attribution="Reuters BIP Coding Group" date="1997-01-28"/>
  </code>
  <code code="E212">
    <editdetail action="confirmed" attribution="Reuters BIP Coding Group" date="1997-01-28"/>
  </code>
  <code code="ECAT">
    <editdetail action="confirmed" attribution="Reuters BIP Coding Group" date="1997-01-28"/>
  </code>
</codes>
<dc element="dc.date.created" value="1997-01-28"/>
<dc element="dc.publisher" value="Reuters Holdings Plc"/>
<dc element="dc.date.published" value="1997-01-28"/>
<dc element="dc.source" value="Reuters"/>
<dc element="dc.creator.location" value="NEW YORK"/>
<dc element="dc.creator.location.country.name" value="USA"/>
<dc element="dc.source" value="Reuters"/>
</metadata>
</newsitem>
