<?xml version="1.0" encoding="ISO-8859-1" standalone="no"?>
<newsitem date="1997-01-28" id="root" itemid="338194" xml:lang="en">
<title>INDIA: INDIAN IPO - Welspun Stahl Rohren Ltd opens Jan 28.</title>
<headline>INDIAN IPO - Welspun Stahl Rohren Ltd opens Jan 28.</headline>
<dateline>BOMBAY 1997-01-28</dateline>
<text>
<p>The following initial public issue (IPO) by India's Welspun Stahl Rohren Ltd opens today for public subscription:</p>
<p>						 -----oOo-----</p>
<p>		  WELSPUN STAHL ROHREN LTD</p>
<p>Issue opens on January 28, 1997</p>
<p>			   No of Shares	 Premium     Aggregate</p>
<p>			   Face value Rs 10   per share   value</p>
<p>			   No.in million	 (Rs)	 Rs million</p>
<p>Present issue		 93.95	     Nil	   939.58</p>
<p>Reserved for firm</p>
<p>allotment to FIs,</p>
<p> Mutual Funds, NRIs etc   23.37	     Nil	   233.70</p>
<p>Reserved for firm</p>
<p>allotment to Promoters</p>
<p> and their associates     35.55	     Nil	   355.57</p>
<p>Offer to Indian Public    25.00	     Nil	   250.00</p>
<p>Post Issue Holding of Promoters 48.00 percent.</p>
<p>Promoted by Welspun group of companies, Welspun Stahl Rohren Ltd (WSRL) is implementing a project to produce large diameter spiral pipes upto 25,000 tpa and longitudinal Submerged Arc Welded pipes upto 175,000 tpa. Involving an outlay of 1,920 million rupees, the project is being financed by a mix of debt and equity. The equity portion of 1,000 million rupees is to be brought in together by the promoters (480 million rupees) and a public issue, while the debt component is 920 million rupees. The project is being set up at Bharuch, Gujarat and is scheduled to be completed by May 1997. The technical collaboration for the project is being provided by Intertec Internationale GMBH which is also contributing an amount of 90 million rupees towards the equity of the company. The company has an export obligation under EPCG scheme to export. To comply with the same, the company plans to export 25 percent of its produce to countries like Brazil, South Africa and West Asia.</p>
<p>The project success hinges on the company's ability to get American Petroleum Institute's accreditation, mandatory for securing government orders.</p>
<p>The financial projections of Welspun Stahl Rohren Ltd for the next two years, as per appraisal of IFCI, are as follows:</p>
<p>				  (Rs. Millions)</p>
<p>			  1997-98     1998-99</p>
<p>Total Income	 3,232.50    3,771.20</p>
<p>Profit after tax     294.50	343.20</p>
<p>Equity Capital     1,000.00    1,000.00</p>
<p>Reserves &amp; Surplus   144.50	337.70</p>
<p>EPS (Rs)		   2.95	  3.43</p>
<p>--</p>
<p>Source/Note - Research supplied by Sebastian Dominic of Resource Base, a New Delhi-based private investment consultancy firm. Tel: 578 0840. This data is for investor information only and does not constitute a recommendation by Reuters.</p>
</text>
<copyright>(c) Reuters Limited 1997</copyright>
<metadata>
<codes class="bip:countries:1.0">
  <code code="INDIA">
    <editdetail action="confirmed" attribution="Reuters BIP Coding Group" date="1997-01-28"/>
  </code>
</codes>
<codes class="bip:industries:1.0">
  <code code="I26000">
    <editdetail action="confirmed" attribution="Reuters BIP Coding Group" date="1997-01-28"/>
  </code>
</codes>
<codes class="bip:topics:1.0">
  <code code="C17">
    <editdetail action="confirmed" attribution="Reuters BIP Coding Group" date="1997-01-28"/>
  </code>
  <code code="C171">
    <editdetail action="confirmed" attribution="Reuters BIP Coding Group" date="1997-01-28"/>
  </code>
  <code code="CCAT">
    <editdetail action="confirmed" attribution="Reuters BIP Coding Group" date="1997-01-28"/>
  </code>
</codes>
<dc element="dc.date.created" value="1997-01-28"/>
<dc element="dc.publisher" value="Reuters Holdings Plc"/>
<dc element="dc.date.published" value="1997-01-28"/>
<dc element="dc.source" value="Reuters"/>
<dc element="dc.creator.location" value="BOMBAY"/>
<dc element="dc.creator.location.country.name" value="INDIA"/>
<dc element="dc.source" value="Reuters"/>
</metadata>
</newsitem>
