<?xml version="1.0" encoding="ISO-8859-1" standalone="no"?>
<newsitem date="1997-01-28" id="root" itemid="336974" xml:lang="en">
<title>SPAIN: SOCCER-SPANISH CUP FOURTH ROUND RESULT.</title>
<headline>SOCCER-SPANISH CUP FOURTH ROUND RESULT.</headline>
<dateline>MADRID 1997-01-28</dateline>
<text>
<p>Result of a Spanish Cup  fourth</p>
<p>round, first leg match played on Tuesday:</p>
<p> Deportivo Coruna   2  Espanyol	  2</p>
<p>Playing Wednesday:</p>
<p> Tenerife	    v  Real Betis</p>
<p> Las Palmas (II)   v  Valencia</p>
<p> Lleida (II)	 v  Celta Vigo</p>
<p> Atletico Madrid   v  Compostela</p>
<p> Rayo Vallecano    v  Extremadura</p>
<p>Racing Santander  v  Athletic Bilbao</p>
<p>Playing Thursday:</p>
<p> Barcelona	   v  Real Madrid</p>
</text>
<copyright>(c) Reuters Limited 1997</copyright>
<metadata>
<codes class="bip:countries:1.0">
  <code code="SPAIN">
    <editdetail action="confirmed" attribution="Reuters BIP Coding Group" date="1997-01-28"/>
  </code>
</codes>
<codes class="bip:topics:1.0">
  <code code="GCAT">
    <editdetail action="confirmed" attribution="Reuters BIP Coding Group" date="1997-01-28"/>
  </code>
  <code code="GSPO">
    <editdetail action="confirmed" attribution="Reuters BIP Coding Group" date="1997-01-28"/>
  </code>
</codes>
<dc element="dc.date.created" value="1997-01-28"/>
<dc element="dc.publisher" value="Reuters Holdings Plc"/>
<dc element="dc.date.published" value="1997-01-28"/>
<dc element="dc.source" value="Reuters"/>
<dc element="dc.creator.location" value="MADRID"/>
<dc element="dc.creator.location.country.name" value="SPAIN"/>
<dc element="dc.source" value="Reuters"/>
</metadata>
</newsitem>
