<?xml version="1.0" encoding="ISO-8859-1" standalone="no"?>
<newsitem date="1997-01-28" id="root" itemid="337006" xml:lang="en">
<title>POLAND: POLISH SPOIF BROKER MULLS DERIVATIVES CLEARING.</title>
<headline>POLISH SPOIF BROKER MULLS DERIVATIVES CLEARING.</headline>
<dateline>WARSAW 1997-01-28</dateline>
<text>
<p>Polish bank-owned System Pozagieldowego Obrotu Instrumentami Finansowymi SA (SPOiF) plans to establish its own clearing house to settle derivative contracts, the company's president said on Tuesday.</p>
<p>Jaroslaw Pachowski told a news conference that the clearing system was a key to SPOiF's plan to expand into a financial futures exchange from being a broker in secondary T-bill and NBP-bill trade.</p>
<p>"We have our own original plan to organise a clearinghouse if there is no central highly capitalised institution at the time we'll be ready to launch derivatives trade," he said.</p>
<p>Pachowski however did not rule out that SPOiF, which started operating as electronic broker on January 23, would cooperate with other institutions interested in organising derivative trade.</p>
<p>Among institutions interested in setting up a clearinghouse for derivatives trade are the National Securities Depository (KDPW) and the Warsaw Commodities Exchange (WBOT).</p>
<p>SPOiF, established in April 1996, has now 16 banks and Polish Banking Association as shareholders and a share capital of 1.625 million zlotys. It recorded a 14-million zloty turnover on Monday after a 30-million zloty trade on Friday.</p>
<p>SPOiF now acts as over-the-counter electronic broker and Lazarowicz did not elaborate whether SPOiF would seek a status of official exchange, approved by the Polish Securities Commission and government.</p>
<p>-- Krzysztof Wojcik +48 22 653 9700</p>
</text>
<copyright>(c) Reuters Limited 1997</copyright>
<metadata>
<codes class="bip:countries:1.0">
  <code code="POL">
    <editdetail action="confirmed" attribution="Reuters BIP Coding Group" date="1997-01-28"/>
  </code>
</codes>
<codes class="bip:industries:1.0">
  <code code="I83100">
    <editdetail action="confirmed" attribution="Reuters BIP Coding Group" date="1997-01-28"/>
  </code>
</codes>
<codes class="bip:topics:1.0">
  <code code="C11">
    <editdetail action="confirmed" attribution="Reuters BIP Coding Group" date="1997-01-28"/>
  </code>
  <code code="CCAT">
    <editdetail action="confirmed" attribution="Reuters BIP Coding Group" date="1997-01-28"/>
  </code>
  <code code="MCAT">
    <editdetail action="confirmed" attribution="Reuters BIP Coding Group" date="1997-01-28"/>
  </code>
</codes>
<dc element="dc.date.created" value="1997-01-28"/>
<dc element="dc.publisher" value="Reuters Holdings Plc"/>
<dc element="dc.date.published" value="1997-01-28"/>
<dc element="dc.source" value="Reuters"/>
<dc element="dc.creator.location" value="WARSAW"/>
<dc element="dc.creator.location.country.name" value="POLAND"/>
<dc element="dc.source" value="Reuters"/>
</metadata>
</newsitem>
