<?xml version="1.0" encoding="ISO-8859-1" standalone="no"?>
<newsitem date="1997-01-28" id="root" itemid="337281" xml:lang="en">
<title>ALBANIA: Albania's first Roman Catholic cardinal dies.</title>
<headline>Albania's first Roman Catholic cardinal dies.</headline>
<dateline>TIRANA 1997-01-28</dateline>
<text>
<p>Cardinal Mikel Koliqi, Albania's first Roman Catholic primate, died on Tuesday aged 94, Albanian television reported.</p>
<p>Koliqi, who was persecuted for his faith under the former hardline communist regime and spent 37 years in jail, died after a long illness, the television said. It gave no further details.</p>
<p>Albania, under the Stalinist rule of late dictator Enver Hoxha, was officially declared an atheist state in 1967. Hundreds of Catholic, Orthodox and Moslem clergy were arrested and jailed or sentenced to hard labour in internal exile.</p>
<p>A reformist communist government lifted the ban on freedom of worship in November 1990. Albania is a predominantly Moslem country, with Greek Orthodox and Roman Catholic communities.</p>
</text>
<copyright>(c) Reuters Limited 1997</copyright>
<metadata>
<codes class="bip:countries:1.0">
  <code code="ALB">
    <editdetail action="confirmed" attribution="Reuters BIP Coding Group" date="1997-01-28"/>
  </code>
</codes>
<codes class="bip:topics:1.0">
  <code code="GCAT">
    <editdetail action="confirmed" attribution="Reuters BIP Coding Group" date="1997-01-28"/>
  </code>
  <code code="GOBIT">
    <editdetail action="confirmed" attribution="Reuters BIP Coding Group" date="1997-01-28"/>
  </code>
  <code code="GPRO">
    <editdetail action="confirmed" attribution="Reuters BIP Coding Group" date="1997-01-28"/>
  </code>
  <code code="GREL">
    <editdetail action="confirmed" attribution="Reuters BIP Coding Group" date="1997-01-28"/>
  </code>
</codes>
<dc element="dc.date.created" value="1997-01-28"/>
<dc element="dc.publisher" value="Reuters Holdings Plc"/>
<dc element="dc.date.published" value="1997-01-28"/>
<dc element="dc.source" value="Reuters"/>
<dc element="dc.creator.location" value="TIRANA"/>
<dc element="dc.creator.location.country.name" value="ALBANIA"/>
<dc element="dc.source" value="Reuters"/>
</metadata>
</newsitem>
