<?xml version="1.0" encoding="ISO-8859-1" standalone="no"?>
<newsitem date="1997-01-28" id="root" itemid="337486" xml:lang="en">
<title>MEXICO: Mexico stocks dragged down by Dow at close.</title>
<headline>Mexico stocks dragged down by Dow at close.</headline>
<dateline>MEXICO CITY 1997-01-28</dateline>
<text>
<p>Mexican shares reversed gains they sustained for most of the session to close down on Tuesday as profit-taking snowballed following a downdraft from Wall Street, analysts and traders said.</p>
<p>"There was profit-taking, and the Dow dragged it down once more at the close. Volume was heavy, foreigners were in the market but trading was mixed," a trader from the Bancomer brokerage said.</p>
<p>The leading IPC share index  ended down 8.41 points, or 0.23 percent, at 3,676.76. Volume  totaled 120.3 million shares, of which one-fifth were due to cross trades.  </p>
<p>The Dow Jones meanwhile closed off 0.07 percent at 6,656.08 points.</p>
<p>"We had a cautious session today, the bourse is very susceptible to international markets right now, especially with U.S. Q4 GDP data and the Federal Open Market Committee meeting coming up," an equity analyst said.</p>
<p>Traders said the market had discounted forecast gains in primary interest rates.</p>
<p>A Reuters survey of money market traders showed an average prediction that bellwether 28-day Cetes (Treasury Certificates) rates would fall 53 basis points to 22.40 percent.  </p>
<p>A total of 110 stocks changed hands, of which 49 declined while 38 advanced. Traders noted the presence of stocks that had lagged the market among the leading gainers and financial groups among the decliners.</p>
<p>Shipping line TMM A shares headed the gainers, up 1.85 pesos to 36.40 pesos. Traders noted the company said it would pay the government $280 million for part of its share in a recently privatized railroad concession.</p>
<p>Financial groups Multivalores and Serfin headed the decliners, down six and 17 centavos, respectively, to 0.59 centavos and 3.12 pesos.  </p>
<p>Traders said banks had declined on uncertainty over the effects of new accountancy criteria on balance sheets, particularly on substantial past-due loans portfolios.</p>
<p>((--Karina Balderas, Mexico City newsroom +525 728-9562))</p>
</text>
<copyright>(c) Reuters Limited 1997</copyright>
<metadata>
<codes class="bip:countries:1.0">
  <code code="MEX">
    <editdetail action="confirmed" attribution="Reuters BIP Coding Group" date="1997-01-28"/>
  </code>
</codes>
<codes class="bip:topics:1.0">
  <code code="M11">
    <editdetail action="confirmed" attribution="Reuters BIP Coding Group" date="1997-01-28"/>
  </code>
  <code code="MCAT">
    <editdetail action="confirmed" attribution="Reuters BIP Coding Group" date="1997-01-28"/>
  </code>
</codes>
<dc element="dc.date.created" value="1997-01-28"/>
<dc element="dc.publisher" value="Reuters Holdings Plc"/>
<dc element="dc.date.published" value="1997-01-28"/>
<dc element="dc.source" value="Reuters"/>
<dc element="dc.creator.location" value="MEXICO CITY"/>
<dc element="dc.creator.location.country.name" value="MEXICO"/>
<dc element="dc.source" value="Reuters"/>
</metadata>
</newsitem>
