<?xml version="1.0" encoding="ISO-8859-1" standalone="no"?>
<newsitem date="1997-01-28" id="root" itemid="337790" xml:lang="en">
<title>USA: CBOT rice closes mixed, commercial buying in March.</title>
<headline>CBOT rice closes mixed, commercial buying in March.</headline>
<dateline>CHICAGO 1997-01-28</dateline>
<text>
<p>CBOT rice futures closed mixed with nearby March higher on steady commercial buying, traders said.</p>
<p>"The prominent feature was Term Commodities buying March throughout the day," a trader said.</p>
<p>Traders said the buying was not heavy but the purchases were steady through the trading session.</p>
<p>New crop months were pressured by hedge selling, they said.</p>
<p>"Selling in the new crop appeared to be farmer hedging," a trader said.</p>
<p>Rice futures volume was estimated by the CBOT at 300 contracts, above the 194 traded Monday.</p>
<p>Rice closed four cents per cwt higher to three lower, with March up four at $11.92.</p>
<p>((Sam Nelson 312-408-8721))</p>
</text>
<copyright>(c) Reuters Limited 1997</copyright>
<metadata>
<codes class="bip:countries:1.0">
  <code code="USA">
    <editdetail action="confirmed" attribution="Reuters BIP Coding Group" date="1997-01-28"/>
  </code>
</codes>
<codes class="bip:topics:1.0">
  <code code="M14">
    <editdetail action="confirmed" attribution="Reuters BIP Coding Group" date="1997-01-28"/>
  </code>
  <code code="M141">
    <editdetail action="confirmed" attribution="Reuters BIP Coding Group" date="1997-01-28"/>
  </code>
  <code code="MCAT">
    <editdetail action="confirmed" attribution="Reuters BIP Coding Group" date="1997-01-28"/>
  </code>
</codes>
<dc element="dc.date.created" value="1997-01-28"/>
<dc element="dc.publisher" value="Reuters Holdings Plc"/>
<dc element="dc.date.published" value="1997-01-28"/>
<dc element="dc.source" value="Reuters"/>
<dc element="dc.creator.location" value="CHICAGO"/>
<dc element="dc.creator.location.country.name" value="USA"/>
<dc element="dc.source" value="Reuters"/>
</metadata>
</newsitem>
