<?xml version="1.0" encoding="ISO-8859-1" standalone="no"?>
<newsitem date="1997-01-28" id="root" itemid="337263" xml:lang="en">
<title>UKRAINE: Ukraine second airline boosts passenger volume.</title>
<headline>Ukraine second airline boosts passenger volume.</headline>
<dateline>KIEV 1997-01-28</dateline>
<text>
<p>Ukraine International Airlines (UIA), the country's second largest carrier, boosted passenger volume to 178,000 in 1996, from 152,000 in 1995, vice president Yuri Miroshnykov said on Tuesday.</p>
<p>He said the airline expected to carry between 180,000 and 200,000 passengers this year. UIA, set up five years ago, carried 114,000 passengers in 1994.</p>
<p>UIA, a joint venture with the Irish aircraft leasing company GPA Group plc, serves 12 destinations, mostly in western Europe, with two leased Boeing 737-200 jets.</p>
<p>Last November Austrian Airlines and Swissair together took an 18.37 percent stake in UIA, investing $9 million. UIA's total share capital is $49 million.</p>
<p>The company made a profit of $1.5 million last year and Miroshnykov said it expected to make no less in 1997.</p>
<p>-- Rostislav Khotin, Kiev newsroom +380 44 229 2264</p>
</text>
<copyright>(c) Reuters Limited 1997</copyright>
<metadata>
<codes class="bip:countries:1.0">
  <code code="UKRN">
    <editdetail action="confirmed" attribution="Reuters BIP Coding Group" date="1997-01-28"/>
  </code>
</codes>
<codes class="bip:industries:1.0">
  <code code="I75000">
    <editdetail action="confirmed" attribution="Reuters BIP Coding Group" date="1997-01-28"/>
  </code>
  <code code="I84804">
    <editdetail action="confirmed" attribution="Reuters BIP Coding Group" date="1997-01-28"/>
  </code>
  <code code="I8480401">
    <editdetail action="confirmed" attribution="Reuters BIP Coding Group" date="1997-01-28"/>
  </code>
</codes>
<codes class="bip:topics:1.0">
  <code code="C31">
    <editdetail action="confirmed" attribution="Reuters BIP Coding Group" date="1997-01-28"/>
  </code>
  <code code="CCAT">
    <editdetail action="confirmed" attribution="Reuters BIP Coding Group" date="1997-01-28"/>
  </code>
</codes>
<dc element="dc.date.created" value="1997-01-28"/>
<dc element="dc.publisher" value="Reuters Holdings Plc"/>
<dc element="dc.date.published" value="1997-01-28"/>
<dc element="dc.source" value="Reuters"/>
<dc element="dc.creator.location" value="KIEV"/>
<dc element="dc.creator.location.country.name" value="UKRAINE"/>
<dc element="dc.source" value="Reuters"/>
</metadata>
</newsitem>
