<?xml version="1.0" encoding="ISO-8859-1" standalone="no"?>
<newsitem date="1997-01-28" id="root" itemid="337966" xml:lang="en">
<title>USA: Labor nominee may have skirted the law, Lott says.</title>
<headline>Labor nominee may have skirted the law, Lott says.</headline>
<dateline>WASHINGTON 1997-01-28</dateline>
<text>
<p>Senate Republican Leader Trent Lott said on Tuesday that Alexis Herman, President Clinton's nominee to be labour secretary, might have come close to violating the law in her work as a White House official.</p>
<p>Lott was commenting on Herman's reported role in arranging private fund-raising meetings between Clinton and Vice President Al Gore and corporate executives.</p>
<p>Congressional Republicans say the nominations of Herman and Transportation Secretary-designate Rodney Slater could be in for a rough time in Senate confirmation hearings because of questions about apparent involvement in political activities.</p>
<p>"This latest information that has come out about arranging for meetings, appointments to the White House ... gets awfully close to the edge of violating the Hatch Act," Lott said, referring to a law barring government officials from partisan activities.</p>
<p>Lott said he did not know if Herman's nomination was in jeopardy and had thought she was a good choice for labour secretary.</p>
<p>"I think we have to take a look at what she did and see if there are any problems," he said. "I hope there are not."</p>
<p>He said Herman's activity "certainly on its face appears bad judgment" and senators had to determine if it was anything more than that.</p>
</text>
<copyright>(c) Reuters Limited 1997</copyright>
<metadata>
<codes class="bip:countries:1.0">
  <code code="USA">
    <editdetail action="confirmed" attribution="Reuters BIP Coding Group" date="1997-01-28"/>
  </code>
</codes>
<codes class="bip:topics:1.0">
  <code code="GCAT">
    <editdetail action="confirmed" attribution="Reuters BIP Coding Group" date="1997-01-28"/>
  </code>
  <code code="GPOL">
    <editdetail action="confirmed" attribution="Reuters BIP Coding Group" date="1997-01-28"/>
  </code>
</codes>
<dc element="dc.date.created" value="1997-01-28"/>
<dc element="dc.publisher" value="Reuters Holdings Plc"/>
<dc element="dc.date.published" value="1997-01-28"/>
<dc element="dc.source" value="Reuters"/>
<dc element="dc.creator.location" value="WASHINGTON"/>
<dc element="dc.creator.location.country.name" value="USA"/>
<dc element="dc.source" value="Reuters"/>
</metadata>
</newsitem>
