<?xml version="1.0" encoding="ISO-8859-1" standalone="no"?>
<newsitem date="1997-01-28" id="root" itemid="337637" xml:lang="en">
<title>HONG KONG: CITIC Pacific to buy CLP stake.</title>
<headline>CITIC Pacific to buy CLP stake.</headline>
<dateline>HONG KONG 1997-01-28</dateline>
<text>
<p>Hong Kong's CITIC Pacific Ltd said on Tuesday it would acquire 497,664,000 new shares in China Light &amp; Power Co Ltd (CLP) at HK$32.66 each, representing a 20 percent stake in CLP's enlarged share capital.  </p>
<p>The issue price represents a discount of about 3.1 percent to CLP's closing price of HK$33.70 per share on Monday.</p>
<p>Trading in both companies was suspended on Tuesday.</p>
<p>CITIC Pacific said the placement would be divided into two tranches. The first comprises 199,065,600 new shares representing 10 percent of CLP's existing share capital and is pursuent to the mandate granted to CLP directors.</p>
<p>The second tranche comprises 298,598,400 new shares and represents 15 percent of the existing share capital of CLP and is dependent on CLP shareholders' approval.</p>
<p>CITIC said the holding is a long-term investment and undertook not to dispose of any of the new CLP shares for at least three years.</p>
<p>CITIC has applied for a resumption in trading of its shares from Wednesday.</p>
<p>CLP was not immediately available for comment.</p>
<p>-- HONG KONG NEWSROOM (852) 2843-6936</p>
</text>
<copyright>(c) Reuters Limited 1997</copyright>
<metadata>
<codes class="bip:countries:1.0">
  <code code="HKONG">
    <editdetail action="confirmed" attribution="Reuters BIP Coding Group" date="1997-01-28"/>
  </code>
</codes>
<codes class="bip:industries:1.0">
  <code code="I16100">
    <editdetail action="confirmed" attribution="Reuters BIP Coding Group" date="1997-01-28"/>
  </code>
  <code code="I81502">
    <editdetail action="confirmed" attribution="Reuters BIP Coding Group" date="1997-01-28"/>
  </code>
</codes>
<codes class="bip:topics:1.0">
  <code code="C18">
    <editdetail action="confirmed" attribution="Reuters BIP Coding Group" date="1997-01-28"/>
  </code>
  <code code="C181">
    <editdetail action="confirmed" attribution="Reuters BIP Coding Group" date="1997-01-28"/>
  </code>
  <code code="CCAT">
    <editdetail action="confirmed" attribution="Reuters BIP Coding Group" date="1997-01-28"/>
  </code>
</codes>
<dc element="dc.date.created" value="1997-01-28"/>
<dc element="dc.publisher" value="Reuters Holdings Plc"/>
<dc element="dc.date.published" value="1997-01-28"/>
<dc element="dc.source" value="Reuters"/>
<dc element="dc.creator.location" value="HONG KONG"/>
<dc element="dc.creator.location.country.name" value="HONG KONG"/>
<dc element="dc.source" value="Reuters"/>
</metadata>
</newsitem>
