<?xml version="1.0" encoding="ISO-8859-1" standalone="no"?>
<newsitem date="1997-01-28" id="root" itemid="337540" xml:lang="en">
<title>MEXICO: Mexico increasing corn output yields - Ag Min.</title>
<headline>Mexico increasing corn output yields - Ag Min.</headline>
<dateline>MEXICO CITY 1997-01-28</dateline>
<text>
<p>Mexican Agriculture Minister Francisco Labastida Ochoa said programs to boost corn yields are working across the country.</p>
<p>In a statement obtained Tuesday, the ministry said Labastida told a farmers' meeting that yields had risen in key states, as a result of the "Kilo for Kilo" scheme that aims to use improved seed types and optimise fertilizer use.</p>
<p>Labastida said yields in the states of Tlaxcala and Puebla had been raised to 4-5 tonnes per hectare from traditional yields of 1.5 tonnes. In Hidalgo state, yields in the last two years have gone up to 10-11 tonnes from 4 tonnes.</p>
<p>--Chris Aspin, Mexico City newsroom (525) 7289530.</p>
<p>E-mail at chris.aspin@reuters.com</p>
</text>
<copyright>(c) Reuters Limited 1997</copyright>
<metadata>
<codes class="bip:countries:1.0">
  <code code="MEX">
    <editdetail action="confirmed" attribution="Reuters BIP Coding Group" date="1997-01-28"/>
  </code>
</codes>
<codes class="bip:industries:1.0">
  <code code="I01001">
    <editdetail action="confirmed" attribution="Reuters BIP Coding Group" date="1997-01-28"/>
  </code>
  <code code="I0100132">
    <editdetail action="confirmed" attribution="Reuters BIP Coding Group" date="1997-01-28"/>
  </code>
</codes>
<codes class="bip:topics:1.0">
  <code code="C21">
    <editdetail action="confirmed" attribution="Reuters BIP Coding Group" date="1997-01-28"/>
  </code>
  <code code="C24">
    <editdetail action="confirmed" attribution="Reuters BIP Coding Group" date="1997-01-28"/>
  </code>
  <code code="CCAT">
    <editdetail action="confirmed" attribution="Reuters BIP Coding Group" date="1997-01-28"/>
  </code>
  <code code="M14">
    <editdetail action="confirmed" attribution="Reuters BIP Coding Group" date="1997-01-28"/>
  </code>
  <code code="M141">
    <editdetail action="confirmed" attribution="Reuters BIP Coding Group" date="1997-01-28"/>
  </code>
  <code code="MCAT">
    <editdetail action="confirmed" attribution="Reuters BIP Coding Group" date="1997-01-28"/>
  </code>
</codes>
<dc element="dc.date.created" value="1997-01-28"/>
<dc element="dc.publisher" value="Reuters Holdings Plc"/>
<dc element="dc.date.published" value="1997-01-28"/>
<dc element="dc.source" value="Reuters"/>
<dc element="dc.creator.location" value="MEXICO CITY"/>
<dc element="dc.creator.location.country.name" value="MEXICO"/>
<dc element="dc.source" value="Reuters"/>
</metadata>
</newsitem>
