<?xml version="1.0" encoding="ISO-8859-1" standalone="no"?>
<newsitem date="1997-01-28" id="root" itemid="337217" xml:lang="en">
<title>MOZAMBIQUE: PRESS DIGEST - Mozambique - Jan 28.</title>
<headline>PRESS DIGEST - Mozambique - Jan 28.</headline>
<dateline>MAPUTO 1997-01-28</dateline>
<text>
<p>These are the leading stories in the Mozambican press on Tuesday.</p>
<p>Reuters has not verified these stories and does not vouch for their accuracy.</p>
<p>- - - -</p>
<p>NOTICIAS</p>
<p>- Flood waters sweeping down the Pungwe river in central Mozambique have forced more than 1,000 families to evacuate their homes and left four people dead when their canoe capsized.</p>
<p>- A round of fresh talks between South Africa and Mozambique are scheduled in February to set a new price for electricity from the Cahora Bassa dam on the Zambezi river.</p>
</text>
<copyright>(c) Reuters Limited 1997</copyright>
<metadata>
<codes class="bip:countries:1.0">
  <code code="MOZAM">
    <editdetail action="confirmed" attribution="Reuters BIP Coding Group" date="1997-01-28"/>
  </code>
</codes>
<codes class="bip:topics:1.0">
  <code code="GCAT">
    <editdetail action="confirmed" attribution="Reuters BIP Coding Group" date="1997-01-28"/>
  </code>
</codes>
<dc element="dc.date.created" value="1997-01-28"/>
<dc element="dc.publisher" value="Reuters Holdings Plc"/>
<dc element="dc.date.published" value="1997-01-28"/>
<dc element="dc.source" value="Reuters"/>
<dc element="dc.creator.location" value="MAPUTO"/>
<dc element="dc.creator.location.country.name" value="MOZAMBIQUE"/>
<dc element="dc.source" value="Reuters"/>
</metadata>
</newsitem>
