<?xml version="1.0" encoding="ISO-8859-1" standalone="no"?>
<newsitem date="1997-01-28" id="root" itemid="337338" xml:lang="en">
<title>YUGOSLAVIA: Belgrade bourse to start trading again, 3 banks list.</title>
<headline>Belgrade bourse to start trading again, 3 banks list.</headline>
<dateline>BELGRADE 1997-01-28</dateline>
<text>
<p>The Belgrade Stock Exchange (BSE) expects three banks to list and start selling their shares on the bourse soon, a BSE official said on Monday.</p>
<p>"Three banks have filed requests to the BSE to list their shares totalling 21 million dinars ($3.89 million) and the listing procedure should be finalised soon," BSE general manager Pava Zecevic told reporters.</p>
<p>Based on the Yugoslav Securities Commission (YSC) approval, Niska banka will place 12 million dinars worth of shares on the BSE, Kulska banka five million and Panonska banka four million dinars of its new stock, Zecevic said.</p>
<p>Vojvodjanska banka will be entrusted with the sale of stock of Niska and Kulska banka, while the largest Yugoslav brokerage Trziste Novca has been selected for Panonska banka.</p>
<p>"This could mark a crucial step in the development of the Yugoslav equities market," BSE spokesman Milko Stimac told Reuters.</p>
<p>"Those shares mean new instruments for the bourse and also a way towards portfolio diversification for local investors," Stimac added.</p>
<p>The BSE has not traded any shares since early 1996. The only two shares listed and traded in 1995 were those of Investbanka and Sintelon. Both shares were withdrawn from the listing late in 1996 after several months of non-trading.</p>
<p>-- Gordana Filipovic, Belgrade newsroom, +381 11 222 4254</p>
</text>
<copyright>(c) Reuters Limited 1997</copyright>
<metadata>
<codes class="bip:countries:1.0">
  <code code="YUG">
    <editdetail action="confirmed" attribution="Reuters BIP Coding Group" date="1997-01-28"/>
  </code>
</codes>
<codes class="bip:industries:1.0">
  <code code="I81402">
    <editdetail action="confirmed" attribution="Reuters BIP Coding Group" date="1997-01-28"/>
  </code>
</codes>
<codes class="bip:topics:1.0">
  <code code="C14">
    <editdetail action="confirmed" attribution="Reuters BIP Coding Group" date="1997-01-28"/>
  </code>
  <code code="C17">
    <editdetail action="confirmed" attribution="Reuters BIP Coding Group" date="1997-01-28"/>
  </code>
  <code code="C171">
    <editdetail action="confirmed" attribution="Reuters BIP Coding Group" date="1997-01-28"/>
  </code>
  <code code="CCAT">
    <editdetail action="confirmed" attribution="Reuters BIP Coding Group" date="1997-01-28"/>
  </code>
  <code code="M11">
    <editdetail action="confirmed" attribution="Reuters BIP Coding Group" date="1997-01-28"/>
  </code>
  <code code="MCAT">
    <editdetail action="confirmed" attribution="Reuters BIP Coding Group" date="1997-01-28"/>
  </code>
</codes>
<dc element="dc.date.created" value="1997-01-28"/>
<dc element="dc.publisher" value="Reuters Holdings Plc"/>
<dc element="dc.date.published" value="1997-01-28"/>
<dc element="dc.source" value="Reuters"/>
<dc element="dc.creator.location" value="BELGRADE"/>
<dc element="dc.creator.location.country.name" value="YUGOSLAVIA"/>
<dc element="dc.source" value="Reuters"/>
</metadata>
</newsitem>
