<?xml version="1.0" encoding="ISO-8859-1" standalone="no"?>
<newsitem date="1997-01-28" id="root" itemid="337761" xml:lang="en">
<title>USA: FREE-TO-TRADE - Missouri Higher Ed, $24.35 mln.</title>
<headline>FREE-TO-TRADE - Missouri Higher Ed, $24.35 mln.</headline>
<text>
<p>MISSOURI HIGHER EDUCATION LOAN AUTHORITY</p>
<p>RE: $24,350,000</p>
<p>STUDENT LOAN REVENUE BONDS</p>
<p>Effective at 10:30 A.M. E.S.T., Tuesday, January 28, 1997</p>
<p>all syndicate terms and price restrictions are removed</p>
<p>and the bonds will be free to trade.</p>
<p>PaineWebber Incorporated</p>
<p>A.G. Edwards &amp; Sons, Inc.</p>
<p>--U.S. Municipal Desk, (212) 859-1650</p>
</text>
<copyright>(c) Reuters Limited 1997</copyright>
<metadata>
<codes class="bip:countries:1.0">
  <code code="USA">
    <editdetail action="confirmed" attribution="Reuters BIP Coding Group" date="1997-01-28"/>
  </code>
</codes>
<codes class="bip:topics:1.0">
  <code code="E21">
    <editdetail action="confirmed" attribution="Reuters BIP Coding Group" date="1997-01-28"/>
  </code>
  <code code="E212">
    <editdetail action="confirmed" attribution="Reuters BIP Coding Group" date="1997-01-28"/>
  </code>
  <code code="ECAT">
    <editdetail action="confirmed" attribution="Reuters BIP Coding Group" date="1997-01-28"/>
  </code>
</codes>
<dc element="dc.publisher" value="Reuters Holdings Plc"/>
<dc element="dc.date.published" value="1997-01-28"/>
<dc element="dc.source" value="Reuters"/>
<dc element="dc.creator.location.country.name" value="USA"/>
<dc element="dc.source" value="Reuters"/>
</metadata>
</newsitem>
