<?xml version="1.0" encoding="ISO-8859-1" standalone="no"?>
<newsitem date="1997-01-28" id="root" itemid="337516" xml:lang="en">
<title>MEXICO: Banco de Mexico assigns all secondary auctions.</title>
<headline>Banco de Mexico assigns all secondary auctions.</headline>
<dateline>MEXICO CITY 1997-01-28</dateline>
<text>
<p>Banco de Mexico assigned all five auctions in which it sought to drain 4.426 billion pesos from the secondary market.</p>
<p>The auctions were assigned as follows:</p>
<p>CREDIT AUCTIONS  TERM     MAX    MIN     AVERAGE  BIDS BIDDERS</p>
<p>  700  million pesos 16 days  23.83  23.82   23.83    3    3</p>
<p>  900  million pesos  9 days  23.69  23.60   23.64    4    4</p>
<p>    1.500  bln pesos  3 days  23.20  23.17   23.18    7    6</p>
<p>  900  million pesos  2 days  22.89  22.89   22.89    1    1</p>
<p>  426  million pesos  1 day   22.75  22.75   22.75    1    1</p>
<p>NOTE - The maximum, minimum and average are percentages.</p>
<p>((- Mexico City newsroom +525 728-9500))</p>
</text>
<copyright>(c) Reuters Limited 1997</copyright>
<metadata>
<codes class="bip:countries:1.0">
  <code code="MEX">
    <editdetail action="confirmed" attribution="Reuters BIP Coding Group" date="1997-01-28"/>
  </code>
</codes>
<codes class="bip:topics:1.0">
  <code code="M13">
    <editdetail action="confirmed" attribution="Reuters BIP Coding Group" date="1997-01-28"/>
  </code>
  <code code="M131">
    <editdetail action="confirmed" attribution="Reuters BIP Coding Group" date="1997-01-28"/>
  </code>
  <code code="MCAT">
    <editdetail action="confirmed" attribution="Reuters BIP Coding Group" date="1997-01-28"/>
  </code>
</codes>
<dc element="dc.date.created" value="1997-01-28"/>
<dc element="dc.publisher" value="Reuters Holdings Plc"/>
<dc element="dc.date.published" value="1997-01-28"/>
<dc element="dc.source" value="Reuters"/>
<dc element="dc.creator.location" value="MEXICO CITY"/>
<dc element="dc.creator.location.country.name" value="MEXICO"/>
<dc element="dc.source" value="Reuters"/>
</metadata>
</newsitem>
