<?xml version="1.0" encoding="ISO-8859-1" standalone="no"?>
<newsitem date="1997-01-28" id="root" itemid="337291" xml:lang="en">
<title>ROMANIA: Britain backs Romania EU bid, slams trade barriers.</title>
<headline>Britain backs Romania EU bid, slams trade barriers.</headline>
<dateline>BUCHAREST 1997-01-28</dateline>
<text>
<p>British Foreign Secretary Malcolm Rifkind said on Tuesday that London supported the opening of European markets for Romania and fellow east European states bidding for EU membership.</p>
<p>"Britain will champion the interests of Romania and other central and east European democracies in improving their ability to export to the European Union," Rifkind told a news conference at the end of a 24-hour visit.</p>
<p>"Too many European Union countries say we must maintain barriers of trade until countries like Romania are members. That is not the British view. We believe that barriers of trade must be removed and...the quicker the better."</p>
<p>Rifkind said Britain was "a very strong believer" in EU enlargement. Romania has an association agreement with the EU and is hoping for full membership around the year 2000.</p>
<p>After talks with President Emil Constantinescu and Prime Minister Victor Ciorbea, he praised the country's peaceful transfer of power after centrists threw ex-communists out of office in elections two months ago.</p>
<p>The new centrist coalition government is seeking financial support for a tough reform package, which underpins loan talks with the IMF, the World Bank, the European Bank for Reconstruction and Development (EBRD) and the EU.</p>
</text>
<copyright>(c) Reuters Limited 1997</copyright>
<metadata>
<codes class="bip:countries:1.0">
  <code code="EEC">
    <editdetail action="confirmed" attribution="Reuters BIP Coding Group" date="1997-01-28"/>
  </code>
  <code code="ROM">
    <editdetail action="confirmed" attribution="Reuters BIP Coding Group" date="1997-01-28"/>
  </code>
  <code code="UK">
    <editdetail action="confirmed" attribution="Reuters BIP Coding Group" date="1997-01-28"/>
  </code>
</codes>
<codes class="bip:topics:1.0">
  <code code="E51">
    <editdetail action="confirmed" attribution="Reuters BIP Coding Group" date="1997-01-28"/>
  </code>
  <code code="E512">
    <editdetail action="confirmed" attribution="Reuters BIP Coding Group" date="1997-01-28"/>
  </code>
  <code code="ECAT">
    <editdetail action="confirmed" attribution="Reuters BIP Coding Group" date="1997-01-28"/>
  </code>
  <code code="G15">
    <editdetail action="confirmed" attribution="Reuters BIP Coding Group" date="1997-01-28"/>
  </code>
  <code code="G151">
    <editdetail action="confirmed" attribution="Reuters BIP Coding Group" date="1997-01-28"/>
  </code>
  <code code="G158">
    <editdetail action="confirmed" attribution="Reuters BIP Coding Group" date="1997-01-28"/>
  </code>
  <code code="GCAT">
    <editdetail action="confirmed" attribution="Reuters BIP Coding Group" date="1997-01-28"/>
  </code>
  <code code="GDIP">
    <editdetail action="confirmed" attribution="Reuters BIP Coding Group" date="1997-01-28"/>
  </code>
</codes>
<dc element="dc.date.created" value="1997-01-28"/>
<dc element="dc.publisher" value="Reuters Holdings Plc"/>
<dc element="dc.date.published" value="1997-01-28"/>
<dc element="dc.source" value="Reuters"/>
<dc element="dc.creator.location" value="BUCHAREST"/>
<dc element="dc.creator.location.country.name" value="ROMANIA"/>
<dc element="dc.source" value="Reuters"/>
</metadata>
</newsitem>
