<?xml version="1.0" encoding="ISO-8859-1" standalone="no"?>
<newsitem date="1997-01-28" id="root" itemid="338018" xml:lang="en">
<title>USA: Little Egg Harbor, N.J., says gets no legal bids.</title>
<headline>Little Egg Harbor, N.J., says gets no legal bids.</headline>
<dateline>NEW YORK 1997-01-28</dateline>
<text>
<p>The Board of Education of the Township of Little Egg Harbor, Ocean County, N.J., did not receive "legally acceptable bids" on a $7.16 million school bond series 1997 sale, said Steven Terhune, school business administrator and board secretary, on Tuesday.</p>
<p>Terhune declined to elaborate. He did tell Reuters in a telephone interview that "it is undecided at this point" whether the bonds would be offered for sale again.</p>
<p>--U.S. Municipal Desk, 212-859-1650</p>
</text>
<copyright>(c) Reuters Limited 1997</copyright>
<metadata>
<codes class="bip:countries:1.0">
  <code code="USA">
    <editdetail action="confirmed" attribution="Reuters BIP Coding Group" date="1997-01-28"/>
  </code>
</codes>
<codes class="bip:topics:1.0">
  <code code="E21">
    <editdetail action="confirmed" attribution="Reuters BIP Coding Group" date="1997-01-28"/>
  </code>
  <code code="E212">
    <editdetail action="confirmed" attribution="Reuters BIP Coding Group" date="1997-01-28"/>
  </code>
  <code code="ECAT">
    <editdetail action="confirmed" attribution="Reuters BIP Coding Group" date="1997-01-28"/>
  </code>
</codes>
<dc element="dc.date.created" value="1997-01-28"/>
<dc element="dc.publisher" value="Reuters Holdings Plc"/>
<dc element="dc.date.published" value="1997-01-28"/>
<dc element="dc.source" value="Reuters"/>
<dc element="dc.creator.location" value="NEW YORK"/>
<dc element="dc.creator.location.country.name" value="USA"/>
<dc element="dc.source" value="Reuters"/>
</metadata>
</newsitem>
