<?xml version="1.0" encoding="ISO-8859-1" standalone="no"?>
<newsitem date="1996-11-26" id="root" itemid="219081" xml:lang="en">
<title>BELGIUM: EU monetary panel meets on EMU budget pact.</title>
<headline>EU monetary panel meets on EMU budget pact.</headline>
<dateline>BRUSSELS 1996-11-26</dateline>
<text>
<p>The European Union's (EU) monetary committee began a meeting on Tuesday to resolve outstanding issues on a budget disciplinary pact for countries joining a common currency.</p>
<p>EU monetary sources said the meeting of treasury and central bank officials is unlikely to make much progress, an impression confirmed by Britain's Chancellor of the Exchequer Kenneth Clarke on Monday.</p>
<p>Clarke told the British parliament that a progress report on the state of negotiations over economic and monetary union (EMU) would likely be put together by finance ministers next week for EU leaders to consider in Dublin on December 13 and 14.</p>
<p>"What I am anticipating as the most likely thing to come from ECOFIN is a report to go ahead to the summit at Dublin on where we are on discussions on all these things (concerning EMU)," Clarke said.</p>
<p>Officials said such a report would highlight not only the progress made but the differences EU governments still have over several important aspects to a budget stability pact.</p>
<p>Lack of an accord has been due largely to German demands for a much tougher pact, one that includes a quantitative definition of the economic circumstances under which a country inside EMU could avoid sanctions.</p>
<p>Under the plan, governments running deficits above three percent of total output could face stiff fines if they failed to curb expenditure.</p>
<p>The results of Tuesday's monetary committee gathering will form the basis for the drafting of a progress report by EU finance ministers on December 2.</p>
</text>
<copyright>(c) Reuters Limited 1996</copyright>
<metadata>
<codes class="bip:countries:1.0">
  <code code="EEC">
    <editdetail action="confirmed" attribution="Reuters BIP Coding Group" date="1996-11-26"/>
  </code>
  <code code="UK">
    <editdetail action="confirmed" attribution="Reuters BIP Coding Group" date="1996-11-26"/>
  </code>
</codes>
<codes class="bip:topics:1.0">
  <code code="E21">
    <editdetail action="confirmed" attribution="Reuters BIP Coding Group" date="1996-11-26"/>
  </code>
  <code code="E211">
    <editdetail action="confirmed" attribution="Reuters BIP Coding Group" date="1996-11-26"/>
  </code>
  <code code="ECAT">
    <editdetail action="confirmed" attribution="Reuters BIP Coding Group" date="1996-11-26"/>
  </code>
  <code code="G15">
    <editdetail action="confirmed" attribution="Reuters BIP Coding Group" date="1996-11-26"/>
  </code>
  <code code="G154">
    <editdetail action="confirmed" attribution="Reuters BIP Coding Group" date="1996-11-26"/>
  </code>
  <code code="GCAT">
    <editdetail action="confirmed" attribution="Reuters BIP Coding Group" date="1996-11-26"/>
  </code>
</codes>
<dc element="dc.date.created" value="1996-11-26"/>
<dc element="dc.publisher" value="Reuters Holdings Plc"/>
<dc element="dc.date.published" value="1996-11-26"/>
<dc element="dc.source" value="Reuters"/>
<dc element="dc.creator.location" value="BRUSSELS"/>
<dc element="dc.creator.location.country.name" value="BELGIUM"/>
<dc element="dc.source" value="Reuters"/>
</metadata>
</newsitem>
