<?xml version="1.0" encoding="ISO-8859-1" standalone="no"?>
<newsitem date="1996-12-20" id="root" itemid="270751" xml:lang="en">
<title>USA: Buyer of 4 GM plants sees staff cuts, profitability.</title>
<headline>Buyer of 4 GM plants sees staff cuts, profitability.</headline>
<byline>Todd Nissen</byline>
<dateline>DETROIT 1996-12-19</dateline>
<text>
<p>Peregrine Inc. may let go up to half of the 5,500 hourly employees at the four former General Motors Corp. component plants it purchased last month, the new company's top executive said Thursday.</p>
<p>Peregrine Chief Executive Officer Edward Gulda, in a briefing with reporters, said workers not needed at Peregrine would be able to transfer back to GM.</p>
<p>People who stay with Peregrine will be paid according to the terms of the new United Auto Worker and Canadian Auto Worker contracts worked out with GM in November and October.</p>
<p>Peregrine was formed by the New York investment firm Joseph Littlejohn &amp; Levy to purchase the four plants from GM's Delphi Automotive Systems unit. Peregrine formally takes over the plants Jan. 1.</p>
<p>The plants, two of them in Michigan and two located in Ontario, make a variety of parts, including window regulators, door hardware, interior trim, structural plastics and metal stampings.</p>
<p>Gulda outlined several steps the new management has mapped out to streamline cost structures and expand the company's operations from the current annual revenue base of about $1 billion. He said three of the four plants are expected to turn a profit in 1997, with the fourth breaking even.</p>
<p>Peregrine, which will be based in Southfield, Mich., will make annual capital investments of at least $20 million a year into the four facilities, he said. Funds will come from cash generated by the operations and initial investor capital.</p>
<p>UAW parts workers earn about $43 an hour, including benefits -- substantially more than non-union companies pay for their workforce. But Gulda said the plants can still be competitive at those wage rates.</p>
<p>"Those people who say they can't be competitive with that just aren't very imaginative," he said. "It isn't a question of what individual people make in the company, it's a question of being worth what you make."</p>
<p>Peregrine expects its overall business to decline over the next two years as a result of past sourcing actions from GM, the company's major customer. But Gulda said future acquisitions, new GM business and internal growth will more than offset that decline.</p>
<p>Three to four years from now, Gulda said he expected Peregrine to generate roughly half of its revenue from non-GM customers as it expands from a regional structure to a global one. He said he would be disappointed if the firm had not doubled its revenues in five years.</p>
<p>Future acquisitions, which could come as soon as early next year, would complement Peregrine's existing business lines, Gulda said. He said the firm may be interested in purchasing other plants from GM's Delphi unit. He also said Peregrine might sell stock to the public, although that is at least two years away.</p>
<p>One of the first facilities to be upgraded will be the door hinge and hardware plant in Flint, Mich., which will receive an immediate overhaul of its stamping operations.</p>
<p>The plant in Livonia, Mich., which makes interior door panels and other trim components, has the most serious structural problems and will require the most significant upgrades, he said.</p>
<p>Gulda said the seat plant in Windsor, Ontario, is an "excellent facility." Key to its future is extending capacity and finding new business as soon as possible, he said.</p>
<p>Peregrine also plans to expand the mold and pain capacity at the faciltiy in Oshawa, Ontario, and improving its cost structure.</p>
</text>
<copyright>(c) Reuters Limited 1996</copyright>
<metadata>
<codes class="bip:countries:1.0">
  <code code="USA">
    <editdetail action="confirmed" attribution="Reuters BIP Coding Group" date="1996-12-20"/>
  </code>
</codes>
<codes class="bip:industries:1.0">
  <code code="I35101">
    <editdetail action="confirmed" attribution="Reuters BIP Coding Group" date="1996-12-20"/>
  </code>
</codes>
<codes class="bip:topics:1.0">
  <code code="C18">
    <editdetail action="confirmed" attribution="Reuters BIP Coding Group" date="1996-12-20"/>
  </code>
  <code code="C182">
    <editdetail action="confirmed" attribution="Reuters BIP Coding Group" date="1996-12-20"/>
  </code>
  <code code="C42">
    <editdetail action="confirmed" attribution="Reuters BIP Coding Group" date="1996-12-20"/>
  </code>
  <code code="CCAT">
    <editdetail action="confirmed" attribution="Reuters BIP Coding Group" date="1996-12-20"/>
  </code>
  <code code="E41">
    <editdetail action="confirmed" attribution="Reuters BIP Coding Group" date="1996-12-20"/>
  </code>
  <code code="ECAT">
    <editdetail action="confirmed" attribution="Reuters BIP Coding Group" date="1996-12-20"/>
  </code>
  <code code="GCAT">
    <editdetail action="confirmed" attribution="Reuters BIP Coding Group" date="1996-12-20"/>
  </code>
  <code code="GJOB">
    <editdetail action="confirmed" attribution="Reuters BIP Coding Group" date="1996-12-20"/>
  </code>
</codes>
<dc element="dc.date.created" value="1996-12-19"/>
<dc element="dc.publisher" value="Reuters Holdings Plc"/>
<dc element="dc.date.published" value="1996-12-20"/>
<dc element="dc.source" value="Reuters"/>
<dc element="dc.creator.location" value="DETROIT"/>
<dc element="dc.creator.location.country.name" value="USA"/>
<dc element="dc.source" value="Reuters"/>
</metadata>
</newsitem>
