<?xml version="1.0" encoding="ISO-8859-1" standalone="no"?>
<newsitem date="1997-01-28" id="root" itemid="337678" xml:lang="en">
<title>HONG KONG: Jardine Intl Motor names Ward as CEO.</title>
<headline>Jardine Intl Motor names Ward as CEO.</headline>
<dateline>HONG KONG 1997-01-28</dateline>
<text>
<p>Jardine International Motor Holdings Ltd said on Tuesday it had appointed Peter Ward as chief executive, effective February 1, succeeding Richard Lee who is approaching retirement age.</p>
<p>The company added that joint managing director Anthony Nightingale would be named chairman on the same date, succeeding Simon Keswick, who will remain a director.  </p>
<p>Ward was chairman and chief executive of Cunard Line Ltd, prior to which he had 30 years experience in the motor industry, Jardine International Motors said in a statement.</p>
<p>Lee will be appointed chairman of Zung Fu, the company's principal subsidiary, and will continue to concentrate on the development of the China and Hong Kong markets, it said.</p>
<p>The appointments are in preparation for the next phase of the company's growth and creates a clear path for management succession, it said.</p>
<p>The company is a member of the Jardine Matheson Holdings Ltd group.</p>
<p>-- Hong Kong Newsroom (852) 2843 6441</p>
</text>
<copyright>(c) Reuters Limited 1997</copyright>
<metadata>
<codes class="bip:countries:1.0">
  <code code="HKONG">
    <editdetail action="confirmed" attribution="Reuters BIP Coding Group" date="1997-01-28"/>
  </code>
</codes>
<codes class="bip:industries:1.0">
  <code code="I65100">
    <editdetail action="confirmed" attribution="Reuters BIP Coding Group" date="1997-01-28"/>
  </code>
  <code code="I83960">
    <editdetail action="confirmed" attribution="Reuters BIP Coding Group" date="1997-01-28"/>
  </code>
</codes>
<codes class="bip:topics:1.0">
  <code code="C41">
    <editdetail action="confirmed" attribution="Reuters BIP Coding Group" date="1997-01-28"/>
  </code>
  <code code="C411">
    <editdetail action="confirmed" attribution="Reuters BIP Coding Group" date="1997-01-28"/>
  </code>
  <code code="CCAT">
    <editdetail action="confirmed" attribution="Reuters BIP Coding Group" date="1997-01-28"/>
  </code>
</codes>
<dc element="dc.date.created" value="1997-01-28"/>
<dc element="dc.publisher" value="Reuters Holdings Plc"/>
<dc element="dc.date.published" value="1997-01-28"/>
<dc element="dc.source" value="Reuters"/>
<dc element="dc.creator.location" value="HONG KONG"/>
<dc element="dc.creator.location.country.name" value="HONG KONG"/>
<dc element="dc.source" value="Reuters"/>
</metadata>
</newsitem>
