<?xml version="1.0" encoding="ISO-8859-1" standalone="no"?>
<newsitem date="1997-01-28" id="root" itemid="337227" xml:lang="en">
<title>SOUTH AFRICA: S.Africans seek amnesty over Biko death --sources.</title>
<headline>S.Africans seek amnesty over Biko death --sources.</headline>
<dateline>PORT ELIZABETH, South Africa 1997-01-28</dateline>
<text>
<p>People involved in the 1977 death of Steve Biko, one of South Africa's most celebrated anti-apartheid activists, have applied for amnesty to the Truth and Reconciliation Commission, a commission source said on Tuesday.</p>
<p>Police beat Biko during interrogation and he died still in custody. The officers involved told an inquest that Biko had fallen and hit his head, but anti-apartheid activists accused them of murder.  </p>
<p>"Amnesty forms have been lodged concerning Biko's death," the source told reporters called to a commission news conference in the town where Biko was detained. "All we've got so far is the forms. Full disclosure will come later."</p>
<p>Lawyer Francois van der Merwe said he would attend the news conference in Port Elizabeth later on Tuesday with members of the truth commission, where more details were expected to be given of the amnesty applications.</p>
<p>"I represent say 10 to 20 people involved in various events...yes, including the Biko incident," van der Merwe said, adding that his clients included former and serving police officers.</p>
<p>Biko's death in Pretoria after a month in police detention was one of the most notorious incidents in apartheid South Africa and hardened foreign opposition to the system of forced racial segregation. He became a martyr for anti-apartheid activists at home and overseas.</p>
</text>
<copyright>(c) Reuters Limited 1997</copyright>
<metadata>
<codes class="bip:countries:1.0">
  <code code="SAFR">
    <editdetail action="confirmed" attribution="Reuters BIP Coding Group" date="1997-01-28"/>
  </code>
</codes>
<codes class="bip:topics:1.0">
  <code code="GCAT">
    <editdetail action="confirmed" attribution="Reuters BIP Coding Group" date="1997-01-28"/>
  </code>
  <code code="GCRIM">
    <editdetail action="confirmed" attribution="Reuters BIP Coding Group" date="1997-01-28"/>
  </code>
  <code code="GPOL">
    <editdetail action="confirmed" attribution="Reuters BIP Coding Group" date="1997-01-28"/>
  </code>
  <code code="GVIO">
    <editdetail action="confirmed" attribution="Reuters BIP Coding Group" date="1997-01-28"/>
  </code>
</codes>
<dc element="dc.date.created" value="1997-01-28"/>
<dc element="dc.publisher" value="Reuters Holdings Plc"/>
<dc element="dc.date.published" value="1997-01-28"/>
<dc element="dc.source" value="Reuters"/>
<dc element="dc.creator.location" value="PORT ELIZABETH, South Africa"/>
<dc element="dc.creator.location.country.name" value="SOUTH AFRICA"/>
<dc element="dc.source" value="Reuters"/>
</metadata>
</newsitem>
