<?xml version="1.0" encoding="ISO-8859-1" standalone="no"?>
<newsitem date="1996-11-26" id="root" itemid="219126" xml:lang="en">
<title>REPUBLIC OF IRELAND: PRESS DIGEST - Ireland - November 26.</title>
<headline>PRESS DIGEST - Ireland - November 26.</headline>
<dateline>DUBLIN 1996-11-26</dateline>
<text>
<p>Following are the highlights of stories reported in the Irish press on Tuesday.</p>
<p>IRISH INDEPENDENT</p>
<p>- A leader of the country's biggest police organisation said on Monday he had "grave doubts" whether Ireland's embattled Justice Minister Nora Owen was up to the job.</p>
<p>- SDLP leader John Hume is reported to have received a reply from British Prime Minister John Major to his suggested terms for a new IRA ceasefire.</p>
<p>- Unionist party leader David Trimble claimed on Monday that speculation about a new IRA ceasefire was "casting a shadow" over the Northern Ireland peace talks.</p>
<p>- Revenue commissioners on Monday announced a new drive against tax evaders.</p>
</text>
<copyright>(c) Reuters Limited 1996</copyright>
<metadata>
<codes class="bip:countries:1.0">
  <code code="IRE">
    <editdetail action="confirmed" attribution="Reuters BIP Coding Group" date="1996-11-26"/>
  </code>
</codes>
<codes class="bip:topics:1.0">
  <code code="GCAT">
    <editdetail action="confirmed" attribution="Reuters BIP Coding Group" date="1996-11-26"/>
  </code>
</codes>
<dc element="dc.date.created" value="1996-11-26"/>
<dc element="dc.publisher" value="Reuters Holdings Plc"/>
<dc element="dc.date.published" value="1996-11-26"/>
<dc element="dc.source" value="Reuters"/>
<dc element="dc.creator.location" value="DUBLIN"/>
<dc element="dc.creator.location.country.name" value="REPUBLIC OF IRELAND"/>
<dc element="dc.source" value="Reuters"/>
</metadata>
</newsitem>
