<?xml version="1.0" encoding="ISO-8859-1" standalone="no"?>
<newsitem date="1997-01-28" id="root" itemid="338060" xml:lang="en">
<title>GERMANY: Berlin plans anti-graffiti and dog mess offensive.</title>
<headline>Berlin plans anti-graffiti and dog mess offensive.</headline>
<dateline>BERLIN 1997-01-28</dateline>
<text>
<p>Graffiti and dog excrement should soon be a thing of the past in Germany's new capital if a clean-up programme launched on Tuesday by the city's environment ministry is sucessful.</p>
<p>The city has allocated 8 million marks ($4.8 million) just to erase graffiti and it also plans to buy special vacuum cleaners to clean up a daily 40 tonnes of dog excrement, Berlin environment minister Peter Strieder told a news conference.</p>
<p>But Strieder said the law would have to be changed to allow the vacuum cleaners to go into action, because cleaning up was currently the responsibility of the dog owner.</p>
</text>
<copyright>(c) Reuters Limited 1997</copyright>
<metadata>
<codes class="bip:countries:1.0">
  <code code="GFR">
    <editdetail action="confirmed" attribution="Reuters BIP Coding Group" date="1997-01-28"/>
  </code>
</codes>
<codes class="bip:topics:1.0">
  <code code="GCAT">
    <editdetail action="confirmed" attribution="Reuters BIP Coding Group" date="1997-01-28"/>
  </code>
  <code code="GENV">
    <editdetail action="confirmed" attribution="Reuters BIP Coding Group" date="1997-01-28"/>
  </code>
</codes>
<dc element="dc.date.created" value="1997-01-28"/>
<dc element="dc.publisher" value="Reuters Holdings Plc"/>
<dc element="dc.date.published" value="1997-01-28"/>
<dc element="dc.source" value="Reuters"/>
<dc element="dc.creator.location" value="BERLIN"/>
<dc element="dc.creator.location.country.name" value="GERMANY"/>
<dc element="dc.source" value="Reuters"/>
</metadata>
</newsitem>
