<?xml version="1.0" encoding="ISO-8859-1" standalone="no"?>
<newsitem date="1997-01-28" id="root" itemid="337057" xml:lang="en">
<title>UK: Britain rejects joint control of Gibraltar.</title>
<headline>Britain rejects joint control of Gibraltar.</headline>
<dateline>LONDON 1997-01-28</dateline>
<text>
<p>Britain has rejected a Spanish proposal to share sovereignty of Gibraltar for the next 100 years and then give control of the colony to Madrid, the Foreign Office said on Tuesday.</p>
<p>Spanish Foreign Minister Abel Matutes presented his British counterpart Malcolm Rifkind with the proposal last week during a visit to Madrid.</p>
<p>"The Spanish foreign minister did raise it informally last week as he had done on previous occasions. The foreign secretary rejected the idea because such a proposal did not have the concern of the people of Gibraltar," a Foreign Office spokeswoman said.</p>
<p>"Our constitutional position on Gibraltar is very clear," she added.</p>
<p>Britain and Spain have wrangled over the sovereignty of the 5.8 square km (2.2 square miles) colony at the tip of the Iberian peninsula for many years.</p>
<p>Britain seized the colony from Spain in 1704. It was ceded by Spain in perpetuity under the 1713 Treaty of Utrecht.</p>
<p>Spain's insistence that it is disputed territory has soured relations between the two countries for decades.</p>
<p>In a referendum in Gibraltar in 1967, 99 percent of the people voted to remain British.</p>
<p>Britain has insisted that the people of Gibraltar must be consulted on any change in the sovereignty of the colony.</p>
</text>
<copyright>(c) Reuters Limited 1997</copyright>
<metadata>
<codes class="bip:countries:1.0">
  <code code="GIB">
    <editdetail action="confirmed" attribution="Reuters BIP Coding Group" date="1997-01-28"/>
  </code>
  <code code="SPAIN">
    <editdetail action="confirmed" attribution="Reuters BIP Coding Group" date="1997-01-28"/>
  </code>
  <code code="UK">
    <editdetail action="confirmed" attribution="Reuters BIP Coding Group" date="1997-01-28"/>
  </code>
</codes>
<codes class="bip:topics:1.0">
  <code code="GCAT">
    <editdetail action="confirmed" attribution="Reuters BIP Coding Group" date="1997-01-28"/>
  </code>
  <code code="GDIP">
    <editdetail action="confirmed" attribution="Reuters BIP Coding Group" date="1997-01-28"/>
  </code>
</codes>
<dc element="dc.date.created" value="1997-01-28"/>
<dc element="dc.publisher" value="Reuters Holdings Plc"/>
<dc element="dc.date.published" value="1997-01-28"/>
<dc element="dc.source" value="Reuters"/>
<dc element="dc.creator.location" value="LONDON"/>
<dc element="dc.creator.location.country.name" value="UK"/>
<dc element="dc.source" value="Reuters"/>
</metadata>
</newsitem>
