<?xml version="1.0" encoding="ISO-8859-1" standalone="no"?>
<newsitem date="1997-01-28" id="root" itemid="337406" xml:lang="en">
<title>RUSSIA: Russian 97 budget may worsen economy-econ minister.</title>
<headline>Russian 97 budget may worsen economy-econ minister.</headline>
<dateline>MOSCOW 1997-01-28</dateline>
<text>
<p>The Russian government has taken on too great a burden in the 1997 budget and this could make the state of the economy worse, Economy Minister Yevgeny Yasin said on Tuesday.</p>
<p>"The budget is overloaded with promises, and is not quite realistic from my point of view," Yasin told a news conference. "Even if it is realistic, it is on the verge of being unfavourable for the development of the economy."</p>
<p>The State Duma lower house of parliament passed the 1997 budget last week and the Federation Council upper house is likely to debate it on February 12.</p>
<p>The budget envisages a deficit of 3.5 percent of gross domestic product, by Russian calculations, on revenues of 434.4 trillion roubles and expenditures of 529.8 trillion roubles.</p>
<p>"We are in an extremely deep budget crisis," Yasin said. "We can improve tax collection and we are doing our best, but it is impossible to collect enough to cover all the state's liabilities."</p>
<p>Russia's domestic debt now amounts to $40 billion, mostly in government securities, he said.</p>
<p>He attributed the debt mainly to last year's presidential election.</p>
<p>Tax revenues fell off during the year because of uncertainty about the outcome of the election, in which President Boris Yeltsin faced a strong challenge from the Communist Party, and the government also made a series of spending promises.</p>
<p>"The Russian economy became the victim of Russian democracy," he said.</p>
<p>Unofficial inter-enterprise debt amount to 522 trillion roubles with wage arrears rising to an average three months by the end of December 1996 from 1.5 months at the start of the year.</p>
<p>Yasin said one of the main problems of the economy was that the government's social spending bill was too high, especially in pensions.</p>
<p>"It is not the problem that our pensions are too high, but that we have too many people who are entitled to them," he said. "We must take measures to raise the amount of pensions, but cut the number of people who have the right to full pensions. It is a strategic decision."</p>
<p>--Julie Tolkacheva, Moscow Newsroom, +7095 941 8520</p>
</text>
<copyright>(c) Reuters Limited 1997</copyright>
<metadata>
<codes class="bip:countries:1.0">
  <code code="RUSS">
    <editdetail action="confirmed" attribution="Reuters BIP Coding Group" date="1997-01-28"/>
  </code>
</codes>
<codes class="bip:topics:1.0">
  <code code="E21">
    <editdetail action="confirmed" attribution="Reuters BIP Coding Group" date="1997-01-28"/>
  </code>
  <code code="E211">
    <editdetail action="confirmed" attribution="Reuters BIP Coding Group" date="1997-01-28"/>
  </code>
  <code code="ECAT">
    <editdetail action="confirmed" attribution="Reuters BIP Coding Group" date="1997-01-28"/>
  </code>
</codes>
<dc element="dc.date.created" value="1997-01-28"/>
<dc element="dc.publisher" value="Reuters Holdings Plc"/>
<dc element="dc.date.published" value="1997-01-28"/>
<dc element="dc.source" value="Reuters"/>
<dc element="dc.creator.location" value="MOSCOW"/>
<dc element="dc.creator.location.country.name" value="RUSSIA"/>
<dc element="dc.source" value="Reuters"/>
</metadata>
</newsitem>
