<?xml version="1.0" encoding="ISO-8859-1" standalone="no"?>
<newsitem date="1997-01-28" id="root" itemid="338219" xml:lang="en">
<title>INDIA: Indian silver closes sharply higher, gold steady.</title>
<headline>Indian silver closes sharply higher, gold steady.</headline>
<dateline>BOMBAY 1997-01-28</dateline>
<text>
<p>Silver prices closed steeply higher on Tuesday on a firm overnight world trend and limited arrivals, dealers said.</p>
<p>"Fresh buying by industrial users pushed the prices further up," said leading dealer Mahavir Shah. Silver was down 10 rupees per kg on Monday.</p>
<p>"Speculators also remained active buyers following a rally in the world market," Shah said. The cost of imported silver is higher than local prices at present," he said.</p>
<p>Gold prices too opened firm but remained steady on limited activity, dealers said.  </p>
<p>Gold biscuits (116.50 grammes each) settled 200 rupees higher at 57,600 rupees. Biscuits were down 300 rupees on Monday.</p>
<p>		  TODAY'S CLOSING (BOMBAY)	  PVS CLOSING</p>
<p>Gold 24 carat     4,930 rupees per 10 gms  (+20)   4,910</p>
<p>Gold 22 carat     4,560			  (+20)   4,540</p>
<p>Silver.999	  7,110 rupees per kg     (+115)   6,995</p>
<p>Silver.916	  7,010			 (+115)   6,895</p>
<p>(Conversion $1=35.86 rupees)</p>
<p>-- Bombay newsroom +91-22 265 9000</p>
</text>
<copyright>(c) Reuters Limited 1997</copyright>
<metadata>
<codes class="bip:countries:1.0">
  <code code="INDIA">
    <editdetail action="confirmed" attribution="Reuters BIP Coding Group" date="1997-01-28"/>
  </code>
</codes>
<codes class="bip:topics:1.0">
  <code code="M14">
    <editdetail action="confirmed" attribution="Reuters BIP Coding Group" date="1997-01-28"/>
  </code>
  <code code="M142">
    <editdetail action="confirmed" attribution="Reuters BIP Coding Group" date="1997-01-28"/>
  </code>
  <code code="MCAT">
    <editdetail action="confirmed" attribution="Reuters BIP Coding Group" date="1997-01-28"/>
  </code>
</codes>
<dc element="dc.date.created" value="1997-01-28"/>
<dc element="dc.publisher" value="Reuters Holdings Plc"/>
<dc element="dc.date.published" value="1997-01-28"/>
<dc element="dc.source" value="Reuters"/>
<dc element="dc.creator.location" value="BOMBAY"/>
<dc element="dc.creator.location.country.name" value="INDIA"/>
<dc element="dc.source" value="Reuters"/>
</metadata>
</newsitem>
