<?xml version="1.0" encoding="ISO-8859-1" standalone="no"?>
<newsitem date="1997-01-28" id="root" itemid="338064" xml:lang="en">
<title>ITALY: Turkey says no territorial claims on Greek land.</title>
<headline>Turkey says no territorial claims on Greek land.</headline>
<byline>Jude Webber</byline>
<dateline>ROME 1997-01-28</dateline>
<text>
<p>Turkish Foreign Minister Tansu Ciller said on Tuesday Ankara had no territorial claims on Greek land and appealed to the international community to help spur talks with Athens to end the "political nonsense".</p>
<p>"We have no territorial claims whatsoever at all," Ciller said on the eve of talks with five European colleagues expected to address the increasing tensions between the NATO allies.</p>
<p>"Whatever disputes we have should be solved on an individual basis with dialogue," Ciller said. "Turkey is large enough. We don't want anything that belongs to Greece at all. We only want what is ours as justified in international terms."</p>
<p>Greece and Turkey almost went to war last year over the sovereignty of a tiny outcrop of Aegean Sea islands and tensions have recently flared again over the divided island of Cyprus, which Turkey invaded in 1974 after a Greek-backed military coup.</p>
<p>"We only want what is ours as is justified in international terms," Ciller told a question-and-answer session at the Italian Institute of International Affairs, speaking in English.</p>
<p>Greek Prime Minister Costas Simitis accused Turkey in a speech to socialist leaders in Rome last week of pursuing "a policy of aggression" in the Aegean against international law.</p>
<p>Greece has asked Turkey to engage in "a step by step approach" to solve their differences, including submitting rival territorial claims to the International Court of Justice.</p>
<p>Athens has said it would be ready to abide by any ruling from the Court of Justice but has slammed what it sees as a lack of will on Turkey's part so far.</p>
<p>Ciller said Greece and Turkey were neighbours with much in common. "It's the political nonsense, in quotation marks, that separates these people," she said.</p>
<p>Tensions between the two have escalated recently over plans by the Greek Cypriot government, the only internationally recognised power on the island, to deploy Russian anti-aircraft missiles in Cyprus.</p>
<p>Turkey, which has a self-declared Turkish Cypriot republic and 30,000 troops in the northern third of the island, responded with threats of military retaliation.</p>
<p>Ciller said Ankara "would never initiate a crisis" and said Turkey was the victim of wider efforts to exclude it from the European Union. Turkey has a customs union but feels its efforts to become a full member of the 15-nation bloc are being held up.</p>
<p>"What we would want you to do is to see this as not just a Turkish-Greek conflict on its own. It's not," she said.</p>
<p>"Greek moderates feel they should sit down and talk with us," she said. "We are ready...So the encouragement should be for dialogue as was the case in Bosnia and in the Middle East."</p>
<p>Wednesday's talks, with foreign ministers from France, Germany, Britain, Spain and Italy, are informal and no European Union decisions can be taken.</p>
</text>
<copyright>(c) Reuters Limited 1997</copyright>
<metadata>
<codes class="bip:countries:1.0">
  <code code="GREECE">
    <editdetail action="confirmed" attribution="Reuters BIP Coding Group" date="1997-01-28"/>
  </code>
  <code code="ITALY">
    <editdetail action="confirmed" attribution="Reuters BIP Coding Group" date="1997-01-28"/>
  </code>
  <code code="NATO">
    <editdetail action="confirmed" attribution="Reuters BIP Coding Group" date="1997-01-28"/>
  </code>
  <code code="TURK">
    <editdetail action="confirmed" attribution="Reuters BIP Coding Group" date="1997-01-28"/>
  </code>
</codes>
<codes class="bip:topics:1.0">
  <code code="GCAT">
    <editdetail action="confirmed" attribution="Reuters BIP Coding Group" date="1997-01-28"/>
  </code>
  <code code="GDIP">
    <editdetail action="confirmed" attribution="Reuters BIP Coding Group" date="1997-01-28"/>
  </code>
</codes>
<dc element="dc.date.created" value="1997-01-28"/>
<dc element="dc.publisher" value="Reuters Holdings Plc"/>
<dc element="dc.date.published" value="1997-01-28"/>
<dc element="dc.source" value="Reuters"/>
<dc element="dc.creator.location" value="ROME"/>
<dc element="dc.creator.location.country.name" value="ITALY"/>
<dc element="dc.source" value="Reuters"/>
</metadata>
</newsitem>
