<?xml version="1.0" encoding="ISO-8859-1" standalone="no"?>
<newsitem date="1997-01-28" id="root" itemid="337556" xml:lang="en">
<title>MEXICO: FORECAST-Cemex 96 EPS seen off.</title>
<headline>FORECAST-Cemex 96 EPS seen off.</headline>
<byline>Daniel Perez-Whitaker</byline>
<dateline>MONTERREY, Mexico 1997-01-28</dateline>
<text>
<p>Cemex earnings per share are expected to fall well short of their 1995 performance when the Mexican cement giant's 1996 results are reported in the first week of March.</p>
<p>A Reuters survey of eight analysts who covered Cemex showed an average EPS forecast of 5.40 pesos for 1996, down from 7.10 pesos in 1995.</p>
<p>Analysts expect the operating margin for all of the Monterrey-based Cemex's units worldwide for the fourth quarter and the year to come in at around 24 percent, which would be up one percentage point from the fourth quarter of 1995 and unchanged for the year as a whole.</p>
<p>Sales volumes in Mexico are expected flat to slightly higher for 1996 versus 1995, with fourth-quarter estimates ranging from 3.41 million to 3.8 million tonnes. Domestic tonneage in the third quarter of 1996 was 3.37 million tonnes.  </p>
<p>Strength in the company is seen in its Mexico operations while doubt clouds some of Cemex's foreign ventures, such as the Colombia unit, which will likely see its margins squeezed because of the consolidation of Cementos Samper. Spanish results also could prove weak.</p>
<p>Cemex, which says it is the world's fourth largest cement company, also has cement assets in Venezuela, the United States, Panama and the Dominican Republic.  </p>
<p>"The earnings report should be fine in Mexico, and I think that the consolidated numbers will be in line with expectations without being extraordinary," said Gordon Lee, an analyst with Deustche Morgan Grenfell in Mexico City.</p>
<p>Analysts anticipate that net profits will appear lackluster because of distortions from the monetary position and foreign exchange losses.</p>
<p>For some, the more telling figure will be the operating margin, which is expected to hold steady even though Cemex reduced prices during the fourth quarter.  </p>
<p>The average realized price per tonne sold in Mexico during the fourth quarter was $73.50 compared to about $79 in the third quarter, according to the survey of analysts.</p>
<p>"The strategy of maintaining competitive prices in Mexico during the second half of 1996 should not affect operating margins in a significant way," said Gerardo Saenz of the OBSA-GSerfin brokerage in Mexico City.</p>
<p>However, Sobani Warner of Bear Stearns in New York said the lower prices raised concerns at one point "but I think that the market has anticipated that and knows that margins for cement companies could come down."  </p>
<p>In any event, Cemex decided to eliminate the discounts effective in first quarter of 1997, raising domestic wholesale prices by 15-20 percent in nominal peso terms.</p>
<p>"Generally speaking, at this time I see that sales volumes in Mexico should be better than they were in the third quarter of 1996 and the fourth quarter of 1995," said Eric Linder of JP Morgan in New York.</p>
<p>More than the price discounts, higher energy costs are seen cutting into profits for the Mexican operation, some analysts said.</p>
<p>Analysts expect a significant increase in the sales volumes of ready-mixed concrete during the fourth quarter, which would signal a recovery in the formal construction sector not seen in the previous quarters.</p>
<p>"I think the market will react very positively to the increase in ready-mixed concrete," said Carmen Slade of Salomon Brothers in New York. "I think that it will be an important focus for 1997."</p>
<p>((--Monterrey bureau (528) 345-7617))</p>
</text>
<copyright>(c) Reuters Limited 1997</copyright>
<metadata>
<codes class="bip:countries:1.0">
  <code code="MEX">
    <editdetail action="confirmed" attribution="Reuters BIP Coding Group" date="1997-01-28"/>
  </code>
</codes>
<codes class="bip:industries:1.0">
  <code code="I24200">
    <editdetail action="confirmed" attribution="Reuters BIP Coding Group" date="1997-01-28"/>
  </code>
</codes>
<codes class="bip:topics:1.0">
  <code code="C15">
    <editdetail action="confirmed" attribution="Reuters BIP Coding Group" date="1997-01-28"/>
  </code>
  <code code="C152">
    <editdetail action="confirmed" attribution="Reuters BIP Coding Group" date="1997-01-28"/>
  </code>
  <code code="CCAT">
    <editdetail action="confirmed" attribution="Reuters BIP Coding Group" date="1997-01-28"/>
  </code>
</codes>
<dc element="dc.date.created" value="1997-01-28"/>
<dc element="dc.publisher" value="Reuters Holdings Plc"/>
<dc element="dc.date.published" value="1997-01-28"/>
<dc element="dc.source" value="Reuters"/>
<dc element="dc.creator.location" value="MONTERREY, Mexico"/>
<dc element="dc.creator.location.country.name" value="MEXICO"/>
<dc element="dc.source" value="Reuters"/>
</metadata>
</newsitem>
