<?xml version="1.0" encoding="ISO-8859-1" standalone="no"?>
<newsitem date="1997-01-28" id="root" itemid="336856" xml:lang="en">
<title>USA: Manhattan Life holders approve split.</title>
<headline>Manhattan Life holders approve split.</headline>
<dateline>NEW YORK 1997-01-28</dateline>
<text>
<p>The Manhattan Life Insurance Co said Tuesday its shareholders had approved a proposal to effect a 303,784-to-one reverse stock split of its guarantee capital shares, par value $2.00 per share.  </p>
<p>As a result of the split, The Union Central Life Insurance Co will be the sole shareholder of Manhattan Life, it said.</p>
<p>The company said it intended to terminate the registration of its guarantee capital shares under the Securities Exchange Act of 1934 and remove its guarantee capital shares from quotation on the Nasdaq National Market System (NASDAQ).</p>
<p>"The company will become a private company with no public trading market for its guarantee capital shares," it said.</p>
<p>Union Central is an Ohio mutual life insurance company.</p>
<p>Manhattan said shareholders attending a January 28 special meeting approved the proposal, whereby each holder that surrenders 303,784 shares and contributes cash in the amount of $227,838 will receive in exchange one new guarantee capital share, par value $835,406 per share.</p>
<p>No fractional new guarantee capital shares will be issued for any resulting fractional new share interest, it said, explaining how shareholders who hold less than 303,784 guarantee capital shares will receive $7.50 for each guarantee capital share in lieu of receiving fractional new guarantee capital shares.</p>
<p>Manhattan Life is a guarantee capital life insurance company.</p>
</text>
<copyright>(c) Reuters Limited 1997</copyright>
<metadata>
<codes class="bip:countries:1.0">
  <code code="USA">
    <editdetail action="confirmed" attribution="Reuters BIP Coding Group" date="1997-01-28"/>
  </code>
</codes>
<codes class="bip:industries:1.0">
  <code code="I82002">
    <editdetail action="confirmed" attribution="Reuters BIP Coding Group" date="1997-01-28"/>
  </code>
</codes>
<codes class="bip:topics:1.0">
  <code code="C15">
    <editdetail action="confirmed" attribution="Reuters BIP Coding Group" date="1997-01-28"/>
  </code>
  <code code="C151">
    <editdetail action="confirmed" attribution="Reuters BIP Coding Group" date="1997-01-28"/>
  </code>
  <code code="C17">
    <editdetail action="confirmed" attribution="Reuters BIP Coding Group" date="1997-01-28"/>
  </code>
  <code code="C171">
    <editdetail action="confirmed" attribution="Reuters BIP Coding Group" date="1997-01-28"/>
  </code>
  <code code="CCAT">
    <editdetail action="confirmed" attribution="Reuters BIP Coding Group" date="1997-01-28"/>
  </code>
</codes>
<dc element="dc.date.created" value="1997-01-28"/>
<dc element="dc.publisher" value="Reuters Holdings Plc"/>
<dc element="dc.date.published" value="1997-01-28"/>
<dc element="dc.source" value="Reuters"/>
<dc element="dc.creator.location" value="NEW YORK"/>
<dc element="dc.creator.location.country.name" value="USA"/>
<dc element="dc.source" value="Reuters"/>
</metadata>
</newsitem>
