<?xml version="1.0" encoding="ISO-8859-1" standalone="no"?>
<newsitem date="1996-11-26" id="root" itemid="219145" xml:lang="en">
<title>GERMANY: Plettac sees 1996 profit of 95-100 mln DM.</title>
<headline>Plettac sees 1996 profit of 95-100 mln DM.</headline>
<dateline>BONN 1996-11-26</dateline>
<text>
<p>German scaffolding maker Plettac AG said on Tuesday that it would post net profits in line with its target this year of 95 million to 100 million marks on turnover of 970 million marks.</p>
<p>The company said in a regulatory news release it had overcome poor business conditions caused by bad weather earlier this year, and all of its business areas would make a positive contribution to profits.</p>
<p>Turnover is expected to rise to 1.06 billion marks next year. Plettac said it would seek to keep a steady return on sales of around 10 percent and maintain an investor-friendly dividend policy.</p>
<p>-- Douglas Busvine, Bonn newsroom, 49-228-26097150</p>
</text>
<copyright>(c) Reuters Limited 1996</copyright>
<metadata>
<codes class="bip:countries:1.0">
  <code code="GFR">
    <editdetail action="confirmed" attribution="Reuters BIP Coding Group" date="1996-11-26"/>
  </code>
</codes>
<codes class="bip:industries:1.0">
  <code code="I32040">
    <editdetail action="confirmed" attribution="Reuters BIP Coding Group" date="1996-11-26"/>
  </code>
</codes>
<codes class="bip:topics:1.0">
  <code code="C15">
    <editdetail action="confirmed" attribution="Reuters BIP Coding Group" date="1996-11-26"/>
  </code>
  <code code="C152">
    <editdetail action="confirmed" attribution="Reuters BIP Coding Group" date="1996-11-26"/>
  </code>
  <code code="CCAT">
    <editdetail action="confirmed" attribution="Reuters BIP Coding Group" date="1996-11-26"/>
  </code>
</codes>
<dc element="dc.date.created" value="1996-11-26"/>
<dc element="dc.publisher" value="Reuters Holdings Plc"/>
<dc element="dc.date.published" value="1996-11-26"/>
<dc element="dc.source" value="Reuters"/>
<dc element="dc.creator.location" value="BONN"/>
<dc element="dc.creator.location.country.name" value="GERMANY"/>
<dc element="dc.source" value="Reuters"/>
</metadata>
</newsitem>
