<?xml version="1.0" encoding="ISO-8859-1" standalone="no"?>
<newsitem date="1997-01-28" id="root" itemid="336659" xml:lang="en">
<title>USA: Tupperware Corp Q4 pro forma net rises.</title>
<headline>Tupperware Corp Q4 pro forma net rises.</headline>
<dateline>ORLANDO, Fla. 1997-01-28</dateline>
<text>
<p>(Dollars in millions, except per share)</p>
<p>					  13 WEEKS ENDED	 REPORTED</p>
<p>					DEC. 28,   DEC. 30,	   %</p>
<p>					    1996	 1995  INC (DEC)</p>
<p> SALES				  $370.7     $386.3	(4.1)</p>
<p>Costs associated with becoming</p>
<p>   an independent company	  (3.3)	  ---	  ---</p>
<p> Net income			     74.4	 74.6	(0.2)</p>
<p> PRO FORMA NET INCOME		 74.4	 72.0	  3.4</p>
<p>Per common and common</p>
<p>equivalent share:</p>
<p>   Pro forma net income	     1.17	 1.14	  2.6</p>
<p>Pro forma net income</p>
<p>excluding costs associated</p>
<p>with becoming an</p>
<p>     independent company	    1.20	 1.14	  5.3</p>
<p>Average number of common and</p>
<p>common equivalent shares</p>
<p>   (millions)			   63.4	 63.1</p>
<p>	     (Dollars in millions, except per share)</p>
<p>					52 WEEKS ENDED	   REPORTED</p>
<p>					DEC. 28,   DEC. 30,	   %</p>
<p>					   1996	  1995  INC (DEC)</p>
<p> SALES				$1,369.3   $1,359.4	  0.7</p>
<p>Costs associated with becoming</p>
<p>   an independent company	  (9.1)	  ---	  ---</p>
<p> Interest (expense) income, net  (8.0)	  1.9	  ---</p>
<p> Net income			    174.7	171.4	  1.9</p>
<p> PRO FORMA NET INCOME		170.4	161.1	  5.8</p>
<p>Pro forma net income excluding</p>
<p>costs associated with</p>
<p>becoming an independent</p>
<p>   company			     176.0	161.1	  9.2</p>
<p>Per common and common</p>
<p>equivalent share:</p>
<p>   Pro forma net income	     2.70	 2.55	  5.9</p>
<p>Pro forma net income</p>
<p>excluding costs associated</p>
<p>with becoming an</p>
<p>     independent company	    2.79	 2.55	  9.4</p>
<p>Average number of common and</p>
<p>common equivalent shares</p>
<p>   (millions)			   63.2	 63.1</p>
<p>NOTE: Tupperware was previously a unit of Premark International Inc</p>
<p>until it was spun off in May 1996.</p>
<p>((-- New York Newsdesk 212 859-1610))</p>
</text>
<copyright>(c) Reuters Limited 1997</copyright>
<metadata>
<codes class="bip:countries:1.0">
  <code code="USA">
    <editdetail action="confirmed" attribution="Reuters BIP Coding Group" date="1997-01-28"/>
  </code>
</codes>
<codes class="bip:industries:1.0">
  <code code="I48300">
    <editdetail action="confirmed" attribution="Reuters BIP Coding Group" date="1997-01-28"/>
  </code>
</codes>
<codes class="bip:topics:1.0">
  <code code="C15">
    <editdetail action="confirmed" attribution="Reuters BIP Coding Group" date="1997-01-28"/>
  </code>
  <code code="C151">
    <editdetail action="confirmed" attribution="Reuters BIP Coding Group" date="1997-01-28"/>
  </code>
  <code code="C1511">
    <editdetail action="confirmed" attribution="Reuters BIP Coding Group" date="1997-01-28"/>
  </code>
  <code code="CCAT">
    <editdetail action="confirmed" attribution="Reuters BIP Coding Group" date="1997-01-28"/>
  </code>
</codes>
<dc element="dc.date.created" value="1997-01-28"/>
<dc element="dc.publisher" value="Reuters Holdings Plc"/>
<dc element="dc.date.published" value="1997-01-28"/>
<dc element="dc.source" value="Reuters"/>
<dc element="dc.creator.location" value="ORLANDO, Fla."/>
<dc element="dc.creator.location.country.name" value="USA"/>
<dc element="dc.source" value="Reuters"/>
</metadata>
</newsitem>
