<?xml version="1.0" encoding="ISO-8859-1" standalone="no"?>
<newsitem date="1997-01-28" id="root" itemid="337011" xml:lang="en">
<title>POLAND: FOREIGN-CHARGED ZLOTY RISES,POLISH C.BANK LOOKS ON.</title>
<headline>FOREIGN-CHARGED ZLOTY RISES,POLISH C.BANK LOOKS ON.</headline>
<dateline>WARSAW 1997-01-28</dateline>
<text>
<p>The zloty returned to the offensive on Tuesday, rising against the basket of currencies amid foreign investor entry in Polish bonds, dealers said.</p>
<p>They said that the Polish market, still shell-shocked from repeated National Bank of Poland currency-buying interventions last week, cautiously inched up during today's session waiting for an intervention which did not materialise.</p>
<p>"The zloty, likely charged by foreign entry into Polish treasuries, gradually strengthened on Tuesday as the central bank refrained from intervening," said Piotr Czyzewski of ING Bank in Warsaw. "But they could intervene at any moment now."  </p>
<p>Dealers said today's zloty rise was additionally fuelled by profit-taking after the U.S. dollar's world gains.</p>
<p>The zloty closed at 2.35/2.28 pct from the parity rate, stronger than Monday's close at 2.07/1.98 percent.</p>
<p>It closed at 3.0121/35 to the dollar, down from 3.0035/55 on Monday and at 1.8220/40 to the mark, up from 1.8340/60.</p>
<p>Analysts said that the central bank's decision to increase obligatory reserves on call deposits, aimed at stifling fast growing credit action, signalled that the bank would likely keep official interest rates flat for some time.  </p>
<p>However, some said that money market rates could rise by as much as one percentage point as liquidity drops before the new higher deposit requirements take effect on February 28.</p>
<p>On Tuesday overnight rates inched up to close at 21.25/21.45 percent versus opening's 21.05/21.17 percent as cash flows tightened for end-of-month reserve squaring.</p>
<p>Tomorrow/next rose to 21.40/21.65 percent from 21.10/21.25.</p>
<p>-- Wojciech Moskwa +48 22 653 9700</p>
</text>
<copyright>(c) Reuters Limited 1997</copyright>
<metadata>
<codes class="bip:countries:1.0">
  <code code="POL">
    <editdetail action="confirmed" attribution="Reuters BIP Coding Group" date="1997-01-28"/>
  </code>
</codes>
<codes class="bip:topics:1.0">
  <code code="M13">
    <editdetail action="confirmed" attribution="Reuters BIP Coding Group" date="1997-01-28"/>
  </code>
  <code code="M132">
    <editdetail action="confirmed" attribution="Reuters BIP Coding Group" date="1997-01-28"/>
  </code>
  <code code="MCAT">
    <editdetail action="confirmed" attribution="Reuters BIP Coding Group" date="1997-01-28"/>
  </code>
</codes>
<dc element="dc.date.created" value="1997-01-28"/>
<dc element="dc.publisher" value="Reuters Holdings Plc"/>
<dc element="dc.date.published" value="1997-01-28"/>
<dc element="dc.source" value="Reuters"/>
<dc element="dc.creator.location" value="WARSAW"/>
<dc element="dc.creator.location.country.name" value="POLAND"/>
<dc element="dc.source" value="Reuters"/>
</metadata>
</newsitem>
