<?xml version="1.0" encoding="ISO-8859-1" standalone="no"?>
<newsitem date="1997-01-28" id="root" itemid="337368" xml:lang="en">
<title>CROATIA: Croatian stocks mixed, blue chips dip.</title>
<headline>Croatian stocks mixed, blue chips dip.</headline>
<dateline>ZAGREB 1997-01-28</dateline>
<text>
<p>Croatian stocks traded mixed in slower trade on Tuesday with food firm Podravka forging ahead.</p>
<p>* Six of 13 active stocks rose, four fell and three ended flat.</p>
<p>* Volume lower at 20,937 units, turnover 7.4 million kuna.</p>
<p>* Podravka was top gainer, rising 57 kuna or 17.92 percent to 375 and the most active issue with 11,303 shares sold.</p>
<p>* Biggest decliner, Zagrebacka Banka's preference E-stock, fell 50 kuna or 5.0 percent to 165 kuna.</p>
<p>* Blue chips drugs firm Pliva and Zagrebacka dipped slightly to close at 500 and 1,850 kuna, respectively.</p>
<p>-- Zagreb Newsroom, 385-1-4557075</p>
</text>
<copyright>(c) Reuters Limited 1997</copyright>
<metadata>
<codes class="bip:countries:1.0">
  <code code="CRTIA">
    <editdetail action="confirmed" attribution="Reuters BIP Coding Group" date="1997-01-28"/>
  </code>
</codes>
<codes class="bip:topics:1.0">
  <code code="M11">
    <editdetail action="confirmed" attribution="Reuters BIP Coding Group" date="1997-01-28"/>
  </code>
  <code code="MCAT">
    <editdetail action="confirmed" attribution="Reuters BIP Coding Group" date="1997-01-28"/>
  </code>
</codes>
<dc element="dc.date.created" value="1997-01-28"/>
<dc element="dc.publisher" value="Reuters Holdings Plc"/>
<dc element="dc.date.published" value="1997-01-28"/>
<dc element="dc.source" value="Reuters"/>
<dc element="dc.creator.location" value="ZAGREB"/>
<dc element="dc.creator.location.country.name" value="CROATIA"/>
<dc element="dc.source" value="Reuters"/>
</metadata>
</newsitem>
