<?xml version="1.0" encoding="ISO-8859-1" standalone="no"?>
<newsitem date="1997-01-28" id="root" itemid="337102" xml:lang="en">
<title>UK: Analysts impressed by Clyde's defence.</title>
<headline>Analysts impressed by Clyde's defence.</headline>
<dateline>LONDON 1997-01-28</dateline>
<text>
<p>Clyde Petroleum Plc on Tuesday added extra fuel to analysts' conviction that the company deserves a higher bid than the 105 pence per share offered by Gulf Canada Resoruces.</p>
<p>The Canadian firm still has to react to Clyde's latest defence document, which said the UK firm's net assets were independently valued at at least 120 pence per share.</p>
<p>"The asset value solidly underpins that 105 is way too low," said a leading analyst, who declined to be named.</p>
<p>Gulf Canada will have to raise its offer substantially to probably over 130 pence to try to convince Clyde's major shareholders to hand over their shares, said Jurjen Lunshof at Credit Lyonnais Laing.</p>
<p>But drastically increasing the bid might make it look unconvinving after Gulf Canada's rubbishing of Clyde's previous defence arguments, Lunshof added.</p>
<p>"Anything in the way of a big increase would make Gulf Canada look odd," said Lunshof.</p>
<p>It was the first time Clyde pointed at its net asset value to try to show that Gulf Canada's offer was too low, having underlined its point earlier by using the cash flow multiple method.</p>
<p>The Canadian firm, which had called its offer "full and generous", has dismissed the cash flow argument, adding net asset value was the approriate method.</p>
<p>Shares in Clyde eased 1-1/2 pence to 117, indicating that investors were biding their time, waiting for Gulf Canada to announce its next move.</p>
<p>"There wasn't perhaps enough in it (the Clyde defence) to make people really excited about the prospects of somebody coming in bidding a lot more," an analyst said.</p>
<p>"The feeling is that for the moment it is probably safer to bet that the only game in town is Gulf Canada," he added.</p>
<p>-- Hans de Jongh, London Newsroom +44 171 542 7717</p>
</text>
<copyright>(c) Reuters Limited 1997</copyright>
<metadata>
<codes class="bip:countries:1.0">
  <code code="CANA">
    <editdetail action="confirmed" attribution="Reuters BIP Coding Group" date="1997-01-28"/>
  </code>
  <code code="UK">
    <editdetail action="confirmed" attribution="Reuters BIP Coding Group" date="1997-01-28"/>
  </code>
</codes>
<codes class="bip:industries:1.0">
  <code code="I13000">
    <editdetail action="confirmed" attribution="Reuters BIP Coding Group" date="1997-01-28"/>
  </code>
  <code code="I1300003">
    <editdetail action="confirmed" attribution="Reuters BIP Coding Group" date="1997-01-28"/>
  </code>
</codes>
<codes class="bip:topics:1.0">
  <code code="C15">
    <editdetail action="confirmed" attribution="Reuters BIP Coding Group" date="1997-01-28"/>
  </code>
  <code code="C152">
    <editdetail action="confirmed" attribution="Reuters BIP Coding Group" date="1997-01-28"/>
  </code>
  <code code="C18">
    <editdetail action="confirmed" attribution="Reuters BIP Coding Group" date="1997-01-28"/>
  </code>
  <code code="C181">
    <editdetail action="confirmed" attribution="Reuters BIP Coding Group" date="1997-01-28"/>
  </code>
  <code code="CCAT">
    <editdetail action="confirmed" attribution="Reuters BIP Coding Group" date="1997-01-28"/>
  </code>
</codes>
<dc element="dc.date.created" value="1997-01-28"/>
<dc element="dc.publisher" value="Reuters Holdings Plc"/>
<dc element="dc.date.published" value="1997-01-28"/>
<dc element="dc.source" value="Reuters"/>
<dc element="dc.creator.location" value="LONDON"/>
<dc element="dc.creator.location.country.name" value="UK"/>
<dc element="dc.source" value="Reuters"/>
</metadata>
</newsitem>
