<?xml version="1.0" encoding="ISO-8859-1" standalone="no"?>
<newsitem date="1997-01-28" id="root" itemid="336628" xml:lang="en">
<title>USA: INTERVIEW - Burr-Brown CFO on Q1 revenues.</title>
<headline>INTERVIEW - Burr-Brown CFO on Q1 revenues.</headline>
<byline>Sue Zeidler</byline>
<dateline>TUCSON, Ariz 1997-01-28</dateline>
<text>
<p>Burr-Brown Corp chief financial officer Scott Blouin said the company's near-term expectation is for revenues in the first quarter to be flat with the company's fourth quarter revenues of $50.5 million.</p>
<p>He said the company anticipates sequential quarterly revenue growth for the remainder of the year.</p>
<p>For the first quarter ended March 30, 1996, Burr-Brown reported net income of $11.6 million or $0.69 per share on revenues of $61.2 million.  </p>
<p>Earlier, Burr-Brown reported fourth quarter net income fell to $0.35 per share or $5.8 million on revenues of $50.5 million from $0.55 a share or $9.4 million on revenues of $69.8 million a year ago.</p>
<p>The maker of electronic components said profitability of its analog and mixed signal business was maintained during the year at the 1995 level of 11 percent despite lower revenue.</p>
<p>Through cost reduction efforts and gains in manufacturing efficiency, the gross margin ratio was improved and sustained at a 50 percent level for the entire year.  </p>
<p>It said several of its products have already resulted in volume orders and will begin to contribute significantly to revenue in 1997.</p>
<p>It also said that an increase in order rates observed at the end of the third quarter continued throughout the fourth quarter, resulting in a book-to-bill ratio that exceeded 1.0.</p>
</text>
<copyright>(c) Reuters Limited 1997</copyright>
<metadata>
<codes class="bip:countries:1.0">
  <code code="USA">
    <editdetail action="confirmed" attribution="Reuters BIP Coding Group" date="1997-01-28"/>
  </code>
</codes>
<codes class="bip:industries:1.0">
  <code code="I34440">
    <editdetail action="confirmed" attribution="Reuters BIP Coding Group" date="1997-01-28"/>
  </code>
</codes>
<codes class="bip:topics:1.0">
  <code code="C15">
    <editdetail action="confirmed" attribution="Reuters BIP Coding Group" date="1997-01-28"/>
  </code>
  <code code="C152">
    <editdetail action="confirmed" attribution="Reuters BIP Coding Group" date="1997-01-28"/>
  </code>
  <code code="CCAT">
    <editdetail action="confirmed" attribution="Reuters BIP Coding Group" date="1997-01-28"/>
  </code>
</codes>
<dc element="dc.date.created" value="1997-01-28"/>
<dc element="dc.publisher" value="Reuters Holdings Plc"/>
<dc element="dc.date.published" value="1997-01-28"/>
<dc element="dc.source" value="Reuters"/>
<dc element="dc.creator.location" value="TUCSON, Ariz"/>
<dc element="dc.creator.location.country.name" value="USA"/>
<dc element="dc.source" value="Reuters"/>
</metadata>
</newsitem>
