<?xml version="1.0" encoding="ISO-8859-1" standalone="no"?>
<newsitem date="1997-01-28" id="root" itemid="338116" xml:lang="en">
<title>SPAIN: Telefonica 1996 net seen up 20.2 percent.</title>
<headline>Telefonica 1996 net seen up 20.2 percent.</headline>
<dateline>MADRID 1997-01-28</dateline>
<text>
<p>Spanish telecommunications group Telefonica de Espana's earnings are expected to have risen 20.2 percent last year, given growth at home and abroad and a less troublesome debt burden, analysts said.</p>
<p>Telefonica, currently in the middle of the sale of the state's remaining 20.9 percent stake, will release highlights from its annual earnings after market close on Wednesday. Complete results will be published on February 28.</p>
<p>Net attributable profits are seen having risen by 20.2 percent to 159.9 million pesetas, as the company announced earlier, analysts said.</p>
<p>Operating income is seen having risen 13 percent to 1.96 billion pesetas while operating margin, which subtracts from costs and amortisation from operating income, is expected to have climbed 7.6 percent to 1.09 billion.</p>
<p>"The results of Telefonica will not offer any great surprise. The company itself said the objective was earning 160 billion pesetas in 1996," an analyst at a Spanish brokerage said.</p>
<p>The profit growth stems from growth both domestically and abroad as well as from a slowing in the rise in operating costs and a steady improvement in the group's finances.</p>
<p>Given debt of some two trillion pesetas, the drop in Spanish interest rates last year relieved pressure on the group. Spain's leading money market rate fell 2.75 percentage points in 1996 and long-term yields also declined sharply.</p>
<p>One of the company's few recent reversals was the steep expenditure made to promote mobile telephones, that apparently did not bring the benefits expected.</p>
<p>"With reference to earnings, it seems that the mobile telephone business contributed less in the final quarter than had been originally expected," an analyst at a independent research institute said.</p>
<p>As a result, Telefonica has already changed its marketing strategy and will no longer be giving away the mobile phone sets, local media said.</p>
<p>Apart from that small faux pas, experts agreed that Telefonica's future continued to be promising.</p>
<p>Its current monopoly in basic telephone services will only slowly be undermined by the arrival of new operator Retevision, while foreign holdings will contribute ever more to earnings.</p>
<p>The independent analyst said he expected group net profit to continue to grow 16.5 percent annually in the next few years.</p>
<p>Telefonica's sale is also going well. According to press reports, the offering is many times oversubscribed.</p>
<p>--Madrid Newsroom +34 1 585 2167</p>
</text>
<copyright>(c) Reuters Limited 1997</copyright>
<metadata>
<codes class="bip:countries:1.0">
  <code code="SPAIN">
    <editdetail action="confirmed" attribution="Reuters BIP Coding Group" date="1997-01-28"/>
  </code>
</codes>
<codes class="bip:industries:1.0">
  <code code="I79020">
    <editdetail action="confirmed" attribution="Reuters BIP Coding Group" date="1997-01-28"/>
  </code>
</codes>
<codes class="bip:topics:1.0">
  <code code="C15">
    <editdetail action="confirmed" attribution="Reuters BIP Coding Group" date="1997-01-28"/>
  </code>
  <code code="C152">
    <editdetail action="confirmed" attribution="Reuters BIP Coding Group" date="1997-01-28"/>
  </code>
  <code code="CCAT">
    <editdetail action="confirmed" attribution="Reuters BIP Coding Group" date="1997-01-28"/>
  </code>
</codes>
<dc element="dc.date.created" value="1997-01-28"/>
<dc element="dc.publisher" value="Reuters Holdings Plc"/>
<dc element="dc.date.published" value="1997-01-28"/>
<dc element="dc.source" value="Reuters"/>
<dc element="dc.creator.location" value="MADRID"/>
<dc element="dc.creator.location.country.name" value="SPAIN"/>
<dc element="dc.source" value="Reuters"/>
</metadata>
</newsitem>
