<?xml version="1.0" encoding="ISO-8859-1" standalone="no"?>
<newsitem date="1997-01-28" id="root" itemid="338265" xml:lang="en">
<title>INDIA: Indian Shipping -- Cochin cargoes - Jan 28.</title>
<headline>Indian Shipping -- Cochin cargoes - Jan 28.</headline>
<dateline>BOMBAY 1997-01-28</dateline>
<text>
<p>Following is the berthing schedule of major vessels loading and unloading at India's Cochin port on January 28:</p>
<p> Commodity	    Tons	    Ship		     Berthing</p>
<p>		     (LDD/ULD)</p>
<p>---------------------------------------------------------------</p>
<p>Crude		63,000 (ULD)     B.R.Ambedkar	   26/01</p>
<p>Naphtha	    15,000 (LDD)     Praja Breeze	   25/01</p>
<p>Motor Spirit     10,000 (LDD)     Singa Wilriver	 27/01</p>
<p>Phosphoric Acid  10,000 (ULD)     Unitank		  23/01</p>
<p>---------------------------------------------------------------</p>
<p>	    Note:</p>
<p>	    LDD - Loading</p>
<p>	    ULD - Unloading</p>
<p>(Source: J.M.Baxi &amp; Co, Cochin)</p>
<p>-- Bombay newsroom +91-22-265 9000</p>
</text>
<copyright>(c) Reuters Limited 1997</copyright>
<metadata>
<codes class="bip:countries:1.0">
  <code code="INDIA">
    <editdetail action="confirmed" attribution="Reuters BIP Coding Group" date="1997-01-28"/>
  </code>
</codes>
<codes class="bip:topics:1.0">
  <code code="M14">
    <editdetail action="confirmed" attribution="Reuters BIP Coding Group" date="1997-01-28"/>
  </code>
  <code code="MCAT">
    <editdetail action="confirmed" attribution="Reuters BIP Coding Group" date="1997-01-28"/>
  </code>
</codes>
<dc element="dc.date.created" value="1997-01-28"/>
<dc element="dc.publisher" value="Reuters Holdings Plc"/>
<dc element="dc.date.published" value="1997-01-28"/>
<dc element="dc.source" value="Reuters"/>
<dc element="dc.creator.location" value="BOMBAY"/>
<dc element="dc.creator.location.country.name" value="INDIA"/>
<dc element="dc.source" value="Reuters"/>
</metadata>
</newsitem>
