<?xml version="1.0" encoding="ISO-8859-1" standalone="no"?>
<newsitem date="1997-01-28" id="root" itemid="336816" xml:lang="en">
<title>USA: HL&amp;P 1,250 MW Texas nuke hits full power.</title>
<headline>HL&amp;P 1,250 MW Texas nuke hits full power.</headline>
<dateline>NEW YORK 1997-01-28</dateline>
<text>
<p>Houston Lighting &amp; Power Co's 1,250 megawatt (MW) South Texas nuclear power unit 1 was operating at full power early Tuesday following a weekend outage, the Nuclear Regulatory Commission said.</p>
<p>The NRC in its daily plant status report Tuesday said the unit was operating at 100 percent of capacity.</p>
<p>South Texas 1, located in Palacios, Texas, was shut down over the weekend for testing, the NRC said.</p>
<p>The adjacent 1,250 MW South Texas unit 2 was also operating at full capacity as of early Tuesday, the NRC said.</p>
<p>HL&amp;P is a subsidiary of Houston Industries Inc.</p>
<p>((--New York Power Desk +1 212 859 1627))</p>
</text>
<copyright>(c) Reuters Limited 1997</copyright>
<metadata>
<codes class="bip:countries:1.0">
  <code code="USA">
    <editdetail action="confirmed" attribution="Reuters BIP Coding Group" date="1997-01-28"/>
  </code>
</codes>
<codes class="bip:industries:1.0">
  <code code="I16100">
    <editdetail action="confirmed" attribution="Reuters BIP Coding Group" date="1997-01-28"/>
  </code>
  <code code="I1610109">
    <editdetail action="confirmed" attribution="Reuters BIP Coding Group" date="1997-01-28"/>
  </code>
</codes>
<codes class="bip:topics:1.0">
  <code code="C24">
    <editdetail action="confirmed" attribution="Reuters BIP Coding Group" date="1997-01-28"/>
  </code>
  <code code="CCAT">
    <editdetail action="confirmed" attribution="Reuters BIP Coding Group" date="1997-01-28"/>
  </code>
</codes>
<dc element="dc.date.created" value="1997-01-28"/>
<dc element="dc.publisher" value="Reuters Holdings Plc"/>
<dc element="dc.date.published" value="1997-01-28"/>
<dc element="dc.source" value="Reuters"/>
<dc element="dc.creator.location" value="NEW YORK"/>
<dc element="dc.creator.location.country.name" value="USA"/>
<dc element="dc.source" value="Reuters"/>
</metadata>
</newsitem>
