<?xml version="1.0" encoding="ISO-8859-1" standalone="no"?>
<newsitem date="1997-01-28" id="root" itemid="336704" xml:lang="en">
<title>USA: EMC sees margin, pricing improvements in Q4.</title>
<headline>EMC sees margin, pricing improvements in Q4.</headline>
<dateline>HOPKINTON, Mass. 1997-01-28</dateline>
<text>
<p>EMC Corp said on Tuesday it experienced significant improvements during the fourth quarter in its gross and operating margins, as pricing pressure continued to moderate.</p>
<p>The company also said that, during the fourth quarter, it extended its worldwide market share gains over International Business Machines Corp in mainframe storage capacity.  </p>
<p>"The fourth quarter of 1996 was by far the most successful quarter in EMC's 17-year history in terms of market and financial performance, with a dramatic upturn in our rate of growth and profitability," Michael Ruettgers, EMC president and chief executive officer said. "The explosive growth of our open storage business was again a major factor."</p>
<p>Ruettgers said revenue from open storage was more than 150 percent higher in the fourth quarter compared with the fourth quarter of 1995, with record demand in both the direct and indirect selling channels.</p>
<p>The company reported fourth quarter earnings of $0.50 per share compared with $0.26 per share in the year-ago quarter.</p>
<p>International sales grew 30 percent sequentially, the company said. It said international sales comprised 44 percent of EMC's total revenues in the fourth quarter.</p>
<p>EMC also said its performance in the quarter was helped by the early availability of its new generation of Symmetrix Integrated Cached Disk Array systems, used for storage.</p>
<p>"We began shipping these new systems in the fourth quarter," Reuttgers said. "Customer response has been tremendous."</p>
<p>((New York newsdesk 212-859-1610))</p>
</text>
<copyright>(c) Reuters Limited 1997</copyright>
<metadata>
<codes class="bip:countries:1.0">
  <code code="USA">
    <editdetail action="confirmed" attribution="Reuters BIP Coding Group" date="1997-01-28"/>
  </code>
</codes>
<codes class="bip:industries:1.0">
  <code code="I33020">
    <editdetail action="confirmed" attribution="Reuters BIP Coding Group" date="1997-01-28"/>
  </code>
  <code code="I3302019">
    <editdetail action="confirmed" attribution="Reuters BIP Coding Group" date="1997-01-28"/>
  </code>
</codes>
<codes class="bip:topics:1.0">
  <code code="C15">
    <editdetail action="confirmed" attribution="Reuters BIP Coding Group" date="1997-01-28"/>
  </code>
  <code code="C152">
    <editdetail action="confirmed" attribution="Reuters BIP Coding Group" date="1997-01-28"/>
  </code>
  <code code="CCAT">
    <editdetail action="confirmed" attribution="Reuters BIP Coding Group" date="1997-01-28"/>
  </code>
</codes>
<dc element="dc.date.created" value="1997-01-28"/>
<dc element="dc.publisher" value="Reuters Holdings Plc"/>
<dc element="dc.date.published" value="1997-01-28"/>
<dc element="dc.source" value="Reuters"/>
<dc element="dc.creator.location" value="HOPKINTON, Mass."/>
<dc element="dc.creator.location.country.name" value="USA"/>
<dc element="dc.source" value="Reuters"/>
</metadata>
</newsitem>
