<?xml version="1.0" encoding="ISO-8859-1" standalone="no"?>
<newsitem date="1996-12-20" id="root" itemid="270805" xml:lang="en">
<title>NETHERLANDS: Ample supply of cocoa keeps lid on physical market.</title>
<headline>Ample supply of cocoa keeps lid on physical market.</headline>
<dateline>AMSTERDAM 1996-12-20</dateline>
<text>
<p>Physical cocoa is being offered into the European market, keeping differentials under pressure but the chocolate industry remains a reluctant buyer and volumes traded are still low, European trade sources said on Friday.</p>
<p>"The sellers are a little long at the moment and the nearby differentials are low but industry is just sitting back and waiting," one trader said.</p>
<p>Traders said nearby Ivorian material was changing hands at 40 to 50 stg below March futures. In London, the benchmark March contract was down at just above 900 stg a tonne on Friday but turnover was light at just 961 lots during the morning session.</p>
<p>"This market is very puzzling. Everybody is talking about a market deficit this year, consumption is looking good but still the price drifts lower," one industry source said.</p>
<p>"As such, the market looks undervalued."</p>
<p>Traders said the ample availability of cocoa, and more importantly the perception of ample availability, was keeping prices under pressure, despite the forecasts of a deficit.</p>
<p>They said chocolate makers were content to take on only limited supplies of cocoa, replacing stocks as they used them and saw no need to hold large inventories. Their cover in general was estimated at between eight and nine months.</p>
<p>The physical trade in Europe has also been hampered by the growth in bulk shipments this year. The two major grinders in Amsterdam expect to bring in a significant percentage of their cocoa in bulk this year straight from origin.</p>
<p>"So much is straight coming into factories in bulk these days that the companies just don't need the physical market like they used to," said another trader.</p>
<p>Around 400,000 tonnes of cocoa is expected to be processed in the Netherlands in the 1996/97 season, up from 385,000 a year earlier with up to 250,000 tonnes arriving in bulk, more than double last year's total.</p>
<p>-- David Evans, Amsterdam Newsroom +31 20 504 500</p>
</text>
<copyright>(c) Reuters Limited 1996</copyright>
<metadata>
<codes class="bip:countries:1.0">
  <code code="NETH">
    <editdetail action="confirmed" attribution="Reuters BIP Coding Group" date="1996-12-20"/>
  </code>
</codes>
<codes class="bip:topics:1.0">
  <code code="M14">
    <editdetail action="confirmed" attribution="Reuters BIP Coding Group" date="1996-12-20"/>
  </code>
  <code code="M141">
    <editdetail action="confirmed" attribution="Reuters BIP Coding Group" date="1996-12-20"/>
  </code>
  <code code="MCAT">
    <editdetail action="confirmed" attribution="Reuters BIP Coding Group" date="1996-12-20"/>
  </code>
</codes>
<dc element="dc.date.created" value="1996-12-20"/>
<dc element="dc.publisher" value="Reuters Holdings Plc"/>
<dc element="dc.date.published" value="1996-12-20"/>
<dc element="dc.source" value="Reuters"/>
<dc element="dc.creator.location" value="AMSTERDAM"/>
<dc element="dc.creator.location.country.name" value="NETHERLANDS"/>
<dc element="dc.source" value="Reuters"/>
</metadata>
</newsitem>
