<?xml version="1.0" encoding="ISO-8859-1" standalone="no"?>
<newsitem date="1997-01-28" id="root" itemid="337897" xml:lang="en">
<title>USA: Exploration delineation well finds natgas.</title>
<headline>Exploration delineation well finds natgas.</headline>
<dateline>SAN ANTONIO 1997-01-28</dateline>
<text>
<p>Exploration Co said Tuesday it has tested natural gas from its Paloma "C" No. 2-108 in the Glen Rose formation in Maverick County, Texas.</p>
<p>The well flowed 340,000 cubic feet per day with production of one barrel of condensate per day and 23 barrels of water per day through perforations from 5,597 to 5,600 feet.</p>
<p>This well is about half a mile west of the Paloma No. 1-107 which had an open flow of 44 million cubic feet per day from a separate reef, said President James E. Sigmon.</p>
<p>About 130 feet of reef was encountered but only the top 10 feet appears to contain natural gas.</p>
<p>"We intend to keep the production rate of this well relatively low in order to reduce the possibility of increasing the water production. Every well drilled in this zone enhances our geologic model giving us more confidence in the outcome of drilling using our 3-D seismic to locate these potentially prolific patch reefs," Sigmon said.</p>
<p>Exploration Co owns a 55 percent working interest in the Paloma "C" No. 2-108 but has at least a 60 percent interest in the remaining 50,000 acres in its leasehold.</p>
<p>Sigmon also said the company plans to begin drilling another test on the Maverick County leasehold in March.</p>
<p>((-- New York Newsdesk 212-859-1610.))</p>
</text>
<copyright>(c) Reuters Limited 1997</copyright>
<metadata>
<codes class="bip:countries:1.0">
  <code code="USA">
    <editdetail action="confirmed" attribution="Reuters BIP Coding Group" date="1997-01-28"/>
  </code>
</codes>
<codes class="bip:industries:1.0">
  <code code="I13000">
    <editdetail action="confirmed" attribution="Reuters BIP Coding Group" date="1997-01-28"/>
  </code>
</codes>
<codes class="bip:topics:1.0">
  <code code="C24">
    <editdetail action="confirmed" attribution="Reuters BIP Coding Group" date="1997-01-28"/>
  </code>
  <code code="CCAT">
    <editdetail action="confirmed" attribution="Reuters BIP Coding Group" date="1997-01-28"/>
  </code>
</codes>
<dc element="dc.date.created" value="1997-01-28"/>
<dc element="dc.publisher" value="Reuters Holdings Plc"/>
<dc element="dc.date.published" value="1997-01-28"/>
<dc element="dc.source" value="Reuters"/>
<dc element="dc.creator.location" value="SAN ANTONIO"/>
<dc element="dc.creator.location.country.name" value="USA"/>
<dc element="dc.source" value="Reuters"/>
</metadata>
</newsitem>
