<?xml version="1.0" encoding="ISO-8859-1" standalone="no"?>
<newsitem date="1997-01-28" id="root" itemid="337073" xml:lang="en">
<title>UK: Northern Ireland police report blast in Belfast.</title>
<headline>Northern Ireland police report blast in Belfast.</headline>
<dateline>BELFAST 1997-01-28</dateline>
<text>
<p>Northern Irish police said they were investigating reports of an explosion on Tuesday in nationalist West Belfast.</p>
<p>"We have first reports of an explosion in the Springfield Road -- Kashmir Road," a police spokesman said. Residents added they heard two large blasts about 20 seconds apart at around 1840 GMT. No other details were available.  </p>
<p>The reported blast coincides with heightened tensions in the British province following a surge in hostilities by members of the Irish Republican Army (IRA) and revenge attacks by their pro-British Loyalist foes.</p>
<p>The IRA abandoned its 17-month ceasefire in a war against British rule last February, citing frustration at being kept out of peace talks.</p>
<p>Britain says the IRA must call a truce before its political wing, Sinn Fein, is given a place in multi-party discussions on the future of the province.</p>
</text>
<copyright>(c) Reuters Limited 1997</copyright>
<metadata>
<codes class="bip:countries:1.0">
  <code code="UK">
    <editdetail action="confirmed" attribution="Reuters BIP Coding Group" date="1997-01-28"/>
  </code>
</codes>
<codes class="bip:topics:1.0">
  <code code="GCAT">
    <editdetail action="confirmed" attribution="Reuters BIP Coding Group" date="1997-01-28"/>
  </code>
  <code code="GVIO">
    <editdetail action="confirmed" attribution="Reuters BIP Coding Group" date="1997-01-28"/>
  </code>
</codes>
<dc element="dc.date.created" value="1997-01-28"/>
<dc element="dc.publisher" value="Reuters Holdings Plc"/>
<dc element="dc.date.published" value="1997-01-28"/>
<dc element="dc.source" value="Reuters"/>
<dc element="dc.creator.location" value="BELFAST"/>
<dc element="dc.creator.location.country.name" value="UK"/>
<dc element="dc.source" value="Reuters"/>
</metadata>
</newsitem>
