<?xml version="1.0" encoding="ISO-8859-1" standalone="no"?>
<newsitem date="1997-01-28" id="root" itemid="337679" xml:lang="en">
<title>JAPAN: Help on the way for those without toilet paper.</title>
<headline>Help on the way for those without toilet paper.</headline>
<dateline>TOKYO 1997-01-28</dateline>
<text>
<p>Ever had one of those moments when you're out camping, in a public toilet or even at home and horror of horrors there's no toilet paper?</p>
<p>Relax, help is on the way in the form of a portable bottom washer that you can slip into a purse or a hip pocket.</p>
<p>Japan's largest battery maker Matsushita Battery Industrial Co Ltd announced on Tuesday that from February 1 it would start sales of a portable bidet-like gadget for those embarrassing moments.</p>
<p>The washer is about the size of an average paperback book and weighs just 275 grams (about 10 ounces), batteries included.</p>
<p>It holds 200 millilitres (7 fluid ounces) of water at a time which is squirted out through a collapsible nozzle. The units, which have adjustable water pressure, cost 11,000 yen ($91) each.</p>
<p>"Apart from uses stemming from hygenic reasons, the washer is useful on camping trips and when changing baby's nappies," a company spokeswoman said.</p>
<p>"More and more Japanese are installing toilets with automatic washing functions in their homes and many want to use them in public lavatories as well," the spokeswoman said.</p>
<p>The firm, which is a subsidiary of household appliance giant Matsushita Electric Industrial Co Ltd, said in a statement that in 1990 only 10 percent of Japanese homes had toilets with washers, but the number was now 25 percent.</p>
<p>"Only five percent of hotels in Japan are equipped with such automatic wash toilets and the demand for portable ones is very large," the spokeswoman added.</p>
<p>It is not the first portable bidet, but Japanese pioneer Toto Ltd's version is  bigger, needs assembling, involves detachable nozzles and is about 50 per cent more expensive. ($1=120 yen)</p>
</text>
<copyright>(c) Reuters Limited 1997</copyright>
<metadata>
<codes class="bip:countries:1.0">
  <code code="JAP">
    <editdetail action="confirmed" attribution="Reuters BIP Coding Group" date="1997-01-28"/>
  </code>
</codes>
<codes class="bip:industries:1.0">
  <code code="I34540">
    <editdetail action="confirmed" attribution="Reuters BIP Coding Group" date="1997-01-28"/>
  </code>
</codes>
<codes class="bip:topics:1.0">
  <code code="C22">
    <editdetail action="confirmed" attribution="Reuters BIP Coding Group" date="1997-01-28"/>
  </code>
  <code code="CCAT">
    <editdetail action="confirmed" attribution="Reuters BIP Coding Group" date="1997-01-28"/>
  </code>
  <code code="GCAT">
    <editdetail action="confirmed" attribution="Reuters BIP Coding Group" date="1997-01-28"/>
  </code>
  <code code="GODD">
    <editdetail action="confirmed" attribution="Reuters BIP Coding Group" date="1997-01-28"/>
  </code>
</codes>
<dc element="dc.date.created" value="1997-01-28"/>
<dc element="dc.publisher" value="Reuters Holdings Plc"/>
<dc element="dc.date.published" value="1997-01-28"/>
<dc element="dc.source" value="Reuters"/>
<dc element="dc.creator.location" value="TOKYO"/>
<dc element="dc.creator.location.country.name" value="JAPAN"/>
<dc element="dc.source" value="Reuters"/>
</metadata>
</newsitem>
