<?xml version="1.0" encoding="ISO-8859-1" standalone="no"?>
<newsitem date="1997-01-28" id="root" itemid="336735" xml:lang="en">
<title>USA: Dow ends slightly lower as rally unravels.</title>
<headline>Dow ends slightly lower as rally unravels.</headline>
<byline>Richard Melville</byline>
<dateline>NEW YORK 1997-01-28</dateline>
<text>
<p>U.S. blue chips ended lower on Tuesday after a wild ride in which a 100-point gain in the Dow Jones Industrial Average unraveled in the last hours of the session.</p>
<p>The late sell-off left the Dow down five points for an unofficial close of 6656. The average has now fallen for five straight sessions, the first time is has done so since last June.</p>
<p>The volatile session mirrored one in the bond market, where a rally also lost steam late in the day.  </p>
<p>Stocks and bonds had surged after the morning release of the closely watched employment cost index (ECI), which showed U.S. labor costs were not rising quite as fast as investors had thought.</p>
<p>"The ECI started the day off well and said there is no current danger of inflation even with the unemployment rate as low as it is," said Stan Shipley, senior strategist at Lehman Brothers.</p>
<p>Later, however, strong retail sales and consumer confidence data led to an erosion of the bond market's advance and triggered profit-taking in stocks.  </p>
<p>"The ECI was a good excuse for a bounce, and there was a lot of short-covering going on early," said Scott Bleier, chief investment strategist at Prime Charter Ltd. "But when people saw the market up 100 points and yields starting to work back up toward seven percent, the bounce got sold."</p>
<p>Analysts said the market's failure to hold its gains indicated further headway was unlikely soon.</p>
<p>"I read it as an indication of subsiding momentum," said Eugene Peroni, chief technical analyst at Janney, Montgomery Scott. "We expect the market will probably show some expansive swings here."  </p>
<p>Some issues were able to sidestep the general retreat. A particularly notable example was International Business Machines Corp, which broke a four-session losing streak by jumping 4-1/4 to 150-3/4.</p>
<p>IBM declared a two-for-one stock split and benefited from a upgrade by Salomon Brothers analyst John Jones, who now rates the company a strong buy.</p>
<p>Drug shares were strong after several companies reported better-than-expected earnings. Merck and Co Inc climbed 2-1/2 to 87, and Eli Lilly and Co, which reported on Monday, gained 1-7/8 to 82-1/4.  </p>
<p>ITT Corp soared 14-1/8 to 56-3/4 in the first trading since the company received a $55-per-share hostile bid from Hilton Hotels Corp. Analysts said Hilton would probably have to raise its offer to complete the deal.</p>
<p>Shares in Hilton rose 2-1/2 to 27-3/4.</p>
<p>Federal National Mortgage Association (Fannie Mae) climbed 1-3/4 to 38-3/4. The company, which is the nation's largest source of funds for home mortgages, said it exceeded all of its housing goals set by regulators in 1996.</p>
<p>The S&amp;P 500 index closed unchanged at 765.02.  </p>
<p>The Nasdaq Composite closed at 1354.37, for a 1.56 point rise. Early in the session, the index reached as high as 1370.</p>
<p>3Com Corp was Nasdaq's most active issue, falling 3-1/2 to 61-1/4 after climbing as high as 68-3/4.</p>
<p>((-- Wall Street desk, 212-859-1730))</p>
</text>
<copyright>(c) Reuters Limited 1997</copyright>
<metadata>
<codes class="bip:countries:1.0">
  <code code="USA">
    <editdetail action="confirmed" attribution="Reuters BIP Coding Group" date="1997-01-28"/>
  </code>
</codes>
<codes class="bip:topics:1.0">
  <code code="M11">
    <editdetail action="confirmed" attribution="Reuters BIP Coding Group" date="1997-01-28"/>
  </code>
  <code code="MCAT">
    <editdetail action="confirmed" attribution="Reuters BIP Coding Group" date="1997-01-28"/>
  </code>
</codes>
<dc element="dc.date.created" value="1997-01-28"/>
<dc element="dc.publisher" value="Reuters Holdings Plc"/>
<dc element="dc.date.published" value="1997-01-28"/>
<dc element="dc.source" value="Reuters"/>
<dc element="dc.creator.location" value="NEW YORK"/>
<dc element="dc.creator.location.country.name" value="USA"/>
<dc element="dc.source" value="Reuters"/>
</metadata>
</newsitem>
