<?xml version="1.0" encoding="ISO-8859-1" standalone="no"?>
<newsitem date="1997-01-28" id="root" itemid="337359" xml:lang="en">
<title>HUNGARY: Gazprom bank unit AEB sees '96,'97 profit.</title>
<headline>Gazprom bank unit AEB sees '96,'97 profit.</headline>
<dateline>BUDAPEST 1997-01-28</dateline>
<text>
<p>Altalanos Ertekforgalmi Bank Rt (AEB), the Hungarian subsidiary of the Russian gas firm RAO Gazprom's banking arm, made a slight profit in 1996 and expects to increase it tenfold in 1997, the bank's chairman said on Tuesday.</p>
<p>"The board of directors has accepted the bank's 1996 preliminary report, under which it made an after-tax profit of 134 million forints compared to a significant loss in 1995," Mikhail Nikolayevich Rakhimulov told a news conference. "In 1997, we expect our profit to be 10 times that much."</p>
<p>In 1995, AEB had a loss accrued to the balance sheet of 635 million forints and assets of 38.0 billion forints. By the end of November, 1996, AEB's assets increased to 60.1 billion, according to a statement.</p>
<p>Gazprombank acquired AEB from Hungary's state privatisation agency APV Rt and from the North American Central European Development Corp last August.</p>
<p>AEB is Gazprombank's only foreign subsidiary and the Russian institution intends to significantly increase the bank's size, making it its base for Central-Eastern Europe, Rakhimulov said.</p>
<p>"Last year, AEB was the 34th biggest commercial bank in Hungary (out of 46)," he said. "By 1998, we hope to make it one of the top five."</p>
<p>As part of the changes, Gazprombank will double AEB's shareholders' equity to 10 billion forints as soon as the Russian central bank approves the deal, and obtain a total of $250 million from loans and from a bond issue, to finance gas-related investments in eastern Europe, he said.</p>
<p>In addition, AEB will open new branches, continue to shed its smaller retail customers and will finance the development of a new gas pipeline to Eastern Europe, Rakhimulov said.</p>
<p>It was announced last year that Gazprom, the Hungarian oil and gas company MOL and their joint venture Panrusgaz were negotiating about the construction of the pipeline, which is expected to supply Hungary, Slovakia, Slovenia and Italy with Russian gas.</p>
<p>-- Blaise Szolgyemy, Budapest newsroom (36 1) 327-4040</p>
</text>
<copyright>(c) Reuters Limited 1997</copyright>
<metadata>
<codes class="bip:countries:1.0">
  <code code="HUNG">
    <editdetail action="confirmed" attribution="Reuters BIP Coding Group" date="1997-01-28"/>
  </code>
  <code code="RUSS">
    <editdetail action="confirmed" attribution="Reuters BIP Coding Group" date="1997-01-28"/>
  </code>
</codes>
<codes class="bip:industries:1.0">
  <code code="I13000">
    <editdetail action="confirmed" attribution="Reuters BIP Coding Group" date="1997-01-28"/>
  </code>
</codes>
<codes class="bip:topics:1.0">
  <code code="C15">
    <editdetail action="confirmed" attribution="Reuters BIP Coding Group" date="1997-01-28"/>
  </code>
  <code code="C151">
    <editdetail action="confirmed" attribution="Reuters BIP Coding Group" date="1997-01-28"/>
  </code>
  <code code="C1511">
    <editdetail action="confirmed" attribution="Reuters BIP Coding Group" date="1997-01-28"/>
  </code>
  <code code="C152">
    <editdetail action="confirmed" attribution="Reuters BIP Coding Group" date="1997-01-28"/>
  </code>
  <code code="CCAT">
    <editdetail action="confirmed" attribution="Reuters BIP Coding Group" date="1997-01-28"/>
  </code>
</codes>
<dc element="dc.date.created" value="1997-01-28"/>
<dc element="dc.publisher" value="Reuters Holdings Plc"/>
<dc element="dc.date.published" value="1997-01-28"/>
<dc element="dc.source" value="Reuters"/>
<dc element="dc.creator.location" value="BUDAPEST"/>
<dc element="dc.creator.location.country.name" value="HUNGARY"/>
<dc element="dc.source" value="Reuters"/>
</metadata>
</newsitem>
