<?xml version="1.0" encoding="ISO-8859-1" standalone="no"?>
<newsitem date="1997-01-28" id="root" itemid="338287" xml:lang="en">
<title>INDIA: Indian Shipping -- Bombay/Kandla cargoes - Jan 28.</title>
<headline>Indian Shipping -- Bombay/Kandla cargoes - Jan 28.</headline>
<dateline>BOMBAY 1997-01-28</dateline>
<text>
<p>Following is Tuesday's berthing schedule of major vessels unloading at Bombay and Kandla ports:</p>
<p>   Commodity	  Tons/TEUs    Port    Ship	     Berthing</p>
<p>---------------------------------------------------------------</p>
<p>   Containers	    1,038/56   ID   Lanka Ruwan	  23/01</p>
<p>   Containers		572/66   ID   Kota Cahaya	  26/01</p>
<p>   Containers	   3,352/260   ID   Orient Shreyas     24/01</p>
<p>   Containers		337/79   ID   Orient Fredom	22/01</p>
<p>   Containers	    1,180/83   ID   Nordkap		22/01</p>
<p>   General		   426/--   ID   Valentin K	   12/01</p>
<p>   Sulphur		    20/--   ID   Laodiki 11	   10/01</p>
<p>   Containers		224/22   ID   Vasily Belokonenko 21/01</p>
<p>   General		   193/--   ID   Hanbonn Brother    17/01</p>
<p>   General		    --/--   ID   Vishva Nandini     26/01</p>
<p>   Rock phosphate	  200/--   ID   Rosaleen	     15/01</p>
<p>   Wood pulp		 196/--   ID   Sea Enterprise     20/01</p>
<p>   General		    --/--   ID   Unisea		 26/01</p>
<p>   Veg.Oil		    --/--   ID   Kapitan Yershov    25/01</p>
<p>   General		   260/--   ID   Floreana	     20/01</p>
<p>   S.Coils &amp; gen.	  795/--   ID   Tropeon		24/01</p>
<p>   Oil cake		  134/--   ID   Zi Yun		 24/01</p>
<p>   General		   276/--   ID   Hijaz		  19/01</p>
<p>   General		    --/--   ID   Arkadiy Gaidar     20/01</p>
<p>   Containers	   5,121/343   ID   Transcord	    26/01</p>
<p>   Containers		194/47   ID   Orient Challenge   26/01</p>
<p>---------------------------------------------------------------</p>
<p>Liquid cargo tankers:</p>
<p>   Butadiene		 2,530    KD   Norgas Transporter OJ-1</p>
<p>   SKO			35,000    KD   Al Deerah	    OJ-111</p>
<p>   HSD			16,000    KD   R.A.Kidwai	   VJ-1</p>
<p>   Butane		    8,762    KD   Maersk Surrey	stream</p>
<p>   SKO			33,370    KD   Al Sabiyah	   stream</p>
<p>   HSD			44,000    KD   Blue River	   stream</p>
<p>   HSD			26,998    KD   Sand Gate	    stream</p>
<p>   HSD			44,000    KD   Sanmar Symphony    stream</p>
<p>   SKO &amp; HSD		20,000    KD   Jag Praja	    stream</p>
<p>   MS			 17,000    KD   Vishva Doot	  stream</p>
<p>   Phos.Acid		20,500    KD   Queen of Quichy    stream</p>
<p>   Butane		   10,000    KD   Nanga Prabat	 stream</p>
<p>   HSD			44,000    KD   Olivia Maersk	stream</p>
<p>   HSD			31,240    KD   Maykop		 stream</p>
<p>   HSD			16,000    KD   Jhulelal	     stream</p>
<p>   HSD			18,000    KD   Nand Hari	    stream</p>
<p>   Chemicals		 6,300    KD   DWL Trader	   27/01</p>
<p>   HSD			44,000    KD   Liepaya		28/01</p>
<p>   Chemicals		 6,500    KD   Oriental Violet    29/01</p>
<p>   Phos.Acid		24,000    KD   NCC Baha	     29/01</p>
<p>---------------------------------------------------------------</p>
<p>Ships awaiting berth:</p>
<p>   Pulses		    6,307    ID   Ashik		  03/01</p>
<p>   Pulses/steel&amp;gen. 3,967/4,000 P&amp;V   Feng De Shan	 19/01</p>
<p>   Sulphur		   6,128    ID   Asha Krupa	   25/01</p>
<p>   Rock phosphate	 13,000    ID   Jordan 11	    26/01</p>
<p>   Lead concentrate	7,340    ID   To Lich		26/01</p>
<p>   Sulphur		   7,708    ID   Salaj		  26/01</p>
<p>----------------------------------------------------------------</p>
<p>Berthing vessels :</p>
<p>   Sulphur		  10,080    ID   Normor Pilot	 13/01</p>
<p>   Sulphur		  11,925    ID   Sea Diamond	  16/01</p>
<p>   Containers		  501    ID   Ibn Abdoun	   24/01</p>
<p>   RBD palmolein	   2,999   P&amp;V   Jurong		 25/01</p>
<p>   Cont./gen.	  280/1,100    ID   Hoegh Dene	   26/01</p>
<p>Lead concentrate/S.Billets/</p>
<p>     gen.	2,375/1,065/500    ID   Siba		   26/01</p>
<p>--------------------------------------------------------------</p>
<p>BPT: Bombay Port Trust</p>
<p>ID:  Bombay Indira Docks, Harbour Wall</p>
<p>P&amp;V: Bombay Princess and Victoria Docks</p>
<p>KD:  Kandla</p>
<p>-- Bombay newsroom +91-22-265 9000</p>
</text>
<copyright>(c) Reuters Limited 1997</copyright>
<metadata>
<codes class="bip:countries:1.0">
  <code code="INDIA">
    <editdetail action="confirmed" attribution="Reuters BIP Coding Group" date="1997-01-28"/>
  </code>
</codes>
<codes class="bip:topics:1.0">
  <code code="M14">
    <editdetail action="confirmed" attribution="Reuters BIP Coding Group" date="1997-01-28"/>
  </code>
  <code code="MCAT">
    <editdetail action="confirmed" attribution="Reuters BIP Coding Group" date="1997-01-28"/>
  </code>
</codes>
<dc element="dc.date.created" value="1997-01-28"/>
<dc element="dc.publisher" value="Reuters Holdings Plc"/>
<dc element="dc.date.published" value="1997-01-28"/>
<dc element="dc.source" value="Reuters"/>
<dc element="dc.creator.location" value="BOMBAY"/>
<dc element="dc.creator.location.country.name" value="INDIA"/>
<dc element="dc.source" value="Reuters"/>
</metadata>
</newsitem>
