<?xml version="1.0" encoding="ISO-8859-1" standalone="no"?>
<newsitem date="1997-01-28" id="root" itemid="337995" xml:lang="en">
<title>USA: Illinois direct hogs up $0.50-1.00 - USDA.</title>
<headline>Illinois direct hogs up $0.50-1.00 - USDA.</headline>
<dateline>SPRINGFIELD 1997-01-28</dateline>
<text>
<p>USDA said early barrows and gilts were $0.50 to $1.00 higher. Demand was moderate. Top $55.00 per cwt.</p>
<p>US 1-2 230-260 lbs. 53.50-55.00</p>
<p>Sows - up $1.00-3.00. Top $55.00.</p>
<p>US 1-3  300-450 lbs. 42.00-46.00</p>
<p>		450-500 lbs. 46.00-49.00</p>
<p>		500-600 lbs. 50.00-53.00</p>
<p>		Few over 600 lbs. 53.00-55.00</p>
</text>
<copyright>(c) Reuters Limited 1997</copyright>
<metadata>
<codes class="bip:countries:1.0">
  <code code="USA">
    <editdetail action="confirmed" attribution="Reuters BIP Coding Group" date="1997-01-28"/>
  </code>
</codes>
<codes class="bip:topics:1.0">
  <code code="M14">
    <editdetail action="confirmed" attribution="Reuters BIP Coding Group" date="1997-01-28"/>
  </code>
  <code code="M141">
    <editdetail action="confirmed" attribution="Reuters BIP Coding Group" date="1997-01-28"/>
  </code>
  <code code="MCAT">
    <editdetail action="confirmed" attribution="Reuters BIP Coding Group" date="1997-01-28"/>
  </code>
</codes>
<dc element="dc.date.created" value="1997-01-28"/>
<dc element="dc.publisher" value="Reuters Holdings Plc"/>
<dc element="dc.date.published" value="1997-01-28"/>
<dc element="dc.source" value="Reuters"/>
<dc element="dc.creator.location" value="SPRINGFIELD"/>
<dc element="dc.creator.location.country.name" value="USA"/>
<dc element="dc.source" value="Reuters"/>
</metadata>
</newsitem>
