<?xml version="1.0" encoding="ISO-8859-1" standalone="no"?>
<newsitem date="1997-01-28" id="root" itemid="337456" xml:lang="en">
<title>COLOMBIA: Rebels, police killed in latest Colombia clashes.</title>
<headline>Rebels, police killed in latest Colombia clashes.</headline>
<dateline>BOGOTA 1997-01-28</dateline>
<text>
<p>About 150 leftist guerrillas overran a town in a remote region of western Colombia on Tuesday, killing six policemen and taking three medical workers prisoner, a police spokesman said.</p>
<p>He said the pre-dawn raid against the remote town of Babado in western Choco province was carried out by the National Liberation Army (ELN), a Cuban-inspired force set up by radical Roman Catholilc priests in the mid-1960s.</p>
<p>The rebels cut all power and phone wires before storming the town and attacking the police post. They captured a doctor and two nurses before melting back into the surrounding jungle.</p>
<p>In a separate clash in northern Cesar province on Tuesday, the army killed three ELN rebels near the village of Jagua de Ibirico during a routine counter-insurgency patrol, a military spokesman said.</p>
<p>The military on Monday said it would create new anti-guerrilla units and recruit about 3,500 new combat troops as part of an emergency defence plan to crush the rebel insurgency.</p>
<p>The attack on Bagado is the third major guerrilla action in Choco province in three weeks.  ELN rebels attacked the town of Riosucio in the northern part of the province on Jan. 10, killing one policeman, and a week later the Revolutionary Armed Forces of Colombia (FARC) ambushed a convoy of marines, killing four and taking 10 prisoner.</p>
</text>
<copyright>(c) Reuters Limited 1997</copyright>
<metadata>
<codes class="bip:countries:1.0">
  <code code="COL">
    <editdetail action="confirmed" attribution="Reuters BIP Coding Group" date="1997-01-28"/>
  </code>
</codes>
<codes class="bip:topics:1.0">
  <code code="GCAT">
    <editdetail action="confirmed" attribution="Reuters BIP Coding Group" date="1997-01-28"/>
  </code>
  <code code="GVIO">
    <editdetail action="confirmed" attribution="Reuters BIP Coding Group" date="1997-01-28"/>
  </code>
</codes>
<dc element="dc.date.created" value="1997-01-28"/>
<dc element="dc.publisher" value="Reuters Holdings Plc"/>
<dc element="dc.date.published" value="1997-01-28"/>
<dc element="dc.source" value="Reuters"/>
<dc element="dc.creator.location" value="BOGOTA"/>
<dc element="dc.creator.location.country.name" value="COLOMBIA"/>
<dc element="dc.source" value="Reuters"/>
</metadata>
</newsitem>
