<?xml version="1.0" encoding="ISO-8859-1" standalone="no"?>
<newsitem date="1997-01-28" id="root" itemid="337413" xml:lang="en">
<title>SLOVAKIA: Slovak government replaces deputy finance minister.</title>
<headline>Slovak government replaces deputy finance minister.</headline>
<dateline>BRATISLAVA 1997-01-28</dateline>
<text>
<p>The Slovak government said on Tuesday it had replaced Deputy Finance Minister Jozef Magula, a sharp critic of recent changes to the securities law, with an economic advisor of Prime Minister Vladimir Meciar.</p>
<p>A government statement said Magula will be replaced by Peter Stanek. It gave no further details.</p>
<p>"I offered my resignation at the end of last year, mainly due to my opposition to some of the latest changes on the capital market," Magula told Reuters.</p>
<p>Magula criticised the amendment to the securities law, approved by parliament in December, saying it harmed transparency on the country's capital market.</p>
<p>The new law forces trading of registered shares onto accredited bourses.</p>
<p>But the law, which had been sent back to parliament by President Michal Kovac for revision, omitted a controversial clause which would have allowed major shareholders to arbitrarily cancel trade in an issue.</p>
<p>In addition to barring trading outside officially registered markets, the new law also forbids changes of registered shares into bearer shares, which was permitted under the previous law.</p>
<p>-- Peter Javurek, Bratislava Newsroom, 42-7-563-3687</p>
</text>
<copyright>(c) Reuters Limited 1997</copyright>
<metadata>
<codes class="bip:countries:1.0">
  <code code="SLVAK">
    <editdetail action="confirmed" attribution="Reuters BIP Coding Group" date="1997-01-28"/>
  </code>
</codes>
<codes class="bip:topics:1.0">
  <code code="GCAT">
    <editdetail action="confirmed" attribution="Reuters BIP Coding Group" date="1997-01-28"/>
  </code>
  <code code="GPOL">
    <editdetail action="confirmed" attribution="Reuters BIP Coding Group" date="1997-01-28"/>
  </code>
</codes>
<dc element="dc.date.created" value="1997-01-28"/>
<dc element="dc.publisher" value="Reuters Holdings Plc"/>
<dc element="dc.date.published" value="1997-01-28"/>
<dc element="dc.source" value="Reuters"/>
<dc element="dc.creator.location" value="BRATISLAVA"/>
<dc element="dc.creator.location.country.name" value="SLOVAKIA"/>
<dc element="dc.source" value="Reuters"/>
</metadata>
</newsitem>
