<?xml version="1.0" encoding="ISO-8859-1" standalone="no"?>
<newsitem date="1997-01-28" id="root" itemid="337116" xml:lang="en">
<title>UK: GDR REPORT - India stocks drift awaiting policy plan.</title>
<headline>GDR REPORT - India stocks drift awaiting policy plan.</headline>
<dateline>LONDON 1997-01-28</dateline>
<text>
<p>Indian global depositary receipts eased in mostly light trade on Tuesday as the market continued to ignore local stock market gains, traders said.</p>
<p>"The local market is getting excited ahead of the prime minister's speech, but foreign investors have not really been in," a trader said.</p>
<p>Indian Prime Minister H.D. Deve Gowda said on Monday he would announce new economic policy measures this week, with local market gains on Tuesday driven by rumours about a possible hike in the equity limit of foreign investment in State Bank of India (SBI).</p>
<p>The HSBC James Capel Indian GDR index  closed down 0.31 points at 69.25, with the premium over the local market at 9.67 percent, well down on Monday's 11.73 percent and from nearly 15 percent on Friday.</p>
<p>The Bombay Stock Exchange 30-share index closed 41.46 points higher at 3,604.20.</p>
<p>The trader said Indian GDR prices were likely to be led by Gowda's speech, and were unlikely to show major changes before.</p>
<p>State Bank of India and Reliance again attracted some volume, with both trading higher. SBI GDRs added 25 cents to $19.50/$20.50 and Reliance rose 30 cents to $14.35/$15.35.</p>
<p>The Capel Korea GDR Index ended 1.74 points up at 66.47, a premium of 53.98 percent over the local market after the Korea Composite index shed 1.85 points to a provisional 662.85.</p>
<p>The Capel Taiwan GDR Index ended 0.65 points lower at 98.18, a premium of 5.49 percent after the Taiwan Weighted Index lost 10.75 points to 7,146.21.</p>
<p>-- Andrew Gill, London newsroom 44 171 542 5887</p>
</text>
<copyright>(c) Reuters Limited 1997</copyright>
<metadata>
<codes class="bip:countries:1.0">
  <code code="INDIA">
    <editdetail action="confirmed" attribution="Reuters BIP Coding Group" date="1997-01-28"/>
  </code>
  <code code="SKOREA">
    <editdetail action="confirmed" attribution="Reuters BIP Coding Group" date="1997-01-28"/>
  </code>
  <code code="TAIWAN">
    <editdetail action="confirmed" attribution="Reuters BIP Coding Group" date="1997-01-28"/>
  </code>
  <code code="UK">
    <editdetail action="confirmed" attribution="Reuters BIP Coding Group" date="1997-01-28"/>
  </code>
</codes>
<codes class="bip:topics:1.0">
  <code code="M11">
    <editdetail action="confirmed" attribution="Reuters BIP Coding Group" date="1997-01-28"/>
  </code>
  <code code="MCAT">
    <editdetail action="confirmed" attribution="Reuters BIP Coding Group" date="1997-01-28"/>
  </code>
</codes>
<dc element="dc.date.created" value="1997-01-28"/>
<dc element="dc.publisher" value="Reuters Holdings Plc"/>
<dc element="dc.date.published" value="1997-01-28"/>
<dc element="dc.source" value="Reuters"/>
<dc element="dc.creator.location" value="LONDON"/>
<dc element="dc.creator.location.country.name" value="UK"/>
<dc element="dc.source" value="Reuters"/>
</metadata>
</newsitem>
