<?xml version="1.0" encoding="ISO-8859-1" standalone="no"?>
<newsitem date="1997-01-28" id="root" itemid="337796" xml:lang="en">
<title>USA: Chicago deliverable soybean stocks.</title>
<headline>Chicago deliverable soybean stocks.</headline>
<dateline>CHICAGO 1997-01-28</dateline>
<text>
<p>The Chicago Board of Trade reported the following stocks of soybeans in Chicago, deliverable against CBOT futures. (in 000's bushels).</p>
<p>						1/24     WEEK    YEAR</p>
<p>							   AGO     AGO</p>
<p>Total Deliverable Grades		  397     306   7,395</p>
<p>Non-Del Grades/Ungraded		    50	60	70</p>
<p>CCC Stocks					0	 0	 0</p>
<p>TOTAL CHICAGO SOYBEAN STOCKS	    447     366   7,465</p>
</text>
<copyright>(c) Reuters Limited 1997</copyright>
<metadata>
<codes class="bip:countries:1.0">
  <code code="USA">
    <editdetail action="confirmed" attribution="Reuters BIP Coding Group" date="1997-01-28"/>
  </code>
</codes>
<codes class="bip:topics:1.0">
  <code code="M14">
    <editdetail action="confirmed" attribution="Reuters BIP Coding Group" date="1997-01-28"/>
  </code>
  <code code="M141">
    <editdetail action="confirmed" attribution="Reuters BIP Coding Group" date="1997-01-28"/>
  </code>
  <code code="MCAT">
    <editdetail action="confirmed" attribution="Reuters BIP Coding Group" date="1997-01-28"/>
  </code>
</codes>
<dc element="dc.date.created" value="1997-01-28"/>
<dc element="dc.publisher" value="Reuters Holdings Plc"/>
<dc element="dc.date.published" value="1997-01-28"/>
<dc element="dc.source" value="Reuters"/>
<dc element="dc.creator.location" value="CHICAGO"/>
<dc element="dc.creator.location.country.name" value="USA"/>
<dc element="dc.source" value="Reuters"/>
</metadata>
</newsitem>
