<?xml version="1.0" encoding="ISO-8859-1" standalone="no"?>
<newsitem date="1997-01-28" id="root" itemid="337034" xml:lang="en">
<title>HUNGARY: HUNGARY 1997 MACRO GROWTH GOOD FOR RETAILERS - K&amp;H.</title>
<headline>HUNGARY 1997 MACRO GROWTH GOOD FOR RETAILERS - K&amp;H.</headline>
<dateline>BUDAPEST 1997-01-28</dateline>
<text>
<p>Macroeconomic improvement in Hungary in 1997 is expected to have a beneficial impact on retailers, Hungary's K&amp;H Securities said in its monthly report on the Hungarian share market.</p>
<p>"We believe that slightly increasing disposable income and consumer spending are going to boost retailers' performance in coming years," analysts Robert Rethy and Szabolcs Varga said.</p>
<p>The analysts of K&amp;H -- member of the Kereskedelmi Bank's financial group - put their votes on Csopak , which is increasingly involved in retail, but has interest in milling and cosmetics industries too.</p>
<p>"One of our favourite is Csopak, a retailer positioned in the more developed western region of the country," they said.</p>
<p>"According to our expectations the share price may reach 2,000 forints in 1997/98, therefore Csopak qualifies for a clear 'long-term buy'," the analysts said.</p>
<p>They said that with its new strategic partner, East European Food Fund, Csopak tries to match changing consumer habits by focusing on malls and on food retail in the future.</p>
<p>The fund acquired an over 30 percent stake in Csopak in mid-December by fully subscribing the whole of a 700-million forint private share issue which brought Csopak's issued share capital to 2.2 billion forints.</p>
<p>"We expect sales to rise at a pace higher than inflation... and earnings per share can be well above 400 forints despite the recent capital increase," the two analysts said.</p>
<p>Diversified retailer Fotex also seems to be well-positioned with strong presence in the newly built shopping malls in Budapest.</p>
<p>"In 1997 the company may experience a jump in sales and also some improvement in profitability, though the financial burden of the too generously priced convertible bonds is going to harm profits."</p>
<p>"We still regard investing in Fotex to be speculative but after the years of disappointment shareholders may now have higher hopes," Rethy and Varga said.</p>
<p>Packaging company Cofinec was "another promising investment," K&amp;H Securities said, adding it maintained the 'buy' rating on Cofinec shares.</p>
<p>"Merger of the two Hungarian units is expected to result in cost savings and greater operational efficiency," they said, adding that better market positions for Cofinec Polska and Cofinec's Czech subsidiary would also improve outlook.</p>
<p>"We expect Cofinec to report a modest profit for 1997 after last year's losses," they said.</p>
<p>Cofinec has not yet released its 1996 results but reported losses for the first nine months.</p>
<p>-- Emese Bartha, Budapest newsroom +36 1 327-4040</p>
</text>
<copyright>(c) Reuters Limited 1997</copyright>
<metadata>
<codes class="bip:countries:1.0">
  <code code="HUNG">
    <editdetail action="confirmed" attribution="Reuters BIP Coding Group" date="1997-01-28"/>
  </code>
</codes>
<codes class="bip:industries:1.0">
  <code code="I41000">
    <editdetail action="confirmed" attribution="Reuters BIP Coding Group" date="1997-01-28"/>
  </code>
  <code code="I47200">
    <editdetail action="confirmed" attribution="Reuters BIP Coding Group" date="1997-01-28"/>
  </code>
  <code code="I65400">
    <editdetail action="confirmed" attribution="Reuters BIP Coding Group" date="1997-01-28"/>
  </code>
</codes>
<codes class="bip:topics:1.0">
  <code code="C15">
    <editdetail action="confirmed" attribution="Reuters BIP Coding Group" date="1997-01-28"/>
  </code>
  <code code="C152">
    <editdetail action="confirmed" attribution="Reuters BIP Coding Group" date="1997-01-28"/>
  </code>
  <code code="CCAT">
    <editdetail action="confirmed" attribution="Reuters BIP Coding Group" date="1997-01-28"/>
  </code>
</codes>
<dc element="dc.date.created" value="1997-01-28"/>
<dc element="dc.publisher" value="Reuters Holdings Plc"/>
<dc element="dc.date.published" value="1997-01-28"/>
<dc element="dc.source" value="Reuters"/>
<dc element="dc.creator.location" value="BUDAPEST"/>
<dc element="dc.creator.location.country.name" value="HUNGARY"/>
<dc element="dc.source" value="Reuters"/>
</metadata>
</newsitem>
