<?xml version="1.0" encoding="ISO-8859-1" standalone="no"?>
<newsitem date="1997-01-28" id="root" itemid="338191" xml:lang="en">
<title>bangladesh: PRESS DIGEST - Bangladesh Newspapers - Jan 28.</title>
<headline>PRESS DIGEST - Bangladesh Newspapers - Jan 28.</headline>
<text>
<p>These are some of the leading stories in the Bangladesh press on Tuesday. Reuters has not verified these stories and does not vouch for their accuracy.</p>
<p>---</p>
<p>THE DAILY STAR</p>
<p>A crucial meeting between India and Bangladesh to resolve outstanding issues relating to cross border insurgency and repatriation of chakma refugees begins in New Delhi on Tuesday.</p>
<p>The cabinet has asked top bureaucrats to identify reasons behind their failure to cut through red-tapism in implementing various government decisions.</p>
<p>---</p>
<p>THE INDEPENDENT</p>
<p>Prime Minister Sheikh Hasina told a visiting U.S official that her government had given top priority to privatisation and attracting foreign direct investment.</p>
<p>Former President H M Ershad has demanded trial of the "corrupt" leaders of the Bangladesh Nationalist Party (BNP).</p>
<p>---</p>
<p>BANGLADESH OBSERVER</p>
<p>The government has decided to open two Business Advisory Centres in London and New York to attract the British and U.S. investors, specially of Bangladeshi origin.</p>
<p>Visting U.S. Assistant Secretary of State Robin Raphel on Monday appreciated the role of Prime Minister Sheikh Hasina in bringing back the opposition in the parliament.</p>
<p>---</p>
<p>FINANCIAL EXPRESS</p>
<p>The cabinet in a meeting on Monday approved a proposal for setting up Bangladesh Land Port Authority for proper management of the country's land ports.</p>
<p>In a fresh move to attract more foreign direct invstment in Bangladesh, the Board of Investment (BOI) plans to organise a number of seminars and roundtables on the investment climate in collaboration with internationally reputed promoters.</p>
<p>-- Dhaka Newsroom 880-2-506363 REUTER</p>
</text>
<copyright>(c) Reuters Limited 1997</copyright>
<metadata>
<codes class="bip:countries:1.0">
  <code code="BANDH">
    <editdetail action="confirmed" attribution="Reuters BIP Coding Group" date="1997-01-28"/>
  </code>
</codes>
<codes class="bip:topics:1.0">
  <code code="GCAT">
    <editdetail action="confirmed" attribution="Reuters BIP Coding Group" date="1997-01-28"/>
  </code>
</codes>
<dc element="dc.publisher" value="Reuters Holdings Plc"/>
<dc element="dc.date.published" value="1997-01-28"/>
<dc element="dc.source" value="Reuters"/>
<dc element="dc.creator.location.country.name" value="BANGLADESH"/>
<dc element="dc.source" value="Reuters"/>
</metadata>
</newsitem>
