<?xml version="1.0" encoding="ISO-8859-1" standalone="no"?>
<newsitem date="1997-01-28" id="root" itemid="336973" xml:lang="en">
<title>SPAIN: SOCCER-DEPORTIVO SALVAGE DRAW WITH TWO LATE GOALS.</title>
<headline>SOCCER-DEPORTIVO SALVAGE DRAW WITH TWO LATE GOALS.</headline>
<dateline>MADRID 1997-01-28</dateline>
<text>
<p>Deportivo Coruna were saved from a disastrous fourth round Spanish Cup defeat by two late goals in the 2-2 draw at home to Espanyol on Tuesday.</p>
<p>Beleaguered coach John Toshack had seen his side go behind to strikes by Miguel Angel Benitez and Florin Raducioiu.</p>
<p>But Maikel and Rivaldo capitalised on the nervousness of Espanyol reserve goalkeeper Raul Arrivas.</p>
<p>Deportivo have lost their way in the league over the past few weeks and an early exit from the Cup they won in 1995 would inevitably increase the pressure on Toshack.</p>
</text>
<copyright>(c) Reuters Limited 1997</copyright>
<metadata>
<codes class="bip:countries:1.0">
  <code code="SPAIN">
    <editdetail action="confirmed" attribution="Reuters BIP Coding Group" date="1997-01-28"/>
  </code>
</codes>
<codes class="bip:topics:1.0">
  <code code="GCAT">
    <editdetail action="confirmed" attribution="Reuters BIP Coding Group" date="1997-01-28"/>
  </code>
  <code code="GSPO">
    <editdetail action="confirmed" attribution="Reuters BIP Coding Group" date="1997-01-28"/>
  </code>
</codes>
<dc element="dc.date.created" value="1997-01-28"/>
<dc element="dc.publisher" value="Reuters Holdings Plc"/>
<dc element="dc.date.published" value="1997-01-28"/>
<dc element="dc.source" value="Reuters"/>
<dc element="dc.creator.location" value="MADRID"/>
<dc element="dc.creator.location.country.name" value="SPAIN"/>
<dc element="dc.source" value="Reuters"/>
</metadata>
</newsitem>
