<?xml version="1.0" encoding="ISO-8859-1" standalone="no"?>
<newsitem date="1997-01-28" id="root" itemid="337295" xml:lang="en">
<title>CZECH REPUBLIC: Havel invites Mandela, Dalai Lama to conference.</title>
<headline>Havel invites Mandela, Dalai Lama to conference.</headline>
<byline>Klara Gajduskova</byline>
<dateline>PRAGUE 1997-01-28</dateline>
<text>
<p>Czech President Vaclav Havel said on Tuesday he had invited South African President Nelson Mandela, the Dalai Lama, Microsoft boss Bill Gates and others to a conference on mankind at the end of the millennium.</p>
<p>The three-day conference, organised jointly by Havel and Nobel Peace Prize winner Elie Wiesel, will be called Forum 2000 and will be held in Prague in September.</p>
<p>Mother Theresa, Russian author Alexander Solzhenitsyn and former U.S. Secretary of State Henry Kissinger have also been invited, Havel's office said.</p>
<p>"We have invited to this conference over 100 prominent personalities from all over the world, people who have been thinking about the situation of man and mankind at the end of this millennium," Havel told journalists.</p>
<p>"There are several Nobel Prize winners among them, philosophers and representatives of different religions, including the Dalai Lama," he said.</p>
<p>Havel, a former dissident playwright who spent five years in jail under the Czechoslovak communist authorities, has angered China several times due to his friendly contacts with the Dalai Lama, who visited Prague in 1990.</p>
<p>Havel has repeatedly said he would welcome discussions between China and Tibet on the autonomy of the region.</p>
<p>The conference would not deal with particular political issues, Havel said, nor do the organisers expect a joint statement to come out of it.</p>
<p>"The topic (is) ... to take stock, to bring together the minds and the souls and the spirits of great men and women of all over the world, to look together at the mistakes that were made," Nazi death camp survivor Wiesel, who was in Prague to discuss the conference, said.</p>
<p>Havel said a part of the conference should also be a "multi-religious" mass in Prague's Saint Vitus Cathedral where representatives of all the main religions would meet.</p>
</text>
<copyright>(c) Reuters Limited 1997</copyright>
<metadata>
<codes class="bip:countries:1.0">
  <code code="CZREP">
    <editdetail action="confirmed" attribution="Reuters BIP Coding Group" date="1997-01-28"/>
  </code>
  <code code="SAFR">
    <editdetail action="confirmed" attribution="Reuters BIP Coding Group" date="1997-01-28"/>
  </code>
</codes>
<codes class="bip:topics:1.0">
  <code code="GCAT">
    <editdetail action="confirmed" attribution="Reuters BIP Coding Group" date="1997-01-28"/>
  </code>
  <code code="GDIP">
    <editdetail action="confirmed" attribution="Reuters BIP Coding Group" date="1997-01-28"/>
  </code>
</codes>
<dc element="dc.date.created" value="1997-01-28"/>
<dc element="dc.publisher" value="Reuters Holdings Plc"/>
<dc element="dc.date.published" value="1997-01-28"/>
<dc element="dc.source" value="Reuters"/>
<dc element="dc.creator.location" value="PRAGUE"/>
<dc element="dc.creator.location.country.name" value="CZECH REPUBLIC"/>
<dc element="dc.source" value="Reuters"/>
</metadata>
</newsitem>
