<?xml version="1.0" encoding="ISO-8859-1" standalone="no"?>
<newsitem date="1996-12-20" id="root" itemid="270717" xml:lang="en">
<title>USA: Fluor Corp files shelf for $400 mln in debt.</title>
<headline>Fluor Corp files shelf for $400 mln in debt.</headline>
<dateline>WASHINGTON 1996-12-20</dateline>
<text>
<p>Fluor Corp said Friday it filed a shelf registration with the Securities and Exchange Commission to sell up to $400 million in debt securities.  </p>
<p>The proceeds will be used for general corporate purposes, which may include the reduction of outstanding indebtedness, possible acquisitions, working capital increases and capital expenditures, the company said in the filing.</p>
<p>The Irvine, Calif., company provides engineering, procurement, construction, maintenance and other diversified services on a worldwide basis to an extensive range of industrial, commercial, utility, natural resources, energy and governmental clients.</p>
</text>
<copyright>(c) Reuters Limited 1996</copyright>
<metadata>
<codes class="bip:countries:1.0">
  <code code="USA">
    <editdetail action="confirmed" attribution="Reuters BIP Coding Group" date="1996-12-20"/>
  </code>
</codes>
<codes class="bip:industries:1.0">
  <code code="I50200">
    <editdetail action="confirmed" attribution="Reuters BIP Coding Group" date="1996-12-20"/>
  </code>
</codes>
<codes class="bip:topics:1.0">
  <code code="C17">
    <editdetail action="confirmed" attribution="Reuters BIP Coding Group" date="1996-12-20"/>
  </code>
  <code code="C172">
    <editdetail action="confirmed" attribution="Reuters BIP Coding Group" date="1996-12-20"/>
  </code>
  <code code="CCAT">
    <editdetail action="confirmed" attribution="Reuters BIP Coding Group" date="1996-12-20"/>
  </code>
</codes>
<dc element="dc.date.created" value="1996-12-20"/>
<dc element="dc.publisher" value="Reuters Holdings Plc"/>
<dc element="dc.date.published" value="1996-12-20"/>
<dc element="dc.source" value="Reuters"/>
<dc element="dc.creator.location" value="WASHINGTON"/>
<dc element="dc.creator.location.country.name" value="USA"/>
<dc element="dc.source" value="Reuters"/>
</metadata>
</newsitem>
