<?xml version="1.0" encoding="ISO-8859-1" standalone="no"?>
<newsitem date="1997-01-28" id="root" itemid="337840" xml:lang="en">
<title>USA: Florida consumer confidence hits seven-year high.</title>
<headline>Florida consumer confidence hits seven-year high.</headline>
<dateline>GAINESVILLE, Fla 1997-01-28</dateline>
<text>
<p>Florida consumer confidence jumped in January to its highest level in more than seven years, buoyed by long-awaited wage increases, University of Florida economists said Tuesday.</p>
<p>The Florida Consumer Confidence Index rose to 95 in January, up from 92 in December and the highest level since July 1989.</p>
<p>Wages rose across the board and have finally caught up with other positive trends in the post-recession economy, said university economist David Denslow.</p>
<p>"Florida was hard hit by the recession at the beginning of the decade. And even though the job market improved during the next several years, wages remained stagnant because of downsizing, foreign competition and restructuring," Denslow said.</p>
<p>"Now many people are telling us they've been promoted and gotten raises. They're feeling better about their jobs, which pay more and are more secure than a year ago," Denslow said.</p>
<p>Denslow said workers are beciming scare enough, especially skilled workers, that employers are offering attractive wages and promotions so they don't lose good workers to competitors.</p>
<p>Florida consumer confidence has remaind strong all year, although that was not reflected by Christmas sales, which were less than robust.</p>
<p>"What I think is happening is that people are starting to bunch their purchases less during the holiday season and spread them out over the rest of the year," Denslow said.</p>
<p>In the latest survey, the share of respondents contemplating buying a car rose to 18.3 percent, up from 15.8 percent in December. The share considering buying a house rose to 9.1 perent in January from 7.6 percent in December.</p>
<p>The index was compiled from telephone interviews with 962 randomly selected Florida adults and has an error margin of three percentage points. The survey uses 1966 as a base year, with numbers below 100 indicating consumers are less confident than they were then and numbers above 100 indicating greater confidence.</p>
<p>((--Jane Sutton, 305-374-5013))</p>
</text>
<copyright>(c) Reuters Limited 1997</copyright>
<metadata>
<codes class="bip:countries:1.0">
  <code code="USA">
    <editdetail action="confirmed" attribution="Reuters BIP Coding Group" date="1997-01-28"/>
  </code>
</codes>
<codes class="bip:topics:1.0">
  <code code="E11">
    <editdetail action="confirmed" attribution="Reuters BIP Coding Group" date="1997-01-28"/>
  </code>
  <code code="ECAT">
    <editdetail action="confirmed" attribution="Reuters BIP Coding Group" date="1997-01-28"/>
  </code>
</codes>
<dc element="dc.date.created" value="1997-01-28"/>
<dc element="dc.publisher" value="Reuters Holdings Plc"/>
<dc element="dc.date.published" value="1997-01-28"/>
<dc element="dc.source" value="Reuters"/>
<dc element="dc.creator.location" value="GAINESVILLE, Fla"/>
<dc element="dc.creator.location.country.name" value="USA"/>
<dc element="dc.source" value="Reuters"/>
</metadata>
</newsitem>
