<?xml version="1.0" encoding="ISO-8859-1" standalone="no"?>
<newsitem date="1997-01-28" id="root" itemid="338114" xml:lang="en">
<title>ITALY: Prodi predicts many countries in EMU first wave.</title>
<headline>Prodi predicts many countries in EMU first wave.</headline>
<dateline>ROME 1997-01-28</dateline>
<text>
<p>Italian Prime Minister Romano Prodi said on Tuesday that many countries would take part in the first wave of European Monetary Union (EMU).</p>
<p>"Everyone knows that there will be many countries in the first group because there is no alternative," he told Finnish television. A transcript of the interview was released by his office.  </p>
<p>"The first group will be vast and it is necessary to be part of it because there is a law of clubs that says that the first to join are afterwards extremely severe with the others," he said.</p>
<p>He said Finland would "certainly" be part of the first group because it had made great strides in the past few years.  </p>
<p>He repeated that he believed that Italy would be part of the first group to join because it was working hard to achieve entry criteria. "I believe that we will make it," he said.</p>
<p>Speaking at the foreign press club earlier on Tuesday, Prodi reaffirmed Italy's intention to be among founder members of the new euro from 1999 and proposed moving the deadline for parliamentary passage of the country's 1998 budget forward by four months to mid-August to boost confidence.</p>
<p>A key criterion for EMU membership will be whether a country's 1997 public deficit is within three percent of its gross domestic product.</p>
<p>Many economists doubt whether Italy can meet the three percent ratio this year despite a tough 62.5 trillion lire ($38 billion) budget. Prodi himself has said a mini-budget is probable following a deficit overshoot in 1996.</p>
<p>--Rome newsroom +396-678-2501</p>
</text>
<copyright>(c) Reuters Limited 1997</copyright>
<metadata>
<codes class="bip:countries:1.0">
  <code code="EEC">
    <editdetail action="confirmed" attribution="Reuters BIP Coding Group" date="1997-01-28"/>
  </code>
  <code code="ITALY">
    <editdetail action="confirmed" attribution="Reuters BIP Coding Group" date="1997-01-28"/>
  </code>
</codes>
<codes class="bip:topics:1.0">
  <code code="E12">
    <editdetail action="confirmed" attribution="Reuters BIP Coding Group" date="1997-01-28"/>
  </code>
  <code code="ECAT">
    <editdetail action="confirmed" attribution="Reuters BIP Coding Group" date="1997-01-28"/>
  </code>
  <code code="G15">
    <editdetail action="confirmed" attribution="Reuters BIP Coding Group" date="1997-01-28"/>
  </code>
  <code code="G151">
    <editdetail action="confirmed" attribution="Reuters BIP Coding Group" date="1997-01-28"/>
  </code>
  <code code="G154">
    <editdetail action="confirmed" attribution="Reuters BIP Coding Group" date="1997-01-28"/>
  </code>
  <code code="GCAT">
    <editdetail action="confirmed" attribution="Reuters BIP Coding Group" date="1997-01-28"/>
  </code>
  <code code="M13">
    <editdetail action="confirmed" attribution="Reuters BIP Coding Group" date="1997-01-28"/>
  </code>
  <code code="M132">
    <editdetail action="confirmed" attribution="Reuters BIP Coding Group" date="1997-01-28"/>
  </code>
  <code code="MCAT">
    <editdetail action="confirmed" attribution="Reuters BIP Coding Group" date="1997-01-28"/>
  </code>
</codes>
<dc element="dc.date.created" value="1997-01-28"/>
<dc element="dc.publisher" value="Reuters Holdings Plc"/>
<dc element="dc.date.published" value="1997-01-28"/>
<dc element="dc.source" value="Reuters"/>
<dc element="dc.creator.location" value="ROME"/>
<dc element="dc.creator.location.country.name" value="ITALY"/>
<dc element="dc.source" value="Reuters"/>
</metadata>
</newsitem>
