<?xml version="1.0" encoding="ISO-8859-1" standalone="no"?>
<newsitem date="1996-12-20" id="root" itemid="270807" xml:lang="en">
<title>GERMANY: Veba and Viag make offer for Bewag - sources.</title>
<headline>Veba and Viag make offer for Bewag - sources.</headline>
<dateline>BERLIN 1996-12-20</dateline>
<text>
<p>German utilities Viag AG and Veba want to make a joint bid for a higher stake in Berliner Kraft und Licht AG (Bewag) and the offer should be announced later in the day, sources said on Friday.</p>
<p>Sector sources said the offer for a stake of 25.5 percent in the German electricity supplier Bewag should be announced later by the state of Berlin.</p>
<p>The offer was not officially confirmed by either company.</p>
<p>A spokesman for finance minister of the state of Berlin, Annette Fugmann-Heesing of the German Social Democrat Party (SPD) said the Berlin government was currently choosing among bidders.</p>
<p>Sources said that nine of the 28 interested parties in Bewag were still in the running.</p>
<p>On Thursday Viag confirmed it was interested in increasing its stake in Bewag. Viag and Veba each already own 10 percent of Bewag's capital via subsidiaries and control 14 percent of its voting rights.</p>
<p>Other groups, including British electricity generator PowerGen Plc, have also expressed an interest in Bewag.</p>
<p>The Boersen-Zeitung newspaper earlier in the week cited Veba manager and Bewag supervisory board member Alfred Dworak as saying that Viag and Veba were interested in the stake.</p>
<p>Dworak told the newspaper that a joint offer would be made on Friday, with Veba aiming to take on a 14.8 percent stake and Viag 11 percent.</p>
<p>Whether the state of Berlin will sell more of its stake in Bewag should be decided at the start of next year.</p>
<p>Fugmann-Heesing favours the complete privatisation of the company, but the rest of her party has yet to make up its mind and could come to a decision when it meets in the middle of January.</p>
<p>The Berlin government wants the firm to be privatised by February at the latest so that the proceeds from the sale of around three billion marks can have an impact on the 1996 budget.</p>
<p>In the 1995/96 financial year Bewag made profits of 169 million marks.</p>
<p>--Frankfurt Newsroom +49 69 756525</p>
</text>
<copyright>(c) Reuters Limited 1996</copyright>
<metadata>
<codes class="bip:countries:1.0">
  <code code="GFR">
    <editdetail action="confirmed" attribution="Reuters BIP Coding Group" date="1996-12-20"/>
  </code>
</codes>
<codes class="bip:industries:1.0">
  <code code="I13000">
    <editdetail action="confirmed" attribution="Reuters BIP Coding Group" date="1996-12-20"/>
  </code>
  <code code="I16100">
    <editdetail action="confirmed" attribution="Reuters BIP Coding Group" date="1996-12-20"/>
  </code>
  <code code="I83960">
    <editdetail action="confirmed" attribution="Reuters BIP Coding Group" date="1996-12-20"/>
  </code>
</codes>
<codes class="bip:topics:1.0">
  <code code="C18">
    <editdetail action="confirmed" attribution="Reuters BIP Coding Group" date="1996-12-20"/>
  </code>
  <code code="C181">
    <editdetail action="confirmed" attribution="Reuters BIP Coding Group" date="1996-12-20"/>
  </code>
  <code code="CCAT">
    <editdetail action="confirmed" attribution="Reuters BIP Coding Group" date="1996-12-20"/>
  </code>
</codes>
<dc element="dc.date.created" value="1996-12-20"/>
<dc element="dc.publisher" value="Reuters Holdings Plc"/>
<dc element="dc.date.published" value="1996-12-20"/>
<dc element="dc.source" value="Reuters"/>
<dc element="dc.creator.location" value="BERLIN"/>
<dc element="dc.creator.location.country.name" value="GERMANY"/>
<dc element="dc.source" value="Reuters"/>
</metadata>
</newsitem>
