<?xml version="1.0" encoding="ISO-8859-1" standalone="no"?>
<newsitem date="1996-11-26" id="root" itemid="219165" xml:lang="en">
<title>UK: London platinum fixes at near three-year low.</title>
<headline>London platinum fixes at near three-year low.</headline>
<dateline>LONDON 1996-11-26</dateline>
<text>
<p>Platinum was fixed at $379.00 an ounce on Tuesday morning, the lowest fixing since December 10, 1993.</p>
<p>The metal had previously fixed at $381.75 an ounce on Monday afternoon. Platinum prices have been trending lower in recent months due to slack demand and ample supplies.  </p>
<p>London platinum fixes at near three-year low</p>
<p>"There's been good turnover in the market," one dealer said.</p>
<p>The rest of the precious metals complex was also trending lower, with gold and silver trading at 20-month lows amid overwhelmingly bearish market sentiment.</p>
<p>Platinum's sister metal palladium fixed near recent lows at $115.75 an ounce, compared with $117.25 on Monday afternoon.</p>
<p>Platinum is produced primarily in South Africa and Russia, and used chiefly by automakers for catalytic converters and in the jewellery industry.</p>
</text>
<copyright>(c) Reuters Limited 1996</copyright>
<metadata>
<codes class="bip:countries:1.0">
  <code code="UK">
    <editdetail action="confirmed" attribution="Reuters BIP Coding Group" date="1996-11-26"/>
  </code>
</codes>
<codes class="bip:topics:1.0">
  <code code="M142">
    <editdetail action="confirmed" attribution="Reuters BIP Coding Group" date="1996-11-26"/>
  </code>
</codes>
<dc element="dc.date.created" value="1996-11-26"/>
<dc element="dc.publisher" value="Reuters Holdings Plc"/>
<dc element="dc.date.published" value="1996-11-26"/>
<dc element="dc.source" value="Reuters"/>
<dc element="dc.creator.location" value="LONDON"/>
<dc element="dc.creator.location.country.name" value="UK"/>
<dc element="dc.source" value="Reuters"/>
</metadata>
</newsitem>
