<?xml version="1.0" encoding="ISO-8859-1" standalone="no"?>
<newsitem date="1996-12-20" id="root" itemid="270739" xml:lang="en">
<title>USA: FEATURE-Zagat surveys go international--but no Tokyo.</title>
<headline>FEATURE-Zagat surveys go international--but no Tokyo.</headline>
<byline>Arthur Spiegelman</byline>
<dateline>NEW YORK 1996-12-20</dateline>
<text>
<p>The man who eats out 10 times a week is on a diet and clearly is not going to order much as he and his wife enter their local "classy, civilised and priced accordingly" Central Park South restaurant -- you know, the one with "a private club atmosphere."</p>
<p>But regardless of their intentions to consume or not, Tim Zagat and his wife Nina are given "the table by the window" and staff, who are "anxious to serve," hover around them. Fellow diners join in giving the couple royal treatment, including one who comes over and whispers conspiratorily in Zagat's ear, "Try the truffles."</p>
<p>A city that sometimes perversely prides itself on raising inhospitality to new heights of incivility bends the rules for the Zagats, who created the little red book of the consumption revolution, the "Zagat Survey of New York Restaurants."</p>
<p>What started as a hobby in the early 1980s -- two food enthusiasts handing out forms for other serious eaters to fill in and rate the city's restaurants -- has turned into a book that "out-sells the Bible and the dictionary" in the Big Apple and an empire of similar where-to-eat guides criss-crossing the United States.</p>
<p>As his waist contracts, Tim Zagat's empire expands.</p>
<p>FIRST LONDON, THEN THE WORLD</p>
<p>Last month, the Zagats went international, publishing a guide to London restaurants based on surveys filled out by 1,700 Londoners of their favourite places. It is stuffed with the sort of catch-phrases that pepper all Zagat guides.</p>
<p>"Nursery food served by nanny waitresses" is a comment about Wilton's, a pricey place near St. James's park, and "irresistibly cheap" is the dubious distinction won by Fatboy's Cafe, frequented by a "raucous" Chiswick crowd.</p>
<p>As he ignores a waiter's recommendation of pasta to order "grilled fish and vegetables," Tim Zagat declares that London is just the first stop internationally. "We are planning a Paris guide and a Hong Kong guide, but not Tokyo," he said, sipping a glass of "plain, no frills" mineral water.</p>
<p>"We were thinking about Japan but the best restaurants there are private clubs. You just can't get into them without a club member. Also the Japanese frown on criticism. We are afraid that the survey group won't be straightforward, they wouldn't criticise," he said.</p>
<p>But he added, "Hong Kong is different. People there are willing to criticise food. We are going to do Hong Kong."</p>
<p>The key to the success of the Zagats' surveys is democracy. What you read is what thousands of people think of a restaurant, not what a single critic whose taste might not be yours thinks.</p>
<p>"SPOOKS IN TRENCHCOATS"</p>
<p>The Zagat surveyers have been depicted as "spooks in trenchcoats" and they include all sorts of people who love to eat out almost as often as the Zagats do. "We have CEOs filling out the forms, politicians, all sorts of people contributing. We don't pay them because we would be out of business if we did," Zagat said.</p>
<p>What the Zagats do pay big for is data processing to collate and condense the survey comments. From the results, they can determine what men want versus what women want, what 50-year-olds want versus what 20-year-olds want -- as least as far as food goes.</p>
<p>"A man thinks a big hearty meal is romantic while a woman thinks of candlelight and lilting piano music. We do breakouts of restaurants by sex, age and occasion," Zagat said.</p>
<p>For years, Nina Zagat said, the couple looked for great places where children could spill things. Thanks to their guide they found plenty, but now that their children have grown up they no longer need them.</p>
<p>The Zagats said they chose London for their first foreign guide because the quality of food in the British capital has improved dramatically and Britons are suddenly serious about food. They said the guide has been well received there but they are not surprised.</p>
<p>"We've gotten to the point where people want us. The mayor of Toronto literally asked us to do a book about the city because he wanted to put the city on the culinary map. The mayor of Kansas City gave us a breakfast when we came to town," Tim Zagat said.</p>
<p>"Restauranteurs welcome us becuse our reviews tell them what the people who eat there think about their food, decor and service. The test of any guide is accuracy and fairness and restaurants are grateful for that."</p>
<p>And with that, Zagat finished his fish and departed, seemingly proud that a man who made "Read It to Eat" a profitable slogan had kept to his diet.</p>
</text>
<copyright>(c) Reuters Limited 1996</copyright>
<metadata>
<codes class="bip:countries:1.0">
  <code code="USA">
    <editdetail action="confirmed" attribution="Reuters BIP Coding Group" date="1996-12-20"/>
  </code>
</codes>
<codes class="bip:industries:1.0">
  <code code="I66100">
    <editdetail action="confirmed" attribution="Reuters BIP Coding Group" date="1996-12-20"/>
  </code>
</codes>
<codes class="bip:topics:1.0">
  <code code="GCAT">
    <editdetail action="confirmed" attribution="Reuters BIP Coding Group" date="1996-12-20"/>
  </code>
</codes>
<dc element="dc.date.created" value="1996-12-20"/>
<dc element="dc.publisher" value="Reuters Holdings Plc"/>
<dc element="dc.date.published" value="1996-12-20"/>
<dc element="dc.source" value="Reuters"/>
<dc element="dc.creator.location" value="NEW YORK"/>
<dc element="dc.creator.location.country.name" value="USA"/>
<dc element="dc.source" value="Reuters"/>
</metadata>
</newsitem>
