<?xml version="1.0" encoding="ISO-8859-1" standalone="no"?>
<newsitem date="1997-01-28" id="root" itemid="338058" xml:lang="en">
<title>SWITZERLAND: Swiss, Russian prosecutors in anti-mafia pledge.</title>
<headline>Swiss, Russian prosecutors in anti-mafia pledge.</headline>
<dateline>BERNE 1997-01-28</dateline>
<text>
<p>Swiss Federal Prosecutor Carla Del Ponte and her Russian counterpart pledged on Tuesday to work together to fight organised crime, the Swiss news agency SDA said.</p>
<p>"My concern is to prevent the Russian mafia from infiltrating the financial centre here (Switzerland)," SDA quoted Del Ponte as saying after talks with Prosecutor-General Yuri Skuratov.</p>
<p>Del Ponte said late last year she had evidence that Russian gangs were trying to move their crime profits into Switzerland despite anti-money laundering laws that have been progressively tightened since the late 1980s.</p>
<p>SDA said Skuratov told reporters he also wanted to work with Swiss authorities and that the two sides would set up a joint working group on organised crime and money laundering.</p>
<p>Skuratov's four-day visit included talks with regional prosecutors in Zurich and Geneva, the country's main banking and financial hubs, SDA said.</p>
<p>Skuratov told reporters that in Geneva he would also look into the case of a Russian national living in Switzerland, Sergei Mikhailov.</p>
<p>Mikhailov was arrested at Geneva airport last October 16 and is being held for investigation on charges of criminal links and money-laundering.</p>
</text>
<copyright>(c) Reuters Limited 1997</copyright>
<metadata>
<codes class="bip:countries:1.0">
  <code code="RUSS">
    <editdetail action="confirmed" attribution="Reuters BIP Coding Group" date="1997-01-28"/>
  </code>
  <code code="SWITZ">
    <editdetail action="confirmed" attribution="Reuters BIP Coding Group" date="1997-01-28"/>
  </code>
</codes>
<codes class="bip:topics:1.0">
  <code code="GCAT">
    <editdetail action="confirmed" attribution="Reuters BIP Coding Group" date="1997-01-28"/>
  </code>
  <code code="GCRIM">
    <editdetail action="confirmed" attribution="Reuters BIP Coding Group" date="1997-01-28"/>
  </code>
  <code code="GDIP">
    <editdetail action="confirmed" attribution="Reuters BIP Coding Group" date="1997-01-28"/>
  </code>
</codes>
<dc element="dc.date.created" value="1997-01-28"/>
<dc element="dc.publisher" value="Reuters Holdings Plc"/>
<dc element="dc.date.published" value="1997-01-28"/>
<dc element="dc.source" value="Reuters"/>
<dc element="dc.creator.location" value="BERNE"/>
<dc element="dc.creator.location.country.name" value="SWITZERLAND"/>
<dc element="dc.source" value="Reuters"/>
</metadata>
</newsitem>
