<?xml version="1.0" encoding="ISO-8859-1" standalone="no"?>
<newsitem date="1997-01-28" id="root" itemid="338208" xml:lang="en">
<title>INDIA: India produces 4,290T copper cathodes in December.</title>
<headline>India produces 4,290T copper cathodes in December.</headline>
<dateline>NEW DELHI 1997-01-28</dateline>
<text>
<p>India's state-run Hindustan Copper Ltd (HCL) produced 4,290 tonnes of copper cathodes in December 1996 compared to 4,190 tonnes in November, a governemnt statement said on Tuesday.</p>
<p>HCL also produced 5,051 tonnes of continous cast copper rods in December against 3,075 tonnes in November, the statement said.</p>
<p>--------------------------------------------------------------</p>
<p>	    Installed   December,1996    Cumulative output</p>
<p>	    capacity    -------------    -----------------</p>
<p>	    (annual)	 Actual	 Apr-Dec 96  Apr-Dec 95</p>
<p>--------------------------------------------------------------</p>
<p>Copper</p>
<p> cathodes   47,500	 4,290	  26,757     28,642</p>
<p>Copper</p>
<p> rods	 60,000	 5,051	  31,131     24,010</p>
<p>---------------------------------------------------------------</p>
<p>NOTE: Figures are in tonnes and provisional.</p>
</text>
<copyright>(c) Reuters Limited 1997</copyright>
<metadata>
<codes class="bip:countries:1.0">
  <code code="INDIA">
    <editdetail action="confirmed" attribution="Reuters BIP Coding Group" date="1997-01-28"/>
  </code>
</codes>
<codes class="bip:industries:1.0">
  <code code="I22460">
    <editdetail action="confirmed" attribution="Reuters BIP Coding Group" date="1997-01-28"/>
  </code>
</codes>
<codes class="bip:topics:1.0">
  <code code="C21">
    <editdetail action="confirmed" attribution="Reuters BIP Coding Group" date="1997-01-28"/>
  </code>
  <code code="C24">
    <editdetail action="confirmed" attribution="Reuters BIP Coding Group" date="1997-01-28"/>
  </code>
  <code code="CCAT">
    <editdetail action="confirmed" attribution="Reuters BIP Coding Group" date="1997-01-28"/>
  </code>
  <code code="M14">
    <editdetail action="confirmed" attribution="Reuters BIP Coding Group" date="1997-01-28"/>
  </code>
  <code code="M142">
    <editdetail action="confirmed" attribution="Reuters BIP Coding Group" date="1997-01-28"/>
  </code>
  <code code="MCAT">
    <editdetail action="confirmed" attribution="Reuters BIP Coding Group" date="1997-01-28"/>
  </code>
</codes>
<dc element="dc.date.created" value="1997-01-28"/>
<dc element="dc.publisher" value="Reuters Holdings Plc"/>
<dc element="dc.date.published" value="1997-01-28"/>
<dc element="dc.source" value="Reuters"/>
<dc element="dc.creator.location" value="NEW DELHI"/>
<dc element="dc.creator.location.country.name" value="INDIA"/>
<dc element="dc.source" value="Reuters"/>
</metadata>
</newsitem>
