<?xml version="1.0" encoding="ISO-8859-1" standalone="no"?>
<newsitem date="1997-01-28" id="root" itemid="337389" xml:lang="en">
<title>POLAND: Polish ITI to enter Luxembourg bourse on Jan 29.</title>
<headline>Polish ITI to enter Luxembourg bourse on Jan 29.</headline>
<dateline>WARSAW 1997-01-28</dateline>
<text>
<p>ITI Holdings SA, a Luxembourg- based parent company of the Polish multi-media and snacks producer ITI Group will start trading on the Luxembourg bourse on Wednesday, deputy president of ITI Group said on Tuesday.</p>
<p>"Our firm is the first Polish company to enter the exchange in Luxembourg," Mariusz Walter told a news conference.</p>
<p>Deputy president Bruno Valsangiacomo, also present, said the firm would start early next year preparations to enter also the Warsaw Stock Exchange but said it had yet to decide whether it would issue new shares before Warsaw bourse entry.</p>
<p>"Our plan is to seek listing (in Warsaw) in 1998...we expect the legal procedures should start early in 1998 as they usually take six-nine months," he said.</p>
<p>ITI Group deals with advertising, theatrical and home video distribution, television broadcasting and snack food production.</p>
<p>ITI estimated its net profit flat at $3.3 million in 1996 and expected it to fall to $1.2 million in 1997, but to rebound to $5.3 million in 1998, $11.5 million in 1999 and $19.7 million in 2000.</p>
<p>Its sales were estimated to grow to $104 million this year from estimated $76.9 million and to top $201.2 million in 2000.</p>
<p>In 1995 the company had a net profit of $3.3 million on 67.8-million-zloty-sales.</p>
<p>-- Malgorzata Rzepka +48 22 653 9700</p>
</text>
<copyright>(c) Reuters Limited 1997</copyright>
<metadata>
<codes class="bip:countries:1.0">
  <code code="LUX">
    <editdetail action="confirmed" attribution="Reuters BIP Coding Group" date="1997-01-28"/>
  </code>
  <code code="POL">
    <editdetail action="confirmed" attribution="Reuters BIP Coding Group" date="1997-01-28"/>
  </code>
</codes>
<codes class="bip:topics:1.0">
  <code code="C14">
    <editdetail action="confirmed" attribution="Reuters BIP Coding Group" date="1997-01-28"/>
  </code>
  <code code="C17">
    <editdetail action="confirmed" attribution="Reuters BIP Coding Group" date="1997-01-28"/>
  </code>
  <code code="C171">
    <editdetail action="confirmed" attribution="Reuters BIP Coding Group" date="1997-01-28"/>
  </code>
  <code code="CCAT">
    <editdetail action="confirmed" attribution="Reuters BIP Coding Group" date="1997-01-28"/>
  </code>
</codes>
<dc element="dc.date.created" value="1997-01-28"/>
<dc element="dc.publisher" value="Reuters Holdings Plc"/>
<dc element="dc.date.published" value="1997-01-28"/>
<dc element="dc.source" value="Reuters"/>
<dc element="dc.creator.location" value="WARSAW"/>
<dc element="dc.creator.location.country.name" value="POLAND"/>
<dc element="dc.source" value="Reuters"/>
</metadata>
</newsitem>
