<?xml version="1.0" encoding="ISO-8859-1" standalone="no"?>
<newsitem date="1997-01-28" id="root" itemid="338178" xml:lang="en">
<title>INDIA: INDIAN MONEY MARKET RATES - Jan 28 (1230 IST).</title>
<headline>INDIAN MONEY MARKET RATES - Jan 28 (1230 IST).</headline>
<text>
<p>Indicative market rates</p>
<p>* Call money:(O/N/)			 0.10-0.50  pct</p>
<p>* Commercial paper: P1+		  12.00-14.00 pct</p>
<p>* Commercial paper: P1		   13.50-15.00 pct</p>
<p>* Certificate of deposit: 90 day     12.00-13.50 pct</p>
<p>* Treasury bills:</p>
<p>  91  day t-bill			    7.50-8.00 pct</p>
<p>  364 day t-bill			    9.90-10.25 pct</p>
<p>  T-bill maturing on 01/03/97	   7.00-6.00  pct</p>
<p>  T-bill maturing on 19/04/97	   7.50-8.00  pct</p>
<p>  T-bill maturing on 26/04/97	   7.50-8.00  pct</p>
<p>  T-bill maturing on 18/07/97	   8.50-9.00  pct</p>
<p>  T-bill maturing on 10/10/97	   9.50-9.75  pct</p>
<p>  T-bill maturing on 02/01/98	   9.90-10.00 pct</p>
<p>  T-bill maturing on 16/01/98	   9.90-10.25 pct</p>
<p>.</p>
<p>Inter-corporate deposits:</p>
<p>			(Grade)</p>
<p> 60-90 days	    A		    16.00-18.00 pct</p>
<p> 60-90 days	    B		    21.00-25.50 pct</p>
<p>.</p>
<p>* Note: Grade A refers to blue chip corporates</p>
<p>	    Grade B refers to other corporates</p>
<p>* These rates are based on a consensus of rates offered by leading banks.</p>
<p>* To contribute to this daily composite rate, please telephone Samir Shah on 022 265-9000.</p>
</text>
<copyright>(c) Reuters Limited 1997</copyright>
<metadata>
<codes class="bip:countries:1.0">
  <code code="INDIA">
    <editdetail action="confirmed" attribution="Reuters BIP Coding Group" date="1997-01-28"/>
  </code>
</codes>
<codes class="bip:topics:1.0">
  <code code="M13">
    <editdetail action="confirmed" attribution="Reuters BIP Coding Group" date="1997-01-28"/>
  </code>
  <code code="M131">
    <editdetail action="confirmed" attribution="Reuters BIP Coding Group" date="1997-01-28"/>
  </code>
  <code code="MCAT">
    <editdetail action="confirmed" attribution="Reuters BIP Coding Group" date="1997-01-28"/>
  </code>
</codes>
<dc element="dc.publisher" value="Reuters Holdings Plc"/>
<dc element="dc.date.published" value="1997-01-28"/>
<dc element="dc.source" value="Reuters"/>
<dc element="dc.creator.location.country.name" value="INDIA"/>
<dc element="dc.source" value="Reuters"/>
</metadata>
</newsitem>
