<?xml version="1.0" encoding="ISO-8859-1" standalone="no"?>
<newsitem date="1997-01-28" id="root" itemid="337362" xml:lang="en">
<title>HUNGARY: Unilever signs coop deal with Hungary Caola.</title>
<headline>Unilever signs coop deal with Hungary Caola.</headline>
<dateline>BUDAPEST 1997-01-28</dateline>
<text>
<p>Anglo-Dutch group Unilever's Hungarian unit signed a cooperation agreement with Hungarian cosmetics and household chemicals company Caola Rt, Unilever and Caola officials said on Tuesday.</p>
<p>The agreement, which still needs a clearance from the Competition Office, widens Unilever's product portfolio and allows it to expand in Hungary while opening new markets to Caola.</p>
<p>"The benefits are very clear, most importantly, we broaden our product portfolio in the market," Fergus Balfour, Unilever Chairman for Hungary and South Central Europe, told a news conference.</p>
<p>"Having access to the manufacturing facilities in Hungary gives us a number of advantages," he said, adding that "we have a better cost structure than with imports."</p>
<p>Under the agreement Unilever acquires part of Caola's brands, takes over the domestic and foreign distribution of these products and will also be responsible for the marketing, they said in a joint statement.</p>
<p>Caola said it would benefit from the opening of new markets.</p>
<p>"We sought a partner who could in parallel provide us with long-term and reliable markets and professional assistance necessary to meet international requirements," Imre Nagy, Caola's General Director, said.</p>
<p>The partners declined to say how much Unilever paid for the brands, but Nagy said the whole amount will be reinvested into the company.</p>
<p>The cooperation allows Unilever to expand its presence in Hungary, where it has four factories manufacturing margarine, frozen products, ice cream and detergents and where it will have invested $170 million by the end of 1997.</p>
<p>"We're always looking at ways of expanding our investments and cooperation with partners in Hungary because this is the best way to integrate into the Hungarian market," Balfour said.</p>
<p>The agreement reflects the continuation of joint work between Unilever and Caola, including the joint development of a toothpaste and the joint acquisition of Helia-D cosmetics division of Israel's Teva -owned Biogal drugs firm.</p>
<p>The cooperation leaves Caola's Hungarian ownership intact but will make it one of Unilever's most important central- and east European manufacturing and research and development centres, the statement said.</p>
<p>Unilever Hungary expected 34 to 35 billion forints of sales for 1995, up 25 to 26 percent over 1995, Balfour said. He said the profit/loss account have not yet been prepared but the "trend is sharply improving from previous years".</p>
<p>-- Emese Bartha, Budapest newsroom +36 1 327-4040</p>
</text>
<copyright>(c) Reuters Limited 1997</copyright>
<metadata>
<codes class="bip:countries:1.0">
  <code code="HUNG">
    <editdetail action="confirmed" attribution="Reuters BIP Coding Group" date="1997-01-28"/>
  </code>
</codes>
<codes class="bip:industries:1.0">
  <code code="I25800">
    <editdetail action="confirmed" attribution="Reuters BIP Coding Group" date="1997-01-28"/>
  </code>
  <code code="I41000">
    <editdetail action="confirmed" attribution="Reuters BIP Coding Group" date="1997-01-28"/>
  </code>
</codes>
<codes class="bip:topics:1.0">
  <code code="C11">
    <editdetail action="confirmed" attribution="Reuters BIP Coding Group" date="1997-01-28"/>
  </code>
  <code code="C18">
    <editdetail action="confirmed" attribution="Reuters BIP Coding Group" date="1997-01-28"/>
  </code>
  <code code="C181">
    <editdetail action="confirmed" attribution="Reuters BIP Coding Group" date="1997-01-28"/>
  </code>
  <code code="CCAT">
    <editdetail action="confirmed" attribution="Reuters BIP Coding Group" date="1997-01-28"/>
  </code>
</codes>
<dc element="dc.date.created" value="1997-01-28"/>
<dc element="dc.publisher" value="Reuters Holdings Plc"/>
<dc element="dc.date.published" value="1997-01-28"/>
<dc element="dc.source" value="Reuters"/>
<dc element="dc.creator.location" value="BUDAPEST"/>
<dc element="dc.creator.location.country.name" value="HUNGARY"/>
<dc element="dc.source" value="Reuters"/>
</metadata>
</newsitem>
