<?xml version="1.0" encoding="ISO-8859-1" standalone="no"?>
<newsitem date="1997-01-28" id="root" itemid="338144" xml:lang="en">
<title>FRANCE: Analysts see Suez, Lyonnaise link-up credible.</title>
<headline>Analysts see Suez, Lyonnaise link-up credible.</headline>
<byline>Yann Le Guernigou</byline>
<dateline>PARIS 1997-01-28</dateline>
<text>
<p>A link-up between French holding company Cie de Suez and water utility group Lyonnaise des Eaux makes sense and is one of the few options left for Suez to expand, analysts said on Tuesday.</p>
<p>Given Suez' increased emphasis on utilities and infrastructure development, and its limited means, a tie with Lyonnaise would be a good fit, they said.</p>
<p>"The only true future left for Suez is a marriage with Lyonnaise," EIFB analyst Sami Gotrane said.</p>
<p>French daily Le Figaro reported on Tuesday that the two companies were once again considering a link up. The paper said Suez and Lyonnaise have already given bankers a mandate to study the conditions of a deal.</p>
<p>"The objective would be to reach an agreement before the shareholders meetings of June 1997," Le Figaro said.</p>
<p>Suez Chairman Gerard Mestrallet would head the management board of the new company while Lyonnaise Chairman Jerome Monod would head the supervisory board.</p>
<p>Suez and Lyonnaise both refused to comment on the report.</p>
<p>Mestrallet, given the top job at Suez after shareholders staged a vicious and public boardroom fight in 1995, has been selling assets in an effort to return the company to profit and rationalise its wide-ranging and unrelated holdings.</p>
<p>In 1996 alone, Mestrallet was behind the shedding of about 20 billion francs ($3.6 billion) in assets including the 11.9 billion-franc sale of investment banking arm Banque Indosuez, which many believed was the crown jewel in Suez's portfolio.</p>
<p>The effort has paid off and Mestrallet predicted on Monday that Suez would post an 800 million franc group profit in 1996 after huge losses in the previous two years.</p>
<p>Mestrallet said on Monday he intended to focus Suez on utilities and infrastructure development, and retail financial services.</p>
<p>"We began 1996 as a predominantly banking group and have ended it as an industrial group," he said.</p>
<p>The focus on utilities was emphasised late last year when Suez, through its Societe Generale de Belgique unit, took control of Belgian utility Tractebel.</p>
<p>"On paper a Lyonnaise-Tractebel is a good idea," said Jerome Labin, analyst with Pinatton. "Suez must find a financial backbone."</p>
<p>Investors cheered the idea, sending Suez shares 4.7 percent higher to 242.80 francs and boosting Lyonnaise shares 4.67 percent to 560 francs.</p>
<p>Labin added that Suez, in its shrunken state, does not have the means to expand into new businesses.</p>
<p>"A marriage with Lyonnaise is probably not the only choice but it would be logical since Suez is obviously continuing to sweep away the signs of the old conglomerate it used to be," said another analyst in France. ($ = 5.574 French Francs)</p>
</text>
<copyright>(c) Reuters Limited 1997</copyright>
<metadata>
<codes class="bip:countries:1.0">
  <code code="FRA">
    <editdetail action="confirmed" attribution="Reuters BIP Coding Group" date="1997-01-28"/>
  </code>
</codes>
<codes class="bip:industries:1.0">
  <code code="I81402">
    <editdetail action="confirmed" attribution="Reuters BIP Coding Group" date="1997-01-28"/>
  </code>
  <code code="I83960">
    <editdetail action="confirmed" attribution="Reuters BIP Coding Group" date="1997-01-28"/>
  </code>
</codes>
<codes class="bip:topics:1.0">
  <code code="C11">
    <editdetail action="confirmed" attribution="Reuters BIP Coding Group" date="1997-01-28"/>
  </code>
  <code code="C18">
    <editdetail action="confirmed" attribution="Reuters BIP Coding Group" date="1997-01-28"/>
  </code>
  <code code="C181">
    <editdetail action="confirmed" attribution="Reuters BIP Coding Group" date="1997-01-28"/>
  </code>
  <code code="CCAT">
    <editdetail action="confirmed" attribution="Reuters BIP Coding Group" date="1997-01-28"/>
  </code>
</codes>
<dc element="dc.date.created" value="1997-01-28"/>
<dc element="dc.publisher" value="Reuters Holdings Plc"/>
<dc element="dc.date.published" value="1997-01-28"/>
<dc element="dc.source" value="Reuters"/>
<dc element="dc.creator.location" value="PARIS"/>
<dc element="dc.creator.location.country.name" value="FRANCE"/>
<dc element="dc.source" value="Reuters"/>
</metadata>
</newsitem>
