<?xml version="1.0" encoding="ISO-8859-1" standalone="no"?>
<newsitem date="1997-01-28" id="root" itemid="337619" xml:lang="en">
<title>HONG KONG: Leading Spirit to issue 300 mln new shrs.</title>
<headline>Leading Spirit to issue 300 mln new shrs.</headline>
<dateline>HONG KONG 1996-01-29</dateline>
<text>
<p>Leading Spirit (Holdings) Co Ltd said on Wednesday it plans to issue 300 million new shares to its chairman Wong Shi Ling at HK$1.95 per share, raising net proceeds of HK$570 million.  </p>
<p>Wong, the controlling shareholder of Leading Spirit, had in turn agreed to place the same number of existing shares at HK$1.95 per share to private investors, the company said in a statement.</p>
<p>CEF Capital Ltd is the sole placing agent for Wong.</p>
<p>The placing and issue price represented a discount of about 6.02 percent to the shares' last close of HK$2.075 per share on Monday before trading was suspended on Tuesday pending an announcement, it said.</p>
<p>Leading Spirit said it expected trading in its shares would resume on Wednesday.</p>
<p>Wong's holding in the components trader and maker for consumer electronic and electrical products would be diluted to about 59.08 percent of its enlarged issued capital from 66.42 percent after the deals, it added.</p>
<p>The company plans to use HK$200 million of the proceeds to reduce bank borrowings, HK$100 million for developing trading and assembly of computers and metal trading, and the balance for general corporate purposes and as additional working capital.</p>
<p>-- Hong kong Newsroom (852) 2843 6369</p>
</text>
<copyright>(c) Reuters Limited 1997</copyright>
<metadata>
<codes class="bip:countries:1.0">
  <code code="HKONG">
    <editdetail action="confirmed" attribution="Reuters BIP Coding Group" date="1997-01-28"/>
  </code>
</codes>
<codes class="bip:industries:1.0">
  <code code="I63000">
    <editdetail action="confirmed" attribution="Reuters BIP Coding Group" date="1997-01-28"/>
  </code>
</codes>
<codes class="bip:topics:1.0">
  <code code="C17">
    <editdetail action="confirmed" attribution="Reuters BIP Coding Group" date="1997-01-28"/>
  </code>
  <code code="C171">
    <editdetail action="confirmed" attribution="Reuters BIP Coding Group" date="1997-01-28"/>
  </code>
  <code code="CCAT">
    <editdetail action="confirmed" attribution="Reuters BIP Coding Group" date="1997-01-28"/>
  </code>
</codes>
<dc element="dc.date.created" value="1996-01-29"/>
<dc element="dc.publisher" value="Reuters Holdings Plc"/>
<dc element="dc.date.published" value="1997-01-28"/>
<dc element="dc.source" value="Reuters"/>
<dc element="dc.creator.location" value="HONG KONG"/>
<dc element="dc.creator.location.country.name" value="HONG KONG"/>
<dc element="dc.source" value="Reuters"/>
</metadata>
</newsitem>
