<?xml version="1.0" encoding="ISO-8859-1" standalone="no"?>
<newsitem date="1997-01-28" id="root" itemid="336904" xml:lang="en">
<title>USA: Noble Affiliates Inc Q4 earnings rise.</title>
<headline>Noble Affiliates Inc Q4 earnings rise.</headline>
<dateline>ARDMORE, Okla. 1997-01-28</dateline>
<text>
<p>1996		     1995</p>
<p> Shr primary profit$0.53	     Loss $0.05</p>
<p> Net     profit  29,036	    loss 2,440</p>
<p> Revs		275,976		  177,744</p>
<p> Avg shrs	  54,589		   50,087</p>
<p>	  12 MONTHS</p>
<p> Shr primary     $1.63		    $0.08</p>
<p> Net		 83,880		   4,086</p>
<p> Revs		887,203		  487,018</p>
<p> Avg shrs	  51,414		   50,046</p>
<p>(All data above 000s except per share numbers)</p>
</text>
<copyright>(c) Reuters Limited 1997</copyright>
<metadata>
<codes class="bip:countries:1.0">
  <code code="USA">
    <editdetail action="confirmed" attribution="Reuters BIP Coding Group" date="1997-01-28"/>
  </code>
</codes>
<codes class="bip:industries:1.0">
  <code code="I13000">
    <editdetail action="confirmed" attribution="Reuters BIP Coding Group" date="1997-01-28"/>
  </code>
</codes>
<codes class="bip:topics:1.0">
  <code code="C15">
    <editdetail action="confirmed" attribution="Reuters BIP Coding Group" date="1997-01-28"/>
  </code>
  <code code="C151">
    <editdetail action="confirmed" attribution="Reuters BIP Coding Group" date="1997-01-28"/>
  </code>
  <code code="C1511">
    <editdetail action="confirmed" attribution="Reuters BIP Coding Group" date="1997-01-28"/>
  </code>
  <code code="CCAT">
    <editdetail action="confirmed" attribution="Reuters BIP Coding Group" date="1997-01-28"/>
  </code>
</codes>
<dc element="dc.date.created" value="1997-01-28"/>
<dc element="dc.publisher" value="Reuters Holdings Plc"/>
<dc element="dc.date.published" value="1997-01-28"/>
<dc element="dc.source" value="Reuters"/>
<dc element="dc.creator.location" value="ARDMORE, Okla."/>
<dc element="dc.creator.location.country.name" value="USA"/>
<dc element="dc.source" value="Reuters"/>
</metadata>
</newsitem>
