<?xml version="1.0" encoding="ISO-8859-1" standalone="no"?>
<newsitem date="1997-01-28" id="root" itemid="337974" xml:lang="en">
<title>USA: Western Dubuque Cty CSD, Iowa, won by Seattle Northwest. [CORRECTED 21:55 GMT]</title>
<headline>Western Dubuque Cty CSD, Iowa, won by Seattle Northwest. [CORRECTED 21:55 GMT]</headline>
<dateline>NEW YORK 1997-01-28</dateline>
<text>
<p>(Corrects winner from Piper Jaffrey to Seattle Northwest Securities Corp.)</p>
<p>Seattle Northwest Securities Corp. said it won $3.605 million of Western Dubuque Cty CSD, Iowa, general obligation school refunding bonds, Series 1997, with a net interest cost of 4.8547 percent. (Corrects net interest cost from 4.88.)</p>
</text>
<copyright>(c) Reuters Limited 1997</copyright>
<metadata>
<codes class="bip:countries:1.0">
  <code code="USA">
    <editdetail action="confirmed" attribution="Reuters BIP Coding Group" date="1997-01-28"/>
  </code>
</codes>
<codes class="bip:topics:1.0">
  <code code="E21">
    <editdetail action="confirmed" attribution="Reuters BIP Coding Group" date="1997-01-28"/>
  </code>
  <code code="E212">
    <editdetail action="confirmed" attribution="Reuters BIP Coding Group" date="1997-01-28"/>
  </code>
  <code code="ECAT">
    <editdetail action="confirmed" attribution="Reuters BIP Coding Group" date="1997-01-28"/>
  </code>
</codes>
<dc element="dc.date.created" value="1997-01-28"/>
<dc element="dc.publisher" value="Reuters Holdings Plc"/>
<dc element="dc.date.published" value="1997-01-28"/>
<dc element="dc.source" value="Reuters"/>
<dc element="dc.creator.location" value="NEW YORK"/>
<dc element="dc.creator.location.country.name" value="USA"/>
<dc element="dc.source" value="Reuters"/>
</metadata>
</newsitem>
