<?xml version="1.0" encoding="ISO-8859-1" standalone="no"?>
<newsitem date="1997-01-28" id="root" itemid="337650" xml:lang="en">
<title>HONG KONG: New World PCS sets terms on HK$1.5 bln loan.</title>
<headline>New World PCS sets terms on HK$1.5 bln loan.</headline>
<dateline>HONG KONG 1997-01-28</dateline>
<text>
<p>New World PCS Ltd plans to launch its HK$1.5 billion loan facility into general syndication on February 3, bankers said on Tuesday.</p>
<p>They said New World Development Co will guarantee 85 percent of the loan, while Thailand's Total Access Communications PCL will guarantee the remaining 15 percent.</p>
<p>The amortising loan has a final maturity of eight years with a put option in year five. It will pay a margin of 75 basis points over the Hong Kong Interbank Offered Rate.</p>
<p>With fees, the all-in return for top-tier managers is expected to be in the mid-80s, bankers said.</p>
<p>Proceeds will be used for the company's development of the next generation of mobile communications.</p>
<p>Arrangers are Deutsche Bank Hong Kong, Hang Seng Bank and BNP Hong Kong.</p>
<p>New World Develpment Co is a major Hong Kong blue-chip company.</p>
<p>Total Access is the second-largest mobile phone operator in Thailand. The company said last week it expects 1996 net profit to grow by 36 percent from 1995's 1.9 billion baht.</p>
<p>-- Hong Kong Newsroom (852) 2847 4039</p>
</text>
<copyright>(c) Reuters Limited 1997</copyright>
<metadata>
<codes class="bip:countries:1.0">
  <code code="THAIL">
    <editdetail action="confirmed" attribution="Reuters BIP Coding Group" date="1997-01-28"/>
  </code>
</codes>
<codes class="bip:industries:1.0">
  <code code="I79020">
    <editdetail action="confirmed" attribution="Reuters BIP Coding Group" date="1997-01-28"/>
  </code>
  <code code="I85000">
    <editdetail action="confirmed" attribution="Reuters BIP Coding Group" date="1997-01-28"/>
  </code>
</codes>
<codes class="bip:topics:1.0">
  <code code="C17">
    <editdetail action="confirmed" attribution="Reuters BIP Coding Group" date="1997-01-28"/>
  </code>
  <code code="C173">
    <editdetail action="confirmed" attribution="Reuters BIP Coding Group" date="1997-01-28"/>
  </code>
  <code code="CCAT">
    <editdetail action="confirmed" attribution="Reuters BIP Coding Group" date="1997-01-28"/>
  </code>
</codes>
<dc element="dc.date.created" value="1997-01-28"/>
<dc element="dc.publisher" value="Reuters Holdings Plc"/>
<dc element="dc.date.published" value="1997-01-28"/>
<dc element="dc.source" value="Reuters"/>
<dc element="dc.creator.location" value="HONG KONG"/>
<dc element="dc.creator.location.country.name" value="HONG KONG"/>
<dc element="dc.source" value="Reuters"/>
</metadata>
</newsitem>
