<?xml version="1.0" encoding="ISO-8859-1" standalone="no"?>
<newsitem date="1997-01-28" id="root" itemid="336814" xml:lang="en">
<title>USA: Labarge Inc Q2 December 29 net rises.</title>
<headline>Labarge Inc Q2 December 29 net rises.</headline>
<dateline>ST. LOUIS, Mo. 1997-01-28</dateline>
<text>
<p>1996			1995</p>
<p> Shr		 $0.10		    $0.03</p>
<p> Net		 1,547		    414</p>
<p> Revs		24,102		   14,910</p>
<p>	  SIX MONTHS</p>
<p> Shr		 $0.19		    $0.03</p>
<p> Net		 2,947		    500</p>
<p> Revs		46,026		   28,271</p>
<p>(All data above 000s except per share numbers)</p>
<p>((Chciago newsdesk (312) 408-8787))</p>
</text>
<copyright>(c) Reuters Limited 1997</copyright>
<metadata>
<codes class="bip:countries:1.0">
  <code code="USA">
    <editdetail action="confirmed" attribution="Reuters BIP Coding Group" date="1997-01-28"/>
  </code>
</codes>
<codes class="bip:topics:1.0">
  <code code="C15">
    <editdetail action="confirmed" attribution="Reuters BIP Coding Group" date="1997-01-28"/>
  </code>
  <code code="C151">
    <editdetail action="confirmed" attribution="Reuters BIP Coding Group" date="1997-01-28"/>
  </code>
  <code code="CCAT">
    <editdetail action="confirmed" attribution="Reuters BIP Coding Group" date="1997-01-28"/>
  </code>
</codes>
<dc element="dc.date.created" value="1997-01-28"/>
<dc element="dc.publisher" value="Reuters Holdings Plc"/>
<dc element="dc.date.published" value="1997-01-28"/>
<dc element="dc.source" value="Reuters"/>
<dc element="dc.creator.location" value="ST. LOUIS, Mo."/>
<dc element="dc.creator.location.country.name" value="USA"/>
<dc element="dc.source" value="Reuters"/>
</metadata>
</newsitem>
