<?xml version="1.0" encoding="ISO-8859-1" standalone="no"?>
<newsitem date="1997-01-28" id="root" itemid="338288" xml:lang="en">
<title>INDIA: INDIAN HEADLINE STOCKS - factors to watch - Jan 28.</title>
<headline>INDIAN HEADLINE STOCKS - factors to watch - Jan 28.</headline>
<dateline>BOMBAY 1997-01-28</dateline>
<text>
<p>Following are some of the main factors affecting Indian stock markets on Tuesday morning:</p>
<p>NEWS OUTLOOK:</p>
<p>**  Prime Minister H.D. Deve Gowda said on Monday new economic policy measures will be announced this week, in a clear message to investors in India to stop worrying about the government's commitment to reforms.</p>
<p>	  "Some decisions will be coming in the next two to three</p>
<p>days," Deve Gowda told the All India Association of Industries at a meeting in Bombay.</p>
<p>	   Parliament's approval will be needed for further</p>
<p>measures the government planned to announce in the budget set for February 28, he said.</p>
<p>	   Investors in India's stock markets anticipated good</p>
<p>news on the way, and the Bombay Stock Exchange (BSE's) top 30-share index shot up 3.7 percent higher on Monday, gaining 127.12 points to finish at 3,562.74.</p>
<p>**  The expert panel on small enterprises mooted highly debatable and sweeping reforms in the small-scale sector to make it globally competitive, the Financial Express reports. The committee recommended abolition of the reservation policy, scrapping foreign equity limit and enhancing investment limit to 30 million rupees for the sector, the paper says.</p>
<p>**  The bourse regulator (SEBI) allowed three foreign institutional investors (FIIs) to invest in 100 percent debt funds, the Observer says.</p>
<p>	  This investment route was approved by the government and</p>
<p>SEBI in December. The clearance was for investments totalling $203 million in the next three months, the paper reports.</p>
<p>**  Daewoo Corporation has got clearance from the Foreign Investment Promotion Board to increase its equity stake in joint venture DCM Daewoo Ltd to a maximum 87 percent from 75 percent, the Business Standard reports.</p>
<p>	  The formal letter of approval is expected in a few days.</p>
<p>The DCM group's equity stake in the company is thus set to go down to about 1.5 percent against a 34 percent stake the Indian partner held when the joint venture was formed, the paper says.</p>
<p>**  Germany's Volkswagen AG plans to invest $100 million in a car manufacturing plant in India, the Press Trust of India (PTI) on Monday quoted a senior Volkswagen official as saying.</p>
<p>	  PTI said Bernd Lohning told the news agency in the</p>
<p>southern city of Bangalore that Volkswagen was seeking an Indian partner and hoped the factory would begin producing two models later this year. PTI did not give Lohning's title.</p>
<p>	 "We are looking forward to invest to the tune of about</p>
<p>$100 million in India, and the plant would be in Bangalore," PTI quoted Lohning as saying.  </p>
<p>MARKETS:</p>
<p>**  The National Stock Exchange  50-stock index</p>
<p>	  gained 23.25 points, or 2.36 percent, to 1,009.15.</p>
<p>**  The Delhi index  rose 4.9 percent to 761.53 points</p>
<p>**  The Calcutta index added 14.58 points to 460.90</p>
<p>**  The Madras index  was up 68.40 points to 3,361.87</p>
<p>-- Bombay newsroom +91-22-265 9000</p>
</text>
<copyright>(c) Reuters Limited 1997</copyright>
<metadata>
<codes class="bip:countries:1.0">
  <code code="INDIA">
    <editdetail action="confirmed" attribution="Reuters BIP Coding Group" date="1997-01-28"/>
  </code>
</codes>
<codes class="bip:topics:1.0">
  <code code="M11">
    <editdetail action="confirmed" attribution="Reuters BIP Coding Group" date="1997-01-28"/>
  </code>
  <code code="MCAT">
    <editdetail action="confirmed" attribution="Reuters BIP Coding Group" date="1997-01-28"/>
  </code>
</codes>
<dc element="dc.date.created" value="1997-01-28"/>
<dc element="dc.publisher" value="Reuters Holdings Plc"/>
<dc element="dc.date.published" value="1997-01-28"/>
<dc element="dc.source" value="Reuters"/>
<dc element="dc.creator.location" value="BOMBAY"/>
<dc element="dc.creator.location.country.name" value="INDIA"/>
<dc element="dc.source" value="Reuters"/>
</metadata>
</newsitem>
