<?xml version="1.0" encoding="ISO-8859-1" standalone="no"?>
<newsitem date="1997-01-28" id="root" itemid="336729" xml:lang="en">
<title>USA: Valley Systems Q2 Dec 31 net up from gain.</title>
<headline>Valley Systems Q2 Dec 31 net up from gain.</headline>
<dateline>CANAL FULTON, Ohio 1997-01-28</dateline>
<text>
<p>Valley Systems Inc	    (Unaudited)</p>
<p>			Three months ended	Six months ended</p>
<p>			   December 31		 December 31</p>
<p>			    1996	1995	  1996	  1995</p>
<p> Sales	    $5,132,772 $5,610,809 $11,408,176 $11,498,650</p>
<p> Cost of sales   3,405,343  3,677,186   7,313,831   7,518,904</p>
<p>Gross profit</p>
<p>		     1,727,429  1,933,623   4,094,345   3,979,746</p>
<p>Selling, general and administrative</p>
</text>
<copyright>(c) Reuters Limited 1997</copyright>
<metadata>
<codes class="bip:countries:1.0">
  <code code="USA">
    <editdetail action="confirmed" attribution="Reuters BIP Coding Group" date="1997-01-28"/>
  </code>
</codes>
<codes class="bip:industries:1.0">
  <code code="I92300">
    <editdetail action="confirmed" attribution="Reuters BIP Coding Group" date="1997-01-28"/>
  </code>
</codes>
<codes class="bip:topics:1.0">
  <code code="C15">
    <editdetail action="confirmed" attribution="Reuters BIP Coding Group" date="1997-01-28"/>
  </code>
  <code code="C151">
    <editdetail action="confirmed" attribution="Reuters BIP Coding Group" date="1997-01-28"/>
  </code>
  <code code="CCAT">
    <editdetail action="confirmed" attribution="Reuters BIP Coding Group" date="1997-01-28"/>
  </code>
</codes>
<dc element="dc.date.created" value="1997-01-28"/>
<dc element="dc.publisher" value="Reuters Holdings Plc"/>
<dc element="dc.date.published" value="1997-01-28"/>
<dc element="dc.source" value="Reuters"/>
<dc element="dc.creator.location" value="CANAL FULTON, Ohio"/>
<dc element="dc.creator.location.country.name" value="USA"/>
<dc element="dc.source" value="Reuters"/>
</metadata>
</newsitem>
