<?xml version="1.0" encoding="ISO-8859-1" standalone="no"?>
<newsitem date="1997-01-28" id="root" itemid="337038" xml:lang="en">
<title>BULGARIA: NEW BULGARIAN PRESIDENT WANTS ELECTIONS, REFORMS.</title>
<headline>NEW BULGARIAN PRESIDENT WANTS ELECTIONS, REFORMS.</headline>
<byline>Stephen Weeks</byline>
<dateline>SOFIA 1997-01-28</dateline>
<text>
<p>Bulgarian President Petar Stoyanov has called on the ruling Socialists to accept demands for quick elections by returning the mandate he will give them on Tuesday to try to form a new government.</p>
<p>"For almost a month Bulgaria has been in a deep crisis. It is on the threshhold of hyperinflation. Immediate political and financial stabilisation is needed to survive the winter," said Stoyanov, who was sworn in as president last week.</p>
<p>Bulgaria has been in political limbo since Socialist prime minister Zhan Videnov and his cabinet resigned on December 21.</p>
<p>Stoyanov, a lawyer and pro-market liberal, said he wanted to name an interim government and hold a special 10-day session of parliament to adopt vital economic reforms.</p>
<p>"Bulgaria needs very fast reforms because payments on domestic and foreign debt are due and the most important of them is due in July," he said in his statement to reporters.</p>
<p>The International Monetary Fund (IMF) has withheld a 115 million standby credit because the Socialists failed to carry out reforms, such as closing loss-making state companies and speeding up privatisation.</p>
<p>The Balkan state has been swept into crisis with inflation now above 300 percent annually, the lev driven down to record lows and protesters packing Sofia's streets daily to call for immediate elections.</p>
<p>The demonstrators, who plan a 23rd day of street protests on Tuesday, fiercely oppose the Socialists staying in power.</p>
<p>Under the constitution, Stoyanov must give the mandate to the Socialists first, as the largest party in parliament. If they fail to form a government, the mandate will be offered in turn to each of the opposition parties.</p>
<p>If they all fail, elections will be held within two months. Stoyanov asked all parties to return the mandate immediately to speed elections -- not due until December 1998.</p>
<p>Wheeling and dealing was expected throughout the night. The Socialists have an absolute majority in the 240-seat parliament but they are divided between reform-minded social democrats and hardline opponents to change.</p>
<p>Opposition parties have vowed to intensify their protests if the Socialists form a new government and the country could be plunged into a prolonged economic crisis.</p>
<p>"I will hand the mandate with a clear mind that if now we miss the chance for a political compromise, the crisis will not be overcome," Stoyanov said.</p>
<p>While he has negotiated between the Socialists and the opposition Union of Democratic Forces (UDR), anti-government protests have continued and the lev has been in a freefall.</p>
<p>"People are getting poorer by the hour and that is why they are in the street demonstrating," said Viktor Papazov, chairman of the Bulgarian Stock Exchange.</p>
<p>Some 2,000 students with white-painted faces held a "march of the dead" in Sofia on Monday, blowing whistles and shaking cans full of worthless levs.</p>
<p>They joined some 18,000 protesters at an opposition rally at Alexander Nevsky cathedral, including a group of miners with helmets and lamps.</p>
<p>"I'm here because I'm hungry and I'm angry," proclaimed one banner.</p>
</text>
<copyright>(c) Reuters Limited 1997</copyright>
<metadata>
<codes class="bip:countries:1.0">
  <code code="BUL">
    <editdetail action="confirmed" attribution="Reuters BIP Coding Group" date="1997-01-28"/>
  </code>
</codes>
<codes class="bip:topics:1.0">
  <code code="GCAT">
    <editdetail action="confirmed" attribution="Reuters BIP Coding Group" date="1997-01-28"/>
  </code>
  <code code="GPOL">
    <editdetail action="confirmed" attribution="Reuters BIP Coding Group" date="1997-01-28"/>
  </code>
  <code code="GVOTE">
    <editdetail action="confirmed" attribution="Reuters BIP Coding Group" date="1997-01-28"/>
  </code>
</codes>
<dc element="dc.date.created" value="1997-01-28"/>
<dc element="dc.publisher" value="Reuters Holdings Plc"/>
<dc element="dc.date.published" value="1997-01-28"/>
<dc element="dc.source" value="Reuters"/>
<dc element="dc.creator.location" value="SOFIA"/>
<dc element="dc.creator.location.country.name" value="BULGARIA"/>
<dc element="dc.source" value="Reuters"/>
</metadata>
</newsitem>
