<?xml version="1.0" encoding="ISO-8859-1" standalone="no"?>
<newsitem date="1997-01-28" id="root" itemid="338173" xml:lang="en">
<title>BANGLADESH: Bangladesh jute prices - Jan 28.</title>
<headline>Bangladesh jute prices - Jan 28.</headline>
<text>
<p>Rates supplied by the Bangladesh Jute Association</p>
<p>JUTE</p>
<p>VARIETY			 BALES		     FOB Naraynaganj</p>
<p>			   (One bale = 180 kg)	  (Taka per bale)</p>
<p>						    Ready Position (in taka)</p>
<p>Bangla white special     (BW special)		 4,300</p>
<p>Bangla white A	     (BWA)			  4,100</p>
<p>Bangla white B	     (BWB)			  3,800</p>
<p>Bangla white C	     (BWC)			  3,500</p>
<p>Bangla white D	     (BWD)			  3,150</p>
<p>Bangla white E	     (BWE)			  2,800</p>
<p>Bangla tossa special     (BTS)			  4,350</p>
<p>Bangla tossa A	     (BTA)			  4,150</p>
<p>Bangla tossa B	     (BTB)			  3,850</p>
<p>Bangla tossa C	     (BTC)			  3,550</p>
<p>Bangla tossa D	     (BTD)			  3,200</p>
<p>Bangla tossa E	     (BTE)			  2,850</p>
<p>WRS/TRS, HABIJABI, CUT ROPES</p>
<p>Bangla white rejection   (BWR)			  2,300</p>
<p>Bangla white habijabi    (BWH)			  2,000</p>
<p>Bangla tossa rejection   (BTR)			  2,400</p>
<p>Bangla tossa habijabi    (BTH)			  2,050</p>
<p>Bangla cut ropes	   (BCR)			  2,000</p>
<p>CUTTINGS</p>
<p>Bangla white cuttings A  (BWCA)			 1,900</p>
<p>Bangla white cuttings B  (BWCB)			 1,800</p>
<p>Bangla tossa cuttings A  (BTCA)			 2,000</p>
<p>Bangla tossa cuttings B  (BTCB)			 1,900</p>
<p>MESHTA</p>
<p>Meshta special					     3,000</p>
<p>Meshta A						     2,900</p>
<p>Meshta B						     2,700</p>
<p>Meshta C						     2,500</p>
<p>Special meshta cuttings				  1,800</p>
<p>Ordinary meshta cuttings				 1,700</p>
<p>Meshta- SMR						  2,100</p>
<p>STATE OF THE MARKET--REMARKS</p>
<p>Quality		 - average</p>
<p>Condition	     - normal</p>
<p>Naryanganj imports  - About 15,000 monds</p>
<p>Daulatpur imports   - About 20,000 monds</p>
<p>(37.32 kg =1 mond)</p>
<p>Market		  - Steady</p>
<p>NOTE</p>
<p>Raw jute exports (1.7.1996 to 31.12.96)</p>
<p>877,000 bales</p>
<p>Value</p>
<p>2,429.2 million taka ($ 1= 41.45 taka)</p>
<p>Source :  - Bangladesh Jute Association, Dhaka +880-2-9552916, Narayanganj tel No. +880-671-72193, +880-671-62756</p>
</text>
<copyright>(c) Reuters Limited 1997</copyright>
<metadata>
<codes class="bip:countries:1.0">
  <code code="BANDH">
    <editdetail action="confirmed" attribution="Reuters BIP Coding Group" date="1997-01-28"/>
  </code>
</codes>
<codes class="bip:topics:1.0">
  <code code="M14">
    <editdetail action="confirmed" attribution="Reuters BIP Coding Group" date="1997-01-28"/>
  </code>
  <code code="M141">
    <editdetail action="confirmed" attribution="Reuters BIP Coding Group" date="1997-01-28"/>
  </code>
  <code code="MCAT">
    <editdetail action="confirmed" attribution="Reuters BIP Coding Group" date="1997-01-28"/>
  </code>
</codes>
<dc element="dc.publisher" value="Reuters Holdings Plc"/>
<dc element="dc.date.published" value="1997-01-28"/>
<dc element="dc.source" value="Reuters"/>
<dc element="dc.creator.location.country.name" value="BANGLADESH"/>
<dc element="dc.source" value="Reuters"/>
</metadata>
</newsitem>
