<?xml version="1.0" encoding="ISO-8859-1" standalone="no"?>
<newsitem date="1997-01-28" id="root" itemid="336624" xml:lang="en">
<title>USA: UTILX Corp Q3 net rises.</title>
<headline>UTILX Corp Q3 net rises.</headline>
<dateline>KENT, Wash. 1997-01-28</dateline>
<text>
<p>FINANCIAL HIGHLIGHTS</p>
<p>			 (in thousands except per share amounts)</p>
<p>			  Third Quarter Ending   Nine Months Ending</p>
<p>			   12/31/96  12/31/95    12/31/96  12/31/95</p>
<p>Revenues:</p>
<p> FlowMole		   $11,052 $ 8,828	$30,237  $26,068</p>
<p> CableCure		    4,033   2,325	 11,253    4,504</p>
<p>  International	     1,232   2,002	  5,500    5,456</p>
<p> Total Revenues	    16,317  13,155	 46,990   36,028</p>
<p> Gross Profit		 2,713   2,357	  8,113    5,123</p>
<p> Operating Expenses	 1,874   2,216	  6,077    6,440</p>
<p> Operating Income (Loss)    839     141	  2,036  (1,317)</p>
<p>Income (Loss) Before</p>
<p>  Income Taxes		  812     163	  1,993  (1,163)</p>
<p>Income Tax Benefit</p>
<p> (Provision)		 944(a)    (59)	 932(a)	314</p>
<p> Net Income (Loss)	  1,756     104	  2,925    (849)</p>
<p>Fully Diluted Earnings</p>
<p> (Loss) Per Share	    0.24    0.01	   0.40   (0.12)</p>
<p>Fully Diluted Shares</p>
<p> Outstanding		  7,434   7,192	  7,325    7,185</p>
<p>(a) 12/31/96 Income Tax Benefit Includes $850 Benefit Relating To Tax Refunds For Prior Years</p>
</text>
<copyright>(c) Reuters Limited 1997</copyright>
<metadata>
<codes class="bip:countries:1.0">
  <code code="USA">
    <editdetail action="confirmed" attribution="Reuters BIP Coding Group" date="1997-01-28"/>
  </code>
</codes>
<codes class="bip:industries:1.0">
  <code code="I50200">
    <editdetail action="confirmed" attribution="Reuters BIP Coding Group" date="1997-01-28"/>
  </code>
</codes>
<codes class="bip:topics:1.0">
  <code code="C15">
    <editdetail action="confirmed" attribution="Reuters BIP Coding Group" date="1997-01-28"/>
  </code>
  <code code="C151">
    <editdetail action="confirmed" attribution="Reuters BIP Coding Group" date="1997-01-28"/>
  </code>
  <code code="CCAT">
    <editdetail action="confirmed" attribution="Reuters BIP Coding Group" date="1997-01-28"/>
  </code>
</codes>
<dc element="dc.date.created" value="1997-01-28"/>
<dc element="dc.publisher" value="Reuters Holdings Plc"/>
<dc element="dc.date.published" value="1997-01-28"/>
<dc element="dc.source" value="Reuters"/>
<dc element="dc.creator.location" value="KENT, Wash."/>
<dc element="dc.creator.location.country.name" value="USA"/>
<dc element="dc.source" value="Reuters"/>
</metadata>
</newsitem>
