<?xml version="1.0" encoding="ISO-8859-1" standalone="no"?>
<newsitem date="1997-01-28" id="root" itemid="337714" xml:lang="en">
<title>USA: Most IMM currencies close down, but off day's lows.</title>
<headline>Most IMM currencies close down, but off day's lows.</headline>
<text>
<p>Jan 28 - Most IMM currency futures closed lower but up from the days lows, underpinned by profit-taking in afternoon trade. IMM marks, Swiss and yen all hit contract lows overnight, yen made new lows during the day. Traders said tone still weak despite the profittaking. Canadian dollar posted mild gains as bullish momentum there returns, trader said. ((DerivativesDesk(312)408-8750/E-mail:derivatives@reuters.com))</p>
</text>
<copyright>(c) Reuters Limited 1997</copyright>
<metadata>
<codes class="bip:countries:1.0">
  <code code="USA">
    <editdetail action="confirmed" attribution="Reuters BIP Coding Group" date="1997-01-28"/>
  </code>
</codes>
<codes class="bip:topics:1.0">
  <code code="M13">
    <editdetail action="confirmed" attribution="Reuters BIP Coding Group" date="1997-01-28"/>
  </code>
  <code code="M132">
    <editdetail action="confirmed" attribution="Reuters BIP Coding Group" date="1997-01-28"/>
  </code>
  <code code="MCAT">
    <editdetail action="confirmed" attribution="Reuters BIP Coding Group" date="1997-01-28"/>
  </code>
</codes>
<dc element="dc.publisher" value="Reuters Holdings Plc"/>
<dc element="dc.date.published" value="1997-01-28"/>
<dc element="dc.source" value="Reuters"/>
<dc element="dc.creator.location.country.name" value="USA"/>
<dc element="dc.source" value="Reuters"/>
</metadata>
</newsitem>
