<?xml version="1.0" encoding="ISO-8859-1" standalone="no"?>
<newsitem date="1997-01-28" id="root" itemid="336815" xml:lang="en">
<title>USA: Allergan Inc Q4 net declines.</title>
<headline>Allergan Inc Q4 net declines.</headline>
<dateline>IRVINE, Calif. 1997-01-28</dateline>
<text>
<p>Three Months		    Years</p>
<p>in millions, except per share</p>
<p>			     Ended Dec. 31,	    Ended Dec. 31,</p>
<p>		1996	1995   % Inc.   1996     1995    % Inc.</p>
<p>Net Sales</p>
<p>	     $311.8    $303.1  3 pct   $1,147.0 $1,067.2  7 pct</p>
<p>Costs and expenses</p>
<p>Cost of sales</p>
<p>			  102.0	91.6		384.7    328.0</p>
<p>Selling, general</p>
<p>and administrative</p>
<p>			  115.2     119.3		464.0    451.2</p>
<p>Research &amp; development</p>
<p>			   37.1	36.8		118.3    116.7</p>
<p>Restructuring charge</p>
<p>			    7.4	   -		 70.1	  -</p>
<p>  Asset write-offs    0.4	   -		  7.4	  -</p>
<p>Contribution to</p>
<p>   ALRT		     -	   -		    -     50.0</p>
<p>  Operating Income   49.7	55.4		102.5    121.3</p>
<p>   Interest income    2.4	 2.7		 13.1     10.0</p>
<p>Interest expense</p>
<p>			  (2.6)     (3.7)	     (12.5)   (13.9)</p>
<p>   Other, net	   1.3	 1.8		  4.9	7.8</p>
<p>Interest and</p>
<p>   other, net	   1.1	 0.8		  5.5	3.9</p>
<p>Total costs and</p>
<p>  expenses	    261.0     246.9	    1,039.0    942.0</p>
<p>Earnings before</p>
<p>income taxes</p>
<p>and minority</p>
<p>  interest	     50.8	56.2		108.0    125.2</p>
<p>Provision for</p>
<p>  income taxes	 14.7	16.7		 31.3     51.7</p>
<p> Minority interest    0.1     (0.1)		(0.4)	1.0</p>
<p> Net Earnings	  36.0	39.6		 77.1     72.5</p>
<p>Net earnings per</p>
<p>  common share:	0.55	0.61		 1.17     1.12</p>
<p>Weighted average</p>
<p>number of</p>
<p>common shares</p>
<p>  outstanding	  65.9	65.1		 65.9     64.8</p>
</text>
<copyright>(c) Reuters Limited 1997</copyright>
<metadata>
<codes class="bip:countries:1.0">
  <code code="USA">
    <editdetail action="confirmed" attribution="Reuters BIP Coding Group" date="1997-01-28"/>
  </code>
</codes>
<codes class="bip:industries:1.0">
  <code code="I25700">
    <editdetail action="confirmed" attribution="Reuters BIP Coding Group" date="1997-01-28"/>
  </code>
</codes>
<codes class="bip:topics:1.0">
  <code code="C15">
    <editdetail action="confirmed" attribution="Reuters BIP Coding Group" date="1997-01-28"/>
  </code>
  <code code="C151">
    <editdetail action="confirmed" attribution="Reuters BIP Coding Group" date="1997-01-28"/>
  </code>
  <code code="C1511">
    <editdetail action="confirmed" attribution="Reuters BIP Coding Group" date="1997-01-28"/>
  </code>
  <code code="CCAT">
    <editdetail action="confirmed" attribution="Reuters BIP Coding Group" date="1997-01-28"/>
  </code>
</codes>
<dc element="dc.date.created" value="1997-01-28"/>
<dc element="dc.publisher" value="Reuters Holdings Plc"/>
<dc element="dc.date.published" value="1997-01-28"/>
<dc element="dc.source" value="Reuters"/>
<dc element="dc.creator.location" value="IRVINE, Calif."/>
<dc element="dc.creator.location.country.name" value="USA"/>
<dc element="dc.source" value="Reuters"/>
</metadata>
</newsitem>
