<?xml version="1.0" encoding="ISO-8859-1" standalone="no"?>
<newsitem date="1996-12-20" id="root" itemid="270793" xml:lang="en">
<title>FRANCE: France sells 1.98 bln Ffr BTANs at auction.</title>
<headline>France sells 1.98 bln Ffr BTANs at auction.</headline>
<dateline>PARIS 1996-12-20</dateline>
<text>
<p>The Treasury said on Friday it sold a further 1.98 billion francs of BTANs after Thursday's auction, increasing the total value of bonds sold to 20.565 billion.</p>
<p> MATURITY	COUPON	SALE AMOUNT     AVERAGE YIELD</p>
<p> 12.OCT.98	4.50	 10.854 BLN	  3.50</p>
<p> BID AMT/COVER    NON-COMPETITIVE BIDS   LOWEST ACCEPTED PRICE</p>
<p> 24.285 BLN/2.4		1.004 BLN	   101.67</p>
<p> PCT ALLOTED AT LOWEST PRICE*		  PAYMENT DATE</p>
<p> 100.0						   06.JAN</p>
<p> * PRICES ABOVE GOT ALLOTMENTS IN FULL     NEXT AUCTION</p>
<p>							     N/A</p>
<p> MATURITY	COUPON	SALE AMOUNT     AVERAGE YIELD</p>
<p> 12.OCT.01	5.50	  9.711 BLN	  4.70</p>
<p> BID AMT/COVER    NON-COMPETITIVE BIDS   LOWEST ACCEPTED PRICE</p>
<p> 17.850 BLN/2.1		 1.461 BLN	  103.30</p>
<p> PCT ALLOTED AT LOWEST PRICE*		  PAYMENT DATE</p>
<p> 100.0						   13.JAN</p>
<p> * PRICES ABOVE GOT ALLOTMENTS IN FULL     NEXT OFFER</p>
<p>							     N/A</p>
<p>NOTE - The Treasury originally announced it would sell 17 to 19 billion francs of BTANs in total today. The total bid cover ratio of the auction was 2.3.</p>
<p>Under the French system, primary dealers and central banks not only submit competitive bids at the auction, but also have the option, for a limited period after the sale, of buying extra bonds at the average auction price.</p>
<p>-- Paris Newsroom +331 4221 5452</p>
</text>
<copyright>(c) Reuters Limited 1996</copyright>
<metadata>
<codes class="bip:countries:1.0">
  <code code="FRA">
    <editdetail action="confirmed" attribution="Reuters BIP Coding Group" date="1996-12-20"/>
  </code>
</codes>
<codes class="bip:topics:1.0">
  <code code="E21">
    <editdetail action="confirmed" attribution="Reuters BIP Coding Group" date="1996-12-20"/>
  </code>
  <code code="E212">
    <editdetail action="confirmed" attribution="Reuters BIP Coding Group" date="1996-12-20"/>
  </code>
  <code code="ECAT">
    <editdetail action="confirmed" attribution="Reuters BIP Coding Group" date="1996-12-20"/>
  </code>
  <code code="M12">
    <editdetail action="confirmed" attribution="Reuters BIP Coding Group" date="1996-12-20"/>
  </code>
  <code code="MCAT">
    <editdetail action="confirmed" attribution="Reuters BIP Coding Group" date="1996-12-20"/>
  </code>
</codes>
<dc element="dc.date.created" value="1996-12-20"/>
<dc element="dc.publisher" value="Reuters Holdings Plc"/>
<dc element="dc.date.published" value="1996-12-20"/>
<dc element="dc.source" value="Reuters"/>
<dc element="dc.creator.location" value="PARIS"/>
<dc element="dc.creator.location.country.name" value="FRANCE"/>
<dc element="dc.source" value="Reuters"/>
</metadata>
</newsitem>
