<?xml version="1.0" encoding="ISO-8859-1" standalone="no"?>
<newsitem date="1997-01-28" id="root" itemid="337625" xml:lang="en">
<title>PHILIPPINES: PH-ADR Philippine stocks traded abroad.</title>
<headline>PH-ADR Philippine stocks traded abroad.</headline>
<dateline>MANILA 1996-01-29</dateline>
<text>
<p>Closing prices of Philippine stocks traded on Wall Street on Tuesday:</p>
<p> Company   Close	 Net Change  High     Low	 Volume</p>
<p> PLDT	US$58 1/2   +1 3/4	58 5/8   58 1/4     82200</p>
<p> Benguet   US$0 12/32  No change   0 13/32  0 12/32     6100</p>
<p> 1st Phil  US$15 7/8   No change   16 1/8   15 7/8     46400</p>
</text>
<copyright>(c) Reuters Limited 1997</copyright>
<metadata>
<codes class="bip:countries:1.0">
  <code code="PHLNS">
    <editdetail action="confirmed" attribution="Reuters BIP Coding Group" date="1997-01-28"/>
  </code>
</codes>
<codes class="bip:topics:1.0">
  <code code="M11">
    <editdetail action="confirmed" attribution="Reuters BIP Coding Group" date="1997-01-28"/>
  </code>
  <code code="MCAT">
    <editdetail action="confirmed" attribution="Reuters BIP Coding Group" date="1997-01-28"/>
  </code>
</codes>
<dc element="dc.date.created" value="1996-01-29"/>
<dc element="dc.publisher" value="Reuters Holdings Plc"/>
<dc element="dc.date.published" value="1997-01-28"/>
<dc element="dc.source" value="Reuters"/>
<dc element="dc.creator.location" value="MANILA"/>
<dc element="dc.creator.location.country.name" value="PHILIPPINES"/>
<dc element="dc.source" value="Reuters"/>
</metadata>
</newsitem>
