<?xml version="1.0" encoding="ISO-8859-1" standalone="no"?>
<newsitem date="1996-12-20" id="root" itemid="270733" xml:lang="en">
<title>USA: PRESS DIGEST - New York Times page one - Dec 20.</title>
<headline>PRESS DIGEST - New York Times page one - Dec 20.</headline>
<dateline>NEW YORK 1996-12-20</dateline>
<text>
<p>The New York Times reported the following stories on its front page on Friday:</p>
<p>- As the siege on the Japanese Ambassador's residence in Lima, Peru, went into its third night, diplomats shuttled between Peruvian officials and rebel leaders trying to free about 400 hostages.</p>
<p>- Peru received but did not act on several warnings in the last year that guerrilla groups were planning raids.</p>
<p>- The New Jersey State Legislature approved a bill to set broad curriculum standards and commit the state to help each district spend what it takes to meet those standards.</p>
<p>- New York City's crime rate has plunged for the third straight year.</p>
<p>- The Justice Department has issued subpoenas to the White House and President Clinton's legal defence fund seeking records concerning activities of many of the Democrats' most important fund raisers and supporters.</p>
<p>-- New York Newsdesk 212 859-1610</p>
</text>
<copyright>(c) Reuters Limited 1996</copyright>
<metadata>
<codes class="bip:countries:1.0">
  <code code="USA">
    <editdetail action="confirmed" attribution="Reuters BIP Coding Group" date="1996-12-20"/>
  </code>
</codes>
<codes class="bip:topics:1.0">
  <code code="GCAT">
    <editdetail action="confirmed" attribution="Reuters BIP Coding Group" date="1996-12-20"/>
  </code>
</codes>
<dc element="dc.date.created" value="1996-12-20"/>
<dc element="dc.publisher" value="Reuters Holdings Plc"/>
<dc element="dc.date.published" value="1996-12-20"/>
<dc element="dc.source" value="Reuters"/>
<dc element="dc.creator.location" value="NEW YORK"/>
<dc element="dc.creator.location.country.name" value="USA"/>
<dc element="dc.source" value="Reuters"/>
</metadata>
</newsitem>
