<?xml version="1.0" encoding="ISO-8859-1" standalone="no"?>
<newsitem date="1997-01-28" id="root" itemid="337618" xml:lang="en">
<title>MALAYSIA: KL palm oil ends higher on afternoon support.</title>
<headline>KL palm oil ends higher on afternoon support.</headline>
<dateline>KUALA LUMPUR 1997-01-28</dateline>
<text>
<p>Palm oil prices surged in the afternoon session on fresh trade buying and talk of a Pakistani tender soon after moving in tight ranges earlier, trader said.</p>
<p>"The afternoon market came back to live. There was a sudden burst of trade buying interest and there was a lot of switching activity," a trader said, adding that spread trades were mostly seen from March to April, March to May and Feb to April.</p>
<p>"People are trying to get rid of the nearby futures and buying forward," the trader said.</p>
<p>Another trader said there was some fresh participation seen in physical sector and sentiment was spilled over to futures.  </p>
<p>"There was more buying when third month was above the 1,270 ringgit level and buying was seen from refiners and dealers," the trader added.</p>
<p>Talk that Pakistan will issue tenders soon also triggered some speculative interest. But there was no confirmation on this tender talk, they said.</p>
<p>"Demand looks bad in recent weeks and major buyers had not been in the market for sometimes and the market is expected buyers like India and Pakistan to come in," the trader said.</p>
<p>The market fluctuated narrowly in earlier sessions with players uncertain of the market trend.  </p>
<p>Third month, April futures closed nine ringgit up at 1,274 ringgit ($511.03) a tonne.</p>
<p>Physical Jan (south) crude palm oil was offered at 1,340 against bids at 1,330 after trading at 1,330 to 1,332.50.</p>
<p>Jan (central) was offered at 1,335 and bids at 1,330 with early trades at 1,330.</p>
<p>Feb (south) saw offers at 1,335 with bids at 1,330 with earlier trades of 1,330 and 1,335 and Feb (central) at 1,335 against 1,325.  </p>
<p>Among refined products, Feb RBD palm oil was offered at $565 a tonne FOB Malaysia and Mar at $557.50 and Apr/May/Jun at $547.50.</p>
<p>Feb RBD palm olein saw offers at $595, Mar at $590 and Apr/May/Jun at $577.50. Feb was traded at $592.50 and Mar at $587.50.</p>
<p>Feb/Mar RBD palm stearin was offered at $452.50 and and Feb/Mar palm fatty acid distillate saw sellers at $305.</p>
<p>-- Tan Lee Lee - (603-230-7510) ($1 =2.4930 ringgit)</p>
</text>
<copyright>(c) Reuters Limited 1997</copyright>
<metadata>
<codes class="bip:countries:1.0">
  <code code="MALAY">
    <editdetail action="confirmed" attribution="Reuters BIP Coding Group" date="1997-01-28"/>
  </code>
</codes>
<codes class="bip:topics:1.0">
  <code code="M14">
    <editdetail action="confirmed" attribution="Reuters BIP Coding Group" date="1997-01-28"/>
  </code>
  <code code="M141">
    <editdetail action="confirmed" attribution="Reuters BIP Coding Group" date="1997-01-28"/>
  </code>
  <code code="MCAT">
    <editdetail action="confirmed" attribution="Reuters BIP Coding Group" date="1997-01-28"/>
  </code>
</codes>
<dc element="dc.date.created" value="1997-01-28"/>
<dc element="dc.publisher" value="Reuters Holdings Plc"/>
<dc element="dc.date.published" value="1997-01-28"/>
<dc element="dc.source" value="Reuters"/>
<dc element="dc.creator.location" value="KUALA LUMPUR"/>
<dc element="dc.creator.location.country.name" value="MALAYSIA"/>
<dc element="dc.source" value="Reuters"/>
</metadata>
</newsitem>
