<?xml version="1.0" encoding="ISO-8859-1" standalone="no"?>
<newsitem date="1997-01-28" id="root" itemid="337919" xml:lang="en">
<title>USA: CBOT soybeans end weaker on late fund sell-off.</title>
<headline>CBOT soybeans end weaker on late fund sell-off.</headline>
<dateline>CHICAGO 1997-01-28</dateline>
<text>
<p>Late fund selling erased gains in soybeans on Tuesday, following technical weakness in corn, with forecasts for rain in Brazil compounding losses, traders said.</p>
<p>Technically, the market weakened after it was unable to sustain gains above $7.50 per bushel and failed to break the near-term high at $7.54, technical traders said. Fund and local selling appeared after noon.</p>
<p>"They can't take out fifty-four ($7.54 in the March). Fifty-four is resistance plus there is rain in the forecast for later this week," said Vic Lespinasse of Dean Witter.</p>
<p>Forecasts called for rain to hit dry pockets of Brazil's Rio Grande do Sul on Thursday. The moisture should help ease concerns of drought-related crop losses.</p>
<p>"It's isolated spots," said Eloi Hilgert at the Rio Grande do Sul agricultural secretariat, referring to the dryness. "There's no indication of any crop loss yet."</p>
<p>Funds were buyers early. Goldenberg-Hehmeyer bought six million May. Refco Inc bought two million May and one million March and Merrill Lynch and ING each bought two million March.</p>
<p>Soybeans closed 5-1/4 to two cents per bushel lower with March down 5-1/4 at $7.44-1/2 a bushel.</p>
<p>In late dealings, Lee B. Stern, Refco Inc and Rosenthal Collins each sold 500,000 bushels March, traders said.</p>
<p>Cargill Inc sold three million May and one million March on the day and Griffin Trading spread two million March/May.  </p>
<p>Volume was estimated at 45,000 contracts against Monday's actual volume of 41,694 contracts, according to CBOT figures.</p>
<p>((Emily Kaiser 312-408-8749))</p>
</text>
<copyright>(c) Reuters Limited 1997</copyright>
<metadata>
<codes class="bip:countries:1.0">
  <code code="USA">
    <editdetail action="confirmed" attribution="Reuters BIP Coding Group" date="1997-01-28"/>
  </code>
</codes>
<codes class="bip:topics:1.0">
  <code code="M14">
    <editdetail action="confirmed" attribution="Reuters BIP Coding Group" date="1997-01-28"/>
  </code>
  <code code="M141">
    <editdetail action="confirmed" attribution="Reuters BIP Coding Group" date="1997-01-28"/>
  </code>
  <code code="MCAT">
    <editdetail action="confirmed" attribution="Reuters BIP Coding Group" date="1997-01-28"/>
  </code>
</codes>
<dc element="dc.date.created" value="1997-01-28"/>
<dc element="dc.publisher" value="Reuters Holdings Plc"/>
<dc element="dc.date.published" value="1997-01-28"/>
<dc element="dc.source" value="Reuters"/>
<dc element="dc.creator.location" value="CHICAGO"/>
<dc element="dc.creator.location.country.name" value="USA"/>
<dc element="dc.source" value="Reuters"/>
</metadata>
</newsitem>
