<?xml version="1.0" encoding="ISO-8859-1" standalone="no"?>
<newsitem date="1997-01-28" id="root" itemid="338158" xml:lang="en">
<title>GERMANY: German medium "settled" heavenly debt - police.</title>
<headline>German medium "settled" heavenly debt - police.</headline>
<dateline>HANOVER, Germany 1997-01-28</dateline>
<text>
<p>German police said on Tuesday they had arrested a man posing as a spiritual medium who was paid 15,000 marks ($10,000) by a woman to pay off gambling debts he said her dead husband had contracted in heaven.</p>
<p>Police detained the 23-year-old who they named only as Timor in a sting operation last week and a judge later issued an arrest warrant.</p>
<p>They said Timor had placed advertisments in newspapers across Germany and were not ruling out the possibility he had swindled other people who had not yet come forward.</p>
<p>The 85-year-old woman had asked Timor to make contact with her dead husband.</p>
<p>Timor also demanded 100,000 marks on behalf of her husband for the purchase of a plot of land "in heaven" and police detained him as the money was handed over in a hotel in Hanover. police said.</p>
</text>
<copyright>(c) Reuters Limited 1997</copyright>
<metadata>
<codes class="bip:countries:1.0">
  <code code="GFR">
    <editdetail action="confirmed" attribution="Reuters BIP Coding Group" date="1997-01-28"/>
  </code>
</codes>
<codes class="bip:topics:1.0">
  <code code="GCAT">
    <editdetail action="confirmed" attribution="Reuters BIP Coding Group" date="1997-01-28"/>
  </code>
  <code code="GCRIM">
    <editdetail action="confirmed" attribution="Reuters BIP Coding Group" date="1997-01-28"/>
  </code>
  <code code="GODD">
    <editdetail action="confirmed" attribution="Reuters BIP Coding Group" date="1997-01-28"/>
  </code>
</codes>
<dc element="dc.date.created" value="1997-01-28"/>
<dc element="dc.publisher" value="Reuters Holdings Plc"/>
<dc element="dc.date.published" value="1997-01-28"/>
<dc element="dc.source" value="Reuters"/>
<dc element="dc.creator.location" value="HANOVER, Germany"/>
<dc element="dc.creator.location.country.name" value="GERMANY"/>
<dc element="dc.source" value="Reuters"/>
</metadata>
</newsitem>
