<?xml version="1.0" encoding="ISO-8859-1" standalone="no"?>
<newsitem date="1997-01-28" id="root" itemid="336906" xml:lang="en">
<title>USA: Tradelink ties stock drop to name mix-up.</title>
<headline>Tradelink ties stock drop to name mix-up.</headline>
<dateline>MIAMI 1997-01-28</dateline>
<text>
<p>TradeLink International Inc said it believes the price of the company's stock has dropped over the last week because investors have confused it with TradeLink International Ltd, an unrelated Bahamian company.</p>
<p>The price of Tradelink International Inc's stock has dropped from about 5-1/4 on January 20 to about 2-1/8 yesterday.</p>
<p>According to its press releases, the Bahamian Tradelink was recently formed in order to acquire Vector Aeromotive Corp.  </p>
<p>On January 20, the Bahamian corporation announced it had reached an agreement in principal to acquire another aeromotive-related business in addition to Vector.</p>
<p>None of these companies is related in any way to TradeLink International Inc, and management is considering measures to avoid any further possible confusion, Tradelink International Inc said.</p>
<p>TradeLink International Inc president Richard Herbst said no negative news relating to his company was expected nor was he aware of any other reason for a decline in the price of TradeLink's common stock.</p>
<p>"Although we cannot be certain that this confusion precipitated the price drop, given the timing of the Bahamian company's news, the way it was disseminated by the wire service and the subsequent trading of our stock, we have every reason to believe that the real support for our work has not flagged and that once this mistaken identity is recognized, the deviation in our stock price should be rectified," he said.</p>
<p>TradeLink said it intends to close on its previously announced acquisition of Wireless USA following a definitive agreement, which is expected in the very near future.</p>
<p>Advisors to TradeLink have been in contact with several other resellers of wireless communications and long-distance traffic and the company hopes to enter into substantive negotiations for several acquisitions during the current quarter, TradeLink said.</p>
<p>TradeLink said its goal is to acquire synergistic businesses with an aggregate of at least $25 million in revenue before the end of 1997.</p>
<p>TradeLink said sales of its "FonLink" product line have begun.</p>
<p>In addition, an aggressive marketing campaign for busiess communications solutions for North American businesses seeking services in Mexico will be deployed later this month.</p>
<p>Although only minimal revenue from sales has been generated to date, TradeLink said it expects its interactive voice system in Mexico City will be filled to capacity in the next six months.</p>
<p>TradeLink said it will introduce later this year its interactive voice applications for the U.S. trade show and publishing businesses, which are expected to become the most profitable aspects of TradeLink's operations.</p>
<p>TradeLink said it intends to file a registration statement under the Securities and Exchange Act of 1934, as amended, which will make it a full reporting company under law.</p>
<p>It not currently required to file annual or quarterly reports under the U.S. securities laws.</p>
<p>The registration statement will be filed as quickly as possible following the completion of the audited financial statements for the company's current fiscal year March 31, 1997. There is no assurance as to if or when the Securities and Exchange Commission would declare such a registration statement effective.</p>
</text>
<copyright>(c) Reuters Limited 1997</copyright>
<metadata>
<codes class="bip:countries:1.0">
  <code code="BAH">
    <editdetail action="confirmed" attribution="Reuters BIP Coding Group" date="1997-01-28"/>
  </code>
  <code code="USA">
    <editdetail action="confirmed" attribution="Reuters BIP Coding Group" date="1997-01-28"/>
  </code>
</codes>
<codes class="bip:industries:1.0">
  <code code="I35101">
    <editdetail action="confirmed" attribution="Reuters BIP Coding Group" date="1997-01-28"/>
  </code>
</codes>
<codes class="bip:topics:1.0">
  <code code="C15">
    <editdetail action="confirmed" attribution="Reuters BIP Coding Group" date="1997-01-28"/>
  </code>
  <code code="C152">
    <editdetail action="confirmed" attribution="Reuters BIP Coding Group" date="1997-01-28"/>
  </code>
  <code code="C18">
    <editdetail action="confirmed" attribution="Reuters BIP Coding Group" date="1997-01-28"/>
  </code>
  <code code="C181">
    <editdetail action="confirmed" attribution="Reuters BIP Coding Group" date="1997-01-28"/>
  </code>
  <code code="CCAT">
    <editdetail action="confirmed" attribution="Reuters BIP Coding Group" date="1997-01-28"/>
  </code>
</codes>
<dc element="dc.date.created" value="1997-01-28"/>
<dc element="dc.publisher" value="Reuters Holdings Plc"/>
<dc element="dc.date.published" value="1997-01-28"/>
<dc element="dc.source" value="Reuters"/>
<dc element="dc.creator.location" value="MIAMI"/>
<dc element="dc.creator.location.country.name" value="USA"/>
<dc element="dc.source" value="Reuters"/>
</metadata>
</newsitem>
