<?xml version="1.0" encoding="ISO-8859-1" standalone="no"?>
<newsitem date="1997-01-28" id="root" itemid="336708" xml:lang="en">
<title>USA: Actel Corp Q4 net.</title>
<headline>Actel Corp Q4 net.</headline>
<dateline>SUNNYVALE, Calif. 1997-01-28</dateline>
<text>
<p>(unaudited, in thousands except per share amounts)</p>
<p>		     Three Months Ended	   Fiscal Year Ended</p>
<p>			Dec. 29, Dec. 31,  Sep 29 Dec. 29, Dec. 31,</p>
<p>			    1996     1995    1996     1996     1995</p>
<p> Net revenues	 $39,027 $32,553 $38,014 $148,779 $108,516</p>
<p>Costs and expenses:</p>
<p>   Cost of revenues  16,381  15,234  16,164   64,420   52,517</p>
<p>Research and</p>
<p>    development	 5,855   5,802   6,417   23,934   20,560</p>
<p>Selling, general,</p>
<p>and administrative</p>
<p>			   10,651   7,849   9,854   38,395   27,364</p>
<p>In-process research</p>
<p>    and development	--	--	--	 --   16,600</p>
<p>Total costs and</p>
<p>	 expenses	32,887  28,885  32,435  126,749  117,041</p>
<p>Income (loss) from</p>
<p>  operations	    6,140   3,668   5,579   22,030  (8,525)</p>
<p>Interest income and</p>
<p>  other, net		 16     210     338    1,055	753</p>
<p>Income (loss) before</p>
<p>  tax provision	 6,156   3,878   5,917   23,085  (7,772)</p>
<p>Tax provision</p>
<p>  (benefit)	     2,003	--   2,012    8,147  (6,640)</p>
<p> Net income (loss)    4,153   3,878   3,905   14,938  (1,132)</p>
<p>Net Income (loss)</p>
<p>  per share		0.19    0.19    0.18     0.70   (0.07)</p>
<p>Shares used in</p>
<p>computing net income</p>
<p>   (loss) per share  21,893  20,808  21,475   21,485   17,367</p>
</text>
<copyright>(c) Reuters Limited 1997</copyright>
<metadata>
<codes class="bip:countries:1.0">
  <code code="USA">
    <editdetail action="confirmed" attribution="Reuters BIP Coding Group" date="1997-01-28"/>
  </code>
</codes>
<codes class="bip:industries:1.0">
  <code code="I34531">
    <editdetail action="confirmed" attribution="Reuters BIP Coding Group" date="1997-01-28"/>
  </code>
</codes>
<codes class="bip:topics:1.0">
  <code code="C15">
    <editdetail action="confirmed" attribution="Reuters BIP Coding Group" date="1997-01-28"/>
  </code>
  <code code="C151">
    <editdetail action="confirmed" attribution="Reuters BIP Coding Group" date="1997-01-28"/>
  </code>
  <code code="C1511">
    <editdetail action="confirmed" attribution="Reuters BIP Coding Group" date="1997-01-28"/>
  </code>
  <code code="CCAT">
    <editdetail action="confirmed" attribution="Reuters BIP Coding Group" date="1997-01-28"/>
  </code>
</codes>
<dc element="dc.date.created" value="1997-01-28"/>
<dc element="dc.publisher" value="Reuters Holdings Plc"/>
<dc element="dc.date.published" value="1997-01-28"/>
<dc element="dc.source" value="Reuters"/>
<dc element="dc.creator.location" value="SUNNYVALE, Calif."/>
<dc element="dc.creator.location.country.name" value="USA"/>
<dc element="dc.source" value="Reuters"/>
</metadata>
</newsitem>
