<?xml version="1.0" encoding="ISO-8859-1" standalone="no"?>
<newsitem date="1997-01-28" id="root" itemid="337280" xml:lang="en">
<title>CZECH REPUBLIC: Czech truck maker reverses years of losses.</title>
<headline>Czech truck maker reverses years of losses.</headline>
<dateline>PRAGUE 1997-01-28</dateline>
<text>
<p>Troubled Czech truck maker Tatra a.s., controlled by engineering concern Skoda a.s., said it had reversed years of losses in 1996, closing the year with a "balanced performance."</p>
<p>Company spokesman Ivo Celachovsky would not give further details on the firm's 1996 financial results, after stating earlier this month that Tatra would end 1996 with a loss.</p>
<p>"In November and December...a turn in production occurred, resulting into a balanced performance and getting some orders for 1997, which will fill the capacity of the company," Celachovsky said.  </p>
<p>He said Tatra is forecasting a 70 million crown profit in 1997, with production nearly doubling to 3,200 trucks from 1,804 in 1996.</p>
<p>"The supervisory board consider a 100 percent increase in turnover in 1997 as realistic," he added.</p>
<p>Tatra used to make up to 15,000 heavy duty trucks per year at its peak before the end of socialism in 1989, but production has fallen to a fraction of communist-era levels after disintegration of eastern markets.</p>
<p>Tatra, 43 percent owned by Skoda which also controls long-haul truck producer Liaz, recorded a consolidated loss of 775 million crowns in 1995.</p>
<p>Skoda has revealed a plan to start production of Detroit Diesel Corp engines at Tatra's plant. (( -- Radek Narovec, Prague Newsroom, 42-2-2423-0003))</p>
</text>
<copyright>(c) Reuters Limited 1997</copyright>
<metadata>
<codes class="bip:countries:1.0">
  <code code="CZREP">
    <editdetail action="confirmed" attribution="Reuters BIP Coding Group" date="1997-01-28"/>
  </code>
</codes>
<codes class="bip:industries:1.0">
  <code code="I32000">
    <editdetail action="confirmed" attribution="Reuters BIP Coding Group" date="1997-01-28"/>
  </code>
  <code code="I35102">
    <editdetail action="confirmed" attribution="Reuters BIP Coding Group" date="1997-01-28"/>
  </code>
</codes>
<codes class="bip:topics:1.0">
  <code code="C15">
    <editdetail action="confirmed" attribution="Reuters BIP Coding Group" date="1997-01-28"/>
  </code>
  <code code="C151">
    <editdetail action="confirmed" attribution="Reuters BIP Coding Group" date="1997-01-28"/>
  </code>
  <code code="C1511">
    <editdetail action="confirmed" attribution="Reuters BIP Coding Group" date="1997-01-28"/>
  </code>
  <code code="CCAT">
    <editdetail action="confirmed" attribution="Reuters BIP Coding Group" date="1997-01-28"/>
  </code>
</codes>
<dc element="dc.date.created" value="1997-01-28"/>
<dc element="dc.publisher" value="Reuters Holdings Plc"/>
<dc element="dc.date.published" value="1997-01-28"/>
<dc element="dc.source" value="Reuters"/>
<dc element="dc.creator.location" value="PRAGUE"/>
<dc element="dc.creator.location.country.name" value="CZECH REPUBLIC"/>
<dc element="dc.source" value="Reuters"/>
</metadata>
</newsitem>
