<?xml version="1.0" encoding="ISO-8859-1" standalone="no"?>
<newsitem date="1997-01-28" id="root" itemid="337747" xml:lang="en">
<title>USA: Sioux City hogs up $0.50 - USDA.</title>
<headline>Sioux City hogs up $0.50 - USDA.</headline>
<dateline>SIOUX CITY 1997-01-28</dateline>
<text>
<p>USDA said trade was moderately active. Compared with Monday, barrows and gilts were $0.50 higher. Top $57.00 per cwt.</p>
<p>    US 1-3   220-270 lbs     56.50-57.00</p>
<p>		 270-280 lbs     56.00-56.50</p>
<p>    US 2-3   280-300 lbs     54.00-55.50</p>
<p>    US 3-4   300-330 lbs     50.00-53.50</p>
<p>Sows - mostly fully steady on a thin test. Top $57.00.</p>
<p>    US 1-3   300-400 lbs     45.00</p>
<p>		 400-450 lbs     48.00</p>
<p>		 450-500 lbs     50.00</p>
<p>		 500-550 lbs     55.00</p>
<p>		 550-700 lbs     57.00</p>
</text>
<copyright>(c) Reuters Limited 1997</copyright>
<metadata>
<codes class="bip:countries:1.0">
  <code code="USA">
    <editdetail action="confirmed" attribution="Reuters BIP Coding Group" date="1997-01-28"/>
  </code>
</codes>
<codes class="bip:topics:1.0">
  <code code="M14">
    <editdetail action="confirmed" attribution="Reuters BIP Coding Group" date="1997-01-28"/>
  </code>
  <code code="M141">
    <editdetail action="confirmed" attribution="Reuters BIP Coding Group" date="1997-01-28"/>
  </code>
  <code code="MCAT">
    <editdetail action="confirmed" attribution="Reuters BIP Coding Group" date="1997-01-28"/>
  </code>
</codes>
<dc element="dc.date.created" value="1997-01-28"/>
<dc element="dc.publisher" value="Reuters Holdings Plc"/>
<dc element="dc.date.published" value="1997-01-28"/>
<dc element="dc.source" value="Reuters"/>
<dc element="dc.creator.location" value="SIOUX CITY"/>
<dc element="dc.creator.location.country.name" value="USA"/>
<dc element="dc.source" value="Reuters"/>
</metadata>
</newsitem>
