<?xml version="1.0" encoding="ISO-8859-1" standalone="no"?>
<newsitem date="1997-01-28" id="root" itemid="336945" xml:lang="en">
<title>AUSTRALIA: TENNIS-PHILIPPOUSSIS RULED OUT OF DAVIS CUP TIE.</title>
<headline>TENNIS-PHILIPPOUSSIS RULED OUT OF DAVIS CUP TIE.</headline>
<dateline>SYDNEY 1997-01-28</dateline>
<text>
<p>Australia's hopes of upsetting holders France in the Davis Cup first round next month suffered a blow on Tuesday when top singles player Mark Philippoussis was ruled out because of injury.</p>
<p>Philippoussis has failed to recover from the tendinitis in his right forearm that forced his withdrawal before the start of this month's Australian Open in Melbourne, Australia Davis Cup captain John Newcombe said.</p>
<p>Sandon Stolle was called into the squad as Philippoussis' replacement to face the French on grass at White City in Sydney.</p>
<p>"It was too risky to try Philippoussis' arm (in a) best-of-five set matches on grass," Newcombe said.</p>
<p>"You go out and try to play too early on an arm injury and it could put you out for a long time. He's obviously pretty disappointed but he's just hoping that it's not something that's going to linger," Newcombe said.</p>
<p>Stolle, ranked 52 in the world, joined Pat Rafter and doubles specialists Mark Woodforde and Todd Woodbridge in the squad for the match between February 7-9.</p>
<p>Jason Stoltenberg, a semifinalist on grass at last year's Wimbledon, is also unavailable for the tie because of a wrist injury.</p>
<p>"I think this match is a really honest 50-50 call," Newcombe said. "France are the defending champions -- they're going to fight like tigers to protect that."</p>
<p>France, who beat Sweden 3-2 to win the Davis Cup last month, will choose their four-man team from Guy Forget, Cedric Pioline, Arnaud Boetsch, Guillaume Raoux and Lionel Roux.</p>
</text>
<copyright>(c) Reuters Limited 1997</copyright>
<metadata>
<codes class="bip:countries:1.0">
  <code code="AUSTR">
    <editdetail action="confirmed" attribution="Reuters BIP Coding Group" date="1997-01-28"/>
  </code>
  <code code="FRA">
    <editdetail action="confirmed" attribution="Reuters BIP Coding Group" date="1997-01-28"/>
  </code>
</codes>
<codes class="bip:topics:1.0">
  <code code="GCAT">
    <editdetail action="confirmed" attribution="Reuters BIP Coding Group" date="1997-01-28"/>
  </code>
  <code code="GSPO">
    <editdetail action="confirmed" attribution="Reuters BIP Coding Group" date="1997-01-28"/>
  </code>
</codes>
<dc element="dc.date.created" value="1997-01-28"/>
<dc element="dc.publisher" value="Reuters Holdings Plc"/>
<dc element="dc.date.published" value="1997-01-28"/>
<dc element="dc.source" value="Reuters"/>
<dc element="dc.creator.location" value="SYDNEY"/>
<dc element="dc.creator.location.country.name" value="AUSTRALIA"/>
<dc element="dc.source" value="Reuters"/>
</metadata>
</newsitem>
