<?xml version="1.0" encoding="ISO-8859-1" standalone="no"?>
<newsitem date="1997-01-28" id="root" itemid="336697" xml:lang="en">
<title>USA: GA Financial Q4 profit vs loss.</title>
<headline>GA Financial Q4 profit vs loss.</headline>
<dateline>PITTSBURGH 1997-01-28</dateline>
<text>
<p>GA Financial, Inc.</p>
<p>			For the Three Months  For the Twelve Months</p>
<p>				     Ended Dec. 31,   Ended Dec. 31,</p>
<p>				1996	  1995	1996	 1995</p>
<p>					(Unaudited)	(Unaudited)</p>
<p>				  (In thousands)	 (In thousands)</p>
<p>Total interest income</p>
<p>			     10,888	8,335    40,350     32,833</p>
<p>Total interest expense</p>
<p>				4,864	4,218    17,545     16,543</p>
</text>
<copyright>(c) Reuters Limited 1997</copyright>
<metadata>
<codes class="bip:countries:1.0">
  <code code="USA">
    <editdetail action="confirmed" attribution="Reuters BIP Coding Group" date="1997-01-28"/>
  </code>
</codes>
<codes class="bip:topics:1.0">
  <code code="C15">
    <editdetail action="confirmed" attribution="Reuters BIP Coding Group" date="1997-01-28"/>
  </code>
  <code code="C151">
    <editdetail action="confirmed" attribution="Reuters BIP Coding Group" date="1997-01-28"/>
  </code>
  <code code="C1511">
    <editdetail action="confirmed" attribution="Reuters BIP Coding Group" date="1997-01-28"/>
  </code>
  <code code="CCAT">
    <editdetail action="confirmed" attribution="Reuters BIP Coding Group" date="1997-01-28"/>
  </code>
</codes>
<dc element="dc.date.created" value="1997-01-28"/>
<dc element="dc.publisher" value="Reuters Holdings Plc"/>
<dc element="dc.date.published" value="1997-01-28"/>
<dc element="dc.source" value="Reuters"/>
<dc element="dc.creator.location" value="PITTSBURGH"/>
<dc element="dc.creator.location.country.name" value="USA"/>
<dc element="dc.source" value="Reuters"/>
</metadata>
</newsitem>
