<?xml version="1.0" encoding="ISO-8859-1" standalone="no"?>
<newsitem date="1997-01-28" id="root" itemid="337808" xml:lang="en">
<title>USA: US Southeast power rises on outage,firm gas prices.</title>
<headline>US Southeast power rises on outage,firm gas prices.</headline>
<dateline>NEW YORK 1997-01-28</dateline>
<text>
<p>Spot bulk electricity prices in the U.S. Southeast continued to strengthen Tuesday amid an unexpected nuclear outage and higher natural gas prices, sources said.</p>
<p>Temperatures in the Southeast are expected to hover slightly above normal through Wednesday but then slip to below-normal levels as the weekend nears.</p>
<p>Firm, peak power prices into Tennessee Valley Authority (TVA) for Wednesday moved into the $26.00-28.00 per megawatt hour (MWh) range, as compared with Monday's $20.50-22.00 trading range. Offers were heard as high as $30.00.</p>
<p>Firm, off-peak power prices into TVA were steady to up slightly at $14.50-15.00 per MWh, market sources said.</p>
<p>Fueling the rise in prices was news that TVA's 1,170 MW Watts Bar nuclear power unit, in Spring City, Tenn., was shut again late Monday.</p>
<p>In its morning status report, the Nuclear Regulatory Commission said the unit is expected to restart Thursday, but the company would not comment.</p>
<p>At the Georgia/Florida border, firm, peak electricity prices in 16 hour blocks for Wednesday delivery held mostly steady in the $22.50-23.50 per MWh range, as near-seasonable temperatures were expected to continue over the next few days.</p>
<p>Firm, off-peak power for Wednesday at the Ga./Fla. border was still assessed at $14.00-14.50 per MWh.</p>
<p>In Florida, firm, peak prices on a 16-hour schedule were talked in the $21.00-22.00 range, but trading remained very light.</p>
<p>Separately, Virginia Power's 781 MW Surry 1 nuclear power unit, shut Friday due to a steam pipe leak, is still expected to return to the grid Wednesday morning.</p>
<p>Duke Power's 846 MW Oconee 2 nuclear unit, shut since last September after a steam pipe burst, is now expected to resume power output mid-week.</p>
<p>Oconee units 1 and 3, shut since October and each generating 846 MW, are expected to restart in February.</p>
<p>All three units are in Seneca, S.C.</p>
<p>Adding to the market's strength were higher natural gas prices. Along the Gulf Coast pipes, prices rose by about five cents to the low-$3 per million British thermal units area.</p>
<p>((--H McCulloch, New York Power Desk +212-859-1628))</p>
</text>
<copyright>(c) Reuters Limited 1997</copyright>
<metadata>
<codes class="bip:countries:1.0">
  <code code="USA">
    <editdetail action="confirmed" attribution="Reuters BIP Coding Group" date="1997-01-28"/>
  </code>
</codes>
<codes class="bip:topics:1.0">
  <code code="M14">
    <editdetail action="confirmed" attribution="Reuters BIP Coding Group" date="1997-01-28"/>
  </code>
  <code code="M143">
    <editdetail action="confirmed" attribution="Reuters BIP Coding Group" date="1997-01-28"/>
  </code>
  <code code="MCAT">
    <editdetail action="confirmed" attribution="Reuters BIP Coding Group" date="1997-01-28"/>
  </code>
</codes>
<dc element="dc.date.created" value="1997-01-28"/>
<dc element="dc.publisher" value="Reuters Holdings Plc"/>
<dc element="dc.date.published" value="1997-01-28"/>
<dc element="dc.source" value="Reuters"/>
<dc element="dc.creator.location" value="NEW YORK"/>
<dc element="dc.creator.location.country.name" value="USA"/>
<dc element="dc.source" value="Reuters"/>
</metadata>
</newsitem>
