<?xml version="1.0" encoding="ISO-8859-1" standalone="no"?>
<newsitem date="1997-01-28" id="root" itemid="338273" xml:lang="en">
<title>INDIA: GE unit to buy control of India SRF Finance.</title>
<headline>GE unit to buy control of India SRF Finance.</headline>
<dateline>NEW DELHI 1997-01-28</dateline>
<text>
<p>GE Capital Services, a unit of U.S.-based General Electric Co, said on Tuesday it reached an agreement with India's SRF Ltd to buy a majority stake in SRF Finance Ltd.  </p>
<p>GE Capital said in a statement released in the Indian capital that the deal would require approval from the government's Foreign Investment Promotion Board (FIPB) and the Securities and Exchange Board of India (SEBI).</p>
<p>It did not indicate the size of the majority stake nor how much it would pay tyre cord maker SRF.</p>
<p>The statement said GE Capital, after acquiring a majority, would launch a public offer for the remaining shares of the company in accordance with regulatory guidelines at the same price it negotiated with the sellers.  </p>
<p>SRF spokeswoman Meenakshi Seth told Reuters that the financial details would be disclosed later on Tuesday at a news conference scheduled for 4 p.m. (1030 GMT) in New Delhi.</p>
<p>"The transaction allows SRF to focus on its core businesses and allows GE Capital to signficantly expand its presence in commercial vehicle and working capital financing," the statement said.</p>
<p>SRF is a leading Indian company in the field of nylon tyre cords, fabrics and fluorochemicals with some interests in engineering plastics, polyester films and eye lenses.</p>
<p>GE Capital Services, with assets of $200 billion, is a global, diversified financial services company.</p>
<p>--New Delhi newsroom, +91-11 301 2024</p>
</text>
<copyright>(c) Reuters Limited 1997</copyright>
<metadata>
<codes class="bip:countries:1.0">
  <code code="INDIA">
    <editdetail action="confirmed" attribution="Reuters BIP Coding Group" date="1997-01-28"/>
  </code>
</codes>
<codes class="bip:industries:1.0">
  <code code="I34000">
    <editdetail action="confirmed" attribution="Reuters BIP Coding Group" date="1997-01-28"/>
  </code>
  <code code="I81501">
    <editdetail action="confirmed" attribution="Reuters BIP Coding Group" date="1997-01-28"/>
  </code>
</codes>
<codes class="bip:topics:1.0">
  <code code="C33">
    <editdetail action="confirmed" attribution="Reuters BIP Coding Group" date="1997-01-28"/>
  </code>
  <code code="CCAT">
    <editdetail action="confirmed" attribution="Reuters BIP Coding Group" date="1997-01-28"/>
  </code>
</codes>
<dc element="dc.date.created" value="1997-01-28"/>
<dc element="dc.publisher" value="Reuters Holdings Plc"/>
<dc element="dc.date.published" value="1997-01-28"/>
<dc element="dc.source" value="Reuters"/>
<dc element="dc.creator.location" value="NEW DELHI"/>
<dc element="dc.creator.location.country.name" value="INDIA"/>
<dc element="dc.source" value="Reuters"/>
</metadata>
</newsitem>
