<?xml version="1.0" encoding="ISO-8859-1" standalone="no"?>
<newsitem date="1997-01-28" id="root" itemid="336808" xml:lang="en">
<title>USA: Fla. courts Calif. film-industry decision-makers.</title>
<headline>Fla. courts Calif. film-industry decision-makers.</headline>
<dateline>MIAMI 1997-01-28</dateline>
<text>
<p>Gov. Lawton Chiles will host a Beverly Hills, Calif. party next month to court Hollywood film-industry decision-makers with strong Florida ties, an aide said on Tuesday.</p>
<p>"We want to say, 'We're working real hard to get you to come home'," said John Reitzammer, executive director of the Florida Entertainment Industry Council.</p>
<p>Chiles several years ago created the council, a public and private venture, to boost film production in Florida and has set a target of $1 billion in Hollywood spending by 2000.</p>
<p>Teams working on feature films, commercials and television shows spent an estimated $600 million in Florida last year, up from $597 million in 1995, the council said. Florida ranks after California and New York as a U.S. entertainment center.</p>
<p>The council scoured electronic databases and other sources for actors, directors, producers and other executives born or educated in Florida and invited 500 to a party to be held February 9 at a Nikko hotel in Beverly Hills, Reitzammer said in an interview.</p>
<p>The council is soon to open a New York office to solicit filmed-entertainment production, Reitzammer said.</p>
<p>-- Michael Connor - Miami newsroom, 305-374-5013.</p>
</text>
<copyright>(c) Reuters Limited 1997</copyright>
<metadata>
<codes class="bip:countries:1.0">
  <code code="USA">
    <editdetail action="confirmed" attribution="Reuters BIP Coding Group" date="1997-01-28"/>
  </code>
</codes>
<codes class="bip:industries:1.0">
  <code code="I97100">
    <editdetail action="confirmed" attribution="Reuters BIP Coding Group" date="1997-01-28"/>
  </code>
</codes>
<codes class="bip:topics:1.0">
  <code code="C21">
    <editdetail action="confirmed" attribution="Reuters BIP Coding Group" date="1997-01-28"/>
  </code>
  <code code="C31">
    <editdetail action="confirmed" attribution="Reuters BIP Coding Group" date="1997-01-28"/>
  </code>
  <code code="CCAT">
    <editdetail action="confirmed" attribution="Reuters BIP Coding Group" date="1997-01-28"/>
  </code>
  <code code="GCAT">
    <editdetail action="confirmed" attribution="Reuters BIP Coding Group" date="1997-01-28"/>
  </code>
  <code code="GENT">
    <editdetail action="confirmed" attribution="Reuters BIP Coding Group" date="1997-01-28"/>
  </code>
</codes>
<dc element="dc.date.created" value="1997-01-28"/>
<dc element="dc.publisher" value="Reuters Holdings Plc"/>
<dc element="dc.date.published" value="1997-01-28"/>
<dc element="dc.source" value="Reuters"/>
<dc element="dc.creator.location" value="MIAMI"/>
<dc element="dc.creator.location.country.name" value="USA"/>
<dc element="dc.source" value="Reuters"/>
</metadata>
</newsitem>
