<?xml version="1.0" encoding="ISO-8859-1" standalone="no"?>
<newsitem date="1997-01-28" id="root" itemid="338280" xml:lang="en">
<title>INDIA: Indian Shipping -- Bedi cargoes - Jan 27.</title>
<headline>Indian Shipping -- Bedi cargoes - Jan 27.</headline>
<dateline>BOMBAY 1997-01-28</dateline>
<text>
<p>Following is the berthing schedule of major vessels loading and unloading at India's Bedi port on January 27:</p>
<p> Commodity		Tons		Ship		 Berthing</p>
<p>		    (LDD/ULD)(Balance)</p>
<p>---------------------------------------------------------------</p>
<p>Rapeseed Ext /</p>
<p> Bulk	    11,792 (LDD)  1,208    Radetos	     Jan 08</p>
<p>Soyabean Meal/</p>
<p> Bulk	    11,972 (LDD)    528    Sea Byol	    Jan 14</p>
<p>Soyabean Meal/</p>
<p> Bulk	     7,532 (LDD)  4,168    Song Shan	   Jan 15</p>
<p>Soyabean Meal/</p>
<p> Bulk	     8,243 (LDD)  1,757    Zhen Fen	    Jan 17</p>
<p>Soyabean Meal/</p>
<p> Bulk	     7,582 (LDD)  4,918    Feng Tau	    Jan 18</p>
<p>Soyabean Meal/</p>
<p> Bulk	     3,805 (LDD)  8,615    An Shan	     Jan 19</p>
<p>Agri Prod/Bulk  5,269 (LDD) 10,231    Cherkassy	   Jan 20</p>
<p>Agri Prod/Bulk    593 (LDD)  2,407    Gulf Express	Jan 25</p>
<p>Urea/Bulk	 2,230 (LDD) 10,132    Umang		 Jan 23</p>
<p>---------------------------------------------------------------</p>
<p>	 Note:</p>
<p>	 LDD - Loading</p>
<p>	 ULD - Unloading</p>
<p>(Source: J.M.Baxi &amp; Co, Bedi)</p>
<p>-- Bombay newsroom +91-22-265 9000</p>
</text>
<copyright>(c) Reuters Limited 1997</copyright>
<metadata>
<codes class="bip:countries:1.0">
  <code code="INDIA">
    <editdetail action="confirmed" attribution="Reuters BIP Coding Group" date="1997-01-28"/>
  </code>
</codes>
<codes class="bip:topics:1.0">
  <code code="M14">
    <editdetail action="confirmed" attribution="Reuters BIP Coding Group" date="1997-01-28"/>
  </code>
  <code code="MCAT">
    <editdetail action="confirmed" attribution="Reuters BIP Coding Group" date="1997-01-28"/>
  </code>
</codes>
<dc element="dc.date.created" value="1997-01-28"/>
<dc element="dc.publisher" value="Reuters Holdings Plc"/>
<dc element="dc.date.published" value="1997-01-28"/>
<dc element="dc.source" value="Reuters"/>
<dc element="dc.creator.location" value="BOMBAY"/>
<dc element="dc.creator.location.country.name" value="INDIA"/>
<dc element="dc.source" value="Reuters"/>
</metadata>
</newsitem>
