<?xml version="1.0" encoding="ISO-8859-1" standalone="no"?>
<newsitem date="1997-01-28" id="root" itemid="338069" xml:lang="en">
<title>GERMANY: Lufthansa has no record of alleged missile attack.</title>
<headline>Lufthansa has no record of alleged missile attack.</headline>
<dateline>FRANKFURT 1997-01-28</dateline>
<text>
<p>German airline Lufthansa AG said on Tuesday it had no record of an Indian air force missile which was allegedly fired at a Lufthansa Boeing 747 flying over India on January 15, as reported in the Pakistani press.</p>
<p>But Lufthansa said the report would be investigated.</p>
<p>It was attributed to The Nation newspaper and carried by the Associated Press of Pakistan on Tuesday, and said the Lufthansa jet had a "hair-raising escape" while in Indian air space.</p>
<p>A Lufthansa spokesman said the carrier had no indication of a missile attack on LH Flight 778 from Frankfurt to Singapore and that the flight was "absolutely normal".</p>
<p>"We have no record of any disturbance," said Lufthansa spokesman Christian Klick. He also said the pilots did not file a report of an unusual incident, required under company policy.</p>
<p>He said the press reports would be investigated in addition to an incident on January 11 when a Lufthansa jet reported a near-miss with an unidentified aircraft over northern India.</p>
<p>The Pakistani news agency quoted The Nation as saying an Indian air force Mig-21 had fired a missile at the flight 778 Lufthansa aircraft but had missed.</p>
<p>The Indian jet fighter later made visual contact with the aircraft and discovered the target had been a Lufthansa jet, the report continued.</p>
<p>Also on January 15, the day of the alleged missile attack, United News of India news agency said Indian air force planes had fired at a small, pilotless aircraft which had crossed into the Indian state of Gujarat from Pakistan.</p>
<p>India, which has fought three wars against Pakistan since the two states were carved out of British India in 1947, lodged a strong protest with Pakistan and said a remote-controlled aircraft had made several intrusions into Indian air space.</p>
<p>Pakistan has denied any such intrusions.</p>
</text>
<copyright>(c) Reuters Limited 1997</copyright>
<metadata>
<codes class="bip:countries:1.0">
  <code code="GFR">
    <editdetail action="confirmed" attribution="Reuters BIP Coding Group" date="1997-01-28"/>
  </code>
  <code code="INDIA">
    <editdetail action="confirmed" attribution="Reuters BIP Coding Group" date="1997-01-28"/>
  </code>
  <code code="PAKIS">
    <editdetail action="confirmed" attribution="Reuters BIP Coding Group" date="1997-01-28"/>
  </code>
</codes>
<codes class="bip:industries:1.0">
  <code code="I75000">
    <editdetail action="confirmed" attribution="Reuters BIP Coding Group" date="1997-01-28"/>
  </code>
</codes>
<codes class="bip:topics:1.0">
  <code code="C24">
    <editdetail action="confirmed" attribution="Reuters BIP Coding Group" date="1997-01-28"/>
  </code>
  <code code="CCAT">
    <editdetail action="confirmed" attribution="Reuters BIP Coding Group" date="1997-01-28"/>
  </code>
  <code code="GCAT">
    <editdetail action="confirmed" attribution="Reuters BIP Coding Group" date="1997-01-28"/>
  </code>
  <code code="GDEF">
    <editdetail action="confirmed" attribution="Reuters BIP Coding Group" date="1997-01-28"/>
  </code>
  <code code="GDIS">
    <editdetail action="confirmed" attribution="Reuters BIP Coding Group" date="1997-01-28"/>
  </code>
</codes>
<dc element="dc.date.created" value="1997-01-28"/>
<dc element="dc.publisher" value="Reuters Holdings Plc"/>
<dc element="dc.date.published" value="1997-01-28"/>
<dc element="dc.source" value="Reuters"/>
<dc element="dc.creator.location" value="FRANKFURT"/>
<dc element="dc.creator.location.country.name" value="GERMANY"/>
<dc element="dc.source" value="Reuters"/>
</metadata>
</newsitem>
