<?xml version="1.0" encoding="ISO-8859-1" standalone="no"?>
<newsitem date="1997-01-28" id="root" itemid="337576" xml:lang="en">
<title>ECUADOR: Ecuador president to be tried for slander.</title>
<headline>Ecuador president to be tried for slander.</headline>
<dateline>QUITO 1997-01-27</dateline>
<text>
<p>Ecuadoran President Abdala Bucaram was formally notified on Monday that the country's highest court will try him on charges of injurious slander brought by his rival in the 1996 presidential election.</p>
<p>"The lawsuit presented by Jaime Nebot against Abdala Bucaram is clear, comprehensive, and meets all of the formal requisites," Supreme Court of Justice president Carlos Solorzano said in his written decision to accept the case.</p>
<p>Nebot is the leader of the Social Christian Party (PSC), the main political opposition force in Ecuador, and was its unsuccessful presidential candidate in 1996.</p>
<p>He lodged an accusation of "injurious slander" against Bucaram with the supreme court shortly after Bucaram alleged Nebot had "appropriated for himself" some $5 million during a highway construction project in Guayaquil.</p>
<p>After giving Bucaram formal notification of the trial, Solorzano gave him six working days, beginning on Monday, to reply to the charges.</p>
<p>Should he be unable to prove his graft allegations against Nebot, Bucaram theoretically faces a possible six-month to two-year prison sentence, plus payment of compensatory damages in an amount determined by the court.</p>
<p>Ecuadoran law also says, however, that the president can be impeached for only treason and or corruption, leaving the current case against Bucaram in murky legal waters.</p>
<p>Bucaram, who proudly calls himself "El Loco" (The Crazy One) and was sworn in five months ago, boasted during his presidential campaign that during his lifetime he has had to respond to some 30 lawsuits.</p>
</text>
<copyright>(c) Reuters Limited 1997</copyright>
<metadata>
<codes class="bip:countries:1.0">
  <code code="ECU">
    <editdetail action="confirmed" attribution="Reuters BIP Coding Group" date="1997-01-28"/>
  </code>
</codes>
<codes class="bip:topics:1.0">
  <code code="GCAT">
    <editdetail action="confirmed" attribution="Reuters BIP Coding Group" date="1997-01-28"/>
  </code>
  <code code="GCRIM">
    <editdetail action="confirmed" attribution="Reuters BIP Coding Group" date="1997-01-28"/>
  </code>
  <code code="GPOL">
    <editdetail action="confirmed" attribution="Reuters BIP Coding Group" date="1997-01-28"/>
  </code>
</codes>
<dc element="dc.date.created" value="1997-01-27"/>
<dc element="dc.publisher" value="Reuters Holdings Plc"/>
<dc element="dc.date.published" value="1997-01-28"/>
<dc element="dc.source" value="Reuters"/>
<dc element="dc.creator.location" value="QUITO"/>
<dc element="dc.creator.location.country.name" value="ECUADOR"/>
<dc element="dc.source" value="Reuters"/>
</metadata>
</newsitem>
