<?xml version="1.0" encoding="ISO-8859-1" standalone="no"?>
<newsitem date="1997-01-28" id="root" itemid="338034" xml:lang="en">
<title>ITALY: Turkey's Ciller slams EU, links issue to NATO.</title>
<headline>Turkey's Ciller slams EU, links issue to NATO.</headline>
<byline>Jude Webber</byline>
<dateline>ROME 1997-01-28</dateline>
<text>
<p>Foreign Minister Tansu Ciller on Tuesday bitterly criticised lack of progress on Turkey's bid for European Union membership and signalled that Ankara could block NATO's enlargement plans unless its aspirations are satisfied.</p>
<p>Speaking in Rome on the eve of talks with five key European colleagues, Ciller said Turkey was not seeking a special relationship with the 15-nation EU but would not be treated as a second-class associate.</p>
<p>"Either Turkey is a full member or she will not hang in as a second-rate member," Ciller, speaking in English, said in a speech to the Italian Institute of International Affairs.</p>
<p>Her speech drove home the bitterness Turkey feels at being excluded from a group of 11 countries which have officially joined the queue of aspiring new members.</p>
<p>Listing reasons why Turkey should be eligible to join, she said that "if it does not occur I feel it will be one of the largest mistakes of history because it will hurt the feelings of the Turkish people irreversibly and the choice will be made".</p>
<p>She made clear in a subsequent question and answer session that Turkey, a NATO member, could veto plans by the military alliance to expand into former communist eastern Europe unless the EU delivered on closer ties.</p>
<p>"How do you think you can expand NATO without Turkey's permission?" Ciller asked. "It cannot be separated, the expansion of Europe, the expansion of NATO, they are interlinked."</p>
<p>Ciller is due to meet in Rome on Wednesday with the foreign ministers of Britain, France, Germany, Italy and Spain for talks on Turkey's relations with Europe amid signs of growing strains on the EU issue and amid tensions with Greece over Cyprus.</p>
<p>The meeting is not technically in the EU framework and diplomats said Ciller was unlikely to receive any firm indication that Turkey's membership hopes would be met because the European Commission has yet to assess suitability.</p>
<p>"They'll be told we're waiting for the Commission. The EU has no position as yet," one diplomat said.</p>
<p>Turkey sees the EU's attitude as a hostage to Greek bias.</p>
<p>It also holds Greece responsible for blocking financial aid that was meant to have flown under a customs union which went into effect at the start of 1996, though there is also EU concern over Ankara's human rights record.</p>
<p>Cyprus and Malta have been told they can expect EU accession talks to start, probably in 1998, and nine countries from eastern and central Europe are to be judged on suitability to start negotiations.</p>
<p>"Now it is celebration time for the new Europe. Now the 15 have designated 11 more for potential new members. Everyone is in except for one country -- only Turkey. Only Turkey is left out," Ciller said.</p>
<p>On the tensions over Cyprus, Ciller told her audience that Turkey would "never initiate a crisis" over the divided island.</p>
<p>Greek Cypriot government plans to deploy Russian anti-aircraft missiles on the divided island have been met by Turkish threats of military retaliation.</p>
<p>Cyprus has been divided since 1974, when Turkey invaded and occupied the northern third of the island after a Greek Cypriot coup engineered by Greece's then military government.</p>
</text>
<copyright>(c) Reuters Limited 1997</copyright>
<metadata>
<codes class="bip:countries:1.0">
  <code code="EEC">
    <editdetail action="confirmed" attribution="Reuters BIP Coding Group" date="1997-01-28"/>
  </code>
  <code code="ITALY">
    <editdetail action="confirmed" attribution="Reuters BIP Coding Group" date="1997-01-28"/>
  </code>
  <code code="NATO">
    <editdetail action="confirmed" attribution="Reuters BIP Coding Group" date="1997-01-28"/>
  </code>
  <code code="TURK">
    <editdetail action="confirmed" attribution="Reuters BIP Coding Group" date="1997-01-28"/>
  </code>
</codes>
<codes class="bip:topics:1.0">
  <code code="G15">
    <editdetail action="confirmed" attribution="Reuters BIP Coding Group" date="1997-01-28"/>
  </code>
  <code code="G158">
    <editdetail action="confirmed" attribution="Reuters BIP Coding Group" date="1997-01-28"/>
  </code>
  <code code="GCAT">
    <editdetail action="confirmed" attribution="Reuters BIP Coding Group" date="1997-01-28"/>
  </code>
  <code code="GDIP">
    <editdetail action="confirmed" attribution="Reuters BIP Coding Group" date="1997-01-28"/>
  </code>
</codes>
<dc element="dc.date.created" value="1997-01-28"/>
<dc element="dc.publisher" value="Reuters Holdings Plc"/>
<dc element="dc.date.published" value="1997-01-28"/>
<dc element="dc.source" value="Reuters"/>
<dc element="dc.creator.location" value="ROME"/>
<dc element="dc.creator.location.country.name" value="ITALY"/>
<dc element="dc.source" value="Reuters"/>
</metadata>
</newsitem>
