<?xml version="1.0" encoding="ISO-8859-1" standalone="no"?>
<newsitem date="1997-01-28" id="root" itemid="336752" xml:lang="en">
<title>USA: NY precious metals end lower as stocks recover.</title>
<headline>NY precious metals end lower as stocks recover.</headline>
<dateline>NEW YORK 1997-01-28</dateline>
<text>
<p>New York precious metals futures ended sharply lower Tuesday, as US stock and bond markets recovered some ground lost last week, with US dollar surging to new multi-year highs also.</p>
<p>"After four days in which gold recovered about $10.00 and silver about 30 cents, we were probably due for a correction, and the recovery in the stock and bond market today helped, but most of the rally last week in gold looked like fund shortcovering anyway," Refco New York analyst Jim Steel said.</p>
<p>COMEX February gold ended down $3.30 an ounce at $354.00, well off its intraday high at $358.20.  </p>
<p>In the past four days February gold had recovered from a contract low at $347.30, while spot gold in the bullion market had been recovering from a three year low around $347.00.</p>
<p>Spot gold ended Tuesday quoted $352.90/40 an ounce, compared to the London Tuesday afternoon fix at $353.70 and the London morning fix at $357.25.</p>
<p>US treasury bonds recovered from several days of losses on a better-than-expected US fourth quarter employment cost index rise of 0.8 percent, allowing US equity markets to recover also, removing the need for diversification into hard assets, analysts said.</p>
<p>"Prospects that a low inflation environment will support higher equity values suggest that disinvestment of gold will remain in vogue in 1997," Smith Barney analyst David Rinehimer said.</p>
<p>However, much of recovery in the past few days, may have been caused by fund short covering, analysts said.</p>
<p>Commodity funds had been holding near-record net short positions in gold in recent CFTC Commitments of Traders data.</p>
<p>But in data released Tuesday, open interest in COMEX gold futures fell 4,129 lots Monday, after a fall of 5,336 lots Friday.</p>
<p>February gold open interest fell 9,618 lots Monday, ahead of the contract's delivery period starting January 31. April gold open interest rose 5,636 lots though, as some short positions were rolled forward, traders said.</p>
<p>The ongoing rally in the US dollar was also doing little for dollar denominated hard assets in other currencies, analysts said.</p>
<p>The US dollar hit a fresh 31 month high against the mark and a new 47 month high against yen Tuesday.</p>
<p>As a result gold priced in yen rose further Tuesday to its highest levels for a month.</p>
<p>"Continued US dollar gains against yen are expected to limit any recovery in Japanese gold demand," Rinehimer said.</p>
<p>For the first 11 months of 1996, Japan's gold imports totalled 126 tonnes, nearly half of the 250 tonnes imported in the same period in 1995.</p>
<p>Meanwhile, in recent weeks the South African rand has recovered from multi-year lows against the dollar, lowering the gold price in rand terms to nine month lows, and putting pressure on South African gold miners to hedge some of their production.</p>
<p>The bounce in gold and silver in the past week, was led by silver which has a slightly better supply/demand outlook, analysts noted.</p>
<p>But the spot gold/silver ratio saw its first bounce in a week Tuesday, ending at 71.31, after sliding to a nine month low at 70.84 Friday.</p>
<p>COMEX March silver ended down 8.4 cents an ounce Tuesday at $4.963, well off its intraday highs at $5.060. Earlier spot silver in the bullion market had fixed at $5.03 an ounce in London, its highest level since October 14.</p>
<p>Gold was slightly stronger than platinum also Tuesday, with the April NYMEX platinum/COMEX gold ratio ratio ending at $4.50 an ounce, down from $5.10 Friday.</p>
<p>NYMEX April platinum closed down $3.80 an ounce at $360.20, while NYMEX March palladium ended down $1.05 an ounce at $124.65.</p>
<p>-Clive McKeef, New York Commodities Desk, +1-212-859-1641; -email: clive.mckeef@reuters.com</p>
</text>
<copyright>(c) Reuters Limited 1997</copyright>
<metadata>
<codes class="bip:countries:1.0">
  <code code="USA">
    <editdetail action="confirmed" attribution="Reuters BIP Coding Group" date="1997-01-28"/>
  </code>
</codes>
<codes class="bip:topics:1.0">
  <code code="M14">
    <editdetail action="confirmed" attribution="Reuters BIP Coding Group" date="1997-01-28"/>
  </code>
  <code code="M142">
    <editdetail action="confirmed" attribution="Reuters BIP Coding Group" date="1997-01-28"/>
  </code>
  <code code="MCAT">
    <editdetail action="confirmed" attribution="Reuters BIP Coding Group" date="1997-01-28"/>
  </code>
</codes>
<dc element="dc.date.created" value="1997-01-28"/>
<dc element="dc.publisher" value="Reuters Holdings Plc"/>
<dc element="dc.date.published" value="1997-01-28"/>
<dc element="dc.source" value="Reuters"/>
<dc element="dc.creator.location" value="NEW YORK"/>
<dc element="dc.creator.location.country.name" value="USA"/>
<dc element="dc.source" value="Reuters"/>
</metadata>
</newsitem>
