<?xml version="1.0" encoding="ISO-8859-1" standalone="no"?>
<newsitem date="1997-01-28" id="root" itemid="337284" xml:lang="en">
<title>YUGOSLAVIA: Serbian police beat protesters, says opposition.</title>
<headline>Serbian police beat protesters, says opposition.</headline>
<dateline>BELGRADE 1997-01-27</dateline>
<text>
<p>Serbian police beat protesters on Tuesday in the provincial town of Smederevska Palanka where the opposition and ruling Socialists have formed rival municipal governments, an opposition official alleged.</p>
<p>Some 1,000 supporters of the opposition Zajedno (Together) coalition were attacked when their daily march encountered a police cordon, a Zajedno official told Reuters by telephone.</p>
<p>"The police attacked without provocation at all, beating everyone in sight, including women and children," he said.</p>
<p>The local head of Zajedno, Ljubisa Brkic, required medical treatment after he was hit on the chin and stomach, the official, who asked not to be named, said.</p>
<p>Several others suffered less serious injuries, he added.</p>
<p>The independent Beta news agency also reported the incident and said a Zajedno parliament member was beaten.</p>
<p>The report of police action followed the swearing in of rival municipal governments in Smederevska Palanka, located some 80 km (50 miles) south of the capital Belgrade.</p>
<p>Zajedno swore in a municipal council on Tuesday in Smederevska Palanka based on results of November local elections, which gave the opposition a narrow majority.</p>
<p>The Socialists inaugurated their own town council with a leftist majority based on a court annulment of the opposition victory.</p>
<p>Riot police refused to allow all the Zajedno council members and their supporters to enter the council building. Zajedno ended up holding its ceremony outside the building while the Socialists swore in their deputies.</p>
<p>There have been increasing reports of police violence against opposition protesters, who have held 10 straight weeks of demonstrations demanding the Socialists concede defeat in local elections.</p>
<p>The United States accused President Slobodan Milosevic's government on Monday of breaking a pledge not to use force against the peaceful demonstrations.</p>
<p>In Belgrade no violence was reported on Tuesday evening as thousands of protesters converged on the city centre for a daily opposition rally.</p>
</text>
<copyright>(c) Reuters Limited 1997</copyright>
<metadata>
<codes class="bip:countries:1.0">
  <code code="YUG">
    <editdetail action="confirmed" attribution="Reuters BIP Coding Group" date="1997-01-28"/>
  </code>
</codes>
<codes class="bip:topics:1.0">
  <code code="GCAT">
    <editdetail action="confirmed" attribution="Reuters BIP Coding Group" date="1997-01-28"/>
  </code>
  <code code="GPOL">
    <editdetail action="confirmed" attribution="Reuters BIP Coding Group" date="1997-01-28"/>
  </code>
  <code code="GVIO">
    <editdetail action="confirmed" attribution="Reuters BIP Coding Group" date="1997-01-28"/>
  </code>
</codes>
<dc element="dc.date.created" value="1997-01-27"/>
<dc element="dc.publisher" value="Reuters Holdings Plc"/>
<dc element="dc.date.published" value="1997-01-28"/>
<dc element="dc.source" value="Reuters"/>
<dc element="dc.creator.location" value="BELGRADE"/>
<dc element="dc.creator.location.country.name" value="YUGOSLAVIA"/>
<dc element="dc.source" value="Reuters"/>
</metadata>
</newsitem>
