<?xml version="1.0" encoding="ISO-8859-1" standalone="no"?>
<newsitem date="1997-01-28" id="root" itemid="337653" xml:lang="en">
<title>TAIWAN: Taiwan aluminium buyers stock up, fear price hike.</title>
<headline>Taiwan aluminium buyers stock up, fear price hike.</headline>
<dateline>TAIPEI 1997-01-28</dateline>
<text>
<p>Taiwan buyers have begun stockpiling aluminium ingots in anticipation of further price rises following a sharp international price increase in January alone, metal traders said on Tuesday.</p>
<p>"Many aluminium buyers are increasing their inventory levels as they expect a continued price rise," a China Steel Aluminium Co buyer told Reuters by telephone.</p>
<p>Local aluminium ingot prices have already soared more than 30 percent since January and could rise further, traders said.</p>
<p>Traders attributed the rise to a jump in scrap material prices to over 58 U.S. cents per pound from 47 U.S. cents in barely a month.</p>
<p>Taiwan imported some 480,000 tonnes of gross aluminium in 1995, up from 1994's 450,000 tonne. Figures for 1996 are not yet available.</p>
<p>-- Taipei Newsroom (2-508-0815)</p>
</text>
<copyright>(c) Reuters Limited 1997</copyright>
<metadata>
<codes class="bip:countries:1.0">
  <code code="TAIWAN">
    <editdetail action="confirmed" attribution="Reuters BIP Coding Group" date="1997-01-28"/>
  </code>
</codes>
<codes class="bip:industries:1.0">
  <code code="I22450">
    <editdetail action="confirmed" attribution="Reuters BIP Coding Group" date="1997-01-28"/>
  </code>
</codes>
<codes class="bip:topics:1.0">
  <code code="C31">
    <editdetail action="confirmed" attribution="Reuters BIP Coding Group" date="1997-01-28"/>
  </code>
  <code code="CCAT">
    <editdetail action="confirmed" attribution="Reuters BIP Coding Group" date="1997-01-28"/>
  </code>
  <code code="M14">
    <editdetail action="confirmed" attribution="Reuters BIP Coding Group" date="1997-01-28"/>
  </code>
  <code code="M142">
    <editdetail action="confirmed" attribution="Reuters BIP Coding Group" date="1997-01-28"/>
  </code>
  <code code="MCAT">
    <editdetail action="confirmed" attribution="Reuters BIP Coding Group" date="1997-01-28"/>
  </code>
</codes>
<dc element="dc.date.created" value="1997-01-28"/>
<dc element="dc.publisher" value="Reuters Holdings Plc"/>
<dc element="dc.date.published" value="1997-01-28"/>
<dc element="dc.source" value="Reuters"/>
<dc element="dc.creator.location" value="TAIPEI"/>
<dc element="dc.creator.location.country.name" value="TAIWAN"/>
<dc element="dc.source" value="Reuters"/>
</metadata>
</newsitem>
