<?xml version="1.0" encoding="ISO-8859-1" standalone="no"?>
<newsitem date="1997-01-28" id="root" itemid="337452" xml:lang="en">
<title>RUSSIA: Central bank dollar/rouble rates 5619/5629.</title>
<headline>Central bank dollar/rouble rates 5619/5629.</headline>
<dateline>MOSCOW 1997-01-28</dateline>
<text>
<p>The Russian Central Bank said it had set 5619/5629 roubles per dollar as its bid and offer rates for its operations on the currency market on Tuesday.</p>
<p>The official rate for Wednesday will be 5624.</p>
<p>On Monday the bid/offer rates were 5616/5626, with the official dollar rate 5621 from Tuesday.</p>
<p>The Central Bank announces daily bid/offer dollar/rouble rates for its currency operations. The midpoint of these rates is the official dollar/rouble rate for the following day.</p>
<p>--Moscow Newsroom, +7095 941 8520</p>
</text>
<copyright>(c) Reuters Limited 1997</copyright>
<metadata>
<codes class="bip:countries:1.0">
  <code code="RUSS">
    <editdetail action="confirmed" attribution="Reuters BIP Coding Group" date="1997-01-28"/>
  </code>
</codes>
<codes class="bip:topics:1.0">
  <code code="M13">
    <editdetail action="confirmed" attribution="Reuters BIP Coding Group" date="1997-01-28"/>
  </code>
  <code code="M132">
    <editdetail action="confirmed" attribution="Reuters BIP Coding Group" date="1997-01-28"/>
  </code>
  <code code="MCAT">
    <editdetail action="confirmed" attribution="Reuters BIP Coding Group" date="1997-01-28"/>
  </code>
</codes>
<dc element="dc.date.created" value="1997-01-28"/>
<dc element="dc.publisher" value="Reuters Holdings Plc"/>
<dc element="dc.date.published" value="1997-01-28"/>
<dc element="dc.source" value="Reuters"/>
<dc element="dc.creator.location" value="MOSCOW"/>
<dc element="dc.creator.location.country.name" value="RUSSIA"/>
<dc element="dc.source" value="Reuters"/>
</metadata>
</newsitem>
