<?xml version="1.0" encoding="ISO-8859-1" standalone="no"?>
<newsitem date="1997-01-28" id="root" itemid="336657" xml:lang="en">
<title>USA: State Fin'l votes 6-for-5 split, div hike.</title>
<headline>State Fin'l votes 6-for-5 split, div hike.</headline>
<dateline>HALES CORNERS, Wis. 1997-01-28</dateline>
<text>
<p>State Financial Services Corp said Tuesday it voted a six-for-five stock split and will retain its current $0.12 a share cash dividend following the split, effecting a 20 percent increase to the quarterly payout.</p>
<p>The additional shares will be issued February 28, record February 14. The cash dividend will be paid April 7, record March 24.</p>
<p>State Financial is a bank holding company.</p>
<p>	     ((Chicago newsdesk 312 408-8787))</p>
</text>
<copyright>(c) Reuters Limited 1997</copyright>
<metadata>
<codes class="bip:countries:1.0">
  <code code="USA">
    <editdetail action="confirmed" attribution="Reuters BIP Coding Group" date="1997-01-28"/>
  </code>
</codes>
<codes class="bip:topics:1.0">
  <code code="C15">
    <editdetail action="confirmed" attribution="Reuters BIP Coding Group" date="1997-01-28"/>
  </code>
  <code code="C151">
    <editdetail action="confirmed" attribution="Reuters BIP Coding Group" date="1997-01-28"/>
  </code>
  <code code="C17">
    <editdetail action="confirmed" attribution="Reuters BIP Coding Group" date="1997-01-28"/>
  </code>
  <code code="C171">
    <editdetail action="confirmed" attribution="Reuters BIP Coding Group" date="1997-01-28"/>
  </code>
  <code code="CCAT">
    <editdetail action="confirmed" attribution="Reuters BIP Coding Group" date="1997-01-28"/>
  </code>
</codes>
<dc element="dc.date.created" value="1997-01-28"/>
<dc element="dc.publisher" value="Reuters Holdings Plc"/>
<dc element="dc.date.published" value="1997-01-28"/>
<dc element="dc.source" value="Reuters"/>
<dc element="dc.creator.location" value="HALES CORNERS, Wis."/>
<dc element="dc.creator.location.country.name" value="USA"/>
<dc element="dc.source" value="Reuters"/>
</metadata>
</newsitem>
