<?xml version="1.0" encoding="ISO-8859-1" standalone="no"?>
<newsitem date="1996-12-20" id="root" itemid="270826" xml:lang="en">
<title>FRANCE: Belgian move does not block whole deal-Cacao Barry.</title>
<headline>Belgian move does not block whole deal-Cacao Barry.</headline>
<dateline>PARIS 1996-12-20</dateline>
<text>
<p>French cocoa processor Cacao Barry said on Friday a Belgian ruling against the planned merger of Cacao Barry and Callebaut AG did not block the deal as a whole as it only affected the Belgian elements.</p>
<p>"The main point is that this is not threatening the whole transaction," said Patrick Bendavid, joint chairman of the Barry group.</p>
<p>Belgium's anti-trust authority said earlier it ruled against the planned merger because it would reinforce Callebaut's dominant position and significantly hamper competition.</p>
<p>In August Callebaut chairman Charles Gebhard said the group was awaiting approval from cartel authorities in certain countries but the due diligence process was over.</p>
<p>Bendavid specified that the deal had already won approval from local cartel authorities in Italy and Germany and was awaiting approval from authorities in Britain.</p>
<p>He did not say what steps the company would take in the wake of the Belgian ban, adding it needed to fully review the ruling.</p>
<p>Callebaut AG announced in July it had agreed to acquire Cacao Barry from its main shareholder, French holding company Societe Centrale d'Investissements (SCIA), creating a group with control of 12 to 13 percent of the world cocoa bean crop.</p>
<p>SCIA is 51 percent owned by Societe Centrale d'Investissement and Belgian holding company Cie Nationale a Portfeuille.</p>
<p>Callebaut is a unit of Swiss diversified holding  Klaus J. Jacobs, owned by Swiss financier Klaus Jacobs.</p>
<p>Chocolate industry representatives had warned when the merger plans were announced that Callebaut and Cacao Barry had a strong presence in Belgium, which could raise competition issues.</p>
<p>--Paris newsroom +331 4221 5432</p>
</text>
<copyright>(c) Reuters Limited 1996</copyright>
<metadata>
<codes class="bip:countries:1.0">
  <code code="BELG">
    <editdetail action="confirmed" attribution="Reuters BIP Coding Group" date="1996-12-20"/>
  </code>
  <code code="FRA">
    <editdetail action="confirmed" attribution="Reuters BIP Coding Group" date="1996-12-20"/>
  </code>
</codes>
<codes class="bip:industries:1.0">
  <code code="I42100">
    <editdetail action="confirmed" attribution="Reuters BIP Coding Group" date="1996-12-20"/>
  </code>
  <code code="I63000">
    <editdetail action="confirmed" attribution="Reuters BIP Coding Group" date="1996-12-20"/>
  </code>
  <code code="I81502">
    <editdetail action="confirmed" attribution="Reuters BIP Coding Group" date="1996-12-20"/>
  </code>
  <code code="I83960">
    <editdetail action="confirmed" attribution="Reuters BIP Coding Group" date="1996-12-20"/>
  </code>
</codes>
<codes class="bip:topics:1.0">
  <code code="C18">
    <editdetail action="confirmed" attribution="Reuters BIP Coding Group" date="1996-12-20"/>
  </code>
  <code code="C181">
    <editdetail action="confirmed" attribution="Reuters BIP Coding Group" date="1996-12-20"/>
  </code>
  <code code="C34">
    <editdetail action="confirmed" attribution="Reuters BIP Coding Group" date="1996-12-20"/>
  </code>
  <code code="CCAT">
    <editdetail action="confirmed" attribution="Reuters BIP Coding Group" date="1996-12-20"/>
  </code>
</codes>
<dc element="dc.date.created" value="1996-12-20"/>
<dc element="dc.publisher" value="Reuters Holdings Plc"/>
<dc element="dc.date.published" value="1996-12-20"/>
<dc element="dc.source" value="Reuters"/>
<dc element="dc.creator.location" value="PARIS"/>
<dc element="dc.creator.location.country.name" value="FRANCE"/>
<dc element="dc.source" value="Reuters"/>
</metadata>
</newsitem>
