<?xml version="1.0" encoding="ISO-8859-1" standalone="no"?>
<newsitem date="1997-01-28" id="root" itemid="337231" xml:lang="en">
<title>COTE D'IVOIRE: PRESS DIGEST - Ivory Coast - Jan 28.</title>
<headline>PRESS DIGEST - Ivory Coast - Jan 28.</headline>
<dateline>ABIDJAN 1997-01-28</dateline>
<text>
<p>These are significant items in the Ivorian press on Tuesday. Reuters has not verified these items and does not vouch for their accuracy.</p>
<p>FRATERNITE MATIN</p>
<p>- Rehabilitation and extension work at Abidjan International Airport launched by Prime Minister Daniel Kablan Duncan; first phase to be completed in six months comrpises expansion of aircraft parking area and improved lighting; second phase to be finished by 1999 will extend departure hall and freight areas, roughly doubling airport's floor area.</p>
<p>- Calm returns to Ivory Coast campuses following tense 72-hour strike called by students after jailing of three militant colleagues; education minister says inquiry launched into death of male student in one Abidjan campus.</p>
<p>LA VOIE</p>
<p>- African Development Bank and U.N. Food and Agriculture Organisation sign accord on joint programmes for rural development and food security in Africa.</p>
<p>LE JOUR</p>
<p>- Cellular operator Telecel de Loteney, one of three in Ivory Coast, to extend mobile phone network from Abidjan to interior towns of Yamoussoukro, Bouake and Khorogo by April this year, advertisement says.</p>
<p>-- Abidjan newsroom +225 21 90 90</p>
</text>
<copyright>(c) Reuters Limited 1997</copyright>
<metadata>
<codes class="bip:countries:1.0">
  <code code="ICST">
    <editdetail action="confirmed" attribution="Reuters BIP Coding Group" date="1997-01-28"/>
  </code>
</codes>
<codes class="bip:topics:1.0">
  <code code="GCAT">
    <editdetail action="confirmed" attribution="Reuters BIP Coding Group" date="1997-01-28"/>
  </code>
</codes>
<dc element="dc.date.created" value="1997-01-28"/>
<dc element="dc.publisher" value="Reuters Holdings Plc"/>
<dc element="dc.date.published" value="1997-01-28"/>
<dc element="dc.source" value="Reuters"/>
<dc element="dc.creator.location" value="ABIDJAN"/>
<dc element="dc.creator.location.country.name" value="COTE D'IVOIRE"/>
<dc element="dc.source" value="Reuters"/>
</metadata>
</newsitem>
