<?xml version="1.0" encoding="ISO-8859-1" standalone="no"?>
<newsitem date="1997-01-28" id="root" itemid="337178" xml:lang="en">
<title>SOUTH AFRICA: Avgold swells Q4 profit and eyes the world.</title>
<headline>Avgold swells Q4 profit and eyes the world.</headline>
<byline>Melanie Cheary</byline>
<dateline>JOHANNESBURG 1997-01-28</dateline>
<text>
<p>Newly-formed Avgold Ltd raised December quarter gold operations' profit 65 percent over the preceding quarter and said on Tuesday it would use its existing mines to launch an international future for the group.</p>
<p>"Through the restructuring we will use our old mines to build a future via the northern Free State into Africa and beyond," Jurie Geldenhuys, Avgold managing director, said at a presentation of the group's quarterly results.</p>
<p>Avgold is a member of the Anglovaal Ltd group and incorporates the activities of Loraine Gold Mines Ltd, Hartebeestfontein Gold Mining Co Ltd (Harties), the no longer listed Eastern Transvaal Consolidated Mines Ltd (ET Cons) and the Target gold project with effect from November 1, 1996.</p>
<p>Avgold was listed on December 31, 1996.</p>
<p>"We hope to create a modern gold mining company which will be favourably competitive with its international peers," Avgold chairman Rick Menell said.</p>
<p>He said Avgold was actively investigating interests in 13 African countries and that hopefully the group would have more to show on that front in the course of 1997.</p>
<p>Proforma results for the new gold group showed pre-tax and pre-capital spending earnings rise to 77.2 million rand ($16.9 million) in the fourth quarter from 46.8 million rand previously.</p>
<p>"We had very pleasing operating results this quarter," Menell said.</p>
<p>The average gold price received for the Avgold mines was significantly higher in the December quarter due to the rand's weakness against the dollar. It rose to 56,488 rand/kg from 54,201 rand/kg previously.</p>
<p>Avgold director of operations Tim Spindler said the Christmas holidays would adversely affect the current March quarter, despite the fact that attempts had been made to work in that potential lost time.</p>
<p>An 18 million rand windfall from uranium sales from Harties boosted December quarter earnings. Spindler said this had been a one-off big sale but that the potential remained for other sales, although perhaps not as large.</p>
<p>Cutting overall total working costs by eight million rand also helped to swell earnings, Avgold said.</p>
<p>But still a shadow hung over Loraine.</p>
<p>Although profit was up there, Spindler said a number of worrying features remained. Among these were falling ore grades and unions' demands for wages to be equalised with the rest of the industry.</p>
<p>"If we did that overnight we would put the mine out of business," he said.</p>
<p>Loraine had remained "very, very marginal."</p>
<p>The mine raised earnings to 3.69 million rand from 2.91 million rand previously.</p>
<p>Turning the spotlight onto ET Cons, Spindler said the division had moved back into profit after two lucky quarters and this looked set to continue. "I do expect this pattern to continue into the next quarter," he said.</p>
<p>ET Cons made a 3.82 million rand gold profit in the quarter compared to a 2.79 million rand loss previously.</p>
<p>A dump retreatment programme at the mine's Sheba division was progressing according to plan and the first gold from this operation was expected in June 1997.</p>
<p>A fire continued to burn at Harties No 6 shafts, forcing the closure of a high-grade area there. But Spindler said the shaft should be back in production by the beginning of February.</p>
<p>He estimated that 200 kg of gold had thus far been lost.</p>
<p>-- Johannesburg newsroom +27 11 482-1003 ($ = 4.566 South African Rand)</p>
</text>
<copyright>(c) Reuters Limited 1997</copyright>
<metadata>
<codes class="bip:countries:1.0">
  <code code="SAFR">
    <editdetail action="confirmed" attribution="Reuters BIP Coding Group" date="1997-01-28"/>
  </code>
</codes>
<codes class="bip:industries:1.0">
  <code code="I21000">
    <editdetail action="confirmed" attribution="Reuters BIP Coding Group" date="1997-01-28"/>
  </code>
  <code code="I83960">
    <editdetail action="confirmed" attribution="Reuters BIP Coding Group" date="1997-01-28"/>
  </code>
</codes>
<codes class="bip:topics:1.0">
  <code code="C15">
    <editdetail action="confirmed" attribution="Reuters BIP Coding Group" date="1997-01-28"/>
  </code>
  <code code="C151">
    <editdetail action="confirmed" attribution="Reuters BIP Coding Group" date="1997-01-28"/>
  </code>
  <code code="CCAT">
    <editdetail action="confirmed" attribution="Reuters BIP Coding Group" date="1997-01-28"/>
  </code>
</codes>
<dc element="dc.date.created" value="1997-01-28"/>
<dc element="dc.publisher" value="Reuters Holdings Plc"/>
<dc element="dc.date.published" value="1997-01-28"/>
<dc element="dc.source" value="Reuters"/>
<dc element="dc.creator.location" value="JOHANNESBURG"/>
<dc element="dc.creator.location.country.name" value="SOUTH AFRICA"/>
<dc element="dc.source" value="Reuters"/>
</metadata>
</newsitem>
