<?xml version="1.0" encoding="ISO-8859-1" standalone="no"?>
<newsitem date="1997-01-28" id="root" itemid="337616" xml:lang="en">
<title>MALAYSIA: Malaysia physical palm oil prices - Jan 28.</title>
<headline>Malaysia physical palm oil prices - Jan 28.</headline>
<text>
<p>(Prices in Ringgit/tonne local delivery/Crude, Bulk)</p>
<p>	    BID/ASK		TRADES</p>
<p>Jan	 1330/1335	    1330/1332.50 (south)</p>
<p>				     1330 (central)</p>
<p>Feb	 1330/1335	    1330/1335 (south)</p>
<p>	  (Prices in US dollars/Tonne local for Malaysian ports,Bulk)</p>
<p>			  RBD PALM OIL</p>
<p>Feb		     565	   slr</p>
<p>Mar		     557.50	slr</p>
<p>Apr/May/Jun	   547.50	slr</p>
<p>			  RBD PALM OLEIN</p>
<p>Feb		     595	   slr traded 592.50</p>
<p>Mar		     590	   slr traded 587.50</p>
<p>Apr/May/Jun	   577.50	slr</p>
<p>			  RBD PALM STEARIN</p>
<p>Feb		     452.50	slr</p>
<p>Mar		     452.50	slr</p>
<p>		     PALM FATTY ACID DISTILLATE</p>
<p>Feb/Mar		 305	   slr</p>
<p>PALMOIL CRUDE SUMATRAN/MALAYSIAN SLRS OPTIONS</p>
<p>CIF ROTTERDAM DLRS A  TONNE -1100 GMT Feb/Mar		 570	   slr</p>
<p>Apr		     565	   slr</p>
<p>--Kuala Lumpur newsroom (603 -230-7510)</p>
</text>
<copyright>(c) Reuters Limited 1997</copyright>
<metadata>
<codes class="bip:countries:1.0">
  <code code="MALAY">
    <editdetail action="confirmed" attribution="Reuters BIP Coding Group" date="1997-01-28"/>
  </code>
</codes>
<codes class="bip:topics:1.0">
  <code code="M14">
    <editdetail action="confirmed" attribution="Reuters BIP Coding Group" date="1997-01-28"/>
  </code>
  <code code="M141">
    <editdetail action="confirmed" attribution="Reuters BIP Coding Group" date="1997-01-28"/>
  </code>
  <code code="MCAT">
    <editdetail action="confirmed" attribution="Reuters BIP Coding Group" date="1997-01-28"/>
  </code>
</codes>
<dc element="dc.publisher" value="Reuters Holdings Plc"/>
<dc element="dc.date.published" value="1997-01-28"/>
<dc element="dc.source" value="Reuters"/>
<dc element="dc.creator.location.country.name" value="MALAYSIA"/>
<dc element="dc.source" value="Reuters"/>
</metadata>
</newsitem>
