<?xml version="1.0" encoding="ISO-8859-1" standalone="no"?>
<newsitem date="1997-01-28" id="root" itemid="337166" xml:lang="en">
<title>KENYA: U.S. to back UNEP's stay in Kenya, demands reforms.</title>
<headline>U.S. to back UNEP's stay in Kenya, demands reforms.</headline>
<byline>Buchizya Mseteka</byline>
<dateline>NAIROBI 1997-01-28</dateline>
<text>
<p>The United States is willing to support keeping the U.N. environment agency headquarters in Kenya in return for steep budget cuts and reform, Western diplomats said on Tuesday.</p>
<p>The diplomats spoke to Reuters on the sidelines of the Governing Council of the U.N. Environment Programme (UNEP), the agency's legislative and policy organ, which has been sidetracked by American demands for reform.</p>
<p>UNEP, founded in 1972, is the only U.N. agency with its global headquarters in the developing world.</p>
<p>Critics, mainly from the developed world, are unhappy with UNEP's location in Kenya, citing its isolation from other U.N. global bodies, poor communications in this east African nation and low quality of staff.</p>
<p>Earlier on Tuesday, the U.S. led calls for reform and budget cuts in UNEP, calling it "disjointed and in a state of crisis" but China threw its weight behind the developing world's clamour for more aid to manage the golobal environment.</p>
<p>Diplomats said Washington appeared willing to use the carrot and stick approach.</p>
<p>"The Americans are saying moving UNEP from Nairobi is not going to happen. They are saying the United States will continue to support location of UNEP in Nairobi," a western diplomat said.</p>
<p>Another western diplomat added: "But this does not mean they are abandoning their demands for reform. All they are saying is we will support you (on the location of UNEP) but understand and support our stand on cuts and reform."</p>
<p>American delegates at the Nairobi Governing Council meeting, normally used to approve a programme on managing natural resources and improving the environment, declined comment on the issue of UNEP's location.</p>
<p>This year's Council forum is being sidetracked by talk of reforms and finance because of failure to pay dues by the rich nations from the northern hemisphere.</p>
<p>China on Tuesday endorsed a position adopted by the Group of 77 calling for more aid and for implementation of mainly Third World UNEP programmes abandoned last year for lack of funding.</p>
<p>"The Group of 77 and China cannot support the revision of the programme of work because it has deleted many of the projects which the members of this group are concerned about," said a joint statement issued by China and the Group.</p>
<p>But the American delegation at the meeting attended by 100 nations and agencies has ruled out pumping in more funds into UNEP, saying the global environment watchdog needs urgent surgery and not more money.</p>
<p>"We believe strongly that UNEP is a very important agency, unfortunately we find this agency with a set of problems. It is in a state of crisis," delegation head William Dilday said in a speech read out on his behalf by a colleague.</p>
<p>"We need to transform UNEP and stop its fragmentation. But throwing more money at UNEP's problems is not an answer to the problems."</p>
<p>Western governments led by the United States want UNEP to refocus on its core tasks.</p>
<p>These are identified as monitoring the state of the planet, identifying emerging issues and initiating global responses to them and promoting the development of international law.</p>
</text>
<copyright>(c) Reuters Limited 1997</copyright>
<metadata>
<codes class="bip:countries:1.0">
  <code code="KENYA">
    <editdetail action="confirmed" attribution="Reuters BIP Coding Group" date="1997-01-28"/>
  </code>
  <code code="UN">
    <editdetail action="confirmed" attribution="Reuters BIP Coding Group" date="1997-01-28"/>
  </code>
  <code code="USA">
    <editdetail action="confirmed" attribution="Reuters BIP Coding Group" date="1997-01-28"/>
  </code>
</codes>
<codes class="bip:topics:1.0">
  <code code="GCAT">
    <editdetail action="confirmed" attribution="Reuters BIP Coding Group" date="1997-01-28"/>
  </code>
  <code code="GDIP">
    <editdetail action="confirmed" attribution="Reuters BIP Coding Group" date="1997-01-28"/>
  </code>
  <code code="GENV">
    <editdetail action="confirmed" attribution="Reuters BIP Coding Group" date="1997-01-28"/>
  </code>
</codes>
<dc element="dc.date.created" value="1997-01-28"/>
<dc element="dc.publisher" value="Reuters Holdings Plc"/>
<dc element="dc.date.published" value="1997-01-28"/>
<dc element="dc.source" value="Reuters"/>
<dc element="dc.creator.location" value="NAIROBI"/>
<dc element="dc.creator.location.country.name" value="KENYA"/>
<dc element="dc.source" value="Reuters"/>
</metadata>
</newsitem>
