<?xml version="1.0" encoding="ISO-8859-1" standalone="no"?>
<newsitem date="1996-11-26" id="root" itemid="219164" xml:lang="en">
<title>FRANCE: French truckers break off talks, protest continues.</title>
<headline>French truckers break off talks, protest continues.</headline>
<byline>Frederic Niel</byline>
<dateline>PARIS 1996-11-26</dateline>
<text>
<p>Striking French truck drivers and their bosses broke off talks early on Tuesday with little progress on lifting roadblocks which kept freight shipments at a standstill and threatened to dry up petrol supplies.</p>
<p>On the ninth day of the protest, union officials said it was growing in strength and putting greater pressure on the economy in the most serious labour unrest in France this year.</p>
<p>The national traffic information centre reported 166 blockades on roads across France at dawn on Tuesday.</p>
<p>The fifth round of talks ended at 6.30 a.m. (0530 GMT) and unions said the little progress which had been achieved was insufficient to justify loosening the screw.</p>
<p>"The truckers must make themselves heard a bit more so that the bosses and the government make a few more concessions," Alain Renault of the Communist CGT union told reporters.</p>
<p>Bosses and unions reached agreement on sick leave and travel expenses, and made progress on union rights, the pro-Socialist CFDT union said.</p>
<p>Union and companies both said that the ball was in the government's camp as it had to take on funding of retirement at 55 rather than 60, one of the truckers' demands alongside higher wages and shorter working hours.</p>
<p>Haulage companies reportedly refused to consider the wage hike demanded by unions. Talks were due to resume at three p.m. (1400 GMT).</p>
<p>Tens of thousands of trucks are blockading motorways, borders and fuel depots.</p>
<p>FO leader Marc Blondel met Transport Minister Bernard Pons on Monday and threatened to extend the strike to rail and air transport unless a deal was reached by Tuesday.</p>
<p>The CGT called on its members to widen their protests with a national day of demonstrations and rallies at the roadblocks on Wednesday, and five rail unions urged their members to support the strikes "with the appropriate means".</p>
<p>Truckers blocked Channel ports and German border crossings and tightened their noose on oil refineries and fuel depots after earlier all-night talks ended in deadlock on Monday.</p>
<p>Officials in some parts of the country were taking steps to limit petrol sales and prevent motorists from hoarding ever scarcer supplies.</p>
<p>Conservative Prime Minister Alain Juppe renewed his appeal for a deal to end the strike that was putting a stranglehold on the economy and provoking friction with France's neighbours.</p>
<p>"I'm following the talks hour by hour," he said before the latest round of talks chaired by government mediator Robert Cros. "The government has done everything to get these talks under way. They must now resume and finish."</p>
<p>The unrest showed signs of spreading to other sectors.</p>
<p>Trade unions announced plans for a 24-hour strike at state-owned utilities Electricite de France and Gaz de France on December 3, and for a two-day strike at Air France and other French airlines on Wednesday and Thursday.</p>
<p>"It is time for all air transport staff to mobilise against provocation by the public authorities and the management of Air France," a CFDT statement said.</p>
<p>The trucker dispute was the most serious unrest since a 24-day round of public sector strikes against the centre-right government almost paralysed the country late last year.</p>
</text>
<copyright>(c) Reuters Limited 1996</copyright>
<metadata>
<codes class="bip:countries:1.0">
  <code code="FRA">
    <editdetail action="confirmed" attribution="Reuters BIP Coding Group" date="1996-11-26"/>
  </code>
</codes>
<codes class="bip:industries:1.0">
  <code code="I16100">
    <editdetail action="confirmed" attribution="Reuters BIP Coding Group" date="1996-11-26"/>
  </code>
  <code code="I16200">
    <editdetail action="confirmed" attribution="Reuters BIP Coding Group" date="1996-11-26"/>
  </code>
  <code code="I72300">
    <editdetail action="confirmed" attribution="Reuters BIP Coding Group" date="1996-11-26"/>
  </code>
  <code code="I75000">
    <editdetail action="confirmed" attribution="Reuters BIP Coding Group" date="1996-11-26"/>
  </code>
</codes>
<codes class="bip:topics:1.0">
  <code code="C42">
    <editdetail action="confirmed" attribution="Reuters BIP Coding Group" date="1996-11-26"/>
  </code>
  <code code="CCAT">
    <editdetail action="confirmed" attribution="Reuters BIP Coding Group" date="1996-11-26"/>
  </code>
  <code code="E41">
    <editdetail action="confirmed" attribution="Reuters BIP Coding Group" date="1996-11-26"/>
  </code>
  <code code="ECAT">
    <editdetail action="confirmed" attribution="Reuters BIP Coding Group" date="1996-11-26"/>
  </code>
  <code code="GCAT">
    <editdetail action="confirmed" attribution="Reuters BIP Coding Group" date="1996-11-26"/>
  </code>
  <code code="GJOB">
    <editdetail action="confirmed" attribution="Reuters BIP Coding Group" date="1996-11-26"/>
  </code>
  <code code="GVIO">
    <editdetail action="confirmed" attribution="Reuters BIP Coding Group" date="1996-11-26"/>
  </code>
</codes>
<dc element="dc.date.created" value="1996-11-26"/>
<dc element="dc.publisher" value="Reuters Holdings Plc"/>
<dc element="dc.date.published" value="1996-11-26"/>
<dc element="dc.source" value="Reuters"/>
<dc element="dc.creator.location" value="PARIS"/>
<dc element="dc.creator.location.country.name" value="FRANCE"/>
<dc element="dc.source" value="Reuters"/>
</metadata>
</newsitem>
