<?xml version="1.0" encoding="ISO-8859-1" standalone="no"?>
<newsitem date="1997-01-28" id="root" itemid="337412" xml:lang="en">
<title>CROATIA: Croatia Dec unemployment rises to 15.9 vs 15.7 pct.</title>
<headline>Croatia Dec unemployment rises to 15.9 vs 15.7 pct.</headline>
<dateline>ZAGREB 1997-01-28</dateline>
<text>
<p>The State Statistics Bureau issued the following economic indicator details.</p>
<p>CROATIA UNEMPLOYMENT   DEC '96    NOV '96   DEC '95</p>
<p>Total jobless	    269,263    266,644   249,070</p>
<p>Unemployment rate</p>
<p>(percent)		  15.9	 15.7	17.6</p>
<p>NOTE- The unemployment rate fell to under 16 percent in September 1996 after total workforce was revised to include farmers, army and police. The figures for 1995 and the first few months of 1996 were not revised. Data exclude jobless in the Serb-held region of eastern Slavonia</p>
</text>
<copyright>(c) Reuters Limited 1997</copyright>
<metadata>
<codes class="bip:countries:1.0">
  <code code="CRTIA">
    <editdetail action="confirmed" attribution="Reuters BIP Coding Group" date="1997-01-28"/>
  </code>
</codes>
<codes class="bip:topics:1.0">
  <code code="E41">
    <editdetail action="confirmed" attribution="Reuters BIP Coding Group" date="1997-01-28"/>
  </code>
  <code code="E411">
    <editdetail action="confirmed" attribution="Reuters BIP Coding Group" date="1997-01-28"/>
  </code>
  <code code="ECAT">
    <editdetail action="confirmed" attribution="Reuters BIP Coding Group" date="1997-01-28"/>
  </code>
  <code code="GCAT">
    <editdetail action="confirmed" attribution="Reuters BIP Coding Group" date="1997-01-28"/>
  </code>
  <code code="GJOB">
    <editdetail action="confirmed" attribution="Reuters BIP Coding Group" date="1997-01-28"/>
  </code>
</codes>
<dc element="dc.date.created" value="1997-01-28"/>
<dc element="dc.publisher" value="Reuters Holdings Plc"/>
<dc element="dc.date.published" value="1997-01-28"/>
<dc element="dc.source" value="Reuters"/>
<dc element="dc.creator.location" value="ZAGREB"/>
<dc element="dc.creator.location.country.name" value="CROATIA"/>
<dc element="dc.source" value="Reuters"/>
</metadata>
</newsitem>
