<?xml version="1.0" encoding="ISO-8859-1" standalone="no"?>
<newsitem date="1997-01-28" id="root" itemid="338232" xml:lang="en">
<title>BANGLADESH: Bangladesh opposition against buying India power.</title>
<headline>Bangladesh opposition against buying India power.</headline>
<dateline>DHAKA 1997-01-28</dateline>
<text>
<p>The main opposition party in the Bangladeshi parliament on Tuesday criticised a government plan to buy power from India, and said it amounted to giving away the keys to the country.</p>
<p>"The move is totally against the interest of the country and threatens to disrupt the country's industries," said Sheikh Razzak Ali, a member of the Bangladesh Nationalist Party (BNP) and former speaker of parliament.</p>
<p>As BNP legislators thumped desks and shouted slogans, Ali said the government was planning to "hand over the country's key to another country".</p>
<p>A serious electricity shortage in Bangladesh has prompted the Awami League government of Prime Minister Sheikh Hasina to consider importing power from neighbouring India, Energy Minister Nooruddin Khan said earlier.</p>
<p>Bangladesh's current electricity requirements are 2,200 MW but the country faces a peak hour shortfall of 350 MW, the minister said.</p>
<p>Khan said India's eastern state of West Bengal, which borders Bangladesh, was unable to make up his country's entire peak hour shortfall, but that the Indian government had agreed to supply 300 MW of power from its national grid.</p>
<p>The requirements are expected to rise to 3,150 MW by the year 2000 and to 4,600 MW by 2005, energy officials said.</p>
<p>"Availability of power during peak hours, tariff and technical acceptability and getting the supply within the shortest possible time are the preconditions to be considered," Khan said.</p>
<p>The move to import electricity from India had been initiated by the BNP government of former prime minister Begum Khaleda Zia, Khan said in reply to Ali.</p>
<p>"The present government is just following up that move," Khan said, adding that Dhaka was also trying to boost local electricity generation by setting up new plants and repairing old ones.</p>
<p>Khan said the government was making efforts to boost generation capacity by up to 300 MW by renovating existing power plants by June this year.</p>
</text>
<copyright>(c) Reuters Limited 1997</copyright>
<metadata>
<codes class="bip:countries:1.0">
  <code code="BANDH">
    <editdetail action="confirmed" attribution="Reuters BIP Coding Group" date="1997-01-28"/>
  </code>
  <code code="INDIA">
    <editdetail action="confirmed" attribution="Reuters BIP Coding Group" date="1997-01-28"/>
  </code>
</codes>
<codes class="bip:industries:1.0">
  <code code="I16100">
    <editdetail action="confirmed" attribution="Reuters BIP Coding Group" date="1997-01-28"/>
  </code>
</codes>
<codes class="bip:topics:1.0">
  <code code="C13">
    <editdetail action="confirmed" attribution="Reuters BIP Coding Group" date="1997-01-28"/>
  </code>
  <code code="C31">
    <editdetail action="confirmed" attribution="Reuters BIP Coding Group" date="1997-01-28"/>
  </code>
  <code code="C311">
    <editdetail action="confirmed" attribution="Reuters BIP Coding Group" date="1997-01-28"/>
  </code>
  <code code="C312">
    <editdetail action="confirmed" attribution="Reuters BIP Coding Group" date="1997-01-28"/>
  </code>
  <code code="CCAT">
    <editdetail action="confirmed" attribution="Reuters BIP Coding Group" date="1997-01-28"/>
  </code>
  <code code="GCAT">
    <editdetail action="confirmed" attribution="Reuters BIP Coding Group" date="1997-01-28"/>
  </code>
  <code code="GPOL">
    <editdetail action="confirmed" attribution="Reuters BIP Coding Group" date="1997-01-28"/>
  </code>
</codes>
<dc element="dc.date.created" value="1997-01-28"/>
<dc element="dc.publisher" value="Reuters Holdings Plc"/>
<dc element="dc.date.published" value="1997-01-28"/>
<dc element="dc.source" value="Reuters"/>
<dc element="dc.creator.location" value="DHAKA"/>
<dc element="dc.creator.location.country.name" value="BANGLADESH"/>
<dc element="dc.source" value="Reuters"/>
</metadata>
</newsitem>
