<?xml version="1.0" encoding="ISO-8859-1" standalone="no"?>
<newsitem date="1996-12-20" id="root" itemid="270765" xml:lang="en">
<title>GERMANY: German shares end bourse firmly ahead on Dow gains.</title>
<headline>German shares end bourse firmly ahead on Dow gains.</headline>
<text>
<p>1245 GMT - German shares end bourse dealings strongly ahead, powered by overnight gains on Wall Street and in U.S. Treasuries, which also boosted German Bunds. Settlement of DAX future contract and last trading day for constituent stock options also helps gains, dealers say.</p>
<p>* 30-share DAX ends up 46.70 points, 1.66 percent, at 2,854.45 points.</p>
<p>* March DAX future up 24.5 points at 2,872.5 points.</p>
<p>* Henkel ahead after Loctite merger gets German clearance, says to acquire rest of Schwarzkopf.</p>
<p>* Heavy volume in Siemens ahead of option expiry.</p>
</text>
<copyright>(c) Reuters Limited 1996</copyright>
<metadata>
<codes class="bip:countries:1.0">
  <code code="GFR">
    <editdetail action="confirmed" attribution="Reuters BIP Coding Group" date="1996-12-20"/>
  </code>
</codes>
<codes class="bip:topics:1.0">
  <code code="M11">
    <editdetail action="confirmed" attribution="Reuters BIP Coding Group" date="1996-12-20"/>
  </code>
  <code code="MCAT">
    <editdetail action="confirmed" attribution="Reuters BIP Coding Group" date="1996-12-20"/>
  </code>
</codes>
<dc element="dc.publisher" value="Reuters Holdings Plc"/>
<dc element="dc.date.published" value="1996-12-20"/>
<dc element="dc.source" value="Reuters"/>
<dc element="dc.creator.location.country.name" value="GERMANY"/>
<dc element="dc.source" value="Reuters"/>
</metadata>
</newsitem>
