<?xml version="1.0" encoding="ISO-8859-1" standalone="no"?>
<newsitem date="1997-01-28" id="root" itemid="338046" xml:lang="en">
<title>SWEDEN: Swedish bond yields end lower after U.S. data.</title>
<headline>Swedish bond yields end lower after U.S. data.</headline>
<dateline>STOCKHOLM 1997-01-28</dateline>
<text>
<p>1550 GMT - Swedish bond yields ended lower on Tuesday, falling after U.S. labour cost data for the fourth quarter was better than expected.</p>
<p>The crown strengthened a little on comments by Riksbank Governor Urban Backstrom who said the crown was weaker than it should be. He also said the inflation outlook was unchanged.</p>
<p>The Riksbank left its key interst rate, the repo rate, unchanged at 4.10 percent at its weekly tender. * Six-month T-bill rates rise one basis point to 3.99 pct * Nine-year bond yields slip eight basis points to 6.72 pct * Crowns firms to 4.4110 to the mark from 4.4260 late Monday  </p>
<p>Long Swedish debt yields reversed morning losses to close substantially lower and the crown firmed on Tuesday.</p>
<p>A better-than-expected U.S. fourth quarter employment cost index fuelled the decrease. Several players sold before Sweden's central bank, the Riksbank, said it would leave its key repurchase rate at an unchanged fixed 4.10 percent.</p>
<p>Comments by Riksbank Governor Urban Backstrom added to the market optimism.</p>
<p>"Backstrom's speech was positively received. There will be more cuts but they will come later," one dealer said.  </p>
<p>Six-month T-bill rates rose one basis point to 3.99 percent while the nine-year bond yield dropped eight basis points to 6.72 percent after rising. The spread between Swedish and German long yields decreased six basis points to 94.</p>
<p>Backstrom said that the current crown rate did not reflect fundamental trends in the Swedish economy. The crown firmed to 4.4110 versus the mark versus 4.4260 late on Monday.</p>
<p>"We trust that Backstrom will work in the direction so the crown doesn't weaken more. Foreign players as well as Swedish ones have bought crowns on that," a dealer said.</p>
<p>-- Stockholm newsroom +46-8-700 1017</p>
</text>
<copyright>(c) Reuters Limited 1997</copyright>
<metadata>
<codes class="bip:countries:1.0">
  <code code="SWED">
    <editdetail action="confirmed" attribution="Reuters BIP Coding Group" date="1997-01-28"/>
  </code>
</codes>
<codes class="bip:topics:1.0">
  <code code="M12">
    <editdetail action="confirmed" attribution="Reuters BIP Coding Group" date="1997-01-28"/>
  </code>
  <code code="MCAT">
    <editdetail action="confirmed" attribution="Reuters BIP Coding Group" date="1997-01-28"/>
  </code>
</codes>
<dc element="dc.date.created" value="1997-01-28"/>
<dc element="dc.publisher" value="Reuters Holdings Plc"/>
<dc element="dc.date.published" value="1997-01-28"/>
<dc element="dc.source" value="Reuters"/>
<dc element="dc.creator.location" value="STOCKHOLM"/>
<dc element="dc.creator.location.country.name" value="SWEDEN"/>
<dc element="dc.source" value="Reuters"/>
</metadata>
</newsitem>
