<?xml version="1.0" encoding="ISO-8859-1" standalone="no"?>
<newsitem date="1996-11-26" id="root" itemid="219118" xml:lang="en">
<title>GREECE: Table of Greek mutual fund flows, assets.</title>
<headline>Table of Greek mutual fund flows, assets.</headline>
<dateline>ATHENS 1996-11-26</dateline>
<text>
<p>Ionian Bank reported the following daily and year-to-date changes in the volume of Greek mutual fund outstanding shares, net assets and net share prices.</p>
<p>					 Nov 25/Nov 22   Nov 25/Dec 31, 95</p>
<p>						 (%)		  (%)</p>
<p>NET SHARE PRICES*</p>
<p>  Total market			    0.10		11.29</p>
<p>  Fixed income mutual funds	   0.10		12.44</p>
<p>  International funds		   0.17		 6.35</p>
<p>  Growth Funds			    0.14		-3.63</p>
<p>* Prices include distributed dividends</p>
<p>VOLUME OF SHARES</p>
<p>  Total market			    0.76		39.23</p>
<p>  Fixed income mutual funds	   0.82		44.99</p>
<p>  International funds		  -0.46	     -24.48</p>
<p>  Growth funds			    0.12		-7.49</p>
<p>NET ASSETS</p>
<p>  Total market			    0.86		53.52</p>
<p>  Fixed income mutual funds	   0.90		60.90</p>
<p>  International funds		  -0.31	     -21.12</p>
<p>  Growth funds			    0.25	     -11.73</p>
<p>All calculations are based on a performance index of mutual</p>
<p>funds whose base was set to be equal to 100 on December 31,</p>
<p>1991.</p>
<p>--Dimitris Kontogiannis, Athens Newsroom +301 3311812-4</p>
</text>
<copyright>(c) Reuters Limited 1996</copyright>
<metadata>
<codes class="bip:countries:1.0">
  <code code="GREECE">
    <editdetail action="confirmed" attribution="Reuters BIP Coding Group" date="1996-11-26"/>
  </code>
</codes>
<codes class="bip:industries:1.0">
  <code code="I81502">
    <editdetail action="confirmed" attribution="Reuters BIP Coding Group" date="1996-11-26"/>
  </code>
  <code code="I8150211">
    <editdetail action="confirmed" attribution="Reuters BIP Coding Group" date="1996-11-26"/>
  </code>
</codes>
<codes class="bip:topics:1.0">
  <code code="C15">
    <editdetail action="confirmed" attribution="Reuters BIP Coding Group" date="1996-11-26"/>
  </code>
  <code code="C151">
    <editdetail action="confirmed" attribution="Reuters BIP Coding Group" date="1996-11-26"/>
  </code>
  <code code="CCAT">
    <editdetail action="confirmed" attribution="Reuters BIP Coding Group" date="1996-11-26"/>
  </code>
</codes>
<dc element="dc.date.created" value="1996-11-26"/>
<dc element="dc.publisher" value="Reuters Holdings Plc"/>
<dc element="dc.date.published" value="1996-11-26"/>
<dc element="dc.source" value="Reuters"/>
<dc element="dc.creator.location" value="ATHENS"/>
<dc element="dc.creator.location.country.name" value="GREECE"/>
<dc element="dc.source" value="Reuters"/>
</metadata>
</newsitem>
