<?xml version="1.0" encoding="ISO-8859-1" standalone="no"?>
<newsitem date="1997-01-28" id="root" itemid="338129" xml:lang="en">
<title>REPUBLIC OF IRELAND: Irish bonds push higher, buoyed by U.S. ECI data.</title>
<headline>Irish bonds push higher, buoyed by U.S. ECI data.</headline>
<dateline>DUBLIN 1997-01-28</dateline>
<text>
<p>Irish government bonds pushed higher in afternoon trade on Tuesday as international markets moved up following the release of lower-than-expected U.S. employment cost data, dealers said.</p>
<p>The fourth quarter ECI, which measures wages plus benefits, was up by 0.8 percent compared with expectations of a 0.9 percent rise, and helped ease market fears about inflation and a Fed rate rise.</p>
<p>"It's a good result to get a figure like that especially as we've seen Greenspan talk about it," one dealer said. "We feel we can make further progress from here."  </p>
<p>The Irish market gained 30-40 pence on the data, shrugging off a rise in U.S. January consumer confidence to 116.8 from a revised 114.2 in December, which saw U.S. Treasuries trim their earlier gains.</p>
<p>Dealers said five-year and 10-year Irish paper attracted good interest in particular and spreads over Germany had narrowed by three to four basis points.</p>
<p>By 1613 GMT, the eight percent 10-year bond was at 109.55 to yield 6.50 percent, up from an earlier low of 108.95 and 45 pence higher on the day. Dealers said it was yielding around 88 basis points over the German equivalent.  </p>
<p>"As soon as the spread over Germany widens out to 93 to 95 basis points, we have seen buying interest," a dealer said.</p>
<p>Five-year paper also gained ground, firming nearly 30 pence to 102.73 to yield 5.71 percent.</p>
<p>Looking ahead, traders said the market was keeping a close eye on union voting on Partnership 2000, the new wage agreement between Irish unions, employers and workers. Ireland's largest union, SIPTU, was due to vote on the accord on Tuesday ahead of a full union ballot on Thursday.  </p>
<p>Rejection of the agreement, which provides for wage increases totalling 9.25 percent over a three-year period, would take the ceiling off wage increases and would not bode well for Ireland's inflation outlook, analysts said.</p>
<p>"It could augur for higher wage inflation as the current strength of economic conditions favours employees over employers in one-to-one wage negotiations," Riada Stockbrokers said.</p>
<p>"Hence it would tend to bias up the outlook for inflation if employers were to recoup higher wage demands through increases in retail prices," the broker added.</p>
</text>
<copyright>(c) Reuters Limited 1997</copyright>
<metadata>
<codes class="bip:countries:1.0">
  <code code="IRE">
    <editdetail action="confirmed" attribution="Reuters BIP Coding Group" date="1997-01-28"/>
  </code>
</codes>
<codes class="bip:topics:1.0">
  <code code="M12">
    <editdetail action="confirmed" attribution="Reuters BIP Coding Group" date="1997-01-28"/>
  </code>
  <code code="MCAT">
    <editdetail action="confirmed" attribution="Reuters BIP Coding Group" date="1997-01-28"/>
  </code>
</codes>
<dc element="dc.date.created" value="1997-01-28"/>
<dc element="dc.publisher" value="Reuters Holdings Plc"/>
<dc element="dc.date.published" value="1997-01-28"/>
<dc element="dc.source" value="Reuters"/>
<dc element="dc.creator.location" value="DUBLIN"/>
<dc element="dc.creator.location.country.name" value="REPUBLIC OF IRELAND"/>
<dc element="dc.source" value="Reuters"/>
</metadata>
</newsitem>
