<?xml version="1.0" encoding="ISO-8859-1" standalone="no"?>
<newsitem date="1997-01-28" id="root" itemid="337541" xml:lang="en">
<title>BRAZIL: Growers calm about dryness in Brazil soybean area.</title>
<headline>Growers calm about dryness in Brazil soybean area.</headline>
<dateline>SAO PAULO 1997-01-28</dateline>
<text>
<p>Areas of Brazil's key soybean growing region of Rio Grande do Sul were becoming dry after 10 days without rain but a cold front was forecast to bring fresh showers on January 30, independent meteorologist Somar said.</p>
<p>Growers said the problem was not yet serious enough to cause fears of a drop in the crop.</p>
<p>"On Thursday rains are forecast in the producing region of Rio Grande do Sul due to the entry of a new cold front," Somar said in a weekly report.  </p>
<p>"This system arrives in the south of Brazil, with moderate activity, causing rains of around 30 mm and alleviating the dryness which is affecting the region," the report added.</p>
<p>The driest regions were Cruz Alta, Panambi and Sao Luiz Gonzaga in Rio Grande do Sul and parts of the east of Santa Catarina, meteorologist Marcos Massari told Reuters.</p>
<p>Growers said scattered showers had fallen since widespread rains 10 days ago, but there were pockets of dryness.</p>
<p>"It's isolated spots," said Eloi Hilgert at the Rio Grande do Sul agricultural secretariat. "There's no indication of any crop loss yet."  </p>
<p>But he added, "If we don't get generalised rains in the next 10 days, then we will have a problem."</p>
<p>The weather remained cloudy with scattered showers in Parana, where rainfall has exceeded 100 mm in the last week, Massari said.</p>
<p>Somar reported rainfall in the past week and the historical monthly average in key states in millimeters were as follows.</p>
</text>
<copyright>(c) Reuters Limited 1997</copyright>
<metadata>
<codes class="bip:countries:1.0">
  <code code="BRAZ">
    <editdetail action="confirmed" attribution="Reuters BIP Coding Group" date="1997-01-28"/>
  </code>
</codes>
<codes class="bip:industries:1.0">
  <code code="I01002">
    <editdetail action="confirmed" attribution="Reuters BIP Coding Group" date="1997-01-28"/>
  </code>
  <code code="I0100223">
    <editdetail action="confirmed" attribution="Reuters BIP Coding Group" date="1997-01-28"/>
  </code>
</codes>
<codes class="bip:topics:1.0">
  <code code="C21">
    <editdetail action="confirmed" attribution="Reuters BIP Coding Group" date="1997-01-28"/>
  </code>
  <code code="C24">
    <editdetail action="confirmed" attribution="Reuters BIP Coding Group" date="1997-01-28"/>
  </code>
  <code code="CCAT">
    <editdetail action="confirmed" attribution="Reuters BIP Coding Group" date="1997-01-28"/>
  </code>
  <code code="M14">
    <editdetail action="confirmed" attribution="Reuters BIP Coding Group" date="1997-01-28"/>
  </code>
  <code code="M141">
    <editdetail action="confirmed" attribution="Reuters BIP Coding Group" date="1997-01-28"/>
  </code>
  <code code="MCAT">
    <editdetail action="confirmed" attribution="Reuters BIP Coding Group" date="1997-01-28"/>
  </code>
</codes>
<dc element="dc.date.created" value="1997-01-28"/>
<dc element="dc.publisher" value="Reuters Holdings Plc"/>
<dc element="dc.date.published" value="1997-01-28"/>
<dc element="dc.source" value="Reuters"/>
<dc element="dc.creator.location" value="SAO PAULO"/>
<dc element="dc.creator.location.country.name" value="BRAZIL"/>
<dc element="dc.source" value="Reuters"/>
</metadata>
</newsitem>
