<?xml version="1.0" encoding="ISO-8859-1" standalone="no"?>
<newsitem date="1997-01-28" id="root" itemid="337002" xml:lang="en">
<title>CZECH REPUBLIC: PRESS DIGEST - CZECH REPUBLIC - JAN 28.</title>
<headline>PRESS DIGEST - CZECH REPUBLIC - JAN 28.</headline>
<text>
<p>HOSPODARSKE NOVINY - At the beginning of March, a first 100 listed shares will be taken off the open market, and by the end of the first half of the year, another 300 will be taken off in monthly intervals.</p>
<p>- Teachers requesting an increase in wages will begin a chain strike today in schools in Brno and the districts of Nachod, Blansko, and Znojmo. Education Minister Ivan Pilip insists that fewer schools will be involved in the strike than union members have stated.</p>
<p>LIDOVE NOVINY - Lockheed Martin, one of many companies seriously interested in making a capital investment into Aero Vodochody (AV), is considering entering AV in a joint venture with a Czech company. According to vice president, Richard Stevens, there are many possible partners, and a final decision has yet to be made.</p>
<p>MLADA FRONTA DNES - In an unplanned meeting yesterday, the council of the Association of Hospitals, made up of more than 60 of the largest hospitals in the country, requested that the Health Ministry announce a crisis situation in health services due to debts which cannot be paid.</p>
<p>- Many economists are unhappy with the inefficiency of commercial courts. There have already been a few cases on the capital market where before the court has come to a decision on whether to block accounts in the Security Centre, shares were lost when they should have been preserved for the true owner.</p>
<p>PRAVO - Chairman of Parliament and head of the Social Democrats (CSSD) Milos Zeman began his two day visit to Germany yesterday with a meeting with German President Roman Herzog in Berlin. Zeman considered Herzog's response to his proposal for an accompanying document to the Czech-German Declaration as favourable.</p>
<p>- The foreign trade deficit reached 160.3 billion crowns last year, which is an increase of 60 percent over 1995. The Czech Statistical Bureau which provided the information believes that the increase is caused by a stagnation in imports.</p>
<p>--Prague Newsroom 42-2-24-23-0003</p>
</text>
<copyright>(c) Reuters Limited 1997</copyright>
<metadata>
<codes class="bip:countries:1.0">
  <code code="CZREP">
    <editdetail action="confirmed" attribution="Reuters BIP Coding Group" date="1997-01-28"/>
  </code>
</codes>
<codes class="bip:topics:1.0">
  <code code="GCAT">
    <editdetail action="confirmed" attribution="Reuters BIP Coding Group" date="1997-01-28"/>
  </code>
</codes>
<dc element="dc.publisher" value="Reuters Holdings Plc"/>
<dc element="dc.date.published" value="1997-01-28"/>
<dc element="dc.source" value="Reuters"/>
<dc element="dc.creator.location.country.name" value="CZECH REPUBLIC"/>
<dc element="dc.source" value="Reuters"/>
</metadata>
</newsitem>
