<?xml version="1.0" encoding="ISO-8859-1" standalone="no"?>
<newsitem date="1997-01-28" id="root" itemid="337749" xml:lang="en">
<title>USA: Kansas feedlot cattle roundup - USDA.</title>
<headline>Kansas feedlot cattle roundup - USDA.</headline>
<dateline>DODGE CITY 1997-01-28</dateline>
<text>
<p>USDA said trade was quiet late Monday. There were not enough slaughter steers or heifers sold for a market test at the close.</p>
<p>Inquiry was moderate, demand was light. Sales confirmed on 200 slaughter heifers. For the week to date including late Friday and the weekend on 12,700 cattle including 10,500 head previously contracted or formulated cattle.</p>
<p>Heifers - select and choice 2-3 1100 lbs 64.00.</p>
<p>confirmed: 200	last week:  none    last year:  2600</p>
<p>week to date: 12,700   last week:  3500   last year:  4100</p>
</text>
<copyright>(c) Reuters Limited 1997</copyright>
<metadata>
<codes class="bip:countries:1.0">
  <code code="USA">
    <editdetail action="confirmed" attribution="Reuters BIP Coding Group" date="1997-01-28"/>
  </code>
</codes>
<codes class="bip:topics:1.0">
  <code code="M14">
    <editdetail action="confirmed" attribution="Reuters BIP Coding Group" date="1997-01-28"/>
  </code>
  <code code="M141">
    <editdetail action="confirmed" attribution="Reuters BIP Coding Group" date="1997-01-28"/>
  </code>
  <code code="MCAT">
    <editdetail action="confirmed" attribution="Reuters BIP Coding Group" date="1997-01-28"/>
  </code>
</codes>
<dc element="dc.date.created" value="1997-01-28"/>
<dc element="dc.publisher" value="Reuters Holdings Plc"/>
<dc element="dc.date.published" value="1997-01-28"/>
<dc element="dc.source" value="Reuters"/>
<dc element="dc.creator.location" value="DODGE CITY"/>
<dc element="dc.creator.location.country.name" value="USA"/>
<dc element="dc.source" value="Reuters"/>
</metadata>
</newsitem>
