<?xml version="1.0" encoding="ISO-8859-1" standalone="no"?>
<newsitem date="1997-01-28" id="root" itemid="338249" xml:lang="en">
<title>PAKISTAN: Pakistani rupee ends lower in kerb, seen falling.</title>
<headline>Pakistani rupee ends lower in kerb, seen falling.</headline>
<dateline>KARACHI, Pakistan 1997-01-28</dateline>
<text>
<p>The Pakistani rupee ended 0.12 lower at 42.00 to the dollar in the kerb market on Tuesday as the dollar firmed against major currencies abroad, dealers said.</p>
<p>The rupee was likely to open lower on Wednesday, one dealer said.</p>
<p>The State (central) bank of Pakistan rate, last changed on October 22, was 40.1200/40.3206 to the dollar.</p>
<p>The premium on the foreign exchange bearer certificates closed at 5.00 percent, compared to the opening at 4.60 percent.</p>
<p>-- Ibrahim Khan 9221-5685192</p>
</text>
<copyright>(c) Reuters Limited 1997</copyright>
<metadata>
<codes class="bip:countries:1.0">
  <code code="PAKIS">
    <editdetail action="confirmed" attribution="Reuters BIP Coding Group" date="1997-01-28"/>
  </code>
</codes>
<codes class="bip:topics:1.0">
  <code code="M13">
    <editdetail action="confirmed" attribution="Reuters BIP Coding Group" date="1997-01-28"/>
  </code>
  <code code="M132">
    <editdetail action="confirmed" attribution="Reuters BIP Coding Group" date="1997-01-28"/>
  </code>
  <code code="MCAT">
    <editdetail action="confirmed" attribution="Reuters BIP Coding Group" date="1997-01-28"/>
  </code>
</codes>
<dc element="dc.date.created" value="1997-01-28"/>
<dc element="dc.publisher" value="Reuters Holdings Plc"/>
<dc element="dc.date.published" value="1997-01-28"/>
<dc element="dc.source" value="Reuters"/>
<dc element="dc.creator.location" value="KARACHI, Pakistan"/>
<dc element="dc.creator.location.country.name" value="PAKISTAN"/>
<dc element="dc.source" value="Reuters"/>
</metadata>
</newsitem>
