<?xml version="1.0" encoding="ISO-8859-1" standalone="no"?>
<newsitem date="1997-01-28" id="root" itemid="337572" xml:lang="en">
<title>MEXICO: Five surviving Mexican septuplets struggle on.</title>
<headline>Five surviving Mexican septuplets struggle on.</headline>
<dateline>MEXICO CITY 1997-01-27</dateline>
<text>
<p>Five surviving Mexican septuplets battled to stay alive on Monday but doctors said one girl was in serious risk of dying, as two of her infant sisters did last weekend.</p>
<p>Fernando Rios Montiel, a doctor overseeing the five in intensive therapy in a Mexico City hospital, said one of the infants was in the most serious condition, and was struggling to breathe. She weighed 23.1 ounces (660 grams).</p>
<p>Her parents have baptised the five children, and Television Azteca showed a single cot prepared for their homecoming in the humble home where the couple lives.</p>
<p>"I told them to fight, I want them home," said their 28-year-old mother, Maria Rocio Diaz Carrillo, who gave birth to the five girls and two boys 12 weeks prematurely on Jan 21. She had taken fertility medicine after trying to get pregnant for five years.</p>
</text>
<copyright>(c) Reuters Limited 1997</copyright>
<metadata>
<codes class="bip:countries:1.0">
  <code code="MEX">
    <editdetail action="confirmed" attribution="Reuters BIP Coding Group" date="1997-01-28"/>
  </code>
</codes>
<codes class="bip:topics:1.0">
  <code code="GCAT">
    <editdetail action="confirmed" attribution="Reuters BIP Coding Group" date="1997-01-28"/>
  </code>
  <code code="GHEA">
    <editdetail action="confirmed" attribution="Reuters BIP Coding Group" date="1997-01-28"/>
  </code>
  <code code="GODD">
    <editdetail action="confirmed" attribution="Reuters BIP Coding Group" date="1997-01-28"/>
  </code>
</codes>
<dc element="dc.date.created" value="1997-01-27"/>
<dc element="dc.publisher" value="Reuters Holdings Plc"/>
<dc element="dc.date.published" value="1997-01-28"/>
<dc element="dc.source" value="Reuters"/>
<dc element="dc.creator.location" value="MEXICO CITY"/>
<dc element="dc.creator.location.country.name" value="MEXICO"/>
<dc element="dc.source" value="Reuters"/>
</metadata>
</newsitem>
