<?xml version="1.0" encoding="ISO-8859-1" standalone="no"?>
<newsitem date="1997-01-28" id="root" itemid="336882" xml:lang="en">
<title>USA: Famous Dave's of America Q4 full results.</title>
<headline>Famous Dave's of America Q4 full results.</headline>
<dateline>MINNEAPOLIS 1997-01-28</dateline>
<text>
<p>CONSOLIDATED STATEMENTS OF OPERATIONS (Unaudited)</p>
<p>				 13 Weeks Ended     52 Weeks Ended</p>
<p>			 Dec. 29,    Dec. 31,   Dec. 29,   Dec. 31,</p>
<p>				1996	1995	 1996	 1995</p>
<p> Net sales	  $2,060,841   $205,805 $4,751,835  $ 481,510</p>
<p>Costs and expenses:</p>
<p>Food and beverage costs</p>
<p>			   756,743     72,254  1,704,421    169,789</p>
<p>Labor and benefits</p>
<p>			   499,991     69,975  1,139,528    167,183</p>
<p>Restaurant operating exp.</p>
<p>			   458,540     48,892    930,149    135,034</p>
<p>Depr. and amortization</p>
<p>			   140,848	9,209    232,899     17,009</p>
<p>	 Total costs and exps.</p>
<p>			 1,856,122    200,330  4,006,997    489,015</p>
<p>Restaurant operating</p>
<p>     income (loss)   204,719	5,475    744,838    (7,505)</p>
<p>Other income (expense):</p>
<p>General, admin. &amp; devel.</p>
<p>			 (659,060)  (242,168)(1,645,018)  (332,331)</p>
<p>Other income, net</p>
<p>			   189,775	8,411    193,582     33,646</p>
<p>	 Total other (expense)</p>
<p>			 (469,285)  (233,757)(1,451,436)  (298,685)</p>
<p>Net income (loss) (264,566)  (228,282)  (706,598)  (306,190) Net income (loss) per share</p>
<p>			    (0.05)     (0.10)     (0.21)     (0.14)</p>
<p>Weighted average number of</p>
<p>shares outstanding</p>
<p>			 5,592,651  2,214,423  3,293,716  2,214,423</p>
<p>NOTE: Full co name is Famous Dave's of America Inc.</p>
<p>((--Chicago Newsdesk 312-408-8787))</p>
</text>
<copyright>(c) Reuters Limited 1997</copyright>
<metadata>
<codes class="bip:countries:1.0">
  <code code="USA">
    <editdetail action="confirmed" attribution="Reuters BIP Coding Group" date="1997-01-28"/>
  </code>
</codes>
<codes class="bip:industries:1.0">
  <code code="I66100">
    <editdetail action="confirmed" attribution="Reuters BIP Coding Group" date="1997-01-28"/>
  </code>
</codes>
<codes class="bip:topics:1.0">
  <code code="C15">
    <editdetail action="confirmed" attribution="Reuters BIP Coding Group" date="1997-01-28"/>
  </code>
  <code code="C151">
    <editdetail action="confirmed" attribution="Reuters BIP Coding Group" date="1997-01-28"/>
  </code>
  <code code="C1511">
    <editdetail action="confirmed" attribution="Reuters BIP Coding Group" date="1997-01-28"/>
  </code>
  <code code="CCAT">
    <editdetail action="confirmed" attribution="Reuters BIP Coding Group" date="1997-01-28"/>
  </code>
</codes>
<dc element="dc.date.created" value="1997-01-28"/>
<dc element="dc.publisher" value="Reuters Holdings Plc"/>
<dc element="dc.date.published" value="1997-01-28"/>
<dc element="dc.source" value="Reuters"/>
<dc element="dc.creator.location" value="MINNEAPOLIS"/>
<dc element="dc.creator.location.country.name" value="USA"/>
<dc element="dc.source" value="Reuters"/>
</metadata>
</newsitem>
