<?xml version="1.0" encoding="ISO-8859-1" standalone="no"?>
<newsitem date="1997-01-28" id="root" itemid="338059" xml:lang="en">
<title>BELGIUM: Belgian bonds shrug off new party scandal.</title>
<headline>Belgian bonds shrug off new party scandal.</headline>
<dateline>BRUSSELS 1997-01-28</dateline>
<text>
<p>Belgian linear bonds ended Tuesday with slight gains, shrugging off the latest bribery scandal to hit the country's Francophone Socialist Party, but the future direction remains unclear.</p>
<p>The scandal did hit the Belgian franc, although traders said the government did not appear to be seriously threatened.</p>
<p>The benchmark 2007 OLO ended the day yielding 5.82 percent, and the spread over German Bunds widened to six basis points having at one stage hit a new low of just one basis point.</p>
<p>The March futures contract was 11 basis points higher at 121.50 in a 121.55/120.98 range.</p>
<p>-- Brussels Newsroom +32 2 287 6810, Fax +32 2 230 7710</p>
</text>
<copyright>(c) Reuters Limited 1997</copyright>
<metadata>
<codes class="bip:countries:1.0">
  <code code="BELG">
    <editdetail action="confirmed" attribution="Reuters BIP Coding Group" date="1997-01-28"/>
  </code>
</codes>
<codes class="bip:topics:1.0">
  <code code="M12">
    <editdetail action="confirmed" attribution="Reuters BIP Coding Group" date="1997-01-28"/>
  </code>
  <code code="MCAT">
    <editdetail action="confirmed" attribution="Reuters BIP Coding Group" date="1997-01-28"/>
  </code>
</codes>
<dc element="dc.date.created" value="1997-01-28"/>
<dc element="dc.publisher" value="Reuters Holdings Plc"/>
<dc element="dc.date.published" value="1997-01-28"/>
<dc element="dc.source" value="Reuters"/>
<dc element="dc.creator.location" value="BRUSSELS"/>
<dc element="dc.creator.location.country.name" value="BELGIUM"/>
<dc element="dc.source" value="Reuters"/>
</metadata>
</newsitem>
