<?xml version="1.0" encoding="ISO-8859-1" standalone="no"?>
<newsitem date="1996-12-20" id="root" itemid="270686" xml:lang="en">
<title>USA: NOTICE OF SALE - University of Central Florida.</title>
<headline>NOTICE OF SALE - University of Central Florida.</headline>
<text>
<p>SUMMARY NOTICE OF SALE</p>
<p>				 $18,390,000*</p>
<p>			     STATE OF FLORIDA</p>
<p>			     BOARD OF REGENTS</p>
<p>		     UNIVERSITY OF CENTRAL FLORIDA</p>
<p>			   HOUSING REVENUE BONDS</p>
<p>				  SERIES 1996</p>
<p>Sealed bids will be received in the office of the Division of Bond Finance at the address  given below up to such  date and time  as  may  be determined  by  the  Director  of  the Division of Bond Finance and communicated through  MUNIFACTS NEWS SERVICE not less than 20  hours prior to the time  bids are to be opened.</p>
<p>Copies of the  Preliminary Official Statement,  the Notice of Bond  Sale  and  the  Bid  form  may  be  obtained,  when available, from the Director, Division of Bond Finance, 1801 Hermitage Boulevard, Suite 200, Tallahassee, Florida  32308, telephone (904) 488-4782.</p>
<p>			J. Ben Watkins III, Director</p>
<p>*Preliminary, subject to change as  provided in the Notice of Bond Sale.</p>
<p>			  (From The Bond Buyer)</p>
</text>
<copyright>(c) Reuters Limited 1996</copyright>
<metadata>
<codes class="bip:countries:1.0">
  <code code="USA">
    <editdetail action="confirmed" attribution="Reuters BIP Coding Group" date="1996-12-20"/>
  </code>
</codes>
<codes class="bip:topics:1.0">
  <code code="E21">
    <editdetail action="confirmed" attribution="Reuters BIP Coding Group" date="1996-12-20"/>
  </code>
  <code code="E212">
    <editdetail action="confirmed" attribution="Reuters BIP Coding Group" date="1996-12-20"/>
  </code>
  <code code="ECAT">
    <editdetail action="confirmed" attribution="Reuters BIP Coding Group" date="1996-12-20"/>
  </code>
</codes>
<dc element="dc.publisher" value="Reuters Holdings Plc"/>
<dc element="dc.date.published" value="1996-12-20"/>
<dc element="dc.source" value="Reuters"/>
<dc element="dc.creator.location.country.name" value="USA"/>
<dc element="dc.source" value="Reuters"/>
</metadata>
</newsitem>
