<?xml version="1.0" encoding="ISO-8859-1" standalone="no"?>
<newsitem date="1997-01-28" id="root" itemid="337043" xml:lang="en">
<title>UK: Hanson sets spin-off date for Energy.</title>
<headline>Hanson sets spin-off date for Energy.</headline>
<dateline>LONDON</dateline>
<text>
<p>Anglo-American conglomerate Hanson Plc set the date for the final stage of its ambitious four-way break-up Tuesday with the announcement that its Energy Group division will be spun off Feb. 24.</p>
<p>Energy Group, which is mulling a string of acquisitions in Britain and the United States, said it had started talks with a U.S. power marketing company.</p>
<p>The spin-off, which is subject to shareholder approval, will give shareholders one Energy share for every 10 existing Hanson shares held. Hanson shareholders will be asked to vote on the proposal at an extraordinary general meeting on Feb. 21.</p>
<p>Once Energy is split off as a separate company, to be listed in London and New York, the rump Hanson group will consist of a clutch of building firms.</p>
<p>"We are all very enthusiastic about the future of Energy and new Hanson and are convinced that both will benefit from enhanced focus on operations, profitability and future growth prospects," Chairman Lord Hanson said.</p>
<p>The first two spin-offs of Britain's Imperial Tobacco and U.S.-quoted Millennium Chemicals Inc. took place last October.</p>
<p>Energy, which will be large enough to rank inside Britain's top 100 blue chips and the Fortune 500 in the United States, is the last to be split off.</p>
<p>Its new management team is led by Derek Bonham, executive chairman, with two joint chief executives to run operations at the main businesses -- Peabody mining and Eastern, the British electricity division.</p>
<p>Bonham told a press briefing the group planned to target a number of acquisitions, particularly in the United States, and admitted entering into "exclusive and confidential" talks with a U.S. power marketing company.</p>
</text>
<copyright>(c) Reuters Limited 1997</copyright>
<metadata>
<codes class="bip:countries:1.0">
  <code code="UK">
    <editdetail action="confirmed" attribution="Reuters BIP Coding Group" date="1997-01-28"/>
  </code>
</codes>
<codes class="bip:industries:1.0">
  <code code="I83960">
    <editdetail action="confirmed" attribution="Reuters BIP Coding Group" date="1997-01-28"/>
  </code>
</codes>
<codes class="bip:topics:1.0">
  <code code="C11">
    <editdetail action="confirmed" attribution="Reuters BIP Coding Group" date="1997-01-28"/>
  </code>
  <code code="C18">
    <editdetail action="confirmed" attribution="Reuters BIP Coding Group" date="1997-01-28"/>
  </code>
  <code code="C181">
    <editdetail action="confirmed" attribution="Reuters BIP Coding Group" date="1997-01-28"/>
  </code>
  <code code="CCAT">
    <editdetail action="confirmed" attribution="Reuters BIP Coding Group" date="1997-01-28"/>
  </code>
</codes>
<dc element="dc.publisher" value="Reuters Holdings Plc"/>
<dc element="dc.date.published" value="1997-01-28"/>
<dc element="dc.source" value="Reuters"/>
<dc element="dc.creator.location" value="LONDON"/>
<dc element="dc.creator.location.country.name" value="UK"/>
<dc element="dc.source" value="Reuters"/>
</metadata>
</newsitem>
