<?xml version="1.0" encoding="ISO-8859-1" standalone="no"?>
<newsitem date="1997-01-28" id="root" itemid="336946" xml:lang="en">
<title>NEW ZEALAND: CRICKET-NZ LAST PAIR SURVIVE TO CLAIM DRAW.</title>
<headline>CRICKET-NZ LAST PAIR SURVIVE TO CLAIM DRAW.</headline>
<dateline>AUCKLAND 1997-01-28</dateline>
<text>
<p>All-rounder Nathan Astle hit an unbeaten century as New Zealand defied England on Tuesday with an unbroken last wicket partnership of 106 to save the first cricket test in Auckland.</p>
<p>England, desperate for a test victory after their disastrous tour of Zimbabwe, looked certain winners when they reduced New Zealand to 105 for eight at lunch, still needing 26 to make the tourists bat again.</p>
<p>But Astle and the tail-enders frustrated the English bowling attack throughout the final two sessions as the Canterbury all-rounder advanced to his third test century.</p>
<p>Simon Doull gave Astle initial support with an aggressive 26 before being yorked by Darren Gough.</p>
<p>Then veteran pace bowler Danny Morrison, holder of the world record for the highest number of ducks in tests, became an unlikely batting hero as he survived for 165 minutes in partnership with Astle.</p>
<p>England captain Mike Atherton flung all five bowlers into the attack by turn, but failed to achieve a breakthrough. Morrison was solid in defence, while Astle punished anything loose as he swept to 102 not out with 13 boundaries.</p>
<p>The pair added an unbroken 106 for the last wicket, smashing the previous record of 57 for New Zealand's 10th wicket against England, set by Frank Mooney and Jack Cowie at Leeds in 1949.</p>
<p>It was the third stand of more than 100 for the 10th wicket by New Zealand in test cricket.</p>
<p>Earlier, fine spin bowling by left-armer Phil Tufnell, backed by seamer Alan Mullally and assisted by some rash batting shots, had put England in a commanding position.</p>
<p>New Zealand, resuming at 56 for three, began confidently but soon lost captain Lee Germon, needlessly run out by a direct throw by Nasser Hussain.</p>
<p>Justin Vaughan was then trapped lbw by Tufnell from a ball which spun viciously from the rough.</p>
<p>Adam Parore danced down the wicket to Tufnell and was easily stumped by Stewart for 33.</p>
<p>Mullally then chipped in by inducing Chris Cairns to chop a ball on to his stumps and had Dipak Patel leg before for nought last ball before lunch.</p>
<p>Tufnell finished with three for 53 from 40 overs, while Mullally claimed two for 47 and Darren Gough took two for 66.</p>
<p>The second test starts in Wellington on February 6, before which England play a four-day match against New Zealand A beginning in Wanganui on Thursday.</p>
</text>
<copyright>(c) Reuters Limited 1997</copyright>
<metadata>
<codes class="bip:countries:1.0">
  <code code="NZ">
    <editdetail action="confirmed" attribution="Reuters BIP Coding Group" date="1997-01-28"/>
  </code>
  <code code="UK">
    <editdetail action="confirmed" attribution="Reuters BIP Coding Group" date="1997-01-28"/>
  </code>
</codes>
<codes class="bip:topics:1.0">
  <code code="GCAT">
    <editdetail action="confirmed" attribution="Reuters BIP Coding Group" date="1997-01-28"/>
  </code>
  <code code="GSPO">
    <editdetail action="confirmed" attribution="Reuters BIP Coding Group" date="1997-01-28"/>
  </code>
</codes>
<dc element="dc.date.created" value="1997-01-28"/>
<dc element="dc.publisher" value="Reuters Holdings Plc"/>
<dc element="dc.date.published" value="1997-01-28"/>
<dc element="dc.source" value="Reuters"/>
<dc element="dc.creator.location" value="AUCKLAND"/>
<dc element="dc.creator.location.country.name" value="NEW ZEALAND"/>
<dc element="dc.source" value="Reuters"/>
</metadata>
</newsitem>
