<?xml version="1.0" encoding="ISO-8859-1" standalone="no"?>
<newsitem date="1997-01-28" id="root" itemid="336796" xml:lang="en">
<title>USA: Sequus enters liposome partnership.</title>
<headline>Sequus enters liposome partnership.</headline>
<dateline>MERIDEN, Conn. 1997-01-28</dateline>
<text>
<p>Privately held Protein Sciences Corp and Sequus Pharmaceutical Inc said on Tuesday they have agreed to develop a commercial scale manufacturing process to produce Sequus's liposome incorporated CD4 protein to treat HIV/AIDS.</p>
<p>Sequus will use one of Protein Sciences's processes to produce the protein, the companies said in a joint statement.</p>
<p>Under the agreement, SEQUUS made an equity investment in Protein Sciences, is funding research and development expenses and will purchase product for clinical trials, the companies said.  </p>
<p>Following licensure, Protein Sciences will manufacture all of SEQUUS' requirements for commercial grade CD4 and receive royalties on product sales, the companies said.</p>
<p>Financial terms were not disclosed.</p>
<p>Sequus shares traded at 13-3/4, up 1-1/2, on 289,800 shares of volume.</p>
<p>Earlier today, Sequus reported fourth quarter revenues of $11.4 million and a loss of $5.6 million. In last year's fourth quarter, Sequus reported revenues of $852,000 and a loss of $9.7 million.</p>
<p>((-- New York Newsdesk 212 859-1610))</p>
</text>
<copyright>(c) Reuters Limited 1997</copyright>
<metadata>
<codes class="bip:countries:1.0">
  <code code="USA">
    <editdetail action="confirmed" attribution="Reuters BIP Coding Group" date="1997-01-28"/>
  </code>
</codes>
<codes class="bip:industries:1.0">
  <code code="I25700">
    <editdetail action="confirmed" attribution="Reuters BIP Coding Group" date="1997-01-28"/>
  </code>
</codes>
<codes class="bip:topics:1.0">
  <code code="C18">
    <editdetail action="confirmed" attribution="Reuters BIP Coding Group" date="1997-01-28"/>
  </code>
  <code code="C181">
    <editdetail action="confirmed" attribution="Reuters BIP Coding Group" date="1997-01-28"/>
  </code>
  <code code="C23">
    <editdetail action="confirmed" attribution="Reuters BIP Coding Group" date="1997-01-28"/>
  </code>
  <code code="CCAT">
    <editdetail action="confirmed" attribution="Reuters BIP Coding Group" date="1997-01-28"/>
  </code>
  <code code="GCAT">
    <editdetail action="confirmed" attribution="Reuters BIP Coding Group" date="1997-01-28"/>
  </code>
  <code code="GHEA">
    <editdetail action="confirmed" attribution="Reuters BIP Coding Group" date="1997-01-28"/>
  </code>
</codes>
<dc element="dc.date.created" value="1997-01-28"/>
<dc element="dc.publisher" value="Reuters Holdings Plc"/>
<dc element="dc.date.published" value="1997-01-28"/>
<dc element="dc.source" value="Reuters"/>
<dc element="dc.creator.location" value="MERIDEN, Conn."/>
<dc element="dc.creator.location.country.name" value="USA"/>
<dc element="dc.source" value="Reuters"/>
</metadata>
</newsitem>
