<?xml version="1.0" encoding="ISO-8859-1" standalone="no"?>
<newsitem date="1997-01-28" id="root" itemid="337331" xml:lang="en">
<title>CZECH REPUBLIC: Czech PX50 edges higher led by Komercni Banka.</title>
<headline>Czech PX50 edges higher led by Komercni Banka.</headline>
<dateline>PRAGUE 1997-01-28</dateline>
<text>
<p>The Czech PX50 edged higher on Tuesday as major issues, especially Komercni Banka, recovered from losses at the morning fixing.</p>
<p>The PX50 rose 0.3 percent to 558.2 while the RPIX index of continuously traded shares gained 0.44 percent to 1,166.5.</p>
<p>Komercni Banka which dropped back on Monday and fell at the fixing bounced back to close 30 crowns higher to 2,400.</p>
<p>Dealers said that it was increasingly difficult to sell Komercni shares at lower prices as the market was expecting an influx of foreign buying, especially in the blue chips.</p>
<p>Speaking directly about Komercni, Lubomir Vystavel of ING Barings said:</p>
<p>"People are still waiting for money to come in. People expect increases in prices and don't want to sell too low."</p>
<p>Other major issues also rose from the fixing. SPT Telecom, which was down 20 crowns closed 10 lower to 3,390. CEZ, which was unchanged at the fixing moved five crowns higher to 1,075.</p>
<p>Activity was lower with volume at 694,994 shares and turnover at 591 million crowns.</p>
</text>
<copyright>(c) Reuters Limited 1997</copyright>
<metadata>
<codes class="bip:countries:1.0">
  <code code="CZREP">
    <editdetail action="confirmed" attribution="Reuters BIP Coding Group" date="1997-01-28"/>
  </code>
</codes>
<codes class="bip:industries:1.0">
  <code code="I81402">
    <editdetail action="confirmed" attribution="Reuters BIP Coding Group" date="1997-01-28"/>
  </code>
</codes>
<codes class="bip:topics:1.0">
  <code code="C15">
    <editdetail action="confirmed" attribution="Reuters BIP Coding Group" date="1997-01-28"/>
  </code>
  <code code="C151">
    <editdetail action="confirmed" attribution="Reuters BIP Coding Group" date="1997-01-28"/>
  </code>
  <code code="CCAT">
    <editdetail action="confirmed" attribution="Reuters BIP Coding Group" date="1997-01-28"/>
  </code>
</codes>
<dc element="dc.date.created" value="1997-01-28"/>
<dc element="dc.publisher" value="Reuters Holdings Plc"/>
<dc element="dc.date.published" value="1997-01-28"/>
<dc element="dc.source" value="Reuters"/>
<dc element="dc.creator.location" value="PRAGUE"/>
<dc element="dc.creator.location.country.name" value="CZECH REPUBLIC"/>
<dc element="dc.source" value="Reuters"/>
</metadata>
</newsitem>
