<?xml version="1.0" encoding="ISO-8859-1" standalone="no"?>
<newsitem date="1997-01-28" id="root" itemid="336639" xml:lang="en">
<title>USA: Poughkeepsie Savings Q4 oper shr even.</title>
<headline>Poughkeepsie Savings Q4 oper shr even.</headline>
<dateline>POUGHKEEPSIE, N.Y. 1997-01-28</dateline>
<text>
<p>POUGHKEEPSIE SAVINGS BANK, FSB</p>
<p>		 (Dollars in thousands, except per share data)</p>
<p>		CONDENSED CONSOLIDATED STATEMENTS OF OPERATIONS:</p>
<p>			    Three months ended  Twelve months ended</p>
<p>				 December 31,	  December 31,</p>
<p>			    1996	 1995	  1996	 1995</p>
<p> Interest income    $16,586    $15,556     $63,620    $58,959</p>
<p> Interest expense     9,751	9,575	37,857     35,475</p>
<p>Net interest income</p>
<p>			    6,835	5,981	25,763     23,484</p>
<p>Provision for loan losses</p>
<p>				300	1,150	   850	1,525</p>
<p>Net interest income</p>
<p>  after provision     6,535	4,831	24,913     21,959</p>
<p>Loss on Commercial Loans Held</p>
<p>  for Bulk Sale	    --    (7,546)	 (894)    (7,546)</p>
<p> Other income	     708	  535	 2,356	1,632</p>
<p>  Total other income    708    (7,011)	 1,462    (5,914)</p>
<p>Net cost of operation</p>
<p>  of real estate owned  239	(206)	 1,143	  249</p>
<p>SAIF special assessment</p>
<p>				 --	   --	 2,624	   --</p>
<p>Other operating expenses</p>
<p>			    4,965	4,620	20,209     18,020</p>
<p>Total operating expenses</p>
<p>			    5,204	4,414	23,976     18,269</p>
<p>Income (loss) before income taxes</p>
<p>			    2,039    (6,594)	 2,399    (2,224)</p>
<p>Income tax expense (benefit)</p>
<p>				817   (18,666)	   963   (18,486)</p>
<p> Net income	     1,222     12,072	 1,436     16,262</p>
<p> Net income per share  0.09	 0.94	  0.11	 1.27</p>
<p> Dividends per share  O.025	0.020	  0.10	 0.08</p>
<p>Weighted average shares outstanding</p>
<p>(Including dilutive effect</p>
<p>of stock options)</p>
<p>		     12,920,090 12,859,935  12,910,458 12,855,251</p>
<p>Average interest-earning assets</p>
<p>			  823,845    788,998     802,149    752,415</p>
<p>Yield on interest-earning</p>
<p>  assets		 8.05%	7.89%	 7.93%	7.84%</p>
<p>Average interest-bearing</p>
<p>   liabilities	782,058    736,675     763,261    703,968</p>
<p>Yield on interest-bearing</p>
<p>   liabilities	  5.00%	5.16%	 4.95%	5.04%</p>
<p>Excess of average interest-earning</p>
<p>assets over average interest-</p>
<p>bearing liabilities</p>
<p>			   41,787     52,323	38,888     48,447</p>
<p>Interest rate spread</p>
<p>			    3.05%	2.73%	 2.98%	2.80%</p>
<p> Net interest margin  3.32%	3.01%	 3.21%	3.12%</p>
<p>NOTE: The one-time SAIF Special Assessment, which was recorded in the third quarter of 1996, resulted from legislation signed into law on September 30, 1996 and was assessed on all SAIF insured institutions. While the one-time assessment, net of tax benefit, reduced net income in 1996 by $1.6 million, or $0.12 per share, the recapitalization of the SAIF fund allows for lower deposit insurance premiums for at least the next three years.</p>
<p>((-- New York Newsdesk 212 859-1610))</p>
</text>
<copyright>(c) Reuters Limited 1997</copyright>
<metadata>
<codes class="bip:countries:1.0">
  <code code="USA">
    <editdetail action="confirmed" attribution="Reuters BIP Coding Group" date="1997-01-28"/>
  </code>
</codes>
<codes class="bip:industries:1.0">
  <code code="I81403">
    <editdetail action="confirmed" attribution="Reuters BIP Coding Group" date="1997-01-28"/>
  </code>
</codes>
<codes class="bip:topics:1.0">
  <code code="C15">
    <editdetail action="confirmed" attribution="Reuters BIP Coding Group" date="1997-01-28"/>
  </code>
  <code code="C151">
    <editdetail action="confirmed" attribution="Reuters BIP Coding Group" date="1997-01-28"/>
  </code>
  <code code="C1511">
    <editdetail action="confirmed" attribution="Reuters BIP Coding Group" date="1997-01-28"/>
  </code>
  <code code="CCAT">
    <editdetail action="confirmed" attribution="Reuters BIP Coding Group" date="1997-01-28"/>
  </code>
</codes>
<dc element="dc.date.created" value="1997-01-28"/>
<dc element="dc.publisher" value="Reuters Holdings Plc"/>
<dc element="dc.date.published" value="1997-01-28"/>
<dc element="dc.source" value="Reuters"/>
<dc element="dc.creator.location" value="POUGHKEEPSIE, N.Y."/>
<dc element="dc.creator.location.country.name" value="USA"/>
<dc element="dc.source" value="Reuters"/>
</metadata>
</newsitem>
