<?xml version="1.0" encoding="ISO-8859-1" standalone="no"?>
<newsitem date="1997-01-28" id="root" itemid="338222" xml:lang="en">
<title>INDIA: India shares up in kerb deals, govt sops seen.</title>
<headline>India shares up in kerb deals, govt sops seen.</headline>
<dateline>BOMBAY 1997-01-28</dateline>
<text>
<p>Leading stocks firmed up in kerb deals late on Tuesday on growing speculation about government policy announcements expected this week, dealers said.</p>
<p>In late evening, Reliance was quoted at 282.0 rupees up from Tuesday's official close of 280.50 rupees. ITC rose 12.0 rupees to 415.0 and TISCO 2.0 to 213.0 and SBI was up two rupees to 214.50.</p>
<p>Prime Minister H.D. Deve Gowda on Monday said new economic policy measures would be announced in the next few days. "Some decisions will be coming in the next two to three days," the prime minister told a business gathering in Bombay.</p>
<p>The Bombay Stock Exchange's top 30-share index has rallied 169 points, or nearly five percent this week ending Tuesday at 3,604.20.</p>
</text>
<copyright>(c) Reuters Limited 1997</copyright>
<metadata>
<codes class="bip:countries:1.0">
  <code code="INDIA">
    <editdetail action="confirmed" attribution="Reuters BIP Coding Group" date="1997-01-28"/>
  </code>
</codes>
<codes class="bip:topics:1.0">
  <code code="M11">
    <editdetail action="confirmed" attribution="Reuters BIP Coding Group" date="1997-01-28"/>
  </code>
  <code code="MCAT">
    <editdetail action="confirmed" attribution="Reuters BIP Coding Group" date="1997-01-28"/>
  </code>
</codes>
<dc element="dc.date.created" value="1997-01-28"/>
<dc element="dc.publisher" value="Reuters Holdings Plc"/>
<dc element="dc.date.published" value="1997-01-28"/>
<dc element="dc.source" value="Reuters"/>
<dc element="dc.creator.location" value="BOMBAY"/>
<dc element="dc.creator.location.country.name" value="INDIA"/>
<dc element="dc.source" value="Reuters"/>
</metadata>
</newsitem>
