<?xml version="1.0" encoding="ISO-8859-1" standalone="no"?>
<newsitem date="1996-11-26" id="root" itemid="219075" xml:lang="en">
<title>SWITZERLAND: PRESS DIGEST -Switzerland - Nov 26.</title>
<headline>PRESS DIGEST -Switzerland - Nov 26.</headline>
<dateline>ZURICH 1996-11-26</dateline>
<text>
<p>Here are the highlights from Swiss newspapers on Tuesday: NEUE ZUERCHER ZEITUNG - Member of the Swiss lower house of parliament elected Judith Stamm, member of the Christian Democratic fraction, as its new president. - The number of over-night stays in Swiss hotels dropped in October by 6.5 percent to 2.25 million. - Swiss-Swedish group ABB received two orders worth a total of 383 million Swiss francs to build two power plants in South Korea and Indonesia. TAGES ANZEIGER - Delegates of the Jewish World Congress in Oslo welcomed the investigations that Switzerland has begun to find unclaimed funds in Swiss bank accounts. - Two Swiss customs investgation officers were arrested on Friday, who were allegedly involved in a bribery scandal. JOURNAL DE GENEVE - Export of Swiss pilot trainer airplanes 'Pilatus', which can be modified into fighter jets, will become more difficult as the Swiss government is now allowed to restrict export when delivered to a country that was placed under an embargo by the UN or another major trade partner. -- Zurich Editorial +41 1 631 7340</p>
</text>
<copyright>(c) Reuters Limited 1996</copyright>
<metadata>
<codes class="bip:countries:1.0">
  <code code="SWITZ">
    <editdetail action="confirmed" attribution="Reuters BIP Coding Group" date="1996-11-26"/>
  </code>
</codes>
<codes class="bip:topics:1.0">
  <code code="GCAT">
    <editdetail action="confirmed" attribution="Reuters BIP Coding Group" date="1996-11-26"/>
  </code>
</codes>
<dc element="dc.date.created" value="1996-11-26"/>
<dc element="dc.publisher" value="Reuters Holdings Plc"/>
<dc element="dc.date.published" value="1996-11-26"/>
<dc element="dc.source" value="Reuters"/>
<dc element="dc.creator.location" value="ZURICH"/>
<dc element="dc.creator.location.country.name" value="SWITZERLAND"/>
<dc element="dc.source" value="Reuters"/>
</metadata>
</newsitem>
