<?xml version="1.0" encoding="ISO-8859-1" standalone="no"?>
<newsitem date="1997-01-28" id="root" itemid="338070" xml:lang="en">
<title>UNITED NATIONS: U.N. chief appoints new team but few new faces.</title>
<headline>U.N. chief appoints new team but few new faces.</headline>
<dateline>UNITED NATIONS 1997-01-28</dateline>
<text>
<p>U.N. Secretary-General Kofi Annan on Tuesday announced 15 senior appointments, most of whom had served in the United Nations under his predecessor, Boutros Boutros-Ghali of Egypt.</p>
<p>"Change needs to be managed," said Fred Eckhard, an American who was confirmed as chief U.N. spokesman. "Rome wasn't built in a day. He will implement these changes incremently throughout this year and next year."</p>
<p>Among the new faces appointed by Annan, who took over as secretary-general on Jan. 1, are the heads of two key departments -- peacekeeping, which went to a Frenchman, and political affairs, which went to a Briton. Both received three-year contracts.</p>
<p>For undersecretary-general in charge of peacekeeping operations, Annan chose Bernard Miyet of France. His appointment is widely thought to be a reward for France, which had backed Boutros-Ghali and then lifted its veto against Annan in the Security Council election vote in December.</p>
<p>Miyet is France's representative to the Vienna-based Organisation for Security and Cooperation in Europe. Annan himself had held the post before he became secretary-general.</p>
<p>A British diplomat, Sir Kieran Prendergast, was named as undersecretary-general for political affairs, to succeed Marrack Goulding, also a Briton. Prendergast has served most recently as Britain's ambassador to Turkey and before that as high commissioner to Kenya. In the late 1970s he was a member of Britain's U.N. mission in New York.</p>
</text>
<copyright>(c) Reuters Limited 1997</copyright>
<metadata>
<codes class="bip:countries:1.0">
  <code code="EGYPT">
    <editdetail action="confirmed" attribution="Reuters BIP Coding Group" date="1997-01-28"/>
  </code>
  <code code="UN">
    <editdetail action="confirmed" attribution="Reuters BIP Coding Group" date="1997-01-28"/>
  </code>
  <code code="USA">
    <editdetail action="confirmed" attribution="Reuters BIP Coding Group" date="1997-01-28"/>
  </code>
</codes>
<codes class="bip:topics:1.0">
  <code code="GCAT">
    <editdetail action="confirmed" attribution="Reuters BIP Coding Group" date="1997-01-28"/>
  </code>
  <code code="GPOL">
    <editdetail action="confirmed" attribution="Reuters BIP Coding Group" date="1997-01-28"/>
  </code>
</codes>
<dc element="dc.date.created" value="1997-01-28"/>
<dc element="dc.publisher" value="Reuters Holdings Plc"/>
<dc element="dc.date.published" value="1997-01-28"/>
<dc element="dc.source" value="Reuters"/>
<dc element="dc.creator.location" value="UNITED NATIONS"/>
<dc element="dc.creator.location.country.name" value="UNITED NATIONS"/>
<dc element="dc.source" value="Reuters"/>
</metadata>
</newsitem>
