<?xml version="1.0" encoding="ISO-8859-1" standalone="no"?>
<newsitem date="1997-01-28" id="root" itemid="337200" xml:lang="en">
<title>SOUTH AFRICA: Target drill results encouraging -Avgold.</title>
<headline>Target drill results encouraging -Avgold.</headline>
<dateline>JOHANNESBURG 1997-01-28</dateline>
<text>
<p>Avgold Ltd said on Tuesday that preliminary drill results from its Target division were encouraging and results on the Dreyerskuil reefs indicated upside potential on previously estimated tonnage.</p>
<p>However, the company said diamond drilling had fallen behind schedule. Action was being taken to rectify this.</p>
<p>To date exploration drilling totalling 13,195 metres has been completed and a total of 3,984 metres of reef has been sampled. Most of the sampling has occured on the Dreyerskuil and Elsburg reefs in the Eldorado Formation.</p>
<p>-- Johannesburg newsroom +27 11 482 1003</p>
</text>
<copyright>(c) Reuters Limited 1997</copyright>
<metadata>
<codes class="bip:countries:1.0">
  <code code="SAFR">
    <editdetail action="confirmed" attribution="Reuters BIP Coding Group" date="1997-01-28"/>
  </code>
</codes>
<codes class="bip:industries:1.0">
  <code code="I21000">
    <editdetail action="confirmed" attribution="Reuters BIP Coding Group" date="1997-01-28"/>
  </code>
</codes>
<codes class="bip:topics:1.0">
  <code code="C24">
    <editdetail action="confirmed" attribution="Reuters BIP Coding Group" date="1997-01-28"/>
  </code>
  <code code="CCAT">
    <editdetail action="confirmed" attribution="Reuters BIP Coding Group" date="1997-01-28"/>
  </code>
</codes>
<dc element="dc.date.created" value="1997-01-28"/>
<dc element="dc.publisher" value="Reuters Holdings Plc"/>
<dc element="dc.date.published" value="1997-01-28"/>
<dc element="dc.source" value="Reuters"/>
<dc element="dc.creator.location" value="JOHANNESBURG"/>
<dc element="dc.creator.location.country.name" value="SOUTH AFRICA"/>
<dc element="dc.source" value="Reuters"/>
</metadata>
</newsitem>
