<?xml version="1.0" encoding="ISO-8859-1" standalone="no"?>
<newsitem date="1997-01-28" id="root" itemid="336570" xml:lang="en">
<title>CANADA: Canada denies Canwest TV license appeal.</title>
<headline>Canada denies Canwest TV license appeal.</headline>
<dateline>OTTAWA 1997-01-28</dateline>
<text>
<p>The Canadian cabinet denied an appeal by CanWest Global Communications Corp of a decision denying them a television broadcasting license in Alberta, Canadian Heritage Minister Sheila Copps said on Tuesday.</p>
<p>But she said the government agreed with CanWest that the question of a third national network should be examined.</p>
<p>The Canadian Radio-television and Telecommunications Commission (CRTC) granted the Alberta license to the small private company Craig Broadcast Systems Inc on November 1, prompting CanWest to ask the cabinet to overturn the ruling.  </p>
<p>"The CRTC was asked to make a decision on specific, local licensing. The CRTC decision was upheld. It was a good and valid decision," Copps told reporters after a cabinet meeting.</p>
<p>"But the larger questions that were raised by the appellant (CanWest Global) do bear further study and we've asked the CRTC to take a longer look at them."</p>
<p>Canada has two national networks in both French and English. Global, while strong, sought to encompass all the country. "This asks them (CRTC) to examine more intensively whether a third network in French or English would be good, and if yes, in what way it should be evaluated," Copps said.  </p>
<p>The government's Canadian Broadcasting Corp runs a network in both languages. The second full English network is  CTV Television Network Ltd, among whose shareholders are Baton Broadcasting Inc and CanWest's arch-rival WIC Western International Communications Ltd.</p>
<p>WIC, which has four television stations in Alberta, had fiercely opposed CanWest's application.</p>
<p>((Randall Palmer, Reuters Ottawa Bureau 613-235-6745))</p>
</text>
<copyright>(c) Reuters Limited 1997</copyright>
<metadata>
<codes class="bip:countries:1.0">
  <code code="CANA">
    <editdetail action="confirmed" attribution="Reuters BIP Coding Group" date="1997-01-28"/>
  </code>
</codes>
<codes class="bip:industries:1.0">
  <code code="I97400">
    <editdetail action="confirmed" attribution="Reuters BIP Coding Group" date="1997-01-28"/>
  </code>
  <code code="I9741102">
    <editdetail action="confirmed" attribution="Reuters BIP Coding Group" date="1997-01-28"/>
  </code>
</codes>
<codes class="bip:topics:1.0">
  <code code="C13">
    <editdetail action="confirmed" attribution="Reuters BIP Coding Group" date="1997-01-28"/>
  </code>
  <code code="CCAT">
    <editdetail action="confirmed" attribution="Reuters BIP Coding Group" date="1997-01-28"/>
  </code>
</codes>
<dc element="dc.date.created" value="1997-01-28"/>
<dc element="dc.publisher" value="Reuters Holdings Plc"/>
<dc element="dc.date.published" value="1997-01-28"/>
<dc element="dc.source" value="Reuters"/>
<dc element="dc.creator.location" value="OTTAWA"/>
<dc element="dc.creator.location.country.name" value="CANADA"/>
<dc element="dc.source" value="Reuters"/>
</metadata>
</newsitem>
