<?xml version="1.0" encoding="ISO-8859-1" standalone="no"?>
<newsitem date="1997-01-28" id="root" itemid="337363" xml:lang="en">
<title>RUSSIA: Russia's Yakovlev eager to buy Fokker.</title>
<headline>Russia's Yakovlev eager to buy Fokker.</headline>
<byline>Viktor Anoshkin</byline>
<dateline>MOSCOW 1997-01-28</dateline>
<text>
<p>Russian plane-maker Yakovlev said on Tuesday it still wanted to buy bankrupt Dutch plane manufacturer Fokker NV and would do so without government financial backing if necessary.</p>
<p>Last year Yakovlev asked the Russian goverment for financial guarantees for the deal which it estimates could cost $200-270 million, but the government has not yet provided them, Alexander Dondukov, chief designer at  Aviatsionnaya Korporatsiya Yakovlev, told Reuters.</p>
<p>"We are optimistic and are continuing to look for ways to resolve this task without the goverment's participation," he said.</p>
<p>Yakovlev was looking at three options to complete the deal, he said, but declined to give details.</p>
<p>"Until the Dutch actually reject us we will continue to work on this project," Dondukov said.</p>
<p>South Korea's Samsung Aerospace had been one of the principal suitors to take over Fokker, which went bankrupt in March 1996, but it dropped its bid at the end of last year.</p>
<p>Dondukov said Yakovlev hoped to bring fellow aircraft manufacturer Sukhoi into its plans to buy Fokker, and said Sukhoi chief designer Mikhail Simonov supported the idea.</p>
<p>Officials at  Otdelniye Konstruktorskoye Byuro imeni Sukhova (Sukhoi) were not availiable for comment.</p>
<p>Yakovlev is interested in Fokker to shore up its position in the Russian short-range plane market, of which it wants 25-30 percent by the year 2000.</p>
<p>Yakovlev used to be the Soviet Union's foremost designer of military aircraft and still designs naval fighter planes. It also designs passenger aircraft and produced the short-range Yak-40 and Yak-42 models.</p>
<p>Last December Yakovlev, the Tupolev design bureau, Sukhoi military design bureau and helicopter producer Mil set up a financial-industrial group.</p>
<p>The four aircraft producers decided to pool their technology to pull Russia's aviation industry out of its crisis.</p>
</text>
<copyright>(c) Reuters Limited 1997</copyright>
<metadata>
<codes class="bip:countries:1.0">
  <code code="RUSS">
    <editdetail action="confirmed" attribution="Reuters BIP Coding Group" date="1997-01-28"/>
  </code>
</codes>
<codes class="bip:industries:1.0">
  <code code="I36400">
    <editdetail action="confirmed" attribution="Reuters BIP Coding Group" date="1997-01-28"/>
  </code>
  <code code="I3640010">
    <editdetail action="confirmed" attribution="Reuters BIP Coding Group" date="1997-01-28"/>
  </code>
</codes>
<codes class="bip:topics:1.0">
  <code code="C18">
    <editdetail action="confirmed" attribution="Reuters BIP Coding Group" date="1997-01-28"/>
  </code>
  <code code="C181">
    <editdetail action="confirmed" attribution="Reuters BIP Coding Group" date="1997-01-28"/>
  </code>
  <code code="CCAT">
    <editdetail action="confirmed" attribution="Reuters BIP Coding Group" date="1997-01-28"/>
  </code>
</codes>
<dc element="dc.date.created" value="1997-01-28"/>
<dc element="dc.publisher" value="Reuters Holdings Plc"/>
<dc element="dc.date.published" value="1997-01-28"/>
<dc element="dc.source" value="Reuters"/>
<dc element="dc.creator.location" value="MOSCOW"/>
<dc element="dc.creator.location.country.name" value="RUSSIA"/>
<dc element="dc.source" value="Reuters"/>
</metadata>
</newsitem>
