<?xml version="1.0" encoding="ISO-8859-1" standalone="no"?>
<newsitem date="1997-01-28" id="root" itemid="336650" xml:lang="en">
<title>USA: WPS Resources Corp Q4 net off.</title>
<headline>WPS Resources Corp Q4 net off.</headline>
<dateline>GREEN BAY, Wis. 1997-01-28</dateline>
<text>
<p>1996			1995</p>
<p> Shr			  $0.17		    $0.57</p>
<p> Net			  3,730		   13,507</p>
<p> Revs		     246,309		  203,236</p>
<p> Avg shrs		  23,885		   23,897</p>
<p>	 (All Data Above 000s Except Per Share Numbers)</p>
<p>NOTE: 1996 Q4 includes a $4 million loss on an industrial processing facility investment and decreased margins as WPS Energy Services Inc of $4.8 million due to volatile gas market prices.  </p>
<p>			YEAR</p>
<p> Shr		 $2.00		    $2.32</p>
<p> Net		 47,755		    55,343</p>
<p> Revs		 858,254		  719,848</p>
<p> Avg shrs	  23,891		    23,897</p>
<p>	 (All Data Above 000s Except Per Share Numbers)</p>
<p>NOTE: 1996 year and Q4 results included increased operating expenses of $4.5 million at Wisconsin Public Service Corp as the utility expands certain operating activities in anticipation of a deregulated energy marketplace.</p>
<p>The 1996 net decrease included increased operating expenses at the non-regulated subsidiaries of about $7.1 million relating primarily to expansion and infrastructure development.</p>
<p>	     ((Chicago newsdesk 312 408-8787))</p>
</text>
<copyright>(c) Reuters Limited 1997</copyright>
<metadata>
<codes class="bip:countries:1.0">
  <code code="USA">
    <editdetail action="confirmed" attribution="Reuters BIP Coding Group" date="1997-01-28"/>
  </code>
</codes>
<codes class="bip:industries:1.0">
  <code code="I16100">
    <editdetail action="confirmed" attribution="Reuters BIP Coding Group" date="1997-01-28"/>
  </code>
</codes>
<codes class="bip:topics:1.0">
  <code code="C15">
    <editdetail action="confirmed" attribution="Reuters BIP Coding Group" date="1997-01-28"/>
  </code>
  <code code="C151">
    <editdetail action="confirmed" attribution="Reuters BIP Coding Group" date="1997-01-28"/>
  </code>
  <code code="C1511">
    <editdetail action="confirmed" attribution="Reuters BIP Coding Group" date="1997-01-28"/>
  </code>
  <code code="CCAT">
    <editdetail action="confirmed" attribution="Reuters BIP Coding Group" date="1997-01-28"/>
  </code>
</codes>
<dc element="dc.date.created" value="1997-01-28"/>
<dc element="dc.publisher" value="Reuters Holdings Plc"/>
<dc element="dc.date.published" value="1997-01-28"/>
<dc element="dc.source" value="Reuters"/>
<dc element="dc.creator.location" value="GREEN BAY, Wis."/>
<dc element="dc.creator.location.country.name" value="USA"/>
<dc element="dc.source" value="Reuters"/>
</metadata>
</newsitem>
