<?xml version="1.0" encoding="ISO-8859-1" standalone="no"?>
<newsitem date="1997-01-28" id="root" itemid="337782" xml:lang="en">
<title>USA: U.S. weekly agriculture loan report.</title>
<headline>U.S. weekly agriculture loan report.</headline>
<dateline>WASHINGTON 1997-01-28</dateline>
<text>
<p>USDA reported grain loan activity in week ended Jan 21 (million bu):</p>
<p>   1996 CROPS -- Wheat     Corn   Soybeans</p>
<p>	Under Loan  179.9   882.2   185.0</p>
<p>	  Redeemed   30.9    37.0    16.0</p>
<p>  Acquired by CCC   Nil     Nil     Nil</p>
<p>9-Mo. Outstanding 149.0   845.2   169.0</p>
<p>     1995 CROPS -- Wheat   Corn   Soybeans</p>
<p>	Under Loan  114.0    675.8    181.8</p>
<p>	  Redeemed  113.9    675.5    181.8</p>
<p>  Acquired by CCC   Nil	Nil	Nil</p>
<p>9-Mo. Outstanding   0.1	0.3	Nil</p>
<p>    1996 CROPS -- Barley   Oats    Rye   Sorghum     Rice</p>
<p>	Under Loan   26.2    1.4     N/A    10.0	 66.5</p>
<p>	  Redeemed    3.7    0.2     N/A     0.4	 10.1</p>
<p> Acquired by CCC    Nil    Nil     N/A     Nil	  Nil</p>
<p> 9-mo Outstanding  22.5    1.2     N/A     9.6	 56.4</p>
<p>    1995 CROPS -- Barley   Oats    Rye   Sorghum     Rice</p>
<p>	Under Loan   18.0    0.7     0.1     4.0	100.9</p>
<p>	  Redeemed   18.0    0.7     0.1     4.0	100.8</p>
<p> Acquired by CCC    Nil    Nil     Nil     Nil	  Nil</p>
<p> 9-mo Outstanding   Nil    Nil     Nil     Nil	  0.1</p>
<p>1996 CROPS -- (1,000 480-lb running bales):</p>
<p>		    Up.Cotton   ELS Cotton</p>
<p>     Total Loans  3,242.6     32.3</p>
<p>	  Redeemed    731.8	8.5</p>
<p> Acquired by CCC	Nil	Nil</p>
<p> 9-mo Outstanding 2,510.8     23.8</p>
<p>1995 CROPS -- (1,000 480-lb running bales):</p>
<p>		    Up.Cotton   ELS Cotton</p>
<p>     Total Loans  3,478.1	12.6</p>
<p>	  Redeemed  3,431.2	12.6</p>
<p> Acquired by CCC	0.3	 Nil</p>
<p> 9-mo Outstanding    46.5	 Nil</p>
</text>
<copyright>(c) Reuters Limited 1997</copyright>
<metadata>
<codes class="bip:countries:1.0">
  <code code="USA">
    <editdetail action="confirmed" attribution="Reuters BIP Coding Group" date="1997-01-28"/>
  </code>
</codes>
<codes class="bip:topics:1.0">
  <code code="M14">
    <editdetail action="confirmed" attribution="Reuters BIP Coding Group" date="1997-01-28"/>
  </code>
  <code code="M141">
    <editdetail action="confirmed" attribution="Reuters BIP Coding Group" date="1997-01-28"/>
  </code>
  <code code="MCAT">
    <editdetail action="confirmed" attribution="Reuters BIP Coding Group" date="1997-01-28"/>
  </code>
</codes>
<dc element="dc.date.created" value="1997-01-28"/>
<dc element="dc.publisher" value="Reuters Holdings Plc"/>
<dc element="dc.date.published" value="1997-01-28"/>
<dc element="dc.source" value="Reuters"/>
<dc element="dc.creator.location" value="WASHINGTON"/>
<dc element="dc.creator.location.country.name" value="USA"/>
<dc element="dc.source" value="Reuters"/>
</metadata>
</newsitem>
