<?xml version="1.0" encoding="ISO-8859-1" standalone="no"?>
<newsitem date="1997-01-28" id="root" itemid="337865" xml:lang="en">
<title>USA: Koch lowers U.S. posted crude prices 25 cts/bbl.</title>
<headline>Koch lowers U.S. posted crude prices 25 cts/bbl.</headline>
<dateline>NEW YORK</dateline>
<text>
<p>Koch Oil said it cut the price it will pay for U.S. crude oil by 25 cents a barrel, effective today.</p>
<p>The decrease brings the new price for U.S. benchmark grade West Texas Intermediate to $22.00 a barrel, and West Texas Sour to $19.75 a barrel.</p>
<p>Light Louisiana sweet crude is now $22.00 a barrel, and Oklahoma sweet is $22.00.</p>
<p>-- New York Energy Desk, +1 212 859-1620</p>
</text>
<copyright>(c) Reuters Limited 1997</copyright>
<metadata>
<codes class="bip:countries:1.0">
  <code code="USA">
    <editdetail action="confirmed" attribution="Reuters BIP Coding Group" date="1997-01-28"/>
  </code>
</codes>
<codes class="bip:topics:1.0">
  <code code="M14">
    <editdetail action="confirmed" attribution="Reuters BIP Coding Group" date="1997-01-28"/>
  </code>
  <code code="M143">
    <editdetail action="confirmed" attribution="Reuters BIP Coding Group" date="1997-01-28"/>
  </code>
  <code code="MCAT">
    <editdetail action="confirmed" attribution="Reuters BIP Coding Group" date="1997-01-28"/>
  </code>
</codes>
<dc element="dc.publisher" value="Reuters Holdings Plc"/>
<dc element="dc.date.published" value="1997-01-28"/>
<dc element="dc.source" value="Reuters"/>
<dc element="dc.creator.location" value="NEW YORK"/>
<dc element="dc.creator.location.country.name" value="USA"/>
<dc element="dc.source" value="Reuters"/>
</metadata>
</newsitem>
