<?xml version="1.0" encoding="ISO-8859-1" standalone="no"?>
<newsitem date="1996-12-20" id="root" itemid="270719" xml:lang="en">
<title>USA: Clinton to disclose Cabinet decisions at noon.</title>
<headline>Clinton to disclose Cabinet decisions at noon.</headline>
<dateline>WASHINGTON 1996-12-20</dateline>
<text>
<p>President Clinton was set to announce Cabinet decisions on Friday at a noon (1700 GMT) news conference, the White House announced.</p>
<p>Administration officials said the announcement was to include his decision to nominate Transportation Secretary Federico Pena as his new Energy Department secretary.</p>
<p>Clinton also planned to name White House aide Alexis Herman to succeed Robert Reich as labour secretary, officials said.</p>
<p>In addition, Clinton planned to nominate Federal Highway Administration chief Rodney Slater to replace Pena at transportation, and an assistant secretary of Housing and Urban Development, Andrew Cuomo, to replace Henry Cisneros as HUD secretary.</p>
</text>
<copyright>(c) Reuters Limited 1996</copyright>
<metadata>
<codes class="bip:countries:1.0">
  <code code="USA">
    <editdetail action="confirmed" attribution="Reuters BIP Coding Group" date="1996-12-20"/>
  </code>
</codes>
<codes class="bip:topics:1.0">
  <code code="GCAT">
    <editdetail action="confirmed" attribution="Reuters BIP Coding Group" date="1996-12-20"/>
  </code>
  <code code="GPOL">
    <editdetail action="confirmed" attribution="Reuters BIP Coding Group" date="1996-12-20"/>
  </code>
</codes>
<dc element="dc.date.created" value="1996-12-20"/>
<dc element="dc.publisher" value="Reuters Holdings Plc"/>
<dc element="dc.date.published" value="1996-12-20"/>
<dc element="dc.source" value="Reuters"/>
<dc element="dc.creator.location" value="WASHINGTON"/>
<dc element="dc.creator.location.country.name" value="USA"/>
<dc element="dc.source" value="Reuters"/>
</metadata>
</newsitem>
