<?xml version="1.0" encoding="ISO-8859-1" standalone="no"?>
<newsitem date="1997-01-28" id="root" itemid="337938" xml:lang="en">
<title>USA: GM sees international profit pressure.</title>
<headline>GM sees international profit pressure.</headline>
<dateline>DETROIT 1997-01-28</dateline>
<text>
<p>General Motors Corp signalled that 1997 profits from its international operations may be flat with or below the $1.53 billion they earned in 1996, analysts said Monday.</p>
<p>J.P. Morgan analyst David Bradley said GM executives told analysts in a conference call that Europe's slumping car market and heavy expenses for for new plants in Poland, Argentina, Thailand and China will hurt the International Operations' profitability in 1997. </p>
<p>"They've given us some guidance that international earnings are going to be under pressure in 1997," Bradley said. "I don't think the expectation is that they'll go up."</p>
<p>Prudential Securities analyst Philip Fricke said GM executives also expect higher foreign tax rates in 1997 than in 1996, which would lead to a reduction in net earnings even if operating earnings were flat.</p>
<p>The $1.53 billion in 1996 international earnings represents a 6.7 percent decline from the $1.64 billion the operations earned in 1994.</p>
<p>In the fourth quarter of 1996, GM's European automotive operations earned only $99 million in the fourth quarter, down from $248 million a year earlier. For the full 1996 year, GM-Europe earned $778 million, down from $796 million in 1995.</p>
<p>"Europe will continue to be tough in 1997," GM Chief Financial Officer J. Michael Losh told reporters in a separate conference call.</p>
<p>In a statement accompanying the automaker's fourth quarter 1996 earnings results, GM Chairman and Chief Executive Officer Jack Smith said the international plant building binge will pay dividends.</p>
<p>"We have embarked on the largest international production-capacity expansion in our history with major new manufacturing and assembly facilitiies planned for key international regions," Smith said. "Those facilities will provide us with significant opportuities to leverage GM's global resources and enhance our competitive position throughout the world."</p>
</text>
<copyright>(c) Reuters Limited 1997</copyright>
<metadata>
<codes class="bip:countries:1.0">
  <code code="USA">
    <editdetail action="confirmed" attribution="Reuters BIP Coding Group" date="1997-01-28"/>
  </code>
</codes>
<codes class="bip:industries:1.0">
  <code code="I35101">
    <editdetail action="confirmed" attribution="Reuters BIP Coding Group" date="1997-01-28"/>
  </code>
</codes>
<codes class="bip:topics:1.0">
  <code code="C15">
    <editdetail action="confirmed" attribution="Reuters BIP Coding Group" date="1997-01-28"/>
  </code>
  <code code="C152">
    <editdetail action="confirmed" attribution="Reuters BIP Coding Group" date="1997-01-28"/>
  </code>
  <code code="CCAT">
    <editdetail action="confirmed" attribution="Reuters BIP Coding Group" date="1997-01-28"/>
  </code>
</codes>
<dc element="dc.date.created" value="1997-01-28"/>
<dc element="dc.publisher" value="Reuters Holdings Plc"/>
<dc element="dc.date.published" value="1997-01-28"/>
<dc element="dc.source" value="Reuters"/>
<dc element="dc.creator.location" value="DETROIT"/>
<dc element="dc.creator.location.country.name" value="USA"/>
<dc element="dc.source" value="Reuters"/>
</metadata>
</newsitem>
