<?xml version="1.0" encoding="ISO-8859-1" standalone="no"?>
<newsitem date="1997-01-28" id="root" itemid="337579" xml:lang="en">
<title>MEXICO: FEATURE - Political storm clouds hang over Mexico.</title>
<headline>FEATURE - Political storm clouds hang over Mexico.</headline>
<byline>Michael Stott</byline>
<dateline>MEXICO CITY 1997-01-28</dateline>
<text>
<p>Accustomed to shock devaluations, stock market stampedes and other financial surprises, investors in Mexico are now grappling with a new phenomenon -- political risk.</p>
<p>Mexico started 1997 with macroeconomic indicators all flashing green as its recovery from the December 1994 peso crash gathered pace.</p>
<p>But political warning lights are blinking red.</p>
<p>1997 has been hailed by opposition analysts and politicians as the "year of transition" -- the moment when non-government parties smash the ruling Institutional Revolutionary Party's (PRI) 67-year-old stranglehold on national power and usher in true multi-party democracy.</p>
<p>The PRI is deeply unpopular with electors because of dire economic crisis, soaring crime and long-running corruption scandals -- but few believe it will go without a fierce fight.</p>
<p>"This year is extremely important for Mexico because we're going to have very closely fought elections and the government party could lose a good part of its power," Sergio Aguayo, the president of the Civic Alliance NGO, told Reuters.</p>
<p>Some academics even compare what they term an historic Mexican "transition" to the start of black majority rule in South Africa or the collapse of the Soviet Union -- comments dismissed as ridiculous exaggerations by the government.</p>
<p>PRI loyalists sniffily say Mexico has always been a democracy so there is nothing to make a transition to -- though privately they bite their nails at the prospect of surrendering power.</p>
<p>OPPOSITION EXCITEMENT</p>
<p>The opposition's excitement stems from congressional elections on July 6 when the PRI could lose its majority in the lower house, the Chamber of Deputies, for the first time since the party was founded in the tumultuous aftermath of the 1910-17 Mexican Revolution.</p>
<p>The implications are huge in a country where Congress has historically acted as a docile rubber stamp for an all-powerful PRI president.</p>
<p>"The next elections...seriously threaten to end a grotesque daily phenomenon which has been the foundation stone of Mexican presidentialism, namely the famous PRI steamroller in Congress", wrote political analyst Benito Nacif in a recent article.</p>
<p>Analysts say the uncertainty about the election result -- as well as post-electoral jockeying for position if the PRI loses its majority -- could buffet financial markets.</p>
<p>"The high degree of uncertainty will make people nervous and they may protect themselves by taking cover and moving investments out of pesos," leading economic commentator Enrique Quintana told Reuters. "I wouldn't rule out sharp movements in the exchange rate of up to five or six percent."</p>
<p>Raising the stakes further, the July election will also decide who will be the first elected mayor of Mexico City since the 1920s and who will govern six states.</p>
<p>These include the key northern territories of Nuevo Leon (which includes the industrial capital of Monterrey), and Sonora, geographically and politically a heavyweight state.</p>
<p>Only a quarter of the Senate is up for renewal and the PRI's large majority means it is mathematically impossible for the ruling party to lose control of that chamber.</p>
<p>The PRI is unlikely to be completely routed, however. It retains strong support in the countryside, counts on an impressive national election-winning machine and will enjoy the benefit of more than $140 million in government funding -- a novelty voted through Congress in the teeth of fierce opposition criticism  last year. Some analysts believe it could remain the biggest single party in the lower house, even if it loses its overall majority.</p>
<p>POLITICAL TEMPERATURE RISES</p>
<p>With so much to play for, it is not surprising that the political temperature is rising fast.</p>
<p>President Ernesto Zedillo, a dry technocrat more at home at international investor meetings than on the campaign hustings, has unveiled what commentators term an aggressive new style for 1997.</p>
<p>Recent Zedillo speeches have lashed out at the foreign press, at Mexicans who entertain correspondents in their homes to say negative things about the government, and at the opposition who fail to recognise his achievements.</p>
<p>Presidential officials deny a tougher line -- and Zedillo himself has said that "the only hardening which my government accepts is against intolerance, against injustice, against corruption, against poverty".</p>
<p>But analysts say the change of tone has been notable in a country where political sparring is generally conducted with heavily coded phrases and using terms so obtuse that only the protagonists understand them.</p>
<p>"There is a radical change in the sense that the president is entering the fray directly," noted Rafael Segovia, a politics professor at the Colegio de Mexico.</p>
<p>Underlining the PRI's combative new mood, Zedillo suddenly switched the president of the PRI last month, replacing backroom negotiator Santiago Onate with the fiercely combative Humberto Roque Villanueva.</p>
<p>ROQUE: "WE SCREWED YOU"</p>
<p>Formerly the PRI floor leader in the Chamber of Deputies, Roque is best known for celebrating victory over the opposition in a key vote by making an uncouth gesture to send his political enemies the message: "We Screwed You".</p>
<p>In comments last week that thrilled the PRI faithful but sent shivers down the spines of opposition leaders hoping for a civilised campaign, Roque lashed out in all directions.</p>
<p>He berated left-wingers for being closet dictators, branded the main opposition right-wing National Action Party (PAN) as potential fascists and compared one of the leading PAN lights, Guanajuato Governor Vicente Fox, with Mussolini.</p>
<p>Ironically in view of the fierce fight, analysts say most of the turmoil in financial markets is likely to be pre- rather than post-election.</p>
<p>POST-ELECTION TURMOIL?</p>
<p>The PAN -- tipped by many as the likely biggest force in the lower house after the elections -- has very similar free-market economic policies to the PRI.</p>
<p>Anxious to show the PAN will not rock the boat excessively -- which might damage their chances of winning the next presidential election in 2000 -- party leaders have already put out feelers to the government about agreeing a "pact of governability" in advance of the July vote.</p>
<p>Roque dismissed the idea, saying that such a deal would amount to an admission of defeat by the PRI before it had even fought the election.</p>
<p>But most commentators believe that the long-ruling PRI will have little alternative but to negotiate with the opposition if it loses its lower house majority.</p>
<p>"The PAN is desperately seeking governability," said Segovia. "The model they have is very similar to that of the French co-habitation between (former socialist president Francois) Mitterrand and the right."</p>
<p>He concluded: "1997 is very important but it's not the decisive year...for me that is 2000, without a doubt".</p>
</text>
<copyright>(c) Reuters Limited 1997</copyright>
<metadata>
<codes class="bip:countries:1.0">
  <code code="MEX">
    <editdetail action="confirmed" attribution="Reuters BIP Coding Group" date="1997-01-28"/>
  </code>
</codes>
<codes class="bip:topics:1.0">
  <code code="GCAT">
    <editdetail action="confirmed" attribution="Reuters BIP Coding Group" date="1997-01-28"/>
  </code>
  <code code="GPOL">
    <editdetail action="confirmed" attribution="Reuters BIP Coding Group" date="1997-01-28"/>
  </code>
</codes>
<dc element="dc.date.created" value="1997-01-28"/>
<dc element="dc.publisher" value="Reuters Holdings Plc"/>
<dc element="dc.date.published" value="1997-01-28"/>
<dc element="dc.source" value="Reuters"/>
<dc element="dc.creator.location" value="MEXICO CITY"/>
<dc element="dc.creator.location.country.name" value="MEXICO"/>
<dc element="dc.source" value="Reuters"/>
</metadata>
</newsitem>
