<?xml version="1.0" encoding="ISO-8859-1" standalone="no"?>
<newsitem date="1997-01-28" id="root" itemid="336688" xml:lang="en">
<title>USA: Tab Products names Kantz president, CEO.</title>
<headline>Tab Products names Kantz president, CEO.</headline>
<dateline>PALO ALTO, Calif. 1997-01-28</dateline>
<text>
<p>TAB Products Co said it named Philip Kantz chief executive officer and president.</p>
<p>It said Kantz has almost 30 years in technology, transportation and financial services businesses, and has served as chief executive officer and President of Transcisco Industries Inc, Genetrix Inc, and Itel Containers International Corp.</p>
<p>Currently he is a director of 3Com Corporation and of Parc Place-Digitalk, Inc.</p>
<p>Kantz replaces John W. Peth, who has served as TAB's Acting CEO since 1996 and prior to that was its Chief Operating Officer.</p>
</text>
<copyright>(c) Reuters Limited 1997</copyright>
<metadata>
<codes class="bip:countries:1.0">
  <code code="USA">
    <editdetail action="confirmed" attribution="Reuters BIP Coding Group" date="1997-01-28"/>
  </code>
</codes>
<codes class="bip:industries:1.0">
  <code code="I33010">
    <editdetail action="confirmed" attribution="Reuters BIP Coding Group" date="1997-01-28"/>
  </code>
</codes>
<codes class="bip:topics:1.0">
  <code code="C41">
    <editdetail action="confirmed" attribution="Reuters BIP Coding Group" date="1997-01-28"/>
  </code>
  <code code="C411">
    <editdetail action="confirmed" attribution="Reuters BIP Coding Group" date="1997-01-28"/>
  </code>
  <code code="CCAT">
    <editdetail action="confirmed" attribution="Reuters BIP Coding Group" date="1997-01-28"/>
  </code>
</codes>
<dc element="dc.date.created" value="1997-01-28"/>
<dc element="dc.publisher" value="Reuters Holdings Plc"/>
<dc element="dc.date.published" value="1997-01-28"/>
<dc element="dc.source" value="Reuters"/>
<dc element="dc.creator.location" value="PALO ALTO, Calif."/>
<dc element="dc.creator.location.country.name" value="USA"/>
<dc element="dc.source" value="Reuters"/>
</metadata>
</newsitem>
