<?xml version="1.0" encoding="ISO-8859-1" standalone="no"?>
<newsitem date="1997-01-28" id="root" itemid="338093" xml:lang="en">
<title>BELGIUM: EU to make foreign telecoms firms levy VAT.</title>
<headline>EU to make foreign telecoms firms levy VAT.</headline>
<dateline>BRUSSELS 1997-01-28</dateline>
<text>
<p>The European Commission will go ahead on Wednesday with rules to force non-EU telecommunication firms to charge VAT on services offered in the 15-nation bloc.</p>
<p>The move follows a unanimous request by national governments anxious to defend their own telecoms operators from unfair competition and to preserve tax revenue at a time when every effort is required to meet tough budgetary criteria for the EU's single currency.</p>
<p>Under existing rules on Value Added Tax on telecoms services, companies based outside the Union do not have to levy VAT on their European clients.</p>
<p>But both the European industry and national capitals argue that the rules, adopted in 1977, no longer correspond to the reality of the telecoms market which has become increasingly global.</p>
<p>They are particularly concerned about the development of so-called "call-back" services, which allow companies and individials to dial a number, usually in the United States, and get called back with an open line to phone anywhere in the world without going through the local operator.</p>
<p>International calls made through such services or by using calling cards are usually much cheaper, partly because they avoid VAT.</p>
<p>On Wednesday the Commission will agree special rules valid for two years which will make European purchasers of such services, rather than the foreign service providers, liable for the tax.</p>
<p>This is until the 1977 legislation is properly revised, which should happen by 1999 at the latest, at which point non-EU telecoms firms would have to register for VAT in at least one EU country, Commission officials said.</p>
<p>European operators, such as British Telecommunications Plc, complained at a meeting with Commission taxation officials earlier this month that the provisional rules did not remove all the distortions to competition.</p>
<p>But the Commission's draft has remained unchanged, one Commission source said on Tuesday.</p>
</text>
<copyright>(c) Reuters Limited 1997</copyright>
<metadata>
<codes class="bip:countries:1.0">
  <code code="EEC">
    <editdetail action="confirmed" attribution="Reuters BIP Coding Group" date="1997-01-28"/>
  </code>
</codes>
<codes class="bip:industries:1.0">
  <code code="I79020">
    <editdetail action="confirmed" attribution="Reuters BIP Coding Group" date="1997-01-28"/>
  </code>
</codes>
<codes class="bip:topics:1.0">
  <code code="C13">
    <editdetail action="confirmed" attribution="Reuters BIP Coding Group" date="1997-01-28"/>
  </code>
  <code code="C34">
    <editdetail action="confirmed" attribution="Reuters BIP Coding Group" date="1997-01-28"/>
  </code>
  <code code="CCAT">
    <editdetail action="confirmed" attribution="Reuters BIP Coding Group" date="1997-01-28"/>
  </code>
  <code code="E21">
    <editdetail action="confirmed" attribution="Reuters BIP Coding Group" date="1997-01-28"/>
  </code>
  <code code="E211">
    <editdetail action="confirmed" attribution="Reuters BIP Coding Group" date="1997-01-28"/>
  </code>
  <code code="ECAT">
    <editdetail action="confirmed" attribution="Reuters BIP Coding Group" date="1997-01-28"/>
  </code>
  <code code="G15">
    <editdetail action="confirmed" attribution="Reuters BIP Coding Group" date="1997-01-28"/>
  </code>
  <code code="G152">
    <editdetail action="confirmed" attribution="Reuters BIP Coding Group" date="1997-01-28"/>
  </code>
  <code code="G157">
    <editdetail action="confirmed" attribution="Reuters BIP Coding Group" date="1997-01-28"/>
  </code>
  <code code="GCAT">
    <editdetail action="confirmed" attribution="Reuters BIP Coding Group" date="1997-01-28"/>
  </code>
</codes>
<dc element="dc.date.created" value="1997-01-28"/>
<dc element="dc.publisher" value="Reuters Holdings Plc"/>
<dc element="dc.date.published" value="1997-01-28"/>
<dc element="dc.source" value="Reuters"/>
<dc element="dc.creator.location" value="BRUSSELS"/>
<dc element="dc.creator.location.country.name" value="BELGIUM"/>
<dc element="dc.source" value="Reuters"/>
</metadata>
</newsitem>
