<?xml version="1.0" encoding="ISO-8859-1" standalone="no"?>
<newsitem date="1997-01-28" id="root" itemid="337971" xml:lang="en">
<title>USA: Senator sounds caution on USTR nominee Barshefsky.</title>
<headline>Senator sounds caution on USTR nominee Barshefsky.</headline>
<dateline>WASHINGTON 1997-01-28</dateline>
<text>
<p>Senate Republican Leader Trent Lott sounded a caution Tuesday on the nomination of Charlene Barshefsky to be U.S. Trade Representative.</p>
<p>Lott told a news conference he was concerned about the "perception that we're not complying with the law" that bars the USTR post to people who have represented foreign governments in trade issues.  </p>
<p>Barshefsky, as a private lawyer, has represented Canadian lumber interests.</p>
<p>Lott said there were "some good reasons for having that law on the books" and it would not be waived lightly.</p>
<p>At the same time Lott warmly praised Barshefsky as a tough negotiator, adding "I would like to see her confirmed."</p>
<p>He said he had made no decision on the nomination and would continue to work through the legal issue.</p>
</text>
<copyright>(c) Reuters Limited 1997</copyright>
<metadata>
<codes class="bip:countries:1.0">
  <code code="USA">
    <editdetail action="confirmed" attribution="Reuters BIP Coding Group" date="1997-01-28"/>
  </code>
</codes>
<codes class="bip:topics:1.0">
  <code code="GCAT">
    <editdetail action="confirmed" attribution="Reuters BIP Coding Group" date="1997-01-28"/>
  </code>
  <code code="GPOL">
    <editdetail action="confirmed" attribution="Reuters BIP Coding Group" date="1997-01-28"/>
  </code>
</codes>
<dc element="dc.date.created" value="1997-01-28"/>
<dc element="dc.publisher" value="Reuters Holdings Plc"/>
<dc element="dc.date.published" value="1997-01-28"/>
<dc element="dc.source" value="Reuters"/>
<dc element="dc.creator.location" value="WASHINGTON"/>
<dc element="dc.creator.location.country.name" value="USA"/>
<dc element="dc.source" value="Reuters"/>
</metadata>
</newsitem>
