<?xml version="1.0" encoding="ISO-8859-1" standalone="no"?>
<newsitem date="1997-01-28" id="root" itemid="337729" xml:lang="en">
<title>USA: Fifth trainer charged in U.S. Army base sex probe.</title>
<headline>Fifth trainer charged in U.S. Army base sex probe.</headline>
<dateline>ABERDEEN, Md 1997-01-28</dateline>
<text>
<p>A fifth trainer at the U.S. Army's Aberdeen Proving Ground was charged in a sexual misconduct probe at the base, and a soldier accused earlier was discharged in lieu of a court martial, the Army said Tuesday.</p>
<p>The proving ground said in a statement that a drill instructor, Sgt. William Jones, was charged with fraternisation, being drunk on duty and indecent assault. The charges involved six female trainees and one female civilian.</p>
<p>Jones, 34, is a 16-year veteran of the Army.</p>
<p>He is the fifth trainer to be charged in a sexual misconduct scandal at the base, which houses an ordnance training school. The scandal erupted in November and has led to an Army-wide investigation of sexual harrassment.</p>
<p>Jones faces a maximum punishment of six months in jail as well as fines, a rank reduction and a bad-conduct discharge if convicted.</p>
<p>The proving ground also said Sgt. Theron Brown, who was charged Jan. 16 with sodomy, adultery and other violations, had requested and received "a discharge in lieu of court martial."</p>
<p>Proving ground spokesman George Mercer said the continuing probe at the base is investigating allegations implicating about 20 additional soldiers. Two of the soldiers already charged face accusations of rape. The others face lesser charges.</p>
<p>Mercer said regulations prevented the disclosure of the nature of Brown's discharge.</p>
<p>In addition, the proving ground said the court martial trial of Staff Sgt. Delmar Simpson, one of the two soldiers facing rape charges, had been rescheduled to April 8 from February.</p>
</text>
<copyright>(c) Reuters Limited 1997</copyright>
<metadata>
<codes class="bip:countries:1.0">
  <code code="USA">
    <editdetail action="confirmed" attribution="Reuters BIP Coding Group" date="1997-01-28"/>
  </code>
</codes>
<codes class="bip:topics:1.0">
  <code code="GCAT">
    <editdetail action="confirmed" attribution="Reuters BIP Coding Group" date="1997-01-28"/>
  </code>
  <code code="GCRIM">
    <editdetail action="confirmed" attribution="Reuters BIP Coding Group" date="1997-01-28"/>
  </code>
  <code code="GDEF">
    <editdetail action="confirmed" attribution="Reuters BIP Coding Group" date="1997-01-28"/>
  </code>
</codes>
<dc element="dc.date.created" value="1997-01-28"/>
<dc element="dc.publisher" value="Reuters Holdings Plc"/>
<dc element="dc.date.published" value="1997-01-28"/>
<dc element="dc.source" value="Reuters"/>
<dc element="dc.creator.location" value="ABERDEEN, Md"/>
<dc element="dc.creator.location.country.name" value="USA"/>
<dc element="dc.source" value="Reuters"/>
</metadata>
</newsitem>
