<?xml version="1.0" encoding="ISO-8859-1" standalone="no"?>
<newsitem date="1997-01-28" id="root" itemid="336875" xml:lang="en">
<title>USA: Furniture Brands Intl Inc Q4 oper net up.</title>
<headline>Furniture Brands Intl Inc Q4 oper net up.</headline>
<dateline>ST. LOUIS 1997-01-28</dateline>
<text>
<p>1996			1995</p>
<p> Oper shr		  $ 0.27		    $0.18</p>
<p> Oper net		  17,400		   10,100</p>
<p> Revs		     434,200		  279,000</p>
<p> Avg shrs		  63,800		   52,300</p>
<p>(All Data Above 000s Except Per Share Numbers)</p>
<p>NOTE: '96 and '95 Q4 results exclude gain on insurance settlement and depreciation and amortization related to 1992 asset revaluation.</p>
<p>Excluding depreciation and amortization resulting from the 1992 asset revaluation, fully diluted net earnings per share, before nonrecurring items, would have been $0.32 vs $0.24.  </p>
<p>	   YEAR</p>
<p> Oper shr		   $0.86		   $ 0.56</p>
<p> Oper net		  54,200		   29,500</p>
<p> Revs		   1,696,800		1,073,900</p>
<p> Avg shrs		  62,900		   52,300</p>
<p>(All Data Above 000s Except Per Share Numbers)</p>
<p>NOTE: 1996 year revenues include those of Thomasville Furniture Industries Inc, acquired on December 29, 1995.</p>
<p>Excluding depreciation and amortization resulting from the 1992 asset revaluation, fully diluted net earnings per share, before nonrecurring items, for the year would have been $1.06 vs $0.80.</p>
<p>	 ((Chicago newsdesk 312 408-8787))</p>
</text>
<copyright>(c) Reuters Limited 1997</copyright>
<metadata>
<codes class="bip:countries:1.0">
  <code code="USA">
    <editdetail action="confirmed" attribution="Reuters BIP Coding Group" date="1997-01-28"/>
  </code>
</codes>
<codes class="bip:industries:1.0">
  <code code="I45300">
    <editdetail action="confirmed" attribution="Reuters BIP Coding Group" date="1997-01-28"/>
  </code>
</codes>
<codes class="bip:topics:1.0">
  <code code="C15">
    <editdetail action="confirmed" attribution="Reuters BIP Coding Group" date="1997-01-28"/>
  </code>
  <code code="C151">
    <editdetail action="confirmed" attribution="Reuters BIP Coding Group" date="1997-01-28"/>
  </code>
  <code code="C1511">
    <editdetail action="confirmed" attribution="Reuters BIP Coding Group" date="1997-01-28"/>
  </code>
  <code code="CCAT">
    <editdetail action="confirmed" attribution="Reuters BIP Coding Group" date="1997-01-28"/>
  </code>
</codes>
<dc element="dc.date.created" value="1997-01-28"/>
<dc element="dc.publisher" value="Reuters Holdings Plc"/>
<dc element="dc.date.published" value="1997-01-28"/>
<dc element="dc.source" value="Reuters"/>
<dc element="dc.creator.location" value="ST. LOUIS"/>
<dc element="dc.creator.location.country.name" value="USA"/>
<dc element="dc.source" value="Reuters"/>
</metadata>
</newsitem>
