<?xml version="1.0" encoding="ISO-8859-1" standalone="no"?>
<newsitem date="1997-01-28" id="root" itemid="337032" xml:lang="en">
<title>CROATIA: PRESS DIGEST - CROATIA - JAN 28.</title>
<headline>PRESS DIGEST - CROATIA - JAN 28.</headline>
<dateline>ZAGREB 1997-01-28</dateline>
<text>
<p>Following  are the main stories in Croatian newspapers on Tuesday.</p>
<p>VJESNIK</p>
<p>- France and Croatia sign an agreement to normalise air traffic.</p>
<p>- Croatia puts a stop on imports of beef from France, Portugal and Switzerland as a measure of precaution against "mad cow disease".</p>
<p>- Croatia's exports totalled $4.5 billion last year, 2.6 percent less than in 1995. Exports to European Union reduced by 13.8 percent, according to state statistics.</p>
<p>VECERNJI LIST</p>
<p>- National airline Croatia Airlines signs an agreement to buy six medium-range A319 aircraft from Airbus Industrie.</p>
<p>- Hungarian oil company Mol to buy 12.5 percent of the Adriatic pipeline, running to central Europe from the Adriatic coast. The contract, which is yet to be approved by government, put at 93 million German marks.</p>
<p>- Croatia negotiates to establish free trade zones for certain products from Czech republic, Slovakia, Poland, Hungary, Macedonia and Slovenia. Customs free cars are among the most interesting items for Croatian buyers.</p>
<p>SLOBODNA DALMACIJA</p>
<p>- Coastal town of Sibenik has most people on the dole -- 16.2 percent, according to a survey conducted by the Ministry of Labour and Social Welfare. The percentage is lowest at 2.5 in Zagorje-Krapina county, north of Zagreb.</p>
<p>- Textile firm Trikop from Korcula island negotiates with the Levi's company to make Levi's jeans.</p>
<p>-- Zagreb Newsroom, 385-1-4557075</p>
</text>
<copyright>(c) Reuters Limited 1997</copyright>
<metadata>
<codes class="bip:countries:1.0">
  <code code="CRTIA">
    <editdetail action="confirmed" attribution="Reuters BIP Coding Group" date="1997-01-28"/>
  </code>
</codes>
<codes class="bip:topics:1.0">
  <code code="GCAT">
    <editdetail action="confirmed" attribution="Reuters BIP Coding Group" date="1997-01-28"/>
  </code>
</codes>
<dc element="dc.date.created" value="1997-01-28"/>
<dc element="dc.publisher" value="Reuters Holdings Plc"/>
<dc element="dc.date.published" value="1997-01-28"/>
<dc element="dc.source" value="Reuters"/>
<dc element="dc.creator.location" value="ZAGREB"/>
<dc element="dc.creator.location.country.name" value="CROATIA"/>
<dc element="dc.source" value="Reuters"/>
</metadata>
</newsitem>
