<?xml version="1.0" encoding="ISO-8859-1" standalone="no"?>
<newsitem date="1997-01-28" id="root" itemid="337039" xml:lang="en">
<title>BELGIUM: PETROFINA SHARES SEEN RISING ON 38 PCT PROFIT JUMP.</title>
<headline>PETROFINA SHARES SEEN RISING ON 38 PCT PROFIT JUMP.</headline>
<dateline>BRUSSELS 1997-01-28</dateline>
<text>
<p>Belgian oil and gas group PetroFina SA said on Tuesday higher oil prices and improved refining margins helped lift 1996 earnings by around 38 percent.</p>
<p>Announcing provisional results, PetroFina said 1996 group net profit would be around 16.0 billion Belgian francs, up from 11.6 billion in 1995. Cash flow was estimated at 45 billion Belgian francs, or 1,935 francs a share, compared with 39 billion francs, or 1,691 francs a share.</p>
<p>"On first view these results look very good. Everyone will have to revise upwards their earnings expectations," Generale Bank analyst Sandra Vandersmissen told Reuters.</p>
<p>Vandersmissen noted PetroFina's cash flow was now back to the level it was at before 1992, when the company halved its dividend, provoking a long decline in its share prices.</p>
<p>"I think the share price will rise tomorrow," Vandersmissen said. PetroFina ended up 50 francs at 11,350 francs on the Brussels Stock Exchange. The news was announced after the close of trading.</p>
<p>PetroFina said the rise in results was mainly due to its upstream and downstream sectors. Operating profit in exploration and production rose to 23.8 billion francs from 13.2 billion francs. Earnings from refining and marketing were 4.3 billion francs, up from 0.1 billion francs in 1995.</p>
<p>But operating profit from the chemicals sector, which was PetroFina's main earner in 1995, slipped to 11.0 billion francs from 19.7 billion as margins came under pressure.</p>
<p>The company normally releases final results, as well as its dividend proposal, towards the end of March.</p>
</text>
<copyright>(c) Reuters Limited 1997</copyright>
<metadata>
<codes class="bip:countries:1.0">
  <code code="BELG">
    <editdetail action="confirmed" attribution="Reuters BIP Coding Group" date="1997-01-28"/>
  </code>
</codes>
<codes class="bip:industries:1.0">
  <code code="I14000">
    <editdetail action="confirmed" attribution="Reuters BIP Coding Group" date="1997-01-28"/>
  </code>
</codes>
<codes class="bip:topics:1.0">
  <code code="C15">
    <editdetail action="confirmed" attribution="Reuters BIP Coding Group" date="1997-01-28"/>
  </code>
  <code code="C152">
    <editdetail action="confirmed" attribution="Reuters BIP Coding Group" date="1997-01-28"/>
  </code>
  <code code="CCAT">
    <editdetail action="confirmed" attribution="Reuters BIP Coding Group" date="1997-01-28"/>
  </code>
</codes>
<dc element="dc.date.created" value="1997-01-28"/>
<dc element="dc.publisher" value="Reuters Holdings Plc"/>
<dc element="dc.date.published" value="1997-01-28"/>
<dc element="dc.source" value="Reuters"/>
<dc element="dc.creator.location" value="BRUSSELS"/>
<dc element="dc.creator.location.country.name" value="BELGIUM"/>
<dc element="dc.source" value="Reuters"/>
</metadata>
</newsitem>
