<?xml version="1.0" encoding="ISO-8859-1" standalone="no"?>
<newsitem date="1997-01-28" id="root" itemid="337534" xml:lang="en">
<title>BERMUDA: LaSalle Re Q1 net premiums written.</title>
<headline>LaSalle Re Q1 net premiums written.</headline>
<dateline>HAMILTON, Bermuda 1997-01-28</dateline>
<text>
<p>LaSalle Re Holdings Ltd said a decline in first quarter net premiums written to $5.2 million from $12.6 million a year ago was expected and due to several factors.</p>
<p>LaSalle Re said net premiums written declined due to 1996 premium adjustments on quota share contracts of $3.0 million that were not repeated in this quarter.</p>
<p>Lower loss activity led to a reduction in reinstatement premiums of $0.9 million. In addition, there was a change in the renewal date of a significant contract to January 1 from December 1, the company said.</p>
<p>LaSalle Re chief executive Victor H. Blake said the results are a reflection of what is a normally quiet underwriting quarter.</p>
<p>"This quarter is not a significant one in terms of premiums written," he said.  "Most of our business renews at other times in the year."</p>
<p>Blake said the company is continuing to generate strong profits, and is meeting its long-term goal of achieving a high annualized return on equity, targeted at between 20-25 percent.</p>
<p>"Competition continued in our sector," he said.</p>
<p>"In the face of this, we are operating profitably by continuing to focus on retaining our core clients, maintaining the broad geographic spread of our risks and diversifying the lines of business we write," he said.</p>
<p>The company said it completed a secondary offering of shares during the quarter in which certain of its founding shareholders reduced their holdings in the company.</p>
<p>Upon completion of the secondary offering, the minority interest in LaSalle Re Limited was reduced to 27 percent from 37 percent.</p>
<p>Founding industry sponsors Aon Corp and CNA Financial Corp maintained their initial positions in the company, LaSalle Re said.</p>
<p>In conjunction with its previously announced enhanced capital management strategy, under which the company intends to pay out 50 percent to 60 percent of prior year's earnings by way of dividends, the company paid a quarterly dividend of 71 cents per share on Jan. 16 to shareholders of record Jan. 2.</p>
<p>This dividend represents 50 percent of fiscal 1996 earnings.</p>
<p>Subsequent to the end of the quarter, the company has</p>
<p>implemented a reinsurance program.</p>
<p>"This program was specifically designed to reduce the volatility of earnings and underpin our capital management strategy, which, in turn, supports our dividend policy," Blake said.</p>
<p>"We are pleased to announce that we have come to a successful conclusion with its implementation."</p>
<p>((New York newsdesk 212-859-1716))</p>
</text>
<copyright>(c) Reuters Limited 1997</copyright>
<metadata>
<codes class="bip:countries:1.0">
  <code code="BERM">
    <editdetail action="confirmed" attribution="Reuters BIP Coding Group" date="1997-01-28"/>
  </code>
</codes>
<codes class="bip:industries:1.0">
  <code code="I82001">
    <editdetail action="confirmed" attribution="Reuters BIP Coding Group" date="1997-01-28"/>
  </code>
  <code code="I82003">
    <editdetail action="confirmed" attribution="Reuters BIP Coding Group" date="1997-01-28"/>
  </code>
  <code code="I8200318">
    <editdetail action="confirmed" attribution="Reuters BIP Coding Group" date="1997-01-28"/>
  </code>
</codes>
<codes class="bip:topics:1.0">
  <code code="C15">
    <editdetail action="confirmed" attribution="Reuters BIP Coding Group" date="1997-01-28"/>
  </code>
  <code code="C151">
    <editdetail action="confirmed" attribution="Reuters BIP Coding Group" date="1997-01-28"/>
  </code>
  <code code="C31">
    <editdetail action="confirmed" attribution="Reuters BIP Coding Group" date="1997-01-28"/>
  </code>
  <code code="CCAT">
    <editdetail action="confirmed" attribution="Reuters BIP Coding Group" date="1997-01-28"/>
  </code>
</codes>
<dc element="dc.date.created" value="1997-01-28"/>
<dc element="dc.publisher" value="Reuters Holdings Plc"/>
<dc element="dc.date.published" value="1997-01-28"/>
<dc element="dc.source" value="Reuters"/>
<dc element="dc.creator.location" value="HAMILTON, Bermuda"/>
<dc element="dc.creator.location.country.name" value="BERMUDA"/>
<dc element="dc.source" value="Reuters"/>
</metadata>
</newsitem>
