<?xml version="1.0" encoding="ISO-8859-1" standalone="no"?>
<newsitem date="1996-12-20" id="root" itemid="270723" xml:lang="en">
<title>USA: U.S. economy slowed sharply in third quarter.</title>
<headline>U.S. economy slowed sharply in third quarter.</headline>
<byline>Glenn Somerville</byline>
<dateline>WASHINGTON 1996-12-20</dateline>
<text>
<p>The economy's third-quarter slowdown was slightly less abrupt than previously thought, the Commerce Department said Friday, mainly because production for inventory was stronger than estimated a month ago.</p>
<p>The nation's gross domestic product expanded at a 2.1 percent annual rate in the three months from July through September. That was still less than half the 4.7 percent pace posted during the second quarter but fractionally higher than the 2 percent rate estimated a month ago, the department said in its second and final look at third-quarter performance.  </p>
<p>Wall Street economists had forecast the third-quarter GDP growth rate would be revised down to 1.8 percent instead of up.</p>
<p>Nonetheless, the size of the revision was minimal and did not alter the picture of a cooling economy at mid-summer after a sizzling first half.</p>
<p>"Growth was markedly lower in the third quarter than in the second, and most components contributed to the slowdown except business investment in structures, equipment and inventories," the Commerce Department said.</p>
<p>The department originally estimated GDP expanded at a 2.2 percent annual rate in the third quarter before revising it down to 2 percent a month ago and finally back up to 2.1 percent in this final look, which was based on updated economic information.</p>
<p>Early indications are that the fourth quarter will see continued moderate growth around a so-called "trend rate" of 2.25 percent a year.</p>
<p>No official estimate of fourth-quarter economic growth will be available until a month from now.</p>
<p>Reports on fourth-quarter activity so far are mixed, ranging from a pickup in homebuilding last month, which would bolster growth, to more applications for weekly jobless claims last week, which suggests a moderating job market.</p>
<p>GDP measures the value of all goods and services produced by workers and capital within U.S. borders.</p>
<p>Consumer spending is expected to strengthen in the current quarter after weakening sharply in the third quarter. Spending advanced at a revised 0.5 percent annual rate in the third quarter, down from last month's estimated 0.6 percent rise and barely a fraction of the second quarter's strong 3.4 percent rate of advance.</p>
<p>Reports indicate that spending in the key shopping season that started after Thanksgiving and runs up to Christmas is at least moderately stronger than last year.</p>
<p>But there is little to indicate the economy is poised for anything more than continued modest growth. Earlier this week, the Federal Reserve opted to keep interest rates steady at a final policysetting session of the year.</p>
<p>After cutting rates by a quarter percentage point in January, the Fed has held policy steady as economic growth has first waxed and then waned, showing few signs of generating strong inflationary pressures.</p>
<p>Two inflation measures in the GDP report pointed to controlled increases in prices with only a scant revision upward in each.</p>
<p>The implicit price deflator advanced at a revised 1.7 percent annual rate in the third quarter instead of 1.6 percent, compared with 1.8 percent in the second quarter. The fixed-weights measure of price changes rose 2 percent instead of 1.9 percent compared with 2.2 percent in the second quarter.</p>
<p>A report from the private Conference Board in New York on Thursday cautioned that rising global demand for food and energy contained the seeds of a potential speedup in inflation.</p>
<p>"Food and energy prices are currently rising faster than the core inflation rate -- a red flag for future inflation," the Conference Board said.</p>
<p>During the third quarter, businesses increased inventories by $34.5 billion instead of $32.8 billion, the governemnt estimated. That was nearly five times the $7.1 billion worth of goods they put into inventories in the second quarter and added powerfully to the overall third-quarter GDP advance.</p>
<p>The department also revised down slightly its estimate of imports during the third quarter, which had the effect of making international trade slightly less a drag on economic growth during the summer.</p>
<p>Business investment was revised up slightly to show companies increased spending to expand at a $30.9 billion annual rate in the third quarter instead of at a $29.9-billion pace. That was quadruple the $7-billion annual rate of increase in business investment posted during the second quarter.</p>
</text>
<copyright>(c) Reuters Limited 1996</copyright>
<metadata>
<codes class="bip:countries:1.0">
  <code code="USA">
    <editdetail action="confirmed" attribution="Reuters BIP Coding Group" date="1996-12-20"/>
  </code>
</codes>
<codes class="bip:topics:1.0">
  <code code="E11">
    <editdetail action="confirmed" attribution="Reuters BIP Coding Group" date="1996-12-20"/>
  </code>
  <code code="ECAT">
    <editdetail action="confirmed" attribution="Reuters BIP Coding Group" date="1996-12-20"/>
  </code>
</codes>
<dc element="dc.date.created" value="1996-12-20"/>
<dc element="dc.publisher" value="Reuters Holdings Plc"/>
<dc element="dc.date.published" value="1996-12-20"/>
<dc element="dc.source" value="Reuters"/>
<dc element="dc.creator.location" value="WASHINGTON"/>
<dc element="dc.creator.location.country.name" value="USA"/>
<dc element="dc.source" value="Reuters"/>
</metadata>
</newsitem>
