<?xml version="1.0" encoding="ISO-8859-1" standalone="no"?>
<newsitem date="1997-01-28" id="root" itemid="336800" xml:lang="en">
<title>USA: U.S. adj retail sales up 0.8 pct in Jan - Redbook.</title>
<headline>U.S. adj retail sales up 0.8 pct in Jan - Redbook.</headline>
<dateline>NEW YORK 1997-01-28</dateline>
<text>
<p>U.S. seasonally adjusted retail sales rose 0.8 percent in the first three weeks of fiscal January versus December according to the Lynch, Jones &amp; Ryan Inc Redbook Retail Sales Index.</p>
<p>The index rose 6.4 percent compared with the same month a year ago, the report said.  Adjusted retail sales advanced 7.3 percent in the week ended January 25 compared with the same week a year ago, it said.</p>
<p>(( -- N.A. Treasury Desk, 212-859-1660 ))</p>
</text>
<copyright>(c) Reuters Limited 1997</copyright>
<metadata>
<codes class="bip:countries:1.0">
  <code code="USA">
    <editdetail action="confirmed" attribution="Reuters BIP Coding Group" date="1997-01-28"/>
  </code>
</codes>
<codes class="bip:topics:1.0">
  <code code="E14">
    <editdetail action="confirmed" attribution="Reuters BIP Coding Group" date="1997-01-28"/>
  </code>
  <code code="E143">
    <editdetail action="confirmed" attribution="Reuters BIP Coding Group" date="1997-01-28"/>
  </code>
  <code code="ECAT">
    <editdetail action="confirmed" attribution="Reuters BIP Coding Group" date="1997-01-28"/>
  </code>
</codes>
<dc element="dc.date.created" value="1997-01-28"/>
<dc element="dc.publisher" value="Reuters Holdings Plc"/>
<dc element="dc.date.published" value="1997-01-28"/>
<dc element="dc.source" value="Reuters"/>
<dc element="dc.creator.location" value="NEW YORK"/>
<dc element="dc.creator.location.country.name" value="USA"/>
<dc element="dc.source" value="Reuters"/>
</metadata>
</newsitem>
