<?xml version="1.0" encoding="ISO-8859-1" standalone="no"?>
<newsitem date="1997-01-28" id="root" itemid="337981" xml:lang="en">
<title>USA: Pentagon to closely examine Raytheon plans.</title>
<headline>Pentagon to closely examine Raytheon plans.</headline>
<byline>Charles Aldinger</byline>
<dateline>WASHINGTON 1997-01-28</dateline>
<text>
<p>The Pentagon says it will closely inspect Raytheon Co.'s plans to buy Hughes Aircraft Co. and the defence business of Texas Instruments Inc. with an eye on competition in the air-to-air missile industry.</p>
<p>"That one will require a very, very careful look," Defence Undersecretary Paul Kaminski told reporters in an interview this week on mergers in the shrinking U.S. defence industry.</p>
<p>"Most of our capability in the country as a prime (contractor) in air-to-air missiles will be held in that combination," he said, adding that not only finished missiles but production of key components would be held by an expanded Raytheon.</p>
<p>Raytheon's plans to acquire the Hughes Aircraft division of Hughes Electronics Corp., a unit of General Motors, for $9.5 billion and Texas Instruments' defence business for nearly $3 billion have raised some antitrust concerns among government and industry officials.</p>
<p>The Pentagon advises the Federal Trade Commission and other government agencies on mergers but has no veto over the final decision.</p>
<p>Kaminski, who plans to leave the Pentagon this spring as the executive in charge of acquisition and technology, expressed less worry about the proposed $15 billion merger of Boeing Co. and McDonnell Douglas Corp., which is also being checked by the FTC and the Pentagon.</p>
<p>"I would say for the most part that this merger is more of the character of a horizontal integration than a vertical," he said, adding that McDonnell's warplane divisions might benefit from Boeing's experience in commercial aircraft production.</p>
<p>Kaminski did not say whether the Pentagon might recommend changes in the Raytheon deal. But defence analysts told the Washington Post that the new firm would also gain near monpolies in areas such as night vision equipment, sensors on spy satellites and and in some radar components.</p>
<p>Defence Secretary William Cohen said last week in written testimony to the Senate Armed Services Committee that "we may have lost something in the process" in industrial mergers over the last several years.</p>
<p>"We clearly have less opportunity for competition in many defence sectors, and that means we will have to develop new acquisition strategies to insure best value for the government," Cohen said in the comments, made before his confirmation by the Senate.</p>
<p>But he continued to endorse defence mergers, so long as they increase efficiency and save taxpayers money.</p>
<p>"I have not been really surprised by the number of mergers," Kaminski said in the Pentagon interview.</p>
<p>"In terms of the overall concern (with the pace of mergers), I would say that we do not have a major concern. This is reasonably on the course that we were anticipating a little more than three years ago," he said.</p>
</text>
<copyright>(c) Reuters Limited 1997</copyright>
<metadata>
<codes class="bip:countries:1.0">
  <code code="USA">
    <editdetail action="confirmed" attribution="Reuters BIP Coding Group" date="1997-01-28"/>
  </code>
</codes>
<codes class="bip:industries:1.0">
  <code code="I34430">
    <editdetail action="confirmed" attribution="Reuters BIP Coding Group" date="1997-01-28"/>
  </code>
  <code code="I34531">
    <editdetail action="confirmed" attribution="Reuters BIP Coding Group" date="1997-01-28"/>
  </code>
  <code code="I35101">
    <editdetail action="confirmed" attribution="Reuters BIP Coding Group" date="1997-01-28"/>
  </code>
  <code code="I36400">
    <editdetail action="confirmed" attribution="Reuters BIP Coding Group" date="1997-01-28"/>
  </code>
  <code code="I3640010">
    <editdetail action="confirmed" attribution="Reuters BIP Coding Group" date="1997-01-28"/>
  </code>
  <code code="I3640026">
    <editdetail action="confirmed" attribution="Reuters BIP Coding Group" date="1997-01-28"/>
  </code>
</codes>
<codes class="bip:topics:1.0">
  <code code="C18">
    <editdetail action="confirmed" attribution="Reuters BIP Coding Group" date="1997-01-28"/>
  </code>
  <code code="C181">
    <editdetail action="confirmed" attribution="Reuters BIP Coding Group" date="1997-01-28"/>
  </code>
  <code code="C34">
    <editdetail action="confirmed" attribution="Reuters BIP Coding Group" date="1997-01-28"/>
  </code>
  <code code="CCAT">
    <editdetail action="confirmed" attribution="Reuters BIP Coding Group" date="1997-01-28"/>
  </code>
</codes>
<dc element="dc.date.created" value="1997-01-28"/>
<dc element="dc.publisher" value="Reuters Holdings Plc"/>
<dc element="dc.date.published" value="1997-01-28"/>
<dc element="dc.source" value="Reuters"/>
<dc element="dc.creator.location" value="WASHINGTON"/>
<dc element="dc.creator.location.country.name" value="USA"/>
<dc element="dc.source" value="Reuters"/>
</metadata>
</newsitem>
