<?xml version="1.0" encoding="ISO-8859-1" standalone="no"?>
<newsitem date="1996-11-26" id="root" itemid="219162" xml:lang="en">
<title>BELGIUM: EU to block Saint Gobain/Wacker Chemie deal.</title>
<headline>EU to block Saint Gobain/Wacker Chemie deal.</headline>
<dateline>BRUSSELS 1996-11-26</dateline>
<text>
<p>The European Commission is expected to block on Wednesday a joint venture between French glass making giant Saint-Gobain, Germany's Wacker-Chemie and Dutch state-owned investment firm NOM in the silicon carbide sector, EU sources said on Tuesday.</p>
<p>The Commission's competition directorate-general has concluded that the deal should be blocked because it would give Saint-Gobain a dominant position in the 15-nation EU.</p>
<p>The sources said that European Competition Commissionner Karel Van Miert agreed with the assessment made by his services, better known as DGIV. He faced some opposition from his French and German counterparts, but that was not sufficient to gain the Commission approval of the deal, they said.</p>
<p>"I think it (negative decision) will go through," one source said on the condition of anonymity. Another source also pointed out that the French and German opposition was fading.</p>
</text>
<copyright>(c) Reuters Limited 1996</copyright>
<metadata>
<codes class="bip:countries:1.0">
  <code code="EEC">
    <editdetail action="confirmed" attribution="Reuters BIP Coding Group" date="1996-11-26"/>
  </code>
  <code code="FRA">
    <editdetail action="confirmed" attribution="Reuters BIP Coding Group" date="1996-11-26"/>
  </code>
  <code code="GFR">
    <editdetail action="confirmed" attribution="Reuters BIP Coding Group" date="1996-11-26"/>
  </code>
</codes>
<codes class="bip:topics:1.0">
  <code code="C33">
    <editdetail action="confirmed" attribution="Reuters BIP Coding Group" date="1996-11-26"/>
  </code>
  <code code="C34">
    <editdetail action="confirmed" attribution="Reuters BIP Coding Group" date="1996-11-26"/>
  </code>
  <code code="G152">
    <editdetail action="confirmed" attribution="Reuters BIP Coding Group" date="1996-11-26"/>
  </code>
  <code code="G155">
    <editdetail action="confirmed" attribution="Reuters BIP Coding Group" date="1996-11-26"/>
  </code>
  <code code="G157">
    <editdetail action="confirmed" attribution="Reuters BIP Coding Group" date="1996-11-26"/>
  </code>
</codes>
<dc element="dc.date.created" value="1996-11-26"/>
<dc element="dc.publisher" value="Reuters Holdings Plc"/>
<dc element="dc.date.published" value="1996-11-26"/>
<dc element="dc.source" value="Reuters"/>
<dc element="dc.creator.location" value="BRUSSELS"/>
<dc element="dc.creator.location.country.name" value="BELGIUM"/>
<dc element="dc.source" value="Reuters"/>
</metadata>
</newsitem>
