<?xml version="1.0" encoding="ISO-8859-1" standalone="no"?>
<newsitem date="1997-01-28" id="root" itemid="337960" xml:lang="en">
<title>USA: ADR REPORT - Elf rises in New York trade.</title>
<headline>ADR REPORT - Elf rises in New York trade.</headline>
<dateline>NEW YORK 1997-01-28</dateline>
<text>
<p>Shares in French energy company Elf Aquitaine rose on Tuesday boosted by a recommendation on the stock.</p>
<p>Elf rose 2-1/4 to 48-5/8 in active trade to highlight the market in foreign shares and American Depositary Receipts. The rise came after Merrill Lynch recommended the shares and called the company a "bull stock" for 1997.</p>
<p>"Its been exceptionally strong today," a trader said of Elf.  </p>
<p>Among other European shares, Franco-Italian semiconductor maker SGS-Thomson Microelectronics NV rose 3-1/8 to 69 after the company's chairman told London's Financial Times newspaper it would continue to outperform the market.</p>
<p>Nordic telecoms Nokia Group and LM Ericsson moved higher, pulled along by increases in high-tech stocks International Business Machines Corp and Motorola Inc. Nokia was up 1-7/8 to 64-1/2 and Ericsson rose 5/8 to 32-7/8.  </p>
<p>Gulf Canada Resources Ltd rose 3/4 to 9 after it dismissed the latest defense of British bid target Clyde Petroleum Plc, saying the company's net assets were valued on unrealistic assumptions.</p>
<p>Gulf Canada was among the most active foreign shares in New York, with 1.1 million shares traded by early afternoon.</p>
<p>Latin American shares were mostly stronger, boosted by a firmer U.S. long bond. Brazilian bellwether Telebras was up 1-3/8 to 86-3/4, helped by brightening prospects for congressional passage of a constitutional amendment that would allow presidential re-election.  </p>
<p>Advancers led decliners 346 to 197 among 807 ADRs. Volume was 43.8 million shares.</p>
<p>((--Ian Simpson, Wall Street desk, (212) 859-1879))</p>
</text>
<copyright>(c) Reuters Limited 1997</copyright>
<metadata>
<codes class="bip:countries:1.0">
  <code code="USA">
    <editdetail action="confirmed" attribution="Reuters BIP Coding Group" date="1997-01-28"/>
  </code>
</codes>
<codes class="bip:industries:1.0">
  <code code="I13000">
    <editdetail action="confirmed" attribution="Reuters BIP Coding Group" date="1997-01-28"/>
  </code>
  <code code="I1300003">
    <editdetail action="confirmed" attribution="Reuters BIP Coding Group" date="1997-01-28"/>
  </code>
  <code code="I33020">
    <editdetail action="confirmed" attribution="Reuters BIP Coding Group" date="1997-01-28"/>
  </code>
  <code code="I3302003">
    <editdetail action="confirmed" attribution="Reuters BIP Coding Group" date="1997-01-28"/>
  </code>
  <code code="I34400">
    <editdetail action="confirmed" attribution="Reuters BIP Coding Group" date="1997-01-28"/>
  </code>
  <code code="I34531">
    <editdetail action="confirmed" attribution="Reuters BIP Coding Group" date="1997-01-28"/>
  </code>
  <code code="I79020">
    <editdetail action="confirmed" attribution="Reuters BIP Coding Group" date="1997-01-28"/>
  </code>
</codes>
<codes class="bip:topics:1.0">
  <code code="C15">
    <editdetail action="confirmed" attribution="Reuters BIP Coding Group" date="1997-01-28"/>
  </code>
  <code code="C152">
    <editdetail action="confirmed" attribution="Reuters BIP Coding Group" date="1997-01-28"/>
  </code>
  <code code="CCAT">
    <editdetail action="confirmed" attribution="Reuters BIP Coding Group" date="1997-01-28"/>
  </code>
</codes>
<dc element="dc.date.created" value="1997-01-28"/>
<dc element="dc.publisher" value="Reuters Holdings Plc"/>
<dc element="dc.date.published" value="1997-01-28"/>
<dc element="dc.source" value="Reuters"/>
<dc element="dc.creator.location" value="NEW YORK"/>
<dc element="dc.creator.location.country.name" value="USA"/>
<dc element="dc.source" value="Reuters"/>
</metadata>
</newsitem>
