<?xml version="1.0" encoding="ISO-8859-1" standalone="no"?>
<newsitem date="1997-01-28" id="root" itemid="336719" xml:lang="en">
<title>USA: Collagen Q2 shr $0.11 vs $1.05 after gain.</title>
<headline>Collagen Q2 shr $0.11 vs $1.05 after gain.</headline>
<dateline>PALO ALTO, Calif. 1997-01-28</dateline>
<text>
<p>COLLAGEN CORPORATION</p>
<p>		    CONSOLIDATED STATEMENTS OF OPERATIONS</p>
<p>		    (In thousands, except per share amounts)</p>
<p>			     Three Months Ended   Six Months Ended</p>
<p>				  December 31,	  December 31,</p>
<p>				1996	  1995	1996	1995</p>
<p>Revenues:</p>
<p>   Product Sales     $ 19,057   $ 18,883  $ 35,842   $ 33,823</p>
<p>   Other			 --	   --	  --	2,000</p>
<p>			     19,057     18,883    35,842     35,823</p>
<p>Costs and expenses:</p>
<p>   Cost of sales	  5,321	5,074    10,466	9,071</p>
<p>Selling, general</p>
<p>and administrative</p>
<p>			     10,479     10,467    19,328     18,769</p>
<p>Research and</p>
<p>    development	   4,525	2,925     8,686	5,504</p>
<p>Acquired in-process</p>
<p>research and</p>
<p>    development		--	   --	  --     14,800</p>
<p>			     20,325     18,466    38,480     48,144</p>
<p>Income (loss) from</p>
<p>  operations	    (1,268)	  417   (2,638)   (12,321)</p>
<p>Other income (expense):</p>
<p>Net gain on invest-</p>
<p>ments, principally</p>
<p>Target Therapeutics,</p>
<p>    Inc.		    3,038     20,921     9,222     31,387</p>
<p>Equity in earnings</p>
<p>(losses) of</p>
<p>    affiliates, net     (123)	  415     (597)	 (93)</p>
<p>   Interest income	  305	  297	 660	  451</p>
<p>   Interest expense     (146)	 (40)     (231)	 (52)</p>
<p>Income before income</p>
<p>taxes and minority</p>
<p>  interest		  1,806     22,010     6,416     19,372</p>
<p>Provision for income</p>
<p>  taxes			 957     12,540     3,400     18,453</p>
<p> Minority interest	(162)	   --     (302)	   --</p>
<p> Net income		 1,011	9,470     3,318	  919</p>
<p> Net income per share     .11	 1.05	 .37	  .10</p>
<p>Shares used in</p>
<p>calculating per</p>
<p>  share information     9,085	9,059     9,085	9,087</p>
</text>
<copyright>(c) Reuters Limited 1997</copyright>
<metadata>
<codes class="bip:countries:1.0">
  <code code="USA">
    <editdetail action="confirmed" attribution="Reuters BIP Coding Group" date="1997-01-28"/>
  </code>
</codes>
<codes class="bip:industries:1.0">
  <code code="I25700">
    <editdetail action="confirmed" attribution="Reuters BIP Coding Group" date="1997-01-28"/>
  </code>
</codes>
<codes class="bip:topics:1.0">
  <code code="C15">
    <editdetail action="confirmed" attribution="Reuters BIP Coding Group" date="1997-01-28"/>
  </code>
  <code code="C151">
    <editdetail action="confirmed" attribution="Reuters BIP Coding Group" date="1997-01-28"/>
  </code>
  <code code="CCAT">
    <editdetail action="confirmed" attribution="Reuters BIP Coding Group" date="1997-01-28"/>
  </code>
</codes>
<dc element="dc.date.created" value="1997-01-28"/>
<dc element="dc.publisher" value="Reuters Holdings Plc"/>
<dc element="dc.date.published" value="1997-01-28"/>
<dc element="dc.source" value="Reuters"/>
<dc element="dc.creator.location" value="PALO ALTO, Calif."/>
<dc element="dc.creator.location.country.name" value="USA"/>
<dc element="dc.source" value="Reuters"/>
</metadata>
</newsitem>
