<?xml version="1.0" encoding="ISO-8859-1" standalone="no"?>
<newsitem date="1997-01-28" id="root" itemid="336563" xml:lang="en">
<title>CANADA: CBRS reaffirms Agrium debt ratings.</title>
<headline>CBRS reaffirms Agrium debt ratings.</headline>
<dateline>MONTREAL 1997-01-28</dateline>
<text>
<p>Canadian Bond Rating Service said on Tuesday it reaffirmed its ratings of Agrium Inc's private placement debt and commercial paper and assigned an A (low) rating to the firm's proposed senior unsecured debt issues.</p>
<p>CBRS said it kept an A (low) rating on Agrium's private placement debt and A-1 rating on its commerical paper with a stable outlook.</p>
<p>It said the good quality ratings reflected Agrium's position as a low-cost leader in nitrogen fertilizer production.</p>
</text>
<copyright>(c) Reuters Limited 1997</copyright>
<metadata>
<codes class="bip:countries:1.0">
  <code code="CANA">
    <editdetail action="confirmed" attribution="Reuters BIP Coding Group" date="1997-01-28"/>
  </code>
</codes>
<codes class="bip:industries:1.0">
  <code code="I25130">
    <editdetail action="confirmed" attribution="Reuters BIP Coding Group" date="1997-01-28"/>
  </code>
</codes>
<codes class="bip:topics:1.0">
  <code code="C17">
    <editdetail action="confirmed" attribution="Reuters BIP Coding Group" date="1997-01-28"/>
  </code>
  <code code="C174">
    <editdetail action="confirmed" attribution="Reuters BIP Coding Group" date="1997-01-28"/>
  </code>
  <code code="CCAT">
    <editdetail action="confirmed" attribution="Reuters BIP Coding Group" date="1997-01-28"/>
  </code>
</codes>
<dc element="dc.date.created" value="1997-01-28"/>
<dc element="dc.publisher" value="Reuters Holdings Plc"/>
<dc element="dc.date.published" value="1997-01-28"/>
<dc element="dc.source" value="Reuters"/>
<dc element="dc.creator.location" value="MONTREAL"/>
<dc element="dc.creator.location.country.name" value="CANADA"/>
<dc element="dc.source" value="Reuters"/>
</metadata>
</newsitem>
