<?xml version="1.0" encoding="ISO-8859-1" standalone="no"?>
<newsitem date="1997-01-28" id="root" itemid="337553" xml:lang="en">
<title>CHILE: Foreign investment in Chile up sharply in 1996.</title>
<headline>Foreign investment in Chile up sharply in 1996.</headline>
<dateline>SANTIAGO 1997-01-28</dateline>
<text>
<p>Total new foreign investment in Chile rose 42 percent over 1995 last year to $6.17 billion, Economy Minister Alvaro Garcia said.</p>
<p>The figures included $4.57 billion invested through Decree- Law 600, which applies to productive investments including those in the mining sector, and $1.15 billion invested through American Depositary Receipts (ADRs).</p>
<p>A total of $445 million were invested through the Central Bank provisions applying mainly to financial investments, said Garcia.</p>
<p>The figures were compiled by the government's Foreign Investment Committee.</p>
<p>--Roger Atwood, Santiago newsroom +56-2-699-5595 x211</p>
</text>
<copyright>(c) Reuters Limited 1997</copyright>
<metadata>
<codes class="bip:countries:1.0">
  <code code="CHIL">
    <editdetail action="confirmed" attribution="Reuters BIP Coding Group" date="1997-01-28"/>
  </code>
</codes>
<codes class="bip:topics:1.0">
  <code code="E51">
    <editdetail action="confirmed" attribution="Reuters BIP Coding Group" date="1997-01-28"/>
  </code>
  <code code="E511">
    <editdetail action="confirmed" attribution="Reuters BIP Coding Group" date="1997-01-28"/>
  </code>
  <code code="ECAT">
    <editdetail action="confirmed" attribution="Reuters BIP Coding Group" date="1997-01-28"/>
  </code>
</codes>
<dc element="dc.date.created" value="1997-01-28"/>
<dc element="dc.publisher" value="Reuters Holdings Plc"/>
<dc element="dc.date.published" value="1997-01-28"/>
<dc element="dc.source" value="Reuters"/>
<dc element="dc.creator.location" value="SANTIAGO"/>
<dc element="dc.creator.location.country.name" value="CHILE"/>
<dc element="dc.source" value="Reuters"/>
</metadata>
</newsitem>
