<?xml version="1.0" encoding="ISO-8859-1" standalone="no"?>
<newsitem date="1997-01-28" id="root" itemid="337935" xml:lang="en">
<title>USA: U.S. to sell $25 billion of 3-, 6-mo bills Feb 3.</title>
<headline>U.S. to sell $25 billion of 3-, 6-mo bills Feb 3.</headline>
<dateline>WASHINGTON 1997-01-28</dateline>
<text>
<p>The Treasury Department said on Tuesday it will auction $25 billion of three- and six-month bills on Feb 3 to pay down $2.325 billion as $27.32 billion of bills are maturing.</p>
<p>The weekly bill sale will be equally divided between the two maturities.  The bills will be issued on Feb 6.  The three-month bills mature on May 8 and the six-month bills mature on Aug 7.</p>
<p>The CUSIP number for the three-month bills is 9127944H4 and for the six-month bills is 9127945H3.</p>
</text>
<copyright>(c) Reuters Limited 1997</copyright>
<metadata>
<codes class="bip:countries:1.0">
  <code code="USA">
    <editdetail action="confirmed" attribution="Reuters BIP Coding Group" date="1997-01-28"/>
  </code>
</codes>
<codes class="bip:topics:1.0">
  <code code="M13">
    <editdetail action="confirmed" attribution="Reuters BIP Coding Group" date="1997-01-28"/>
  </code>
  <code code="M131">
    <editdetail action="confirmed" attribution="Reuters BIP Coding Group" date="1997-01-28"/>
  </code>
  <code code="MCAT">
    <editdetail action="confirmed" attribution="Reuters BIP Coding Group" date="1997-01-28"/>
  </code>
</codes>
<dc element="dc.date.created" value="1997-01-28"/>
<dc element="dc.publisher" value="Reuters Holdings Plc"/>
<dc element="dc.date.published" value="1997-01-28"/>
<dc element="dc.source" value="Reuters"/>
<dc element="dc.creator.location" value="WASHINGTON"/>
<dc element="dc.creator.location.country.name" value="USA"/>
<dc element="dc.source" value="Reuters"/>
</metadata>
</newsitem>
