<?xml version="1.0" encoding="ISO-8859-1" standalone="no"?>
<newsitem date="1997-01-28" id="root" itemid="337901" xml:lang="en">
<title>USA: NYS Medicaid may have been overcharged - comptroller.</title>
<headline>NYS Medicaid may have been overcharged - comptroller.</headline>
<dateline>NEW YORK 1997-01-28</dateline>
<text>
<p>The New York State Comptroller on Tuesday said that Medicaid might have overpaid millions of dollars for transporting patients by ambulances and taxi cabs, and recommended that the state improve its oversight.</p>
<p>"My auditors estimate that Medicaid paid more than $16 million for services that may or may not have been provided," McCall said in a prepared statement.</p>
<p>Noting that similar problems were found in 1989, McCall faulted the state Department of Social Services for failing to carry out the recommendations that were made then.</p>
<p>A larger pool of claims of almost $77 million for transportation that was paid to providers could not be matched to the actual medical services, he added.</p>
<p>New York State paid almost $529 million in Medicaid on 16.4 million of transportation claims for the 33 months ending in September, 1995.</p>
<p>New York City led the list with "potentially inappropriate" claims, accounting for 56 percent.</p>
<p>In another report, the comptroller saluted the state Child Support Enforcement Program for helping local districts do more to collect from absentee parents.</p>
<p>"They are on the right track and we hope they continue," he said, adding that in May 1995, state auditors found the program, which cost almost $182 million in the 1995-96 fiscal year, was not complying with federal rules. Washington funded two-thirds of the program.</p>
<p>((--U.S. Municipal Desk, 212-859-1650))</p>
</text>
<copyright>(c) Reuters Limited 1997</copyright>
<metadata>
<codes class="bip:countries:1.0">
  <code code="USA">
    <editdetail action="confirmed" attribution="Reuters BIP Coding Group" date="1997-01-28"/>
  </code>
</codes>
<codes class="bip:topics:1.0">
  <code code="E21">
    <editdetail action="confirmed" attribution="Reuters BIP Coding Group" date="1997-01-28"/>
  </code>
  <code code="ECAT">
    <editdetail action="confirmed" attribution="Reuters BIP Coding Group" date="1997-01-28"/>
  </code>
  <code code="GCAT">
    <editdetail action="confirmed" attribution="Reuters BIP Coding Group" date="1997-01-28"/>
  </code>
  <code code="GWELF">
    <editdetail action="confirmed" attribution="Reuters BIP Coding Group" date="1997-01-28"/>
  </code>
</codes>
<dc element="dc.date.created" value="1997-01-28"/>
<dc element="dc.publisher" value="Reuters Holdings Plc"/>
<dc element="dc.date.published" value="1997-01-28"/>
<dc element="dc.source" value="Reuters"/>
<dc element="dc.creator.location" value="NEW YORK"/>
<dc element="dc.creator.location.country.name" value="USA"/>
<dc element="dc.source" value="Reuters"/>
</metadata>
</newsitem>
