<?xml version="1.0" encoding="ISO-8859-1" standalone="no"?>
<newsitem date="1997-01-28" id="root" itemid="338284" xml:lang="en">
<title>INDIA: India RBI SGL account trades-gilts/t bills-Jan 27.</title>
<headline>India RBI SGL account trades-gilts/t bills-Jan 27.</headline>
<dateline>BOMBAY 1997-01-28</dateline>
<text>
<p>The Reserve Bank of India (RBI) announced the following transactions in dated government securities and treasury bills through its Subsidiary General Ledger (SGL) account on January 27:</p>
<p>  Name of the			Amount     Price	   YTM</p>
<p>  instrument		    (Face value) (In rupees) Indicative</p>
<p>				   million rupee</p>
<p>OUTRIGHT TRANSACTIONS</p>
<p>---------------------</p>
<p>* Government of India</p>
<p>dated securities</p>
<p>  13.50% 1997			  50.00	102.73	8.6510</p>
<p>  13.50% 1997			  50.00	102.76	8.5997</p>
<p>  13.50% 1997			  50.00	102.75	8.6168</p>
<p>  13.50% 1997			  50.00	102.75	8.6168</p>
<p>  13.50% 1997			 100.00	102.77	8.5826</p>
<p>  13.50% 1997			  50.00	102.75	8.6168</p>
<p>  13.50% 1997			 100.00	102.72	8.6681</p>
<p>  13.50% 1998 (Conversion)	 50.00	102.845    10.9164</p>
<p>  13.50% 1998 (Conversion)	 50.00	102.85     10.9120</p>
<p>  13.50% 1998 (Conversion)	 50.00	102.85     10.9120</p>
<p>  13.50% 1998 (Conversion)	 50.00	102.84     10.9207</p>
<p>  13.50% 1998 (Conversion)	 50.00	102.83     10.9294</p>
<p>  13.50% 1998 (Conversion)	 50.00	102.85     10.9120</p>
<p>  13.50% 1998 (Conversion)	 50.00	102.87     10.8945</p>
<p>  13.50% 1998 (Conversion)	 50.00	102.85     10.9120</p>
<p>  13.65% 1999			  50.00	103.345    11.7426</p>
<p>  13.65% 1999			 100.00	103.28     11.7788</p>
<p>  13.65% 1999			  50.00	103.30     11.7677</p>
<p>  13.65% 1999			  50.00	103.30     11.7677</p>
<p>  13.65% 1999			  50.00	103.30     11.7677</p>
<p>  13.65% 1999			  50.00	103.27     11.7843</p>
<p>  13.65% 1999			  50.00	103.27     11.7843</p>
<p>  13.65% 1999			  50.00	103.34     11.7454</p>
<p>  12.00% 1999			  50.00	 99.33     12.3349</p>
<p>  12.00% 1999			  50.00	 99.34     12.3296</p>
<p>  12.00% 1999			 100.00	 99.40     12.2975</p>
<p>  13.70% 1999			  50.00	102.24     12.5536</p>
<p>  13.40% 1999			  50.00	101.195    12.8812</p>
<p>  13.40% 1999			  00.30	101.40     12.7954</p>
<p>  Zero Coupon Bond 2000 (III)    70.00	 63.580    13.5221</p>
<p>  Zero Coupon Bond 2000(III)(II) 50.00	 63.580    13.5221</p>
<p>  Zero Coupon Bond 2000(III)     50.00	 63.570    13.5269</p>
<p>  Zero Coupon Bond 2000(III)(II) 50.00	 63.615    13.5051</p>
<p>  Zero Coupon Bond 2000(III)(II) 50.00	 63.650    13.4881</p>
<p>  Zero Coupon Bond 2000(III)(II) 50.00	 63.650    13.4881</p>
<p>  Zero Coupon Bond 2000(III)    100.00	 63.640    13.4930</p>
<p>  Zero Coupon Bond 2000(III)    100.00	 63.620    13.5027</p>
<p>  11.64% 2000			  70.00	 95.20     13.4036</p>
<p>  13.85% 2000			  50.00	102.02     13.1633</p>
<p>  13.85% 2000			 200.00	102.04     13.1567</p>
<p>  Total				2440.30</p>
<p>.</p>
<p>* State Government Securities</p>
<p>  13.85% Karnataka SDL 2006	00.30	102.25     13.4093</p>
<p>  13.85% Karnataka SDL 2006	00.20	102.20     13.4187</p>
<p>  13.75% Punjab SDL 2007	   05.194     100.25     13.7017</p>
<p>  13.75% Tamilnadu SDL 2007	09.806     100.25     13.7017</p>
<p>  13.75% Gujarat SDL 2007	  07.126     100.25     13.7017</p>
<p>  13.75% Andhra Pradesh SDL 2007 07.874     100.25     13.7017</p>
<p>  Total				  30.50</p>
<p>.</p>
<p>* Treasury Bills</p>
<p>91 day bills (maturity-wise)</p>
<p>  01/02/1997			   50.00	 99.9418    4.2394</p>
<p>  12/04/1997			   50.00	 98.3728    8.0280</p>
<p>  19/04/1997			  100.00	 98.2128    8.0778</p>
<p>  26/04/1997			   46.00	 98.0702    8.0480</p>
<p>  26/04/1997			   50.00	 98.0749    8.0280</p>
<p>  26/04/1997			 1000.00	 98.0400    8.1764</p>
<p>  26/04/1997			   10.00	 98.0819    7.9982</p>
<p>  26/04/1997			   11.85	 98.0702    8.0480</p>
<p>  26/04/1997			   50.00	 98.0702    8.0480</p>
<p>  26/04/1997			  200.00	 98.0585    8.0977</p>
<p>  26/04/1997			  100.00	 98.0749    8.0280</p>
<p>  26/04/1997			   50.00	 98.0515    8.1275</p>
<p>  26/04/1997			   50.00	 98.0562    8.1075</p>
<p>  26/04/1997			  100.00	 98.0562    8.1075</p>
<p>  26/04/1997			  100.00	 98.0562    8.1075</p>
<p>  26/04/1997			  100.00	 98.0562    8.1075</p>
<p>  26/04/1997			   50.00	 98.0515    8.1275</p>
<p>  26/04/1997			  100.00	 98.0702    8.0480</p>
<p>  Total				2217.85</p>
<p>.</p>
<p>* 364 day bills (maturity-wise)</p>
<p>  09/05/1997			   50.00	 97.7865    8.0780</p>
<p>  20/06/1997			   50.00	 96.5711    8.9752</p>
<p>  18/07/1997			   50.00	 95.8448    9.1748</p>
<p>  26/09/1997			   50.00	 93.8697    9.8230</p>
<p>  26/09/1997			   50.00	 94.0159    9.5738</p>
<p>  26/09/1997			   50.00	 94.1039    9.4242</p>
<p>  10/10/1997			  100.00	 93.5686    9.7732</p>
<p>  10/10/1997			   50.00	 93.5686    9.7732</p>
<p>  10/10/1997			  100.00	 93.6055    9.7133</p>
<p>  10/10/1997			   50.00	 93.5993    9.7234</p>
<p>  10/10/1997			   50.00	 93.6966    9.5656</p>
<p>  10/10/1997			   50.00	 93.5686    9.7732</p>
<p>  02/01/1998			   50.00	 91.3853   10.0922</p>
<p>  02/01/1998			   90.00	 91.4397   10.0225</p>
<p>  16/01/1998			  100.00	 91.0220   10.1422</p>
<p>  16/01/1998			  150.00	 90.9819   10.1920</p>
<p>  16/01/1998			   10.00	 91.0729   10.0224</p>
<p>  16/01/1998			   50.00	 91.0780   10.0727</p>
<p>  Total				1150.00</p>
<p>.</p>
<p>* REPO TRANSACTIONS @</p>
<p>-------------------</p>
<p>(Other than with RBI)</p>
<p>  Name of the	  Amount	  Price	 Repo Rate  Repo</p>
<p>  instrument	   Face value    (In rupees) (% pa)    Period</p>
<p>			   million rupee			     (Days)</p>
<p>* Government of India</p>
<p>  Dated Securities	 --- N I L ---</p>
<p>.</p>
<p>* Treasury Bills</p>
<p>91 day bills (maturity-wise) --- N I L ---</p>
<p>.</p>
<p>* 364 day bills (maturity-wise) --- N I L ---</p>
<p>.</p>
<p>@ Relate to the first leg of Repos</p>
</text>
<copyright>(c) Reuters Limited 1997</copyright>
<metadata>
<codes class="bip:countries:1.0">
  <code code="INDIA">
    <editdetail action="confirmed" attribution="Reuters BIP Coding Group" date="1997-01-28"/>
  </code>
</codes>
<codes class="bip:topics:1.0">
  <code code="M12">
    <editdetail action="confirmed" attribution="Reuters BIP Coding Group" date="1997-01-28"/>
  </code>
  <code code="M13">
    <editdetail action="confirmed" attribution="Reuters BIP Coding Group" date="1997-01-28"/>
  </code>
  <code code="M131">
    <editdetail action="confirmed" attribution="Reuters BIP Coding Group" date="1997-01-28"/>
  </code>
  <code code="MCAT">
    <editdetail action="confirmed" attribution="Reuters BIP Coding Group" date="1997-01-28"/>
  </code>
</codes>
<dc element="dc.date.created" value="1997-01-28"/>
<dc element="dc.publisher" value="Reuters Holdings Plc"/>
<dc element="dc.date.published" value="1997-01-28"/>
<dc element="dc.source" value="Reuters"/>
<dc element="dc.creator.location" value="BOMBAY"/>
<dc element="dc.creator.location.country.name" value="INDIA"/>
<dc element="dc.source" value="Reuters"/>
</metadata>
</newsitem>
