<?xml version="1.0" encoding="ISO-8859-1" standalone="no"?>
<newsitem date="1997-01-28" id="root" itemid="336789" xml:lang="en">
<title>USA: NYCE cotton ends lower, ignores Dunavant forecast.</title>
<headline>NYCE cotton ends lower, ignores Dunavant forecast.</headline>
<dateline>NEW YORK 1997-01-28</dateline>
<text>
<p>NYCE cotton futures settled slightly lower despite a bullish speech by closely-watched cotton merchant William Dunavant.</p>
<p>In a speech to industry members at a foreign policy conference in Memphis, Dunavant raised his estimate for exports in 1996/97 to 6.8 million bales from a previous forecast of 6.4 million bales.</p>
<p>Indeed, floor sources cited market talk of large sales to China and Brazil that could appear in Thursday's U.S. Department of Agriculture export and sales report.</p>
<p>Dunavant also raised his estimate for domestic consumption to 11.0 million bales from 10.9 million bales, for the current crop year. He also raised his planted area forecast to 14.2 million from 13.8 million acres.</p>
<p>Traders said the speech probably did not filter into the market and could lift prices Wednesday. Producer selling kept the market under pressure, they said.</p>
<p>Resistance was seen at the day's high of 75.50 cents in March, and support at 73.00 cents.</p>
<p>The March contract ended down 0.15 at 75.11, traded 75.50 to 74.90. The back months settled 0.08 lower to 0.45 higher.</p>
<p>Volume was estimated at 10,000 lots.</p>
<p>--((Suzanne Rostler, New York Commodities 212-859-1646))</p>
</text>
<copyright>(c) Reuters Limited 1997</copyright>
<metadata>
<codes class="bip:countries:1.0">
  <code code="USA">
    <editdetail action="confirmed" attribution="Reuters BIP Coding Group" date="1997-01-28"/>
  </code>
</codes>
<codes class="bip:topics:1.0">
  <code code="M14">
    <editdetail action="confirmed" attribution="Reuters BIP Coding Group" date="1997-01-28"/>
  </code>
  <code code="M141">
    <editdetail action="confirmed" attribution="Reuters BIP Coding Group" date="1997-01-28"/>
  </code>
  <code code="MCAT">
    <editdetail action="confirmed" attribution="Reuters BIP Coding Group" date="1997-01-28"/>
  </code>
</codes>
<dc element="dc.date.created" value="1997-01-28"/>
<dc element="dc.publisher" value="Reuters Holdings Plc"/>
<dc element="dc.date.published" value="1997-01-28"/>
<dc element="dc.source" value="Reuters"/>
<dc element="dc.creator.location" value="NEW YORK"/>
<dc element="dc.creator.location.country.name" value="USA"/>
<dc element="dc.source" value="Reuters"/>
</metadata>
</newsitem>
