<?xml version="1.0" encoding="ISO-8859-1" standalone="no"?>
<newsitem date="1997-01-28" id="root" itemid="337181" xml:lang="en">
<title>SOUTH AFRICA: Kolosus acquires companies for 26 mln rand.</title>
<headline>Kolosus acquires companies for 26 mln rand.</headline>
<dateline>JOHANNESBURG 1997-01-28</dateline>
<text>
<p>Food and leather producer Kolosus Holdings Ltd said on Tuesday it had purchased the entire share capital of Ladysmith Lindgens Leathers and Lindgens Ladysmith Trimming for 25.8 million rand.</p>
<p>Kolosus purchased the shares from Silveroak Industries Ltd -- until mid-1995 a member of the Kolosus group -- after Silveroak acquired the remaining 50 percent in the companies from U.S. company Seton for 12.5 million prior to the sale.</p>
<p>"The acquisition marks another phase in an aggressive strategy of repositioning the Kolosus group as a rand hedge export orientated organisation rather than a predominantly red meat company," said managing director Tito Vorster.</p>
<p>He said the move would boost the group's direct and indirect export earnings from leather to more than 800 milion rands a year.</p>
<p>Kolosus announced earlier this month that is was involved in negotiations with Silveroak to acquire 100 percent of the issued shares in the Lindgens companies.</p>
<p>Vorster added that he expected an announcement soon in connection with Seton's complaint against Kolosus and said he was confident the group would be exonerated.</p>
<p>The South African Competition Board said last year it was investigating the takeover of Silveroak by Kolosus.</p>
<p>-- Johannesburg newsroom +27 11 482 1003</p>
</text>
<copyright>(c) Reuters Limited 1997</copyright>
<metadata>
<codes class="bip:countries:1.0">
  <code code="SAFR">
    <editdetail action="confirmed" attribution="Reuters BIP Coding Group" date="1997-01-28"/>
  </code>
</codes>
<codes class="bip:industries:1.0">
  <code code="I41220">
    <editdetail action="confirmed" attribution="Reuters BIP Coding Group" date="1997-01-28"/>
  </code>
  <code code="I44000">
    <editdetail action="confirmed" attribution="Reuters BIP Coding Group" date="1997-01-28"/>
  </code>
</codes>
<codes class="bip:topics:1.0">
  <code code="C18">
    <editdetail action="confirmed" attribution="Reuters BIP Coding Group" date="1997-01-28"/>
  </code>
  <code code="C181">
    <editdetail action="confirmed" attribution="Reuters BIP Coding Group" date="1997-01-28"/>
  </code>
  <code code="CCAT">
    <editdetail action="confirmed" attribution="Reuters BIP Coding Group" date="1997-01-28"/>
  </code>
</codes>
<dc element="dc.date.created" value="1997-01-28"/>
<dc element="dc.publisher" value="Reuters Holdings Plc"/>
<dc element="dc.date.published" value="1997-01-28"/>
<dc element="dc.source" value="Reuters"/>
<dc element="dc.creator.location" value="JOHANNESBURG"/>
<dc element="dc.creator.location.country.name" value="SOUTH AFRICA"/>
<dc element="dc.source" value="Reuters"/>
</metadata>
</newsitem>
