<?xml version="1.0" encoding="ISO-8859-1" standalone="no"?>
<newsitem date="1997-01-28" id="root" itemid="337289" xml:lang="en">
<title>CROATIA: Serbs assault Croatian officials in rebel enclave.</title>
<headline>Serbs assault Croatian officials in rebel enclave.</headline>
<dateline>ZAGREB 1997-01-28</dateline>
<text>
<p>A group of Serbs assaulted Croatian officials handing out pensions in Croatia's last Serb-held enclave on Tuesday, stoning their bus and smashing windows in their office, a U.N. spokesman said.</p>
<p>"A group of young men this morning threw rocks at the Croatian mobile pension payment office in Borovo Selo," Yuri Chizik, deputy spokesman of the U.N. Transitional Authority for Eastern Slavonia (UNTAES), told Reuters.</p>
<p>He said they broke the glass door of the office and stoned the bus of the Croatian officials, which was parked nearby. Nobody was injured in the incident.</p>
<p>There are several permanent and mobile pension payment offices in the region, manned by Croatian officials. They are now handing out pensions for the first time in five years, in a government attempt to improve relations with its Serb minority.</p>
<p>Croatian officials were escorted from the pension payment office by Russian UNTAES soldiers and transported to Croatian territory, Chizik said.</p>
<p>Eastern Slavonia saw some of the worst fighting during the minority Serb rebellion against Croatia's bid for independence from federal Yugoslavia in 1991.</p>
<p>The area is now under control of UNTAES, with 5,000 troops, but will revert to Croatian rule by mid-1997. Croatia recaptured other Serb-held enclaves in two surprise offensives in 1995, which led to an exodus of the Serb population.</p>
<p>Another Croatian bus was stoned by local Serbs last weekend, UNTAES officials said.</p>
<p>Many Serbs in the enclave remain hostile to Croatian authority and have protested against the gradual reinstatement of Croatian institutions or UNTAES-assisted visits by Croat refugees preparing to resettle in their homes.</p>
<p>A bomb exploded outside a Catholic church in the region earlier this month. Serbs also attacked Croat refugees attending a Christmas Eve mass, injuring a U.N. worker.</p>
</text>
<copyright>(c) Reuters Limited 1997</copyright>
<metadata>
<codes class="bip:countries:1.0">
  <code code="CRTIA">
    <editdetail action="confirmed" attribution="Reuters BIP Coding Group" date="1997-01-28"/>
  </code>
  <code code="UN">
    <editdetail action="confirmed" attribution="Reuters BIP Coding Group" date="1997-01-28"/>
  </code>
  <code code="YUG">
    <editdetail action="confirmed" attribution="Reuters BIP Coding Group" date="1997-01-28"/>
  </code>
</codes>
<codes class="bip:topics:1.0">
  <code code="GCAT">
    <editdetail action="confirmed" attribution="Reuters BIP Coding Group" date="1997-01-28"/>
  </code>
  <code code="GVIO">
    <editdetail action="confirmed" attribution="Reuters BIP Coding Group" date="1997-01-28"/>
  </code>
</codes>
<dc element="dc.date.created" value="1997-01-28"/>
<dc element="dc.publisher" value="Reuters Holdings Plc"/>
<dc element="dc.date.published" value="1997-01-28"/>
<dc element="dc.source" value="Reuters"/>
<dc element="dc.creator.location" value="ZAGREB"/>
<dc element="dc.creator.location.country.name" value="CROATIA"/>
<dc element="dc.source" value="Reuters"/>
</metadata>
</newsitem>
