<?xml version="1.0" encoding="ISO-8859-1" standalone="no"?>
<newsitem date="1997-01-28" id="root" itemid="337441" xml:lang="en">
<title>RUSSIA: Russia to change T-bill terms at Wednesday auction.</title>
<headline>Russia to change T-bill terms at Wednesday auction.</headline>
<dateline>MOSCOW 1997-01-28</dateline>
<text>
<p>The terms of Russian government securities to be auctioned on Wednesday will be changed from those announced last week, but details will only be issued later on Tuesday, the Central Bank said.  </p>
<p>A central bank official gave no explanation for the move.</p>
<p>But uncertainty about a new tax on government securities forced the authorities last week also to cancel an auction of new GKO discount Treasury bills and instead auction a new tranche of older paper.</p>
<p>Only new issues are subject to the tax, whereas new tranches of existing issues do not come under it.</p>
<p>The Finance Ministry had been planning to issue 7.00 trillion roubles of 273-day paper, which would have come under the new tax, and a new 4.00 trillion rouble 504-day tranche of an OFZ interest-bearing government bond.</p>
<p>The new tax, which technically came into force this month, imposes the usual profits tax, which is 43 percent for banks and 35 percent for other entities, on government securities, while setting a 15 percent rate on interest from bond coupons.</p>
<p>Government officials had intended the new tax to be levied at a rate of 15 percent on all earnings from government securities, including gains on discount paper.</p>
<p>The Finance Ministry and Federal Tax Service have written to the Justice Ministry saying the tax should be interpreted in this way, but the Justice Ministry has not yet approved this letter.</p>
<p>--Anna Smirnova, Moscow Newsroom, +7095 941 8520</p>
</text>
<copyright>(c) Reuters Limited 1997</copyright>
<metadata>
<codes class="bip:countries:1.0">
  <code code="RUSS">
    <editdetail action="confirmed" attribution="Reuters BIP Coding Group" date="1997-01-28"/>
  </code>
</codes>
<codes class="bip:topics:1.0">
  <code code="M13">
    <editdetail action="confirmed" attribution="Reuters BIP Coding Group" date="1997-01-28"/>
  </code>
  <code code="M131">
    <editdetail action="confirmed" attribution="Reuters BIP Coding Group" date="1997-01-28"/>
  </code>
  <code code="MCAT">
    <editdetail action="confirmed" attribution="Reuters BIP Coding Group" date="1997-01-28"/>
  </code>
</codes>
<dc element="dc.date.created" value="1997-01-28"/>
<dc element="dc.publisher" value="Reuters Holdings Plc"/>
<dc element="dc.date.published" value="1997-01-28"/>
<dc element="dc.source" value="Reuters"/>
<dc element="dc.creator.location" value="MOSCOW"/>
<dc element="dc.creator.location.country.name" value="RUSSIA"/>
<dc element="dc.source" value="Reuters"/>
</metadata>
</newsitem>
