<?xml version="1.0" encoding="ISO-8859-1" standalone="no"?>
<newsitem date="1996-12-20" id="root" itemid="270750" xml:lang="en">
<title>USA: Restrictions eased on Mississippi at New Orleans.</title>
<headline>Restrictions eased on Mississippi at New Orleans.</headline>
<dateline>NEW ORLEANS 1996-12-19</dateline>
<text>
<p>Mississippi River traffic at New Orleans was gradually being restored to normal, although shipping still was allowed only one-way at a time following a weekend freighter accident, the Coast Guard said Thursday.</p>
<p>Maritime traffic has been curtailed on the lower Mississippi River since Saturday, when a grain freighter, the Bright Field, ploughed into a waterfront shopping centre near the heart of downtown New Orleans. More than 100 people were injured in the accident, but no one was killed.</p>
<p>The Coast Guard said it raised the draft limit on vessels navigating through the Port of New Orleans to 46 feet. But some shipping restrictions remained in place, Coast Guard officials said, including a ban on simultaneous two-way traffic at the port.</p>
<p>"Right now the river is open to traffic up to 46 feet," said Lt. Curtis Shaw, of the Coast Guard's Marine Safety Office in New Orleans. "(Traffic) is in-bound and out-bound, but it is one way at a time," he added.</p>
<p>With the port open to all but the largest tankers, officials said there were no vessels waiting to enter or leave the river late Thursday.</p>
<p>The wharf was heavily damaged in the collision, and the freighter, which was thought to be supporting part of the structure, was being held in place by tugboats.</p>
</text>
<copyright>(c) Reuters Limited 1996</copyright>
<metadata>
<codes class="bip:countries:1.0">
  <code code="USA">
    <editdetail action="confirmed" attribution="Reuters BIP Coding Group" date="1996-12-20"/>
  </code>
</codes>
<codes class="bip:industries:1.0">
  <code code="I72603">
    <editdetail action="confirmed" attribution="Reuters BIP Coding Group" date="1996-12-20"/>
  </code>
</codes>
<codes class="bip:topics:1.0">
  <code code="C13">
    <editdetail action="confirmed" attribution="Reuters BIP Coding Group" date="1996-12-20"/>
  </code>
  <code code="C24">
    <editdetail action="confirmed" attribution="Reuters BIP Coding Group" date="1996-12-20"/>
  </code>
  <code code="CCAT">
    <editdetail action="confirmed" attribution="Reuters BIP Coding Group" date="1996-12-20"/>
  </code>
</codes>
<dc element="dc.date.created" value="1996-12-19"/>
<dc element="dc.publisher" value="Reuters Holdings Plc"/>
<dc element="dc.date.published" value="1996-12-20"/>
<dc element="dc.source" value="Reuters"/>
<dc element="dc.creator.location" value="NEW ORLEANS"/>
<dc element="dc.creator.location.country.name" value="USA"/>
<dc element="dc.source" value="Reuters"/>
</metadata>
</newsitem>
