<?xml version="1.0" encoding="ISO-8859-1" standalone="no"?>
<newsitem date="1996-12-20" id="root" itemid="270801" xml:lang="en">
<title>BELGIUM: EU set to clear AT&amp;T link with Unisource.</title>
<headline>EU set to clear AT&amp;T link with Unisource.</headline>
<byline>Suzanne Perry</byline>
<dateline>BRUSSELS 1996-12-20</dateline>
<text>
<p>The European Commission said on Friday it was ready to clear the Uniworld telecommunications alliance between U.S. phone giant AT&amp;T and Europe's Unisource joint venture.</p>
<p>It said it was also ready to clear the involvement of Spain's Telefonica in Unisource, which also groups Dutch PTT Telecom BV, Sweden's Telia AB and Swiss Telecom PTT.</p>
<p>The Commission said it would give interested parties one month to comment before taking final decisions.</p>
<p>Separately, the Commission cleared a deal under which Dutch PTT Telecom and Telia will acquire 20 percent of Ireland's Telecom Eireann, thus sharing control with the Irish government.</p>
<p>It said Ireland's plans to liberalise its telecoms market meant Telecom Eireann would not strengthen its current market position.</p>
<p>In the Uniworld/Unisource deals, the EU executive noted that both Spain and Switzerland had also agreed to liberalise their telecoms markets and that AT&amp;T had agreed to several conditions to win approval of the deals.</p>
<p>The U.S. company agreed to advise the Commission promptly of any complaint filed with the U.S. Federal Communications Commission about access to its international facilities -- and of the FCC's decision.</p>
<p>It also agreed that its "accounting rates" -- charges for completing foreign phone calls -- for other companies would be no higher than the lowest rate offered to any Unisource shareholder, the Commission said.</p>
<p>The Commission said Switzerland had agreed to fully open its market to competition by January 1, 1998 and Spain by November 30, 1998.</p>
<p>It noted Spain had already adopted legislation establishing a second telecoms operator, Retevision, and planned to grant a third license before January 1998.</p>
<p>It said Madrid also planned to enact legislation before end 1997 allowing additional licences for voice telephone service and public infrastructure to be requested from August 1998.</p>
<p>Switzerland has agreed to enact a law to liberalise its market fully by the start of 1998 in line with a deadline agreed by the EU for most of its members, the Commission said.</p>
<p>It had already granted 15 pilot licences allowing competitors of the state monopoly to provide some telecoms services -- such as Internet access and data transmission.</p>
<p>Commission spokesman Willy Helin told reporters the Commission was likely to make its final decision in early February.</p>
<p>In the Irish case, the Commission said 38 licensed providers were already offering value-added telecoms services in Ireland and that a GSM operator would start to operate soon. It said Ireland planned to fully liberalise its market by January 2000. -- Brussels Newsroom 32 2 287 6800</p>
</text>
<copyright>(c) Reuters Limited 1996</copyright>
<metadata>
<codes class="bip:countries:1.0">
  <code code="EEC">
    <editdetail action="confirmed" attribution="Reuters BIP Coding Group" date="1996-12-20"/>
  </code>
  <code code="IRE">
    <editdetail action="confirmed" attribution="Reuters BIP Coding Group" date="1996-12-20"/>
  </code>
  <code code="SPAIN">
    <editdetail action="confirmed" attribution="Reuters BIP Coding Group" date="1996-12-20"/>
  </code>
  <code code="SWED">
    <editdetail action="confirmed" attribution="Reuters BIP Coding Group" date="1996-12-20"/>
  </code>
  <code code="SWITZ">
    <editdetail action="confirmed" attribution="Reuters BIP Coding Group" date="1996-12-20"/>
  </code>
  <code code="USA">
    <editdetail action="confirmed" attribution="Reuters BIP Coding Group" date="1996-12-20"/>
  </code>
</codes>
<codes class="bip:industries:1.0">
  <code code="I79020">
    <editdetail action="confirmed" attribution="Reuters BIP Coding Group" date="1996-12-20"/>
  </code>
</codes>
<codes class="bip:topics:1.0">
  <code code="C11">
    <editdetail action="confirmed" attribution="Reuters BIP Coding Group" date="1996-12-20"/>
  </code>
  <code code="C18">
    <editdetail action="confirmed" attribution="Reuters BIP Coding Group" date="1996-12-20"/>
  </code>
  <code code="C181">
    <editdetail action="confirmed" attribution="Reuters BIP Coding Group" date="1996-12-20"/>
  </code>
  <code code="C34">
    <editdetail action="confirmed" attribution="Reuters BIP Coding Group" date="1996-12-20"/>
  </code>
  <code code="CCAT">
    <editdetail action="confirmed" attribution="Reuters BIP Coding Group" date="1996-12-20"/>
  </code>
  <code code="G15">
    <editdetail action="confirmed" attribution="Reuters BIP Coding Group" date="1996-12-20"/>
  </code>
  <code code="G157">
    <editdetail action="confirmed" attribution="Reuters BIP Coding Group" date="1996-12-20"/>
  </code>
  <code code="GCAT">
    <editdetail action="confirmed" attribution="Reuters BIP Coding Group" date="1996-12-20"/>
  </code>
</codes>
<dc element="dc.date.created" value="1996-12-20"/>
<dc element="dc.publisher" value="Reuters Holdings Plc"/>
<dc element="dc.date.published" value="1996-12-20"/>
<dc element="dc.source" value="Reuters"/>
<dc element="dc.creator.location" value="BRUSSELS"/>
<dc element="dc.creator.location.country.name" value="BELGIUM"/>
<dc element="dc.source" value="Reuters"/>
</metadata>
</newsitem>
