<?xml version="1.0" encoding="ISO-8859-1" standalone="no"?>
<newsitem date="1997-01-28" id="root" itemid="337354" xml:lang="en">
<title>RUSSIA: Russia sets tough terms for Surgut Holding stake.</title>
<headline>Russia sets tough terms for Surgut Holding stake.</headline>
<dateline>MOSCOW 1997-01-28</dateline>
<text>
<p>Bidders for a 40.12 percent stake in Russian oil company NK Surgutneftegaz (Surgut Holding) will have to offer at least 410 billion roubles ($72.9 million) for the shares and 1.2 trillion roubles in investment, the Federal Property Fund said on Tuesday.</p>
<p>The winner will also have to transfer five percent of Surgut Holding's main operating company, AO Surgutneftegaz to Surgut Holding, it said in the latest edition of its Reforma bulletin.  </p>
<p>The winner must transfer the 1.2 trillion roubles in company investment within three months of winning the auction and must pay another 100 billion roubles for social services in the region of Surgut headquarters within a year.</p>
<p>The Federal Property Fund is selling the four-million-share stake currently held in trust by Surgut Holding's pension fund under the government's shares-for-loans scheme.</p>
<p>Surgut Holding is one of a dozen or so vertically-integrated Russian oil groups created over the last few years.</p>
<p>The pension fund won the stake in Surgut Holding in November 1995 in the first transaction under the controversial shares-for-loans scheme, in which investors won the right to manage state-owned shares in partly privatised companies in return for loans to the government.</p>
<p>The pension fund is in turn mostly owned by Surgut Holding.</p>
<p>Next month's auction to transfer ownership of the stake will be the third such sale of stakes acquired in shares-for-loans deals, following auctions of stakes in oil groups YUKOS and SIDANKO.</p>
<p>In both these cases the auctions were won by companies which according to analysts appear to have close links with those who won the original shares-for-loans contests.</p>
<p>($ = 5626 Russian Roubles)</p>
<p>--Aleksandras Budrys, Moscow Newsroom, +7095 941 8520</p>
</text>
<copyright>(c) Reuters Limited 1997</copyright>
<metadata>
<codes class="bip:countries:1.0">
  <code code="RUSS">
    <editdetail action="confirmed" attribution="Reuters BIP Coding Group" date="1997-01-28"/>
  </code>
</codes>
<codes class="bip:industries:1.0">
  <code code="I13000">
    <editdetail action="confirmed" attribution="Reuters BIP Coding Group" date="1997-01-28"/>
  </code>
</codes>
<codes class="bip:topics:1.0">
  <code code="C17">
    <editdetail action="confirmed" attribution="Reuters BIP Coding Group" date="1997-01-28"/>
  </code>
  <code code="C171">
    <editdetail action="confirmed" attribution="Reuters BIP Coding Group" date="1997-01-28"/>
  </code>
  <code code="C18">
    <editdetail action="confirmed" attribution="Reuters BIP Coding Group" date="1997-01-28"/>
  </code>
  <code code="C183">
    <editdetail action="confirmed" attribution="Reuters BIP Coding Group" date="1997-01-28"/>
  </code>
  <code code="CCAT">
    <editdetail action="confirmed" attribution="Reuters BIP Coding Group" date="1997-01-28"/>
  </code>
</codes>
<dc element="dc.date.created" value="1997-01-28"/>
<dc element="dc.publisher" value="Reuters Holdings Plc"/>
<dc element="dc.date.published" value="1997-01-28"/>
<dc element="dc.source" value="Reuters"/>
<dc element="dc.creator.location" value="MOSCOW"/>
<dc element="dc.creator.location.country.name" value="RUSSIA"/>
<dc element="dc.source" value="Reuters"/>
</metadata>
</newsitem>
