<?xml version="1.0" encoding="ISO-8859-1" standalone="no"?>
<newsitem date="1996-11-26" id="root" itemid="219076" xml:lang="en">
<title>SWEDEN: Swedish repo rate drains 42 bln SKR from market.</title>
<headline>Swedish repo rate drains 42 bln SKR from market.</headline>
<dateline>STOCKHOLM 1996-11-26</dateline>
<text>
<p>Sweden's central bank, the Riksbank, said on Tuesday it drained 42 billion crowns from the market in its weekly reverse repurchase operation.</p>
<p>The reverse repo was lowered 25 basis points to 4.35 percent and will run from November 27 to December 4, replacing an operation that drained 44 billion crowns from the market.</p>
<p>The Riksbank said 10.45 percent of bids for the tender were allocated.</p>
<p>-- Belinda Goldsmith, Stockholm newsroom +46-8-700-1045</p>
</text>
<copyright>(c) Reuters Limited 1996</copyright>
<metadata>
<codes class="bip:countries:1.0">
  <code code="SWED">
    <editdetail action="confirmed" attribution="Reuters BIP Coding Group" date="1996-11-26"/>
  </code>
</codes>
<codes class="bip:topics:1.0">
  <code code="M13">
    <editdetail action="confirmed" attribution="Reuters BIP Coding Group" date="1996-11-26"/>
  </code>
  <code code="M131">
    <editdetail action="confirmed" attribution="Reuters BIP Coding Group" date="1996-11-26"/>
  </code>
  <code code="MCAT">
    <editdetail action="confirmed" attribution="Reuters BIP Coding Group" date="1996-11-26"/>
  </code>
</codes>
<dc element="dc.date.created" value="1996-11-26"/>
<dc element="dc.publisher" value="Reuters Holdings Plc"/>
<dc element="dc.date.published" value="1996-11-26"/>
<dc element="dc.source" value="Reuters"/>
<dc element="dc.creator.location" value="STOCKHOLM"/>
<dc element="dc.creator.location.country.name" value="SWEDEN"/>
<dc element="dc.source" value="Reuters"/>
</metadata>
</newsitem>
