<?xml version="1.0" encoding="ISO-8859-1" standalone="no"?>
<newsitem date="1997-01-28" id="root" itemid="338052" xml:lang="en">
<title>SPAIN: Spain offers to mediate Colombia talks with rebels.</title>
<headline>Spain offers to mediate Colombia talks with rebels.</headline>
<dateline>MADRID 1997-01-28</dateline>
<text>
<p>Colombia said on Tuesday Spain was willing to mediate in any talks it held with the South American country's leading left-wing guerrilla group.</p>
<p>But negotiations would be possible only after the rebels released a number of soldiers held hostage, Colombian Foreign Minister Maria Emma Mejia told a news conference.</p>
<p>"Spain is willing to help when and how Colombia wants, and assist in striving for the peace that Colombia needs so badly," Mejia said.</p>
<p>"I hope the right conditions will arrive soon, but this requires that the Colombian guerrillas release their 60 hostages," she added.</p>
<p>The Revolutionary Armed Forces of Colombia (FARC), the country's largest and oldest rebel force, took a group of soldiers prisoner last August after storming a remote military base in the southwestern Putumayo province.</p>
<p>The exact number taken hostage has varied from 60 to 64 in conflicting accounts by the military and rebels.</p>
<p>Twenty-seven soldiers were also killed in the attack, which marked the start of a nationwide rebel offensive.</p>
<p>"I hope they will release (the hostages) so that we can start to think about the possibility of peace which is still very far away for our country," Mejia said after meeting Spanish Prime Minister Jose Maria Aznar.</p>
<p>Mejia said the most signficant aspect of her visit to Spain was to "consolidate and reinforce relations".</p>
<p>She said she had discussed the key subject of drug trafficking.</p>
<p>"Colombia is trying to sign agreements regarding judicial cooperation that will strengthen and speed up the fight against drugs," said Mejia.</p>
</text>
<copyright>(c) Reuters Limited 1997</copyright>
<metadata>
<codes class="bip:countries:1.0">
  <code code="COL">
    <editdetail action="confirmed" attribution="Reuters BIP Coding Group" date="1997-01-28"/>
  </code>
  <code code="SPAIN">
    <editdetail action="confirmed" attribution="Reuters BIP Coding Group" date="1997-01-28"/>
  </code>
</codes>
<codes class="bip:topics:1.0">
  <code code="GCAT">
    <editdetail action="confirmed" attribution="Reuters BIP Coding Group" date="1997-01-28"/>
  </code>
  <code code="GDIP">
    <editdetail action="confirmed" attribution="Reuters BIP Coding Group" date="1997-01-28"/>
  </code>
  <code code="GVIO">
    <editdetail action="confirmed" attribution="Reuters BIP Coding Group" date="1997-01-28"/>
  </code>
</codes>
<dc element="dc.date.created" value="1997-01-28"/>
<dc element="dc.publisher" value="Reuters Holdings Plc"/>
<dc element="dc.date.published" value="1997-01-28"/>
<dc element="dc.source" value="Reuters"/>
<dc element="dc.creator.location" value="MADRID"/>
<dc element="dc.creator.location.country.name" value="SPAIN"/>
<dc element="dc.source" value="Reuters"/>
</metadata>
</newsitem>
