<?xml version="1.0" encoding="ISO-8859-1" standalone="no"?>
<newsitem date="1997-01-28" id="root" itemid="337388" xml:lang="en">
<title>RUSSIA: Chechen poet president steps gracefully aside.</title>
<headline>Chechen poet president steps gracefully aside.</headline>
<byline>Lawrence Sheets</byline>
<dateline>GROZNY, Russia 1997-01-28</dateline>
<text>
<p>Zelimkhan Yandarbiyev, rebel Chechnya's poet-president who failed to hang on to power in Monday's elections, gracefully stepped aside on Tuesday but said he had no intention of leaving political life.</p>
<p>Early unofficial returns gave Yandarbiyev only about eight percent of the vote, far behind apparent winner Aslan Maskhadov and second-place finisher Shamil Basayev.</p>
<p>"Maybe people are just fed up with Yandarbiyev," he said when asked about the poor performance. He had been leader for just nine months, since stepping up from the vice-presidency when secessionist leader Dzhokhar Dudayev was killed in April.</p>
<p>"He (Yandarbiyev) doesn't promise much, only struggle and integrity to the cause," the outgoing president, clad in a black blazer and tall lambskin hat, told reporters.</p>
<p>Yandarbiyev had tried to convince Chechens that he was the only natural heir to the charismatic Dudayev, reported to have been killed by a Russian missile which homed in on him as he was negotiating with Moscow on a satellite telephone.</p>
<p>As vice-president, Yandarbiyev immediately took over as president under the unrecognised state's constitution.</p>
<p>But the bearded 45-year-old poet never seemed able to step from the shadow of military leaders like Maskhadov and Basayev in the Chechens' two-year guerrilla struggle against Russian troops.</p>
<p>Rarely seen in public during much of the war, he had all but been forgotten by many when he took up the presidency.</p>
<p>A hardline separatist who opposes Chechnya even joining the Commonwealth of Independent States, calling it a "dormitory" of Russian domination, he pledged to stay in politics.</p>
<p>"I will continue my public activities. In what form depends on the behaviour of those who will be in the leadership," he said. He has ruled out a post in Maskhadov's government.</p>
<p>"They can't offer me a place on their team as I have already been the second president, after Dzhokhar Dudayev, and that says a lot," Yandarbiyev said.</p>
</text>
<copyright>(c) Reuters Limited 1997</copyright>
<metadata>
<codes class="bip:countries:1.0">
  <code code="RUSS">
    <editdetail action="confirmed" attribution="Reuters BIP Coding Group" date="1997-01-28"/>
  </code>
</codes>
<codes class="bip:topics:1.0">
  <code code="GCAT">
    <editdetail action="confirmed" attribution="Reuters BIP Coding Group" date="1997-01-28"/>
  </code>
  <code code="GPOL">
    <editdetail action="confirmed" attribution="Reuters BIP Coding Group" date="1997-01-28"/>
  </code>
  <code code="GVOTE">
    <editdetail action="confirmed" attribution="Reuters BIP Coding Group" date="1997-01-28"/>
  </code>
</codes>
<dc element="dc.date.created" value="1997-01-28"/>
<dc element="dc.publisher" value="Reuters Holdings Plc"/>
<dc element="dc.date.published" value="1997-01-28"/>
<dc element="dc.source" value="Reuters"/>
<dc element="dc.creator.location" value="GROZNY, Russia"/>
<dc element="dc.creator.location.country.name" value="RUSSIA"/>
<dc element="dc.source" value="Reuters"/>
</metadata>
</newsitem>
