<?xml version="1.0" encoding="ISO-8859-1" standalone="no"?>
<newsitem date="1997-01-28" id="root" itemid="337465" xml:lang="en">
<title>VENEZUELA: Venezuela bolivar closes firm at 474.75/475.75/dlr.</title>
<headline>Venezuela bolivar closes firm at 474.75/475.75/dlr.</headline>
<dateline>CARACAS 1997-01-28</dateline>
<text>
<p>The Venezuelan bolivar closed firmer against the dollar at 474.75/475.75 per dollar as investors continued to sell dollars to buy TEMs, traders said.</p>
<p>On Monday the unit ended at 475/476 per dollar.</p>
<p>"More dollars could possibly come in tomorrow, both for TEMs and the stock market -- if the bolsa keeps rising," said one trader.</p>
<p>TEM yields are widely expected to fall up to 100 basis points at Wednesday's regular Central Bank auction due to excess liquidity in Venezuelan money markets. Benchmark six month TEMs yielded 18.45 percent at last week's auction.</p>
<p>Venezuelan stocks gained some one percent Tuesday, reversing a straight six day slide.</p>
<p>((-- Oscar Galvis, Caracas newsroom, 582 505 2600))</p>
</text>
<copyright>(c) Reuters Limited 1997</copyright>
<metadata>
<codes class="bip:countries:1.0">
  <code code="VEN">
    <editdetail action="confirmed" attribution="Reuters BIP Coding Group" date="1997-01-28"/>
  </code>
</codes>
<codes class="bip:topics:1.0">
  <code code="M13">
    <editdetail action="confirmed" attribution="Reuters BIP Coding Group" date="1997-01-28"/>
  </code>
  <code code="M132">
    <editdetail action="confirmed" attribution="Reuters BIP Coding Group" date="1997-01-28"/>
  </code>
  <code code="MCAT">
    <editdetail action="confirmed" attribution="Reuters BIP Coding Group" date="1997-01-28"/>
  </code>
</codes>
<dc element="dc.date.created" value="1997-01-28"/>
<dc element="dc.publisher" value="Reuters Holdings Plc"/>
<dc element="dc.date.published" value="1997-01-28"/>
<dc element="dc.source" value="Reuters"/>
<dc element="dc.creator.location" value="CARACAS"/>
<dc element="dc.creator.location.country.name" value="VENEZUELA"/>
<dc element="dc.source" value="Reuters"/>
</metadata>
</newsitem>
