<?xml version="1.0" encoding="ISO-8859-1" standalone="no"?>
<newsitem date="1997-01-28" id="root" itemid="337512" xml:lang="en">
<title>BRAZIL: Brazil's Malan won't attend World Economic Forum.</title>
<headline>Brazil's Malan won't attend World Economic Forum.</headline>
<dateline>BRASILIA 1997-01-28</dateline>
<text>
<p>Brazilian Finance Minister Pedro Malan will not attend this week's World Economic Forum in the Swiss city of Davos because of a heavy workload, an aide said.</p>
<p>The aide said Malan's decision not to go had nothing to do with current moves to have a bill allowing presidential re-election passed by Congress.  The voting was due to begin Tuesday in the lower house.</p>
<p>"The minister is not attending the World Economic Forum because he has a lot to do here," the aide said, adding that Malan would be travelling with President Fernando Henrique Cardoso to Britain and Italy between February 9-14.</p>
<p>This year's annual Davos forum takes place from January 30 to February 4.</p>
<p>((-- Michael Christie, Brasilia newsroom 55-61-2230358))</p>
</text>
<copyright>(c) Reuters Limited 1997</copyright>
<metadata>
<codes class="bip:countries:1.0">
  <code code="BRAZ">
    <editdetail action="confirmed" attribution="Reuters BIP Coding Group" date="1997-01-28"/>
  </code>
  <code code="SWITZ">
    <editdetail action="confirmed" attribution="Reuters BIP Coding Group" date="1997-01-28"/>
  </code>
</codes>
<codes class="bip:topics:1.0">
  <code code="E12">
    <editdetail action="confirmed" attribution="Reuters BIP Coding Group" date="1997-01-28"/>
  </code>
  <code code="ECAT">
    <editdetail action="confirmed" attribution="Reuters BIP Coding Group" date="1997-01-28"/>
  </code>
  <code code="GCAT">
    <editdetail action="confirmed" attribution="Reuters BIP Coding Group" date="1997-01-28"/>
  </code>
  <code code="GDIP">
    <editdetail action="confirmed" attribution="Reuters BIP Coding Group" date="1997-01-28"/>
  </code>
  <code code="GPOL">
    <editdetail action="confirmed" attribution="Reuters BIP Coding Group" date="1997-01-28"/>
  </code>
</codes>
<dc element="dc.date.created" value="1997-01-28"/>
<dc element="dc.publisher" value="Reuters Holdings Plc"/>
<dc element="dc.date.published" value="1997-01-28"/>
<dc element="dc.source" value="Reuters"/>
<dc element="dc.creator.location" value="BRASILIA"/>
<dc element="dc.creator.location.country.name" value="BRAZIL"/>
<dc element="dc.source" value="Reuters"/>
</metadata>
</newsitem>
