<?xml version="1.0" encoding="ISO-8859-1" standalone="no"?>
<newsitem date="1997-01-28" id="root" itemid="337194" xml:lang="en">
<title>MOZAMBIQUE: Cyclone cuts power, uproots trees in Mozambique.</title>
<headline>Cyclone cuts power, uproots trees in Mozambique.</headline>
<dateline>MAPUTO 1997-01-28</dateline>
<text>
<p>Cyclone Gretelle uprooted trees and cut power lines on Tuesday in the Mozambican capital Maputo as it passed close to the country's Indian Ocean shores.</p>
<p>Powerful winds reaching 56 km/hour hit the southernmost Maputo and Gaza provinces, the National Meteorological Institute reported.</p>
<p>In the capital gale-force winds brought down trees in the streets and caused power cuts, but there were no reports of injuries or large-scale crop losses.</p>
<p>The institute cautioned however that wind speed could rise to 76 km/hour later in the day.</p>
<p>"Precautionary measures should be taken," the institute said in its warning.</p>
<p>Cyclone Gretelle has reportedly left more than 30,000 people homeless and more than 100 dead or missing in Madagascar, west of Mozambique, and has been labelled the worst there in living memory.</p>
<p>South African weather forecasters warned on Monday that the cyclone would cause heavy rains and high seas along the southern African coast.</p>
</text>
<copyright>(c) Reuters Limited 1997</copyright>
<metadata>
<codes class="bip:countries:1.0">
  <code code="MOZAM">
    <editdetail action="confirmed" attribution="Reuters BIP Coding Group" date="1997-01-28"/>
  </code>
</codes>
<codes class="bip:topics:1.0">
  <code code="GCAT">
    <editdetail action="confirmed" attribution="Reuters BIP Coding Group" date="1997-01-28"/>
  </code>
  <code code="GDIS">
    <editdetail action="confirmed" attribution="Reuters BIP Coding Group" date="1997-01-28"/>
  </code>
  <code code="GWEA">
    <editdetail action="confirmed" attribution="Reuters BIP Coding Group" date="1997-01-28"/>
  </code>
</codes>
<dc element="dc.date.created" value="1997-01-28"/>
<dc element="dc.publisher" value="Reuters Holdings Plc"/>
<dc element="dc.date.published" value="1997-01-28"/>
<dc element="dc.source" value="Reuters"/>
<dc element="dc.creator.location" value="MAPUTO"/>
<dc element="dc.creator.location.country.name" value="MOZAMBIQUE"/>
<dc element="dc.source" value="Reuters"/>
</metadata>
</newsitem>
