<?xml version="1.0" encoding="ISO-8859-1" standalone="no"?>
<newsitem date="1997-01-28" id="root" itemid="337809" xml:lang="en">
<title>USA: New CRP rules likely next week - USDA's Glickman.</title>
<headline>New CRP rules likely next week - USDA's Glickman.</headline>
<dateline>WASHINGTON 1997-01-28</dateline>
<text>
<p>The new set of rules for the Conservation Reserve "more than likely" will be unveiled next week, U.S. Agriculture Secretary Dan Glickman said Tuesday.</p>
<p>In an impromptu interview with Reuters, Glickman rebutted critics who feared the new rules would be too lax and let in land that was not environmentally fragile. He declined to discuss the regulations, which need White House budget-office approval, in detail.</p>
<p>"I think they're wrong," Glickman said of critics. "The fact of the matter is the focus of this program will be on highly erodible land...and will be in the way we implement it."</p>
<p>Created in 1985, the reserve pays farmers an annual rent for taking fragile land out of production for 10 years. About 36.4 million acres were enrolled in the reserve, making it the largest long-term U.S. land retirement program ever.</p>
<p>"It (the new rule) will more than likely be out next week. We're pushing it as fast as we can," Glickman said. "The (White House budget office) has to approve the final rule."</p>
<p>Implementation of the new rules will be a key test, Glickman said, because far more land would be eligible than could be accepted. The Agrculture Department has estimated 120 million acres could meet eligibility criteria proposed last fall.</p>
<p>"So we are going to have to be prudent and careful in terms of how we make decisions," Glickman said. "We've got good local people on the ground who will be capable of doing that."</p>
<p>Norm Berg, a soil conservation activist, said it was vital to put the new rules into effect soon so farmers could decide whether to submit a bid to enroll their land.</p>
<p>Contracts on 24 million acres in the reserve were due to expire this fall. Some eight million acres now enrolled would not meet the erodibility threshhold proposed last fall.</p>
<p>While conservationists fretted the new rules would be too lax, some lawmakers feared a bias against Plains states.</p>
</text>
<copyright>(c) Reuters Limited 1997</copyright>
<metadata>
<codes class="bip:countries:1.0">
  <code code="USA">
    <editdetail action="confirmed" attribution="Reuters BIP Coding Group" date="1997-01-28"/>
  </code>
</codes>
<codes class="bip:industries:1.0">
  <code code="I01000">
    <editdetail action="confirmed" attribution="Reuters BIP Coding Group" date="1997-01-28"/>
  </code>
</codes>
<codes class="bip:topics:1.0">
  <code code="C13">
    <editdetail action="confirmed" attribution="Reuters BIP Coding Group" date="1997-01-28"/>
  </code>
  <code code="CCAT">
    <editdetail action="confirmed" attribution="Reuters BIP Coding Group" date="1997-01-28"/>
  </code>
  <code code="GCAT">
    <editdetail action="confirmed" attribution="Reuters BIP Coding Group" date="1997-01-28"/>
  </code>
  <code code="GENV">
    <editdetail action="confirmed" attribution="Reuters BIP Coding Group" date="1997-01-28"/>
  </code>
</codes>
<dc element="dc.date.created" value="1997-01-28"/>
<dc element="dc.publisher" value="Reuters Holdings Plc"/>
<dc element="dc.date.published" value="1997-01-28"/>
<dc element="dc.source" value="Reuters"/>
<dc element="dc.creator.location" value="WASHINGTON"/>
<dc element="dc.creator.location.country.name" value="USA"/>
<dc element="dc.source" value="Reuters"/>
</metadata>
</newsitem>
