<?xml version="1.0" encoding="ISO-8859-1" standalone="no"?>
<newsitem date="1997-01-28" id="root" itemid="337597" xml:lang="en">
<title>NEW ZEALAND: Armed man holds three hostage in Naenae bank.</title>
<headline>Armed man holds three hostage in Naenae bank.</headline>
<dateline>WELLINGTON 1996-01-29</dateline>
<text>
<p>A robber brandishing a gun was holding three people hostage in the Naenae branch of Trustbank, on Wednesday, Radio New Zealand reported.</p>
<p>Shots were heard about 10.30 a.m. and there were unconfirmed reports that a person had been injured.</p>
<p>Armed police had cordoned off the Hillary Court shopping area and an ambulance had moved into place.</p>
<p>An eyewitness told the radio station that two bank customers and a staff member are being held hostage. Another said a man was seen holding a gun to the head of the staff member.  </p>
<p>RNZ said several members of the armed offenders squad entered the building a few moments ago.</p>
<p>The situation seemed to have calmed down a little but the cordon was still in place and it was not clear whether the armed man was still in the bank or not, RNZ said.</p>
<p>--Wellington Newsroom (64 4) 4734746</p>
</text>
<copyright>(c) Reuters Limited 1997</copyright>
<metadata>
<codes class="bip:countries:1.0">
  <code code="NZ">
    <editdetail action="confirmed" attribution="Reuters BIP Coding Group" date="1997-01-28"/>
  </code>
</codes>
<codes class="bip:topics:1.0">
  <code code="GCAT">
    <editdetail action="confirmed" attribution="Reuters BIP Coding Group" date="1997-01-28"/>
  </code>
  <code code="GCRIM">
    <editdetail action="confirmed" attribution="Reuters BIP Coding Group" date="1997-01-28"/>
  </code>
</codes>
<dc element="dc.date.created" value="1996-01-29"/>
<dc element="dc.publisher" value="Reuters Holdings Plc"/>
<dc element="dc.date.published" value="1997-01-28"/>
<dc element="dc.source" value="Reuters"/>
<dc element="dc.creator.location" value="WELLINGTON"/>
<dc element="dc.creator.location.country.name" value="NEW ZEALAND"/>
<dc element="dc.source" value="Reuters"/>
</metadata>
</newsitem>
