<?xml version="1.0" encoding="ISO-8859-1" standalone="no"?>
<newsitem date="1996-12-20" id="root" itemid="270784" xml:lang="en">
<title>ITALY: Italy's Naples sees Dec CPI at 3.0 pct yr/yr.</title>
<headline>Italy's Naples sees Dec CPI at 3.0 pct yr/yr.</headline>
<dateline>NAPLES, Italy 1996-12-20</dateline>
<text>
<p>The Italian city of Naples said its December consumer price index stood at 0.2 percent month-on-month and 3.0 percent year-on-year.</p>
<p>In November, the Naples inflation rate was 0.3 percent and 2.9 percent respectively.</p>
<p>Naples is one of 10 Italian cities to have published inflation data on Thursday and Friday.</p>
<p>The city's CPI has a weighting of 6.64 percent on the national index. The 10 sample cities have a combined weighting of 69.67 percent on the total index.  </p>
<p>Following is the breakdown of the price changes.</p>
<p>(figures in brackets refer to November 1996):</p>
<p>					    Month/Month     Year/Year</p>
<p>    General index		     0.1   (0.3)     3.0  (2.9)</p>
<p>    Food				  0.3   (0.0)     3.8  (3.9)</p>
<p>    Clothing and footwear	   0.2   (0.3)     1.9  (1.9)</p>
<p>    Housing and utility charges   0.2   (0.9)     2.2  (2.0)</p>
<p>    Furniture			   0.1   (0.1)     0.8  (0.8)</p>
<p>    Health services		   0.0   (0.0)     1.4  (1.3)</p>
<p>    Transportation		    0.0   (0.8)     6.3  (6.4)</p>
<p>    Entertainment and culture     0.2   (0.6)     4.2  (4.1)</p>
<p>    Education			   0.0   (2.0)     1.7  (1.7)</p>
<p>    Hotels and restaurants	  0.1   (0.4)     3.2  (3.1)</p>
<p>    Other goods or services	 0.1   (0.0)     1.7  (1.6)</p>
<p>-- Milan newsroom +392 66129526</p>
</text>
<copyright>(c) Reuters Limited 1996</copyright>
<metadata>
<codes class="bip:countries:1.0">
  <code code="ITALY">
    <editdetail action="confirmed" attribution="Reuters BIP Coding Group" date="1996-12-20"/>
  </code>
</codes>
<codes class="bip:topics:1.0">
  <code code="E13">
    <editdetail action="confirmed" attribution="Reuters BIP Coding Group" date="1996-12-20"/>
  </code>
  <code code="E131">
    <editdetail action="confirmed" attribution="Reuters BIP Coding Group" date="1996-12-20"/>
  </code>
  <code code="ECAT">
    <editdetail action="confirmed" attribution="Reuters BIP Coding Group" date="1996-12-20"/>
  </code>
</codes>
<dc element="dc.date.created" value="1996-12-20"/>
<dc element="dc.publisher" value="Reuters Holdings Plc"/>
<dc element="dc.date.published" value="1996-12-20"/>
<dc element="dc.source" value="Reuters"/>
<dc element="dc.creator.location" value="NAPLES, Italy"/>
<dc element="dc.creator.location.country.name" value="ITALY"/>
<dc element="dc.source" value="Reuters"/>
</metadata>
</newsitem>
