<?xml version="1.0" encoding="ISO-8859-1" standalone="no"?>
<newsitem date="1997-01-28" id="root" itemid="336633" xml:lang="en">
<title>USA: WICOR Q4 manufacturing net cut by charge.</title>
<headline>WICOR Q4 manufacturing net cut by charge.</headline>
<dateline>MILWAUKEE, Wis. 1997-01-28</dateline>
<text>
<p>WICOR Inc said Tuesday a one-time charge related to a product liability lawsuit and consolidation of two Wisconsin plants reduced its fourth quarter manufacturing earnings by $1.2 million, or $0.07 a share.</p>
<p>WICOR's manufacturing earnings for the quarter were $2.2 million on sales of $91.4 million, compared with year-ago earnings of $2.7 million on sales of $84.1 million.</p>
<p>Energy earnings for the quarter were $12.4 million, down from $14.3 million. Fourth quarter weather was six percent warmer than the year-ago period, WICOR said.</p>
<p>Overall earnings for the quarter were $14.6 million or $0.80 a share, down from $17.0 million or $0.99 a year ago.</p>
<p>((Reuters Chicago Newsdesk (312) 408-8787))</p>
</text>
<copyright>(c) Reuters Limited 1997</copyright>
<metadata>
<codes class="bip:countries:1.0">
  <code code="USA">
    <editdetail action="confirmed" attribution="Reuters BIP Coding Group" date="1997-01-28"/>
  </code>
</codes>
<codes class="bip:industries:1.0">
  <code code="I16200">
    <editdetail action="confirmed" attribution="Reuters BIP Coding Group" date="1997-01-28"/>
  </code>
</codes>
<codes class="bip:topics:1.0">
  <code code="C15">
    <editdetail action="confirmed" attribution="Reuters BIP Coding Group" date="1997-01-28"/>
  </code>
  <code code="C151">
    <editdetail action="confirmed" attribution="Reuters BIP Coding Group" date="1997-01-28"/>
  </code>
  <code code="C1511">
    <editdetail action="confirmed" attribution="Reuters BIP Coding Group" date="1997-01-28"/>
  </code>
  <code code="CCAT">
    <editdetail action="confirmed" attribution="Reuters BIP Coding Group" date="1997-01-28"/>
  </code>
</codes>
<dc element="dc.date.created" value="1997-01-28"/>
<dc element="dc.publisher" value="Reuters Holdings Plc"/>
<dc element="dc.date.published" value="1997-01-28"/>
<dc element="dc.source" value="Reuters"/>
<dc element="dc.creator.location" value="MILWAUKEE, Wis."/>
<dc element="dc.creator.location.country.name" value="USA"/>
<dc element="dc.source" value="Reuters"/>
</metadata>
</newsitem>
