<?xml version="1.0" encoding="ISO-8859-1" standalone="no"?>
<newsitem date="1997-01-28" id="root" itemid="337404" xml:lang="en">
<title>RUSSIA: Russian shares level off after correction.</title>
<headline>Russian shares level off after correction.</headline>
<dateline>MOSCOW 1997-01-28</dateline>
<text>
<p>Russian shares leveled off in afternoon trading on Tuesday after a two-day correction, but the market will remain jittery for the next few days, brokers said.</p>
<p>Prices have found support and the correction seems close to being over, they said.</p>
<p>At 1220 GMT Rostelekom had risen to $3.31 from $3.29 at Monday's close. LUKoil was $14.10 after $14.17, Irkutskenergo was $0.240 after $0.246 and Mosenergo fell to $1.44 from $1.46.</p>
<p>"I expect the market will be stronger in the evening, especially as New York opens, but not much stronger," said ATON trader Boris Shvedsky, adding that Tuesday's buying came both from Russian and Western buyers.</p>
<p>"Every market that is rallying has to have a profit-taking session. All last week everyone was looking for a reason for a correction, and this reason turned out to be Yeltsin's health," said Dan Rapoport, director of institutional equity sales at CentreInvest Securities.</p>
<p>The Kremlin announced on Monday that President Boris Yeltsin was cancelling a visit to the Netherlands on doctors' orders, but dealers said the market was unaffected by news Yeltsin had returned to work at the Kremlin on Tuesday and met Prime Minister Viktor Chernomyrdin.</p>
<p>--Moscow Newsroom, +7095 941 8520</p>
</text>
<copyright>(c) Reuters Limited 1997</copyright>
<metadata>
<codes class="bip:countries:1.0">
  <code code="RUSS">
    <editdetail action="confirmed" attribution="Reuters BIP Coding Group" date="1997-01-28"/>
  </code>
</codes>
<codes class="bip:topics:1.0">
  <code code="M11">
    <editdetail action="confirmed" attribution="Reuters BIP Coding Group" date="1997-01-28"/>
  </code>
  <code code="MCAT">
    <editdetail action="confirmed" attribution="Reuters BIP Coding Group" date="1997-01-28"/>
  </code>
</codes>
<dc element="dc.date.created" value="1997-01-28"/>
<dc element="dc.publisher" value="Reuters Holdings Plc"/>
<dc element="dc.date.published" value="1997-01-28"/>
<dc element="dc.source" value="Reuters"/>
<dc element="dc.creator.location" value="MOSCOW"/>
<dc element="dc.creator.location.country.name" value="RUSSIA"/>
<dc element="dc.source" value="Reuters"/>
</metadata>
</newsitem>
