<?xml version="1.0" encoding="ISO-8859-1" standalone="no"?>
<newsitem date="1996-12-20" id="root" itemid="270747" xml:lang="en">
<title>USA: NYMEX ACCESS prices fall in light pre-holiday talk.</title>
<headline>NYMEX ACCESS prices fall in light pre-holiday talk.</headline>
<dateline>LOS ANGELES 1996-12-19</dateline>
<text>
<p>U.S. energy futures prices fell modestly in light ACCESS trade Thursday, as overnight traders were absent from the market ahead of next week's Christmas holiday, dealers said.</p>
<p>"The lack of participation might help correct crude prices a little bit," a trader said, noting the recent run-up in NYMEX crude left the front-month futures contract overbought.</p>
<p>He said "Holiday trading" had set in, a term which meant the market turned inactive as traders squared books before the holidays.</p>
<p>January crude oil traded at $25.31 a barrel, down 14 cents a barrel from the settle amid trade of 313 contracts. About 401 contracts traded overall.</p>
<p>January heating oil shed 0.28 cent a gallon to 73.50 cents amid light volume of 142 contracts in January and 199 contracts overall.</p>
<p>Front-month gasoline eased 0.22 cent to 71 cents a gallon, as 120 lots traded in the nearby month and 272 were exchanged overall.</p>
<p>-- David Brinkerhoff, Los Angeles bureau +1 213 380 2014</p>
</text>
<copyright>(c) Reuters Limited 1996</copyright>
<metadata>
<codes class="bip:countries:1.0">
  <code code="USA">
    <editdetail action="confirmed" attribution="Reuters BIP Coding Group" date="1996-12-20"/>
  </code>
</codes>
<codes class="bip:topics:1.0">
  <code code="M14">
    <editdetail action="confirmed" attribution="Reuters BIP Coding Group" date="1996-12-20"/>
  </code>
  <code code="M143">
    <editdetail action="confirmed" attribution="Reuters BIP Coding Group" date="1996-12-20"/>
  </code>
  <code code="MCAT">
    <editdetail action="confirmed" attribution="Reuters BIP Coding Group" date="1996-12-20"/>
  </code>
</codes>
<dc element="dc.date.created" value="1996-12-19"/>
<dc element="dc.publisher" value="Reuters Holdings Plc"/>
<dc element="dc.date.published" value="1996-12-20"/>
<dc element="dc.source" value="Reuters"/>
<dc element="dc.creator.location" value="LOS ANGELES"/>
<dc element="dc.creator.location.country.name" value="USA"/>
<dc element="dc.source" value="Reuters"/>
</metadata>
</newsitem>
