<?xml version="1.0" encoding="ISO-8859-1" standalone="no"?>
<newsitem date="1997-01-28" id="root" itemid="338257" xml:lang="en">
<title>INDIA: Major India market-boosting steps seen unlikely.</title>
<headline>Major India market-boosting steps seen unlikely.</headline>
<byline>Shyam Kumar</byline>
<dateline>BOMBAY 1997-01-28</dateline>
<text>
<p>Indian Prime Minister H.D. Deve Gowda is unlikely to announce any major initiatives in measures he has promised to unveil later this week to bolster capital markets, analysts said on Tuesday.</p>
<p>"We are not expecting any major announcements," said an official of Jardine Fleming Broking India. He said major initiatives affecting company tax regulations were unlikely without prior discussion in the federal parliament.</p>
<p>"I don't expect them to announce any revenue-negative measures ahead of the budget," said an analyst at an Indian brokerage. The federal budget is due on February 28.</p>
<p>Deve Gowda said on Monday that some economic policy measures would be announced this week, but said parliament's approval will be needed for further measures.</p>
<p>"Some decisions will be coming in the next two to three days," Deve Gowda told a business gathering at the All India Association of Industries in Bombay.</p>
<p>There has been widespread speculation that the government may repeal a controversial minimum alternate tax (MAT) imposed in the 1996/97 (April-March) budget which took away tax breaks given to companies making large capital investments.</p>
<p>Bankers to some of India's leading private companies described MAT as a disincentive to building new capacities.</p>
<p>"This dampener came at a time when global commodity prices were falling and India was reducing its customs duties," said a top official of a term-lending bank.</p>
<p>"There are lot of myths about MAT," said Kiran Nanda, economist at cement firm Gujarat Ambuja Cements.</p>
<p>"People ask why companies shouldn't be paying tax -- the answer is you need incentives for large infrastructure projects."</p>
<p>The government is unlikely to abolish double taxation on company dividends -- which the media thinks it would do -- because of its revenue implications, analysts said.</p>
<p>"Such steps are unlikely when the government is coping with a budget deficit at 5.2 percent of GDP," said an analyst.</p>
<p>A Bombay broker said one positive step the government could announce right away, without hurting revenues, would be to raise a 20 percent ceiling on foreign institutional investment in the State Bank of India (SBI) to 24 percent, bringing it on par with other firms.</p>
<p>SBI is India's largest commercial bank and a market favourite.</p>
<p>Some market players said the prime minister's attitude was more important than any concrete measures he might announce.</p>
<p>"The government wants to boost investor confidence," said B.K. Taparia, executive director of the Industrial Development Bank of India (IDBI), the leading long-term lender.</p>
<p>"The signals are positive -- whatever the government does now will be keenly watched," Taparia said.</p>
<p>The research head of an Indian broking firm said the government had been promising measures to "kickstart the markets" since December, when stock markets had fallen sharply.</p>
<p>"Now there is no longer any need for a kickstart," he said.</p>
<p>The benchmark Bombay Stock Exchange (BSE) index has risen by over 15 percent in the New Year. Most analysts feel the current revival, though largely speculator-driven, is based on India allocations by major foreign funds, and would be sustained.</p>
</text>
<copyright>(c) Reuters Limited 1997</copyright>
<metadata>
<codes class="bip:countries:1.0">
  <code code="INDIA">
    <editdetail action="confirmed" attribution="Reuters BIP Coding Group" date="1997-01-28"/>
  </code>
</codes>
<codes class="bip:topics:1.0">
  <code code="E12">
    <editdetail action="confirmed" attribution="Reuters BIP Coding Group" date="1997-01-28"/>
  </code>
  <code code="ECAT">
    <editdetail action="confirmed" attribution="Reuters BIP Coding Group" date="1997-01-28"/>
  </code>
  <code code="M12">
    <editdetail action="confirmed" attribution="Reuters BIP Coding Group" date="1997-01-28"/>
  </code>
  <code code="MCAT">
    <editdetail action="confirmed" attribution="Reuters BIP Coding Group" date="1997-01-28"/>
  </code>
</codes>
<dc element="dc.date.created" value="1997-01-28"/>
<dc element="dc.publisher" value="Reuters Holdings Plc"/>
<dc element="dc.date.published" value="1997-01-28"/>
<dc element="dc.source" value="Reuters"/>
<dc element="dc.creator.location" value="BOMBAY"/>
<dc element="dc.creator.location.country.name" value="INDIA"/>
<dc element="dc.source" value="Reuters"/>
</metadata>
</newsitem>
