<?xml version="1.0" encoding="ISO-8859-1" standalone="no"?>
<newsitem date="1997-01-28" id="root" itemid="337670" xml:lang="en">
<title>THAILAND: Thailand sees nine pct rise in 1997/98 budget.</title>
<headline>Thailand sees nine pct rise in 1997/98 budget.</headline>
<dateline>BANGKOK 1997-01-28</dateline>
<text>
<p>Thailand's 1997/98 budget is set to rise by nine percent to 1.008 trillion baht ($40.3 billion) over this year's revised budget of 925 billion baht, Finance Minister Amnuay Viravan said on Tuesday.</p>
<p>The fiscal 1996/97 budget was earlier set at 984 billion baht. But the government expected revenues to fall from its original target to 925 billion baht due to the current economic slowdown.</p>
<p>However, the government has insisted that the budget this fiscal year will be balanced, meaning it would have to cut expenditures to meet revenues.  </p>
<p>(c) Reuters Limited 1997 (c) Reuters Limited 1997</p>
</text>
<copyright>(c) Reuters Limited 1997</copyright>
<metadata>
<codes class="bip:countries:1.0">
  <code code="THAIL">
    <editdetail action="confirmed" attribution="Reuters BIP Coding Group" date="1997-01-28"/>
  </code>
</codes>
<codes class="bip:topics:1.0">
  <code code="E21">
    <editdetail action="confirmed" attribution="Reuters BIP Coding Group" date="1997-01-28"/>
  </code>
  <code code="E211">
    <editdetail action="confirmed" attribution="Reuters BIP Coding Group" date="1997-01-28"/>
  </code>
  <code code="ECAT">
    <editdetail action="confirmed" attribution="Reuters BIP Coding Group" date="1997-01-28"/>
  </code>
</codes>
<dc element="dc.date.created" value="1997-01-28"/>
<dc element="dc.publisher" value="Reuters Holdings Plc"/>
<dc element="dc.date.published" value="1997-01-28"/>
<dc element="dc.source" value="Reuters"/>
<dc element="dc.creator.location" value="BANGKOK"/>
<dc element="dc.creator.location.country.name" value="THAILAND"/>
<dc element="dc.source" value="Reuters"/>
</metadata>
</newsitem>
