<?xml version="1.0" encoding="ISO-8859-1" standalone="no"?>
<newsitem date="1997-01-28" id="root" itemid="337297" xml:lang="en">
<title>SLOVAKIA: Slovak c.bank says personnel changes not imminent.</title>
<headline>Slovak c.bank says personnel changes not imminent.</headline>
<dateline>BRATISLAVA 1997-01-28</dateline>
<text>
<p>The National Bank of Slovakia (NBS) said on Tuesday there were no immediate plans for personnel changes, despite a news agency report that a former deputy finance minister could take up a senior post.</p>
<p>The Slovak official news agency TASR said Jozef Magula, replaced earlier in the day, "would (probably) take a high function in the National Bank of Slovakia" -- the country's central bank.</p>
<p>Three of the eight seats on the bank's governing board are vacant and are the subject of talks with the government.</p>
<p>"No personnel changes are taking place here at the moment," Jan Onda, a NBS spokesman, told Reuters. "Though there have been ongoing talks with the government on the three vacant seats in the NBS's governing board".</p>
<p>The three seats have been vacant since the end of December when the four-year term of Jozef Makuch, a head of the NBS's Monetary Studies Institute, expired. Two seats had vacant for some time.</p>
<p>"However, the board has a quorum even with only the current five members," Onda said, adding that no deadline had been set for the new members' appointment.</p>
<p>The government appoints the board members and its two chief executive directors based on a proposal by the governor. The President appoints the governor and two vice-governors, based on government proposals and with parliament's approval.</p>
<p>Opposition politicians have warned that reshuflles in the NBS's governing board may follow a recent monetary tightening and last week's reshuffle in the board of directors of Investicna a Rozvojova Banka a.s. (IRB), the country's third largest commercial bank. -- Tatiana Vacova, Bratislava Newsroom, 42-7-563-3687</p>
</text>
<copyright>(c) Reuters Limited 1997</copyright>
<metadata>
<codes class="bip:countries:1.0">
  <code code="SLVAK">
    <editdetail action="confirmed" attribution="Reuters BIP Coding Group" date="1997-01-28"/>
  </code>
</codes>
<codes class="bip:industries:1.0">
  <code code="I81401">
    <editdetail action="confirmed" attribution="Reuters BIP Coding Group" date="1997-01-28"/>
  </code>
</codes>
<codes class="bip:topics:1.0">
  <code code="C41">
    <editdetail action="confirmed" attribution="Reuters BIP Coding Group" date="1997-01-28"/>
  </code>
  <code code="C411">
    <editdetail action="confirmed" attribution="Reuters BIP Coding Group" date="1997-01-28"/>
  </code>
  <code code="CCAT">
    <editdetail action="confirmed" attribution="Reuters BIP Coding Group" date="1997-01-28"/>
  </code>
  <code code="E12">
    <editdetail action="confirmed" attribution="Reuters BIP Coding Group" date="1997-01-28"/>
  </code>
  <code code="ECAT">
    <editdetail action="confirmed" attribution="Reuters BIP Coding Group" date="1997-01-28"/>
  </code>
  <code code="GCAT">
    <editdetail action="confirmed" attribution="Reuters BIP Coding Group" date="1997-01-28"/>
  </code>
  <code code="GPOL">
    <editdetail action="confirmed" attribution="Reuters BIP Coding Group" date="1997-01-28"/>
  </code>
</codes>
<dc element="dc.date.created" value="1997-01-28"/>
<dc element="dc.publisher" value="Reuters Holdings Plc"/>
<dc element="dc.date.published" value="1997-01-28"/>
<dc element="dc.source" value="Reuters"/>
<dc element="dc.creator.location" value="BRATISLAVA"/>
<dc element="dc.creator.location.country.name" value="SLOVAKIA"/>
<dc element="dc.source" value="Reuters"/>
</metadata>
</newsitem>
