<?xml version="1.0" encoding="ISO-8859-1" standalone="no"?>
<newsitem date="1997-01-28" id="root" itemid="337096" xml:lang="en">
<title>UK: Med, Mideast tanker rates steady, quiet.</title>
<headline>Med, Mideast tanker rates steady, quiet.</headline>
<dateline>LONDON 1997-01-28</dateline>
<text>
<p>Mediterranean 80,000 tonne crude tanker rates held firm in quiet activity on Tuesday after a spectacular rise last week.</p>
<p>Brokers said few if any fixtures had been reported for Med 80,000 tonne vessels, but notionally rates still looked firm at around W150, up some 50 points from 10 days ago.</p>
<p>"Hardly anything has been fixed today...but I don't see it going down for the moment," an Italian broker said, adding that the market was looking particularly strong for prompt fixtures.</p>
<p>Med 130,000 tonne ships were little changed at around W90-95, steady over the past week.</p>
<p>The Middle East market was also reported stable but quiet, with very large crude carriers (VLCCs) to Japan assessed at around W65 and to Europe and Singapore at W55.</p>
<p>One broker said Kuwait Petroleum Corp was in the market for an ultra-large crude carrier (ULCC) to the U.S. Gulf at about W45 for 400,000-450,000 tonnes.</p>
<p>Transatlantic rates were steady with North Sea/USAC VLCCs at W62.5 and million barrel cargoes at around W95. West Africa/USG rates were likewise unchanged at similar levels to North Sea/USAC.</p>
<p>In the inter-U.K./Cont sector, 80,000 tonne vessels continued to be fixed at around W115-120.</p>
<p>One broker said rates for 130,000 tonne ships in this sector, currently at around W100, could rise with a shortage of vessels for early Feb.</p>
<p>"It might look as if there are enough ships (in early Feb) but not all of them are workable, with Statoil approval needed for ships into Mongstad and other berthing restrictions...We could see a jump," he added.</p>
</text>
<copyright>(c) Reuters Limited 1997</copyright>
<metadata>
<codes class="bip:countries:1.0">
  <code code="UK">
    <editdetail action="confirmed" attribution="Reuters BIP Coding Group" date="1997-01-28"/>
  </code>
</codes>
<codes class="bip:topics:1.0">
  <code code="M14">
    <editdetail action="confirmed" attribution="Reuters BIP Coding Group" date="1997-01-28"/>
  </code>
  <code code="MCAT">
    <editdetail action="confirmed" attribution="Reuters BIP Coding Group" date="1997-01-28"/>
  </code>
</codes>
<dc element="dc.date.created" value="1997-01-28"/>
<dc element="dc.publisher" value="Reuters Holdings Plc"/>
<dc element="dc.date.published" value="1997-01-28"/>
<dc element="dc.source" value="Reuters"/>
<dc element="dc.creator.location" value="LONDON"/>
<dc element="dc.creator.location.country.name" value="UK"/>
<dc element="dc.source" value="Reuters"/>
</metadata>
</newsitem>
