<?xml version="1.0" encoding="ISO-8859-1" standalone="no"?>
<newsitem date="1997-01-28" id="root" itemid="336703" xml:lang="en">
<title>USA: Monsanto offers to buy rest of Calgene. [CORRECTED 00:02 GMT 29/1]</title>
<headline>Monsanto offers to buy rest of Calgene. [CORRECTED 00:02 GMT 29/1]</headline>
<dateline>ST. LOUIS 1997-01-28</dateline>
<text>
<p>Monsanto Co said Tuesday it has made a proposal to the board of directors of Calgene Inc to acquire the remaining shares outstanding of the company for $7.25 a share.</p>
<p>Monsanto currently owns 54.6 percent of the outstanding shares of the Davis, California-based biotechnology interest.</p>
<p>Calgene has about 66.25 million shares and the offer for the remaining shares would amount to just over $217 million, Monsanto said. (Corrects number of shares outstanding and the value of the offer.)</p>
<p>The proposal is subject to the approval of a special committee of the disinterested directors of Calgene's board, Monsanto said.</p>
<p>Calgene said a spokesperson would not be available to respond to questions regarding the offer until Wednesday.</p>
<p>Calgene shares were up 9/16 at 5-1/2 Tuesday.</p>
<p>Shares of Monsanto, an agricultural, pharmaceutical and food ingredients company, rose 1-1/4 to 37-7/8 Tuesday.</p>
<p>((Chicago newsdesk 312 408 8787))</p>
</text>
<copyright>(c) Reuters Limited 1997</copyright>
<metadata>
<codes class="bip:countries:1.0">
  <code code="USA">
    <editdetail action="confirmed" attribution="Reuters BIP Coding Group" date="1997-01-28"/>
  </code>
</codes>
<codes class="bip:industries:1.0">
  <code code="I25000">
    <editdetail action="confirmed" attribution="Reuters BIP Coding Group" date="1997-01-28"/>
  </code>
  <code code="I25670">
    <editdetail action="confirmed" attribution="Reuters BIP Coding Group" date="1997-01-28"/>
  </code>
</codes>
<codes class="bip:topics:1.0">
  <code code="C18">
    <editdetail action="confirmed" attribution="Reuters BIP Coding Group" date="1997-01-28"/>
  </code>
  <code code="C181">
    <editdetail action="confirmed" attribution="Reuters BIP Coding Group" date="1997-01-28"/>
  </code>
  <code code="CCAT">
    <editdetail action="confirmed" attribution="Reuters BIP Coding Group" date="1997-01-28"/>
  </code>
</codes>
<dc element="dc.date.created" value="1997-01-28"/>
<dc element="dc.publisher" value="Reuters Holdings Plc"/>
<dc element="dc.date.published" value="1997-01-28"/>
<dc element="dc.source" value="Reuters"/>
<dc element="dc.creator.location" value="ST. LOUIS"/>
<dc element="dc.creator.location.country.name" value="USA"/>
<dc element="dc.source" value="Reuters"/>
</metadata>
</newsitem>
