<?xml version="1.0" encoding="ISO-8859-1" standalone="no"?>
<newsitem date="1996-11-26" id="root" itemid="219148" xml:lang="en">
<title>NETHERLANDS: PRESS DIGEST - Netherlands - Nov 26.</title>
<headline>PRESS DIGEST - Netherlands - Nov 26.</headline>
<dateline>AMSTERDAM 1996-11-26</dateline>
<text>
<p>Following are some of the main stories in Dutch newspapers today. Reuters has not verified these stories and does not vouch for their accuracy.</p>
<p>FINANCIEELE DAGBLAD</p>
<p>- Cabinet to ignore parliamentary rejection of decision to allow limited night flights at Beek Airport near Maastricht. (p1)</p>
<p>- KLM shares rise eight percent on news of possible sale of part of 38 pct state interest in airline. (p1)</p>
<p>- Bed manufacturer Beter Bed to be floated on Amsterdam Stock Exchange, priced between Dfl 25-28, on Dec. 5. (p1)</p>
<p>- Shipyard Van der Giessen-De Noord forecasts loss this year. (p3)</p>
<p>- South Korean-appointed consultancy Bain &amp; Co. gives positive advice on bankrupt plane maker Fokker. (p3)</p>
<p>- Retailer SHV Makro starts experiment with home-shopping via TV-set in cooperation with KPN subsidiary MultiMall. (p3)</p>
<p>- Technical wholesaler Econosto finalises takeover of Van der Beyl Beheer of Rotterdam. (p3)</p>
<p>- Publisher Wolters Kluwer buys New Zealand's publisher Adis International. (p5)</p>
<p>- Builder Dura seeks to improve profit margin. (p5)</p>
<p>-</p>
<p>VOLKSKRANT</p>
<p>- ABN AMRO's U.S. takeover target Standard Federal says Ohio-based savings bank Charter One offered $47 million more after Standard Federal board accepted ABN bid. (p17)</p>
<p>-</p>
<p>DE TELEGRAAF</p>
<p>- Falling interest rates and strong Wall Street pushes Amsterdam Stock Exchange to new record at 623.27. (p1)</p>
<p>- Liberals want cheaper purple-coloured diesel for truckers to keep costs for transport sector low. (p7)</p>
<p>- KLM's Cargo to transfer European road cargo to Jan de Rijk Logistics of Roosendaal. (p25)</p>
<p>- Transport and storage group Pakhoed to issue 16 million limited convertible depositary receipts at Dfl 12.50 per share. (p27)</p>
<p>- Dutch PTT (KPN) extends bid for Australia's TNT until Dec. 12. (p27)</p>
<p>- Dredging division of Ballast Nedam receives orders worth Dfl 200 million. (p31)</p>
<p>-</p>
<p>ALGEMEEN DAGBLAD</p>
<p>- Royal Dutch/Shell chief Cor Herkstroeter denies company preparing bid for British Gas. (p11)</p>
<p>- Philips Electronics closes Roermond plant and Unilever shuts snacks plant in Veldhoven. (p11)</p>
<p>-</p>
<p>-- Amsterdam Newsdesk +31-20-504-5000 (FAX 31-20-504-5040)</p>
</text>
<copyright>(c) Reuters Limited 1996</copyright>
<metadata>
<codes class="bip:countries:1.0">
  <code code="NETH">
    <editdetail action="confirmed" attribution="Reuters BIP Coding Group" date="1996-11-26"/>
  </code>
</codes>
<codes class="bip:topics:1.0">
  <code code="GCAT">
    <editdetail action="confirmed" attribution="Reuters BIP Coding Group" date="1996-11-26"/>
  </code>
</codes>
<dc element="dc.date.created" value="1996-11-26"/>
<dc element="dc.publisher" value="Reuters Holdings Plc"/>
<dc element="dc.date.published" value="1996-11-26"/>
<dc element="dc.source" value="Reuters"/>
<dc element="dc.creator.location" value="AMSTERDAM"/>
<dc element="dc.creator.location.country.name" value="NETHERLANDS"/>
<dc element="dc.source" value="Reuters"/>
</metadata>
</newsitem>
