<?xml version="1.0" encoding="ISO-8859-1" standalone="no"?>
<newsitem date="1997-01-28" id="root" itemid="337114" xml:lang="en">
<title>UK: Ldn Freight - Decline is extended, indices drop.</title>
<headline>Ldn Freight - Decline is extended, indices drop.</headline>
<dateline>LONDON 1997-01-28</dateline>
<text>
<p>The Baltic Freight Index (BFI) dropped 12 points on Tuesday to stand at 1,382, the lowest since last November 5, as the dry cargo freight market continued to ease from a seasonal peak.</p>
<p>Brokers cited continued weakness in the Panamaxes and an apparent turn lower in Capers.</p>
<p>The Atlantic grains market also looks unpromising at the moment for Handy-sized vessels although these remain fairly steady elsewhere.</p>
<p>The new Baltic Handy Index was down six at 1027.</p>
<p>Brokerage CIS said Handy Size values had begin to come off in the Pacific and that the Atlantic grain market "can be described as a graveyard.</p>
<p>"South American business has also dwindled with all eyes on new crop activity in April and whether this will be the saving grace for the market in the Atlantic".</p>
<p>Brokers reported Keoyang booked NOL Canopus 52,500 heavy grain NoPac to S.Korea Feb 11/20 at $12.00.</p>
<p>Also in the grains trades, Athena fixed  50,000 tonnes barley Bahia Blanca/Turkey 3-7/2 $16.25 fio 6,000/10,000 to Soufflet and Grand View was fixed for 1,942,314 cubic ft grains USGulf/Denmark prompt $527,270 lumpsum fio eight days shinc to Continental.</p>
<p>Timecharter business included Captain George Tsangaris 61,349 dwt taken by Albatross for delivery Skaw early Feb for trip via Baltic redelivery Singapore/Japan range at $14,000 daily.</p>
</text>
<copyright>(c) Reuters Limited 1997</copyright>
<metadata>
<codes class="bip:countries:1.0">
  <code code="UK">
    <editdetail action="confirmed" attribution="Reuters BIP Coding Group" date="1997-01-28"/>
  </code>
</codes>
<codes class="bip:topics:1.0">
  <code code="M14">
    <editdetail action="confirmed" attribution="Reuters BIP Coding Group" date="1997-01-28"/>
  </code>
  <code code="MCAT">
    <editdetail action="confirmed" attribution="Reuters BIP Coding Group" date="1997-01-28"/>
  </code>
</codes>
<dc element="dc.date.created" value="1997-01-28"/>
<dc element="dc.publisher" value="Reuters Holdings Plc"/>
<dc element="dc.date.published" value="1997-01-28"/>
<dc element="dc.source" value="Reuters"/>
<dc element="dc.creator.location" value="LONDON"/>
<dc element="dc.creator.location.country.name" value="UK"/>
<dc element="dc.source" value="Reuters"/>
</metadata>
</newsitem>
