<?xml version="1.0" encoding="ISO-8859-1" standalone="no"?>
<newsitem date="1997-01-28" id="root" itemid="336554" xml:lang="en">
<title>EU: REUTER EC REPORT LONG-TERM DIARY FOR FEB 4-DEC 31, 1997 (PAGE 1/10 - FEB 4-24).</title>
<headline>REUTER EC REPORT LONG-TERM DIARY FOR FEB 4-DEC 31, 1997 (PAGE 1/10 - FEB 4-24).</headline>
<text>
<p>****</p>
<p>HIGHLIGHTS</p>
<p>****</p>
<p>AMSTERDAM - Dutch presidency hosts European Council of heads of state or government (June 16-17).</p>
<p>MADRID - NATO holds summit to set the course for enlargement (July 8 and 9).</p>
<p>LUXEMBOURG - Luxembourg presidency hosts European Council of heads of state or government (December 12-13).</p>
<p>TUESDAY, FEBRUARY 4</p>
<p>THE HAGUE (MODIFIED ITEM) - Please note that Russian President Boris Yeltsin has cancelled his scheduled meeting with Dutch Prime Minister Wim Kok. Russian Foreign Minister Yevgeny Primakov, however, will meet Dutch Foreign Minister Hans van Mierlo to discuss EU-Russian relations.</p>
<p>WEDNESDAY, FEBRUARY 5</p>
<p>BRUSSELS (NEW ITEM) - European Commission holds regular weekly meeting.</p>
<p>Provisional agenda includes:</p>
<p>- Commissioner Cresson communication on the fifth framework programme, scientific and technological objectives.</p>
<p>- Commissioner Oreja communication on exclusive transmission of sports events.</p>
<p>- Commissioner Papoutsis white paper on associations and foundations.</p>
<p>BRUSSELS (NEW ITEM) - Centre for European Policy Studies (CEPS) holds lunchtime meeting on "What could be the real priorities of energy policy in the EU?" (1315/1215 GMT). Speaker is MEP Wim Van Velzen. Venue: CEPS. Contact: CEPS (322) 229 3911.</p>
<p>NOORDWIJK, Netherlands - Informal Justice and Home Affairs Council (To February 6). No agenda yet available.</p>
<p>THURSDAY, FEBRUARY 6</p>
<p>BRUSSELS - European Investment Bank (EIB) President Brian Unwin holds news conference at 1000/0900 GMT. Venue: Eurovillage Hotel. Contact: EIB by fax (352) 43 79 31 89.</p>
<p>BRUSSELS - The European Cosmetic Toiletry and Perfumery Association (COLIPA) holds conference (0815/0715 GMT). Agenda includes: scientific and environmental issues; socio-economic issues; regulatory affairs. Venue: Conrad Hotel. Contact: COLIPA (322) 227 6610.</p>
<p>BRUSSELS - IBC Conferences Ltd. holds conference on "European air transport services and airports" (0900/0800 GMT) (To February 7). Speakers include: DG VII Head of Unit Federik Sorensen; European Air Shippers Council Brussels Secretary General Christopher Welsh; DG IV Head of Unit Serge Durande. Venue: Radisson SAS Hotel. Contact: IBC Conferences Ltd. (44) 171 453 2711.</p>
<p>WEDNESDAY, FEBRUARY 12</p>
<p>BRUSSELS - Centre for European Policy Studies (CEPS) holds conference on "EU climate change policy: The road to Kyoto" (0900/0800 GMT). Agenda includes: where do we stand?; possible policy responses; economic and social implications of climate change policy. Venue: CEPS. Contact: CEPS (322) 229 3911.</p>
<p>THURSDAY, FEBRUARY 13</p>
<p>BRUSSELS (NEW ITEM) - Centre for European Policy Studies (CEPS) holds lunchtime meeting on "Central and eastern Europe: preparing for membership" (1315/1215 GMT). Speaker is former Portuguese European Affairs Minister Vitor Martins. Venue: CEPS. Contact: CEPS (322) 229 3911.</p>
<p>SINGAPORE - EU-ASEAN (Brunei, Indonesia, Malaysia, Philippines, Singapore, Thailand and Vietnam) meeting (To February 15).</p>
<p>MONDAY, FEBRUARY 17</p>
<p>BRUSSELS - ECOFIN Council.</p>
<p>Provisional agenda includes:</p>
<p>- Preparation of stage 3 of EMU.</p>
<p>- Solvency ratio directive for credit institutions.</p>
<p>- (possibly) Taxation.</p>
<p>BRUSSELS - Farm Council (To February 18). No agenda yet available.</p>
<p>STRASBOURG - European Parliament holds plenary session (To February 21).</p>
<p>WEDNESDAY, FEBRUARY 19</p>
<p>BRUSSELS (NEW ITEM) - Centre for European Policy Studies (CEPS) holds conference on "Post-Papandreou Greece: new economic and foreign policy directions" (0900/0800 GMT). Venue: CEPS. Contact: CEPS (322) 229 3911.</p>
<p>LONDON - Agra Europe holds 16th annual European outlook '97 conference (0830/0830 GMT) (To February 20). Speakers include: British Agriculture Minister Douglas Hogg. Venue: The Landmark Hotel. Contact: Agra Europe (44) 1892 511 807.</p>
<p>MONDAY, FEBRUARY 24</p>
<p>BRUSSELS - General Affairs Council (To February 25).</p>
<p>Provisional agenda includes:</p>
<p>- Belarus: follow-up to fact-finding mission.</p>
<p>- Former Yugoslavia:</p>
<p>- Donor conference;</p>
<p>- Regional approach.</p>
<p>- Middle East peace process.</p>
<p>- Great Lakes region.</p>
<p>- Relations with South Africa: state of negotiations.</p>
<p>- European Monitoring Centre on racism and xenophobia.</p>
<p>- Mediterranean policy:</p>
<p>- Preparation and organisation of the 2nd Ministerial meeting of the Euro-Mediterranean Partnership (follow-up to Barcelona);</p>
<p>- Egypt: state of negotiations on an association agreement;</p>
<p>- Lebanon: state of negotiations on an association agreement;</p>
<p>- Palestinian Authority: decision to sign an interim association agreement.</p>
<p>- Yemen: adoption of negotiating directives for new cooperation agreement.</p>
<p>- Relations with Mexico: state of negotiations on an economic and cooperation agreement.</p>
<p>- Relations with Australia.</p>
<p>- Transatlantic relations: follow-up to U.S. and Canada action plans.</p>
<p>- Relations with Turkmenistan: decision to open negotiations on a partnership and cooperation agreement.</p>
<p>- Burma/Myanmar: suspension of GSP for industrial products (possible</p>
<p>- Laos and Cambodia: decisions to sign cooperation agreements (possible A items).</p>
<p>- Trade questions:</p>
<p>- Draft Council report to European Council on the evolution of the trade policies and preferential agreements of the Community;</p>
<p>- State of negotiations on an Information Technology Agreement.</p>
<p>- XIII San Jose Ministerial Conference: determination of the Union's position.</p>
<p>- Association Council with Slovakia: determination of the Union's position.</p>
<p>- Association Council with Bulgaria: determination of the Union's position.</p>
<p>- Association Council with Cyprus: determination of the Union's position.</p>
<p>- In the margins of the Council:</p>
<p>- Association Council with Slovakia;</p>
<p>- Association Council with Bulgaria;</p>
<p>- Association Council with Cyprus;</p>
<p>- Signature of the EC-Palestinian Authority interim association agreement.</p>
<p>WEDNESDAY, FEBRUARY 26</p>
<p>BRUSSELS - EU-San Jose meeting involving Costa Rica, El Salvador, Guatemala, Honduras, Nicaragua, Panama.</p>
<p>BRUSSELS - Economic and Social Committee (ECOSOC) holds plenary session (To February 27).</p>
<p>BRUSSELS (NEW ITEM) - Centre for European Policy Studies (CEPS) holds lunchtime meeting on "Finland's first two years of EU membership" (1315/1215 GMT). Speaker is Finland Permanent EU Representative Antti Satuli. Venue: CEPS. Contact: CEPS (322) 229 3911.</p>
<p>THURSDAY, FEBRUARY 27</p>
<p>BRUSSELS (NEW ITEM) - Cogen Europe holds conference on "Energy market liberalisation - What impact on the environment" (1430/1330 GMT). Speakers include: MEPs Ken Collins and W.G van Velzen. Venue: Renaissance Hotel. Contact: Cogen Europe (322) 772 8290.</p>
<p>FRIDAY, FEBRUARY 28</p>
<p>AMSTERDAM - Informal Development Council (To March 2). No agenda yet available.</p>
<p>SATURDAY MARCH 1</p>
<p>AMSTERDAM - Informal Education Council. No agenda yet available.</p>
<p>MONDAY, MARCH 3</p>
<p>BRUSSELS - Environment Council (To March 4).</p>
<p>Provisional agenda includes:</p>
<p>- Community strategy on climate change.</p>
<p>- Convention on Biological Diversity:</p>
<p>- Biosafety Protocol.</p>
<p>- Future strategy for the control of atmospheric emissions from road transport taking into account the results of the auto-oil programme.</p>
<p>a) Proposal for an EP and Council directive on the quality of petrol and diesel fuels and amending Council directive 93/12/EEC;</p>
<p>b) Proposal for an EP and Council directive on measures to be taken against air pollution by emissions from motor vehicles and amending Council directives 70/156/EEC and 70/220/EEC.</p>
<p>- Communication on implementing Community environmental law.</p>
<p>- Preparation for the 5th session of the Commission on Sustainable Development and the special session of the General Assembly of the United Nations.</p>
<p>- Communication from the Commission to the Council and the EP on agreements in the environmental field.</p>
<p>- Proposal for a Council directive on the limitation of VOCs emissions.</p>
<p>- (possibly) Proposal for a Council framework directive on water.</p>
<p>- Humane trapping standards.</p>
<p>- Proposal for a Council decision on a Community action programme promoting non-governmental organisations primarily active in the field of environmental protection.</p>
<p>- Structured dialogue with the CEECs.</p>
<p>BRUSSELS - The International Copper Study Group (ICSG) holds conference on the environmental, technological and economic aspects of copper recycling (To March 4).</p>
<p>THURSDAY, MARCH 6</p>
<p>BRUSSELS - Telecoms Council.</p>
<p>Provisional agenda includes:</p>
<p>- Proposal for an EP and Council directive on the application of open network provision (ONP) to voice telephony and on universal service for telecommunications in a competitive environment (replacing EP and Council directive 95/62/EC).</p>
<p>- Proposal for a Council decision on the definition and implementation of Community policy in the field of telecommunications and postal services.</p>
<p>- (possibly) Action Plan from the Commission on satellite personal communications services.</p>
<p>- (possibly) Action Plan from the Commission on the potential health risks linked with mobile communications.</p>
<p>WELS-UPPER, Austria - Energiesparverband, in cooperation with the European Commission, holds conference on "World energy efficiency day" (0800/0700 GMT). Discussions focus on energy efficiency-the gateway to our future; local and regional strategies for energy efficiency; energy efficiency in industry. Venue: City Hall. Contact: Energiesparverband (43) 732 6584 4380.</p>
<p>MONDAY, MARCH 10</p>
<p>BRUSSELS - Internal Market Council.</p>
<p>Provisional agenda includes:</p>
<p>- Impact and effectiveness of the internal market.</p>
<p>- Legislative simplification.</p>
<p>- White paper on approximation of the laws of the Central and Eastern European Countries in the field of the internal market - Preparation for the meeting with the Central and Eastern European Countries.</p>
<p>- (possibly) Proposal for a directive on pluralism and concentration in the media.</p>
<p>- European Company Statute.</p>
<p>- Proposal for a Council decision with a view to accession by the European Community to the Revised 1958 agreement on the adoption of uniform conditions of approval and reciprocal recognition of approval for motor vehicle equipment and parts.</p>
<p>- Proposal for a Council decision on the conclusion of an agreement on customs cooperation and mutual assistance between the Community and Canada.</p>
<p>- Proposal for an EP and Council directive on the approximation of the laws, regulations and administrative provisions of the Member States relating to pressure equipment.</p>
<p>- (possibly) Proposal for an EP and Council directive on certain components and characteristics of two-or three-wheel motor vehicles.</p>
<p>- (possibly) Proposal for an EP and Council directive amending directive 93/116/EEC to facilitate the free movement of doctors and the mutual recognition of their diplomas, certificates and other evidence of formal qualifications.</p>
<p>- Proposal for an EP and Council directive amending the Council Directives on the maximum design speed of wheeled agricultural or forestry tractors.</p>
<p>- Proposal for an EP and Council directive amending directive 89/398/EEC on the approximation of the laws of the Member States on foodstuffs intended for particular nutritional uses ("dietary foodstuffs").</p>
<p>- Proposal for an EP and Council directive amending directive 9512/EC on food additives other than colours and sweeteners.</p>
<p>STRASBOURG - European Parliament holds plenary session (To March 14).</p>
<p>TUESDAY, MARCH 11</p>
<p>BRUSSELS - Transport Council (To March 12).</p>
<p>Provisional agenda includes:</p>
<p>- Air Transport:</p>
<p>- Proposal for a Council directive amending Council directive 92/14/EEC on the limitation of the operation of aeroplanes covered by Part II, Chapter 2, volume I of Annex 16 to the Convention on International Civil Aviation, second edition (1988).</p>
<p>- Levies on aircraft fuel.</p>
<p>- (possibly) Proposal for a Council directive establishing safety assessment of aircraft from third countries using Community airports.</p>
<p>- (possibly) Draft recommendation for a Council decision authorising the Commission to start negotiations with a view to establishing Community membership of the European Organisation for the Safety of Air Navigation (Eurocontrol).</p>
<p>- (possibly) Draft recommendation for a Council decision authorising the Commission to start negotiations with a view to establishing a European organisation responsible for civil aviation safety.</p>
<p>- Inland Transport:</p>
<p>- Proposal for a Council directive on the charging of heavy goods vehicles for the use of certain infrastructures.</p>
<p>- Proposal for a Council regulation concerning the granting of Community financial assistance for actions to promote combined goods transport (PACT).</p>
<p>- Proposal for a Council Regulation amending Council regulation (EEC) No 3821/85 and Council directive 88/599/EEC on recording equipment in road transport.</p>
<p>- (possibly) Interoperability of road pricing and Intelligent Transport Systems.</p>
<p>- Other Measures:</p>
<p>- Proposal for an EP and Council directive on summertime arrangements.</p>
<p>- (possibly) Community action programme on road safety.</p>
<p>- (possbly) Negotiations between the European Community and Switzerland.</p>
<p>WEDNESDAY, MARCH 12</p>
<p>BRUSSELS - Committee of the Regions holds plenary session (To March 13).</p>
<p>THURSDAY, MARCH 13</p>
<p>METZ, France (NEW ITEM) - Lorraine Regional Council, under the patronage of the European Commission, holds second European colloquium on "SMEs" (0830/0730 GMT). Topics include: third multiannual programme for SMEs; the euro: regulations and stakes for the single currency. Venue: Espace Saarlorlux. Contact: French EU Representation (322) 229 8461.</p>
<p>AMSTERDAM - Second official ECR Europe - Efficient consumer conference (1000/0900 GMT) (To March 14). Topics include: joining forces - new mindsets for new relationships; the new reality of the supply chain; anticipating and responding to new consumer demand. Venue: Amsterdam RAI, International exhibition and congress centre. Contact: CIES (33) 1 44 34 69 06.</p>
<p>FRIDAY, MARCH 14</p>
<p>ROTTERDAM - Informal Social Affairs Council (To March 15). No agenda yet available.</p>
<p>SATURDAY, MARCH 15</p>
<p>APELDOORN, Netherland - Informal General Affairs Council (To March 16). No agenda yet available.</p>
<p>MONDAY, MARCH 17</p>
<p>THE HAGUE - Dutch EU presidency hosts conference on "The governance in the Euro-Mediterranean region" (To March 18).</p>
<p>BRUSSELS - ECOFIN Council.</p>
<p>Provisional agenda includes:</p>
<p>- Preparation of stage 3 of EMU.</p>
<p>- Annual report of the Court of Auditors and discharge - report by the Court of Auditors for 1995 and discharge - Court of Auditors statement of assurance for 1995 - Commission report on the follow-up of recommendations during the 1994 procedure.</p>
<p>- Economic situation in the EU.</p>
<p>- (possibly) Financial assistance to third countries.</p>
<p>BRUSSELS - Farm Council (To March 19). No agenda yet available.</p>
<p>TUESDAY, MARCH 18</p>
<p>BRUSSELS - European Business Aviation Association (EBAA) holds conference on "An uplift for business aviation" (To March 20). Contact: EBAA (322) 721 4272.</p>
<p>WEDNESDAY, MARCH 19</p>
<p>BRUSSELS - Economic and Social Committee (ECOSOC) holds plenary session (To March 20).</p>
<p>THURSDAY, MARCH 20</p>
<p>BRUSSELS - Euromanagement holds conference on "Industrial water management" (To March 21). The conference aims to help industry improve its water and wastewater management. Contact: Gabrielle Smit, Euromanagement (31) 40 297 4944.</p>
<p>MONDAY, MARCH 24</p>
<p>BRUSSELS - General Affairs Council (To March 25).</p>
<p>Provisional agenda includes:</p>
<p>- Former Yugoslavia.</p>
<p>- FYROM: decision to sign a cooperation agreement.</p>
<p>- Albania: adoption of negotiating directives for a cooperation agreement.</p>
<p>- Middle-East peace process.</p>
<p>- Relations with Turkey: preparation of Association Council.</p>
<p>- Pakistan: state of negotiations on a trade and cooperation agreement.</p>
<p>- Trade questions, including - Conclusion of an Information Technology Agreement.</p>
<p>- Relations with South Africa:</p>
<p>- State of negotiations on a cooperation agreement;</p>
<p>- Protocol of accession to the Lome Convention.</p>
<p>- Preparation of 23rd ACP-EC Council of Ministers (24-25 April 1997) (possible A point).</p>
<p>- Relations with Australia.</p>
<p>- Mediterranean policy:</p>
<p>- Preparation of 2nd Ministerial meeting (Barcelona process) (15-16 April 1997);</p>
<p>- State of negotiations with Egypt, Lebanon, Jordan and Algeria.</p>
<p>- European Monitoring Centre on racism and xenophobia.</p>
<p>- Transatlantic relations.</p>
<p>- Russia: decision to conclude the Partnership and Cooperation Agreement.</p>
<p>- Baltic States: Europe agreements.</p>
<p>- Association Council with Romania: determination of the Union's position.</p>
<p>- Preparation of the structured dialogue meeting with the Central and Eastern European Countries.</p>
<p>- VII Ministerial meeting EU-Rio Group: determination of the Union's position.</p>
<p>- In the margins of the Council:</p>
<p>- Association Council with Romania;</p>
<p>- Structured dialogue meeting with the CEEC;</p>
<p>- Signature of the cooperation agreement with FYROM.</p>
<p>TUESDAY, MARCH 25</p>
<p>ROME - EU foreign ministers hold special conclave to commemorate the 40th anniversary of one of the bloc's founding documents, the 1957 Rome Treaty. The state of the inter-governmental conference (IGC), due to end at the Amsterdam European Council, will also be discussed.</p>
<p>THURSDAY, MARCH 28</p>
<p>- EU institutions closed for Easter holidays to March 31 inclusive.</p>
<p>FRIDAY, APRIL 4</p>
<p>NOORDWIJK, Netherlands - Informal ECOFIN Council (To April 6). Possible decision on the selection of the winning design for the euro coins, on the basis of a report of a jury that is to be installed.</p>
<p>SUNDAY, APRIL 6</p>
<p>MAASTRICHT - Informal Cultural Affairs Council (To April 8). No agenda yet available.</p>
<p>MONDAY, APRIL 7</p>
<p>NOORDWIJK - EU-Rio Group meeting involving South American countries and Mexico, Panama, Trinidad, Tobago and Costa Rica (To April 8).</p>
<p>STRASBOURG - European Parliament holds plenary session (To April 11).</p>
<p>WEDNESDAY, APRIL 9</p>
<p>THE HAGUE - Dutch EU presidency hosts ministerial conference on social integration (To April 11).</p>
<p>THURSDAY, APRIL 10</p>
<p>LUXEMBOURG - Consumers Council.</p>
<p>Provisional agenda includes:</p>
<p>- Voluntary agreements as important instruments for consumer policy - Council resolution.</p>
<p>- Proposal for an EP and Council directive on injunctions for the protection of consumer interests.</p>
<p>- Proposal for an EP and Council directive amending directive 87/102/EEC (as amended by Directive 90/88/EEC) for the approximation of the laws, regulations and administrative provisions of the Member States concerning consumer credit.</p>
<p>- (possibly) Report of the Commission on the application of directive 87/012/EEC concerning consumer credit.</p>
<p>- Proposal for an EP and Council directive on the sale of consumer goods and associated guarantees.</p>
<p>MONDAY, APRIL 14</p>
<p>LUXEMBOURG - Fisheries Council (To April 15).</p>
<p>Provisional agenda includes:</p>
<p>- MAGPs IV, Council decision on Multiannual Guidance Programmes (Structural arrangements for 1997-1999).</p>
<p>- (possibly) Proposal for a Council regulation laying down certain technical measures for the conservation of fisheries resources.</p>
<p>- Proposal for a Council decision on a specific measure to encourage Italian fishermen to diversify out of certain fishing activities.</p>
<p>- (possibly) Communication from the Commission to Council and EP on fisheries agreements (Present situation and future prospects).</p>
<p>- (possibly) Proposal for a Council regulation allocating among Member States, for 1997, Community fish quotas of Atlanto-Scandian herring and horse mackerel.</p>
<p>- (possibly) Accession of Community to General Fisheries Council for the Mediterranean.</p>
<p>- (possibly) Consultations with Norway on a new management regime for North Sea herring.</p>
<p>- (possibly) Consultations with Norway on a new management regime for mackerel.</p>
<p>- Proposal for a Council regulation providing for the opening and management of autonomous Community tariff quotas for certain fisheries products (1997).</p>
<p>WEDNESDAY, APRIL 16</p>
<p>BRUSSELS - Aeronautica holds "European air transport conference" (To April 17). Venue: Sheraton Towers. Contact: Aeronautica (44) 181 893 3795.</p>
<p>THURSDAY, APRIL 17</p>
<p>LUXEMBOURG - Social Affairs Council.</p>
<p>Provisional agenda includes:</p>
<p>- Employment and Labour Market Committee.</p>
<p>- Modified proposal for a directive on "Chemical Agents".</p>
<p>- Worker information and consultation.</p>
<p>- (possibly) Commission activities of analysis, research, cooperation and action in the field of employment.</p>
<p>- (possibly) Directive modifying directive 90/394/CEE concerning the protection of workers from the risks related to exposure to carcinogens at work.</p>
<p>- (possibly) New communication on the future of social protection.</p>
<p>- (possibly) White Paper on working time in excluded sectors.</p>
<p>- Proposal for a directive: "Burden of proof in cases of discrimination based on sex".</p>
<p>- Proposal for a directive amending directive 76/207/EEC on the implementation of the principle of equal treatment for men and women as regards access to employment, vocational training and promotion, and working conditions (Kalanke Ruling).</p>
<p>- Collective redundancies (Codification).</p>
<p>- Council Recommendation on home working.</p>
<p>MAASTRICHT - Dutch EU presidency hosts post-Lome ministerial meeting (April 18).</p>
<p>FRIDAY, APRIL 18</p>
<p>AMSTERDAM - Informal Environment Council (To April 20). No agenda yet available.</p>
<p>MONDAY, APRIL 21</p>
<p>LUXEMBOURG - Farm Council (To April 22). No agenda yet available.</p>
<p>WEDNESDAY, APRIL 23</p>
<p>BRUSSELS - Economic and Social Committee (ECOSOC) holds plenary session (To April 24).</p>
<p>LUXEMBOURG - ACP-EU Council (To April 24). No agenda yet available.</p>
<p>BRUSSELS - European Parliament holds mini session (To April 24).</p>
<p>THURSDAY, APRIL 24</p>
<p>LUXEMBOURG - Industry Council.</p>
<p>Provisional agenda includes:</p>
<p>- Shipbuilding:</p>
<p>a) (possibly) Individual cases of state aid;</p>
<p>b) Future of Community policy on state aid in connection with the situation regarding ratifications of the OECD Aereement.</p>
<p>- Competitiveness of the European industry - Report by the Commission.</p>
<p>- State Aid:</p>
<p>- 5th Survey report on state aid by the Commission;</p>
<p>- State of affairs regarding proposals related to art. 94 of the Treaty.</p>
<p>- (possibly) Action programme in the field of the Information Society.</p>
<p>THE HAGUE - Dutch EU presidency hosts conference on "Innovative research and appropriate health care for the people of Europe" (To April 25).</p>
<p>THE HAGUE - Dutch EU presidency hosts conference on "Trafficking in women" (To April 26).</p>
<p>TUESDAY, APRIL 29</p>
<p>LUXEMBOURG - General Affairs Council.</p>
<p>Provisional agenda includes:</p>
<p>- Association Council with Poland: determination of the Union's position.</p>
<p>- Association Council with Hungary: determination of the Union's position.</p>
<p>- Former Yugoslavia.</p>
<p>- Middle East peace process.</p>
<p>- Mediterranean policy:</p>
<p>- Malta: Commission communication;</p>
<p>- State of negotiations with Egypt, Lebanon and Jordan;</p>
<p>- follow up to 2nd Ministerial meeting (Barcelona process).</p>
<p>- (possibly) Association Council with Turkey: determination of the Union's position.</p>
<p>- Relations with Switzerland.</p>
<p>- (possibly) Burma/Myanmar: extension of the common position.</p>
<p>- Zaire: support for the electoral process.</p>
<p>- Anti-personnel landmines.</p>
<p>- Transatlantic relations.</p>
<p>- Trade questions - OECD negotiations on a Multilateral Agreement on Investment: state of play.</p>
<p>- In the margins of the Council:</p>
<p>- Association Council with Poland;</p>
<p>- Association Council with Hungary;</p>
<p>- (possibly) Association Council with Turkey.</p>
<p>THURSDAY, MAY 1</p>
<p>- EU institutions closed for Labour Day.</p>
<p>THURSDAY, MAY 8</p>
<p>- EU institutions closed for Ascension holiday.</p>
<p>FRIDAY, MAY 9</p>
<p>- EU institutions closed for "Robert Schuman" remembrance day.</p>
<p>MONDAY, MAY 12</p>
<p>BRUSSELS - ECOFIN Council.</p>
<p>Provisional agenda inclues:</p>
<p>- Preparation of stage 3 of EMU.</p>
<p>- Excessive deficit procedure:</p>
<p>- Assessment on excessive deficits (Article 104 c, paragraph 6);</p>
<p>- Abrogation of excessive deficits (Article 104 c, paragraph 12);</p>
<p>- Assessment of recommendations (Article 104 c, paragraph 7).</p>
<p>- (possibly) Follow-up to the informal meeting of ECOFIN Ministers (Noordwijk, 4-6 April 1997).</p>
<p>- (possibly) Employment.</p>
<p>- Taxation.</p>
<p>- Fight against fraud: transit sector.</p>
<p>BRUSSELS - Farm Council (To May 13). No agenda yet available.</p>
<p>STRASBOURG - European Parliament holds plenary session (To May 16).</p>
<p>WEDNESDAY, MAY 14</p>
<p>BRUSSELS - Research Council (To May 15).</p>
<p>Provisional agenda includes:</p>
<p>- Preparation for meeting with Central and Eastern European Ministers (Structured dialogue).</p>
<p>- (possibly) Financial supplement to the Fourth RTD Framework Programme.</p>
<p>- 5th RTD Framework Programme.</p>
<p>- First Action Programme on Innovation.</p>
<p>- International cooperation in the RTD field:</p>
<p>- S/T cooperation strategy with Mediterranean/Central and Eastern European Countries/emerging economies;</p>
<p>- Bilateral S/T agreements with certain third countries.</p>
<p>- Evaluation and monitoring of Community RTD activities.</p>
<p>- High Flux Reactor (HFR).</p>
<p>- Research and development cooperation.</p>
<p>- (possibly) Fusion Programme and ITER.</p>
<p>- (possibly) SPACE.</p>
<p>FLORENCE, Italy - European Natural Gas Vehicle Association (ENGVA) holds conference on "Creating the climate for NGVs" (To May 16). Contact: ENGVA (31) 20 597 3100.</p>
<p>THURSDAY, MAY 15</p>
<p>AMSTERDAM - Committee of the Regions holds first summit of the regions and cities. Contact: Committee of the Regions (322) 282 2155.</p>
<p>MONDAY, MAY 19</p>
<p>- EU institutions closed for Whit Monday holiday.</p>
<p>TUESDAY, MAY 20</p>
<p>BRUSSELS - Internal Market Council.</p>
<p>Provisional agenda includes:</p>
<p>- Impact and effectiveness of the internal market.</p>
<p>- Legislative simplification.</p>
<p>- Amended proposal for a directive of the EP and of the Council on the legal protection of designs.</p>
<p>- (possibly) Proposal for a regulation on the Community design.</p>
<p>- Amended proposal for a directive of the EP and Council amending for the 15th time directive 76/769/EEC on the approximation of laws, regulations and administrative provisions of the member states relating to restrictions on the marketing and use of certain dangerous substances and preparations.</p>
<p>- (possibly) Amended proposal for an EP and Council directive amending for the 16th time directive 76/769/EEC on the approximation of laws, regulations and administrative provisions of the Member States relating to restrictions on the marketing and use of certain dangerous substances and preparations.</p>
<p>- Proposal for a directive of the EP and Council on precious metals.</p>
<p>- Proposal for a directive of the EP and Council on in vitro diagnostic.</p>
<p>- (possibly) Proposal for a directive of the EP and Council on the masses and dimensions of certain categories of motor vehicles.</p>
<p>- Proposal for an EP and Council decision establishing an action programme to improve awareness of Community law for the legal professions (Robert Schuman Project).</p>
<p>- Proposal for a directive of the EP and of the Council on the supplementary supervision of insurance undertakings in an insurance group.</p>
<p>- Proposal for a directive of the EP and of the Council to facilitate practice of the profession of lawyer on a permanent basis in a Member State other than that in which the qualification was obtained.</p>
<p>- (possibly) Amended proposal for an EP and Council directive on the approximation of the laws of the Member States concerning foods and food ingredients treated with ionizing radiation.</p>
<p>- (possibly) Proposal on the amendment of directives 95/20, 93/36, 93/37 and 93/38 on public purchasing.</p>
<p>- Accession to the Protocol of Madrid and amendment of regulation relating to the accession to the Protocol of Madrid.</p>
<p>- (possibly) Proposal for an EP and Council directive amending directive 83/189/EEC.</p>
<p>- Proposal for a directive on safety standards of buses and coaches.</p>
<p>- (possibly) Proposal for an EP and Council directive on the approximation of the laws, regulations and administrative provisions of the Member States relating to pressure equipment.</p>
<p>- (possibly) Proposal for an EP and Council directive on certain components and characteristics of two or three-wheel motor vehicles.</p>
<p>- (possibly) Proposal for a directive amending directive 93/16 facilitating the free movement of doctors and the mutual recognition of their diplomas, certificates and other evidence of formal qualifications.</p>
<p>- Proposal for a Council directive relating to certain sugars intended for human consumption.</p>
<p>- Proposal for a Council directive relating to honey.</p>
<p>- Proposal for a Council directive relating to fruit juices and certain similar products intended for human consumption.</p>
<p>- Proposal for an EP and Council directive relating to coffee extracts and chicory extracts.</p>
<p>- Proposal for an EP and Council directive relating to cocoa and chocolate products intended for human consumption.</p>
<p>- Proposal for a Council directive relating to certain partly or wholly dehydrated preserved milk for human consumption.</p>
<p>- Proposal for a Council directive relating to fruit jams, jellies and marmalades and chestnut puree intended for human consumption.</p>
<p>BRUSSELS - World Fuels Conferences holds conference on "Fuel quality and vehicle technology" (To May 22). Venue: Conrad Hotel. Contact: World Fuels Conferences (1) 703 812 0902.</p>
<p>SUNDAY, MAY 25</p>
<p>MIDDELBURG, Netherlands - Informal Farm Council (To May 27). No agenda yet available.</p>
<p>MONDAY, MAY 26</p>
<p>BRUSSELS - Energy Council.</p>
<p>Provisional agenda includes:</p>
<p>- Internal market in gas.</p>
<p>- Community strategy on renewables.</p>
<p>- Altener II programme.</p>
<p>- Climate change and energy policy.</p>
<p>- Energy Charter Treaty.</p>
<p>- Multiannual agreements on a sector level with industry.</p>
<p>- Voluntary agreements on energy efficiency requirements for household appliances.</p>
<p>- Decision in Cooperation around Agreed Community Energy Objectives.</p>
<p>- Euro-Mediterranean Partnership in the Energy Field.</p>
<p>- Co-generation.</p>
<p>- Trans-European Networks, external dimension.</p>
<p>- Review of Community Law.</p>
<p>- Report on operation of hydrocarbons directive.</p>
<p>TUESDAY, MAY 27</p>
<p>BRUSSELS - Justice and Home Affairs Council (To May 28).</p>
<p>Provisional agenda includes:</p>
<p>- Fight against organised crime.</p>
<p>- Report of the high level group.</p>
<p>- Report of the Drugs Expert group.</p>
<p>- Drugs and organised crime:</p>
<p>- Trafficking in human beings and sexual exploitation of children, state of work;</p>
<p>- Money laundering;</p>
<p>- Drug cultivation and production;</p>
<p>- Synthetic drugs;</p>
<p>- Alarm system;</p>
<p>- Trafficking routes - Turkish drug traffickers.</p>
<p>- EUROPOL/EDU:</p>
<p>- Regulation on file analysis (adoption);</p>
<p>- Regulation on confidentiality (adoption);</p>
<p>- Protocol on privileges and immunities (adoption);</p>
<p>- Regulation on the staff regulations (adoption);</p>
<p>- EDU: 1996 report, 1997 programme;</p>
<p>- 2nd semester, 1998 draft budget;</p>
<p>- Europol computer system (state of work).</p>
<p>- Customs cooperation:</p>
<p>- Common strategy at external frontiers;</p>
<p>- Joint surveillance operations - Resolution;</p>
<p>- "Customs 2000" programme;</p>
<p>- Resolution on Europol - CIS coordination.</p>
<p>- Combatting terrorism:</p>
<p>- Threat assessment document;</p>
<p>- Report on incidents of racism and xenophobia;</p>
<p>- Implementation of the competences directory;</p>
<p>- "Collective memory".</p>
<p>- Draft Convention on mutual assistance in criminal matters between the Member States of the EU: report on progress of work.</p>
<p>- Second protocol to the convention on the protection of the European Communities' financial interests (adoption).</p>
<p>- Draft Convention on the fight against corruption involving officials of the European Communities or officials of the Member States of the European Union (adoption).</p>
<p>- Draft Convention on jurisdiction, recognition and enforcement of judgments in matrimonial matters (Brussels 11 Convention): report on progress of work.</p>
<p>- Convention on the service in the Member States of the European Union of judicial and extrajudicial documents in civil or commercial matters (adoption).</p>
<p>- (possibly) Draft Convention on driving disqualifications (political agreement).</p>
<p>- Dublin Convention on asylum seekers (implementation).</p>
<p>- Elaboration of the EURODAC system (convention and technical aspects), state of work.</p>
<p>- Joint position on non-accompanied minors seeking asylum and on other non-accompanied minors.</p>
<p>- Joint position on uniform residence permits (technical specifications).</p>
<p>- Improvement of cooperation on expelling illegal immigrants; problems with regard to readmission.</p>
<p>- Legal situation of third country nationals residing leg</p>
<p>ally in the territory of the member states.</p>
<p>- Regulation 2317/95 on the common list of countries whose nationals must be in possession of visas.</p>
<p>- Examination of the UNHCR repatriation plan for Bosnians.</p>
<p>WEDNESDAY, MAY 28</p>
<p>BRUSSELS - European Parliament holds mini session (To May 29).</p>
<p>BRUSSELS - Economic and Social Committee (ECOSOC) holds plenary session (To May 29).</p>
<p>SCHEVENINGEN, The Netherlands - Dutch EU presidency hosts conference on "Cost/Benefits of health/safety at work" (To May 30).</p>
<p>THURSDAY, MAY 29</p>
<p>BRUSSELS - Telecoms Council.</p>
<p>Provisional agenda includes:</p>
<p>- Proposal for an EP and Council directive amending directive 91/263/EEC relating to telecommunications terminal equipment and satellite earth station equipment including the mutual recognition of their conformity.</p>
<p>- Commission green paper on numbering policy for telecommunications services in Europe.</p>
<p>- Report of the Commission on the ERC.</p>
<p>- (possibly) Proposal for an EP and Council directive in the field of security of information systems, concerning the establishment of a Europe-wide network of Trusted Third Party Services (ETS).</p>
<p>- (possibly) Report of the Commission on the Advanced Television Action Plan and a proposal for extension of the action plan.</p>
<p>- (possibly) Communication of the Commission on mobile phones and its evolution.</p>
<p>THE HAGUE - Dutch EU presidency hosts seminar on "Good governance for Central and Eastern European Countries (To May 30).</p>
<p>MONDAY, JUNE 2</p>
<p>LUXEMBOURG - General Affairs Council (To June 3).</p>
<p>Provisional agenda includes:</p>
<p>- Preparation for the Amsterdam European Council.</p>
<p>- Former Yugoslavia.</p>
<p>- Middle East peace process.</p>
<p>- Mediterranean policy:</p>
<p>- Article 16 of the MEDA Regulation;</p>
<p>- Decisions to sign agreements with Egypt, Lebanon and Jordan;</p>
<p>- Algeria: state of negotiations on an association agreement.</p>
<p>- Ukraine: decision to conclude the partnership and cooperation agreement.</p>
<p>- Nigeria extension of the common position.</p>
<p>- Transatlantic relations.</p>
<p>- In the margins of the Council:</p>
<p>- Signature of the agreements with Egypt, Lebanon and Jordan.</p>
<p>THURSDAY, JUNE 5</p>
<p>LUXEMBOURG - Health Council.</p>
<p>Provisional agenda includes:</p>
<p>- Draft EP and Council decision adopting a programme of Community action on health monitoring within the framework for action in the field of public health.</p>
<p>- Proposal for an EP and Council decision creating a network for the epidemiological surveillance and control of communicable diseases in the European Community.</p>
<p>- (possibly ) Proposal for an EP and Council decision adopting a programme concerning pollution-related diseases.</p>
<p>- (possibly) Proposal for an EP and Council decision adopting a programme concerning injuries.</p>
<p>- (possibly) Proposal for an EP and Council decision adopting a programme concerning rare diseases.</p>
<p>- Reduction of smoking:</p>
<p>- Commission communication;</p>
<p>- Report by the Commission on the follow-up given to the Council resolution and health ministers of the Member States meeting in the Council concerning the interdiction of smoking in public places.</p>
<p>- Organ transplant.</p>
<p>- Health questions related to free movement of doctors.</p>
<p>- Drug/Drug dependence:</p>
<p>- Report from the European Monitoring Centre for Drugs;</p>
<p>- Report from experts.</p>
<p>- Action Group EU-US Task Force to establish a global early-warning system and response network for communicable diseases.</p>
<p>- Transmissible spongiform encephalopathies (BSE/TSEs - MCJ).</p>
<p>LUXEMBOURG - Development Council.</p>
<p>Provisional agenda includes:</p>
<p>- Future EU relations with ACP countries (Green paper).</p>
<p>- Coherence between the different Community policies: specific issues.</p>
<p>- Human rights/good governance.</p>
<p>- Evaluation.</p>
<p>- Forestry policies in developing countries.</p>
<p>- Research policies in developing countries.</p>
<p>- Report on ALA cooperation from 1991 to 1995.</p>
<p>- Legal basis concerning some development budget lines:</p>
<p>- NG0s</p>
<p>- Decentralised co-operation</p>
<p>- AIDS</p>
<p>- Refugees ALA</p>
<p>- Environment</p>
<p>- Population policies</p>
<p>- Drugs.</p>
<p>THE HAGUE - Dutch EU presidency hosts K4 Committee (consisting of officials from interior ministeries of EU member states) meeting (To June 6).</p>
<p>SUNDAY, JUNE 8</p>
<p>NOORDWIJK, The Netherlands - Dutch EU presidency hosts conference on "Regional planning and regional policy" (To June 10).</p>
<p>MONDAY, JUNE 9</p>
<p>LUXEMBOURG - Farm Council (To June 10). No agenda yet available.</p>
<p>LUXEMBOURG - ECOFIN Council.</p>
<p>Provisional agenda includes:</p>
<p>- Preparation of the European Council in Amsterdam.</p>
<p>- Preparation for stage 3 of EMU;</p>
<p>- Implementation of the 1996 broad economic policy guidelines;</p>
<p>- Draft 1997 broad economic policy guidelines;</p>
<p>- Employment.</p>
<p>- SEM 2000.</p>
<p>- Fight against fraud;</p>
<p>- 1996 annual report;</p>
<p>- Programme for 1997-1998.</p>
<p>STRASBOURG - European Parliament holds plenary session (To June 13).</p>
<p>WEDNESDAY, JUNE 11</p>
<p>BRUSSELS - Committee of the Regions holds plenary session (To June 12).</p>
<p>THURSDAY, JUNE 12</p>
<p>LUXEMBOURG - Social Affairs Council.</p>
<p>Provisional agenda includes:</p>
<p>- Interim report on employment.</p>
<p>- Directive modifying directive 90/394/CEE on the protection of workers from the risks related to exposure to carcinogens at work.</p>
<p>- (possibly) Proposal for a directive concerning the minimum requirements for improving the health, safety and health protection of workers potentially at risk from explosive atmospheres.</p>
<p>- Proposal for a directive "Burden of proof in cases of discrimination based on sex".</p>
<p>- Proposal for a directive amending directive 76/207/EEC on the implementation of the principle of equal treatment for men and women as regards access to employment, vocational training and promotion, and working conditions (Kalanke Ruling).</p>
<p>- Report on the conclusions of the Fourth World Conference on Women (Beijing, September 1995).</p>
<p>- Proposal for a regulation concerning the extension of the application of regulations (EEC) 1408/71 and 574/72 to all insured persons - particularly civil servants, non active persons and students (follow-up to the Vougioukas case).</p>
<p>- Communication from the Commission on the development of Social Dialogue at the Community level.</p>
<p>- (possibly) Proposal for a directive concerning the approximation of legislation between Member States on collective redundancies (Codified version).</p>
<p>- Commission proposal on atypical work.</p>
<p>- Green paper on work organisation.</p>
<p>- Commission recommendation on home working.</p>
<p>- Worker information and consultation.</p>
<p>- Modified directive on transfers of undertakings.</p>
<p>ITALY - Euromanagement holds conference on "Managing the future growth of cogeneration in Europe" (To June 13). Contact: Euromanagement (31) 40 2974 944.</p>
<p>MONDAY, JUNE 16</p>
<p>AMSTERDAM - Dutch presidency hosts European Council of heads of state or government (To June 17).</p>
<p>Provisional agenda includes:</p>
<p>- Commission action plan and a timetable covering all necessary measures that must be taken to ensure that the full benefit of the Internal Market is achieved before the beginning of Stage 3 of EMU.</p>
<p>- Completion of the inter-governmental conference (IGC).</p>
<p>TUESDAY, JUNE 17</p>
<p>LUXEMBOURG - Transport Council (To June 18).</p>
<p>Provisional agenda includes:</p>
<p>- Air Transport:</p>
<p>- (possibly) Proposal for a Council directive on the limitation of the impact of noise from air transport.</p>
<p>- Negotiations between the European Community and the United States.</p>
<p>- Negotiations between the European Community and Central and Eastern European Countries.</p>
<p>- Draft recommendation for a Council decision authorising the Commission to start negotiations with a view to establishing Community membership of the European Organisation for the Safety of Air Navigation (Eurocontrol).</p>
<p>- Draft recommendation for a Council decision authorising the Commission to start negotiations with a view to establish a European organisation responsible for civil aviation safety.</p>
<p>- Inland Transport:</p>
<p>- (possibly) Proposal for a Council directive on the charging of heavy goods vehicles for the use of certain infrastructures.</p>
<p>- (possibly) Proposal for a Council regulation amending Council regulation (EEC) No 3821/85 and Council directive 88/599/EEC on recording equipment in road transport.</p>
<p>- (possibly) Proposal for a Council directive on a registration certificate for motor vehicles.</p>
<p>- Negotiations between the European Community and the Central and Eastern European Countries.</p>
<p>- Maritime Transport:</p>
<p>- Proposal for a Council directive amending directive 94/58/EC on the minimum level of training of seafarers.</p>
<p>- Proposal for a Council directive on the registration of persons sailing on board of passenger ships.</p>
<p>- (possibly) Short sea shipping.</p>
<p>- External relations.</p>
<p>- Other measures:</p>
<p>- Negotiations between the European Community and Switzerland.</p>
<p>- Road safety and Community database on road accidents.</p>
<p>- (possibly) Report on global navigation satellite system (GNSS) in bilateral agreements.</p>
<p>- (possibly) Proposal for a Council decision on the promotion of sustainable and safe mobility (legal base).</p>
<p>THURSDAY, JUNE 19</p>
<p>LUXEMBOURG - Environment Council (To June 20).</p>
<p>Provisional agenda includes:</p>
<p>- Community strategy on climate change.</p>
<p>- Future strategy for the control of atmospheric emissions from road transport, taking into account the results of the auto-oil programme:</p>
<p>- Proposal for an EP and Council directive on the quality of petrol and diesel fuels and amending Council directive 93/12/EEC;</p>
<p>- Proposal for an EP and Council directive on measures to be taken against air pollution by emissions from motor vehicles and amending Council Directives 70/156/EEC and 70/220/EEC.</p>
<p>- Proposal for a Council directive concerning the quality of water intended for human consumption.</p>
<p>- Community strategy to combat acidification.</p>
<p>- Community strategy on biological diversity.</p>
<p>- Communication from the Commission to the Council and to the EP on agreements in the environmental field.</p>
<p>- Proposal for a Council directive on landfill of wastes.</p>
<p>- Proposal for a Council regulation establishing common rules and procedures to apply to shipments to certain non-OECD countries of certain types of waste.</p>
<p>- (possibly) Proposal for a Council framework directive on water.</p>
<p>MONDAY, JUNE 23</p>
<p>LUXEMBOURG - Fisheries Council.</p>
<p>Provisional agenda includes:</p>
<p>- (possibly) MAGPs IV, Council decision on Multiannual Guidance Programmes (structural arrangements for 1997-1999).</p>
<p>- Proposal for a Council regulation laying down certain technical measures for the conservation of fisheries resources.</p>
<p>- Proposal for a Council regulation (EC) introducing arrangements for the management of fishing effort in the Baltic Sea.</p>
<p>- (possibly) Proposal for a Council regulation (EC) fixing management objectives and strategies for certain fisheries or groups of fisheries for the period 1994-1997.</p>
<p>- (possibly) Proposal for a Council regulation (EC) amending Council regulation (EEC) No 2115/77 prohibiting fishing for herring for purposes other than human consumption.</p>
<p>- Ratification of UK agreement on straddling stocks.</p>
<p>- Proposal for a Council regulation establishing a list of species to be entered in the logbooks and in the landing declaration.</p>
<p>- Proposal for a Council regulation amending regulation (EEC) No 2847/93 establishing a control system applicable to the Common Fisheries Policy (integrated computer network).</p>
<p>- (possibly) Proposal for a Council regulation (EC) on the financing of collection of scientific data.</p>
<p>- (possibly) Commission report on the progress of MAGPs for the fishing fleets (1993-1996).</p>
<p>- (possibly) Proposal for a Council regulation (EC) amending Council regulation 2930/986 defining the characteristics of fishing vessels.</p>
<p>LUXEMBOURG - ECOFIN Council.</p>
<p>Provisional agenda includes:</p>
<p>- Follow-up to the European Council in Amsterdam - preparation of stage 3 of EMU.</p>
<p>- Adoption of the 1997 broad economic policy guidelines.</p>
<p>- (possibly) Financial services.</p>
<p>- (possibly) Taxation.</p>
<p>- Preparation of the Luxembourg EU presidency.</p>
<p>WEDNESDAY, JUNE 25</p>
<p>BRUSSELS - European Parliament holds mini session (To June 26).</p>
<p>AMSTERDAM - The Netherlands Industrial and Agricultural Biotechnology (NIAB) Foundation holds "EuropaBio '97" (To June 27). Speakers include: European Commissioner Brittan, Dutch Economic Affairs Minister Hans Wijers. Venue: RAI Congress Centre. Contact: Lidy Groot Congress Events (31) 20 679 3218.</p>
<p>THURSDAY, JUNE 26</p>
<p>LUXEMBOURG - General Affairs Council.</p>
<p>Provisional agenda include:</p>
<p>- Follow-up to the Amsterdam European Council.</p>
<p>- Former Yugoslavia.</p>
<p>- Middle East peace process.</p>
<p>- Relations with Andorra: decision to sign the cooperation agreement.</p>
<p>- Mediterranean policy: report on follow-up to Barcelona Conference.</p>
<p>- Relations with Albania: decision to sign the cooperation agreement.</p>
<p>- Relations with Yemen: decision to sign the cooperation agreement.</p>
<p>- Relations with Turkmenistan: decision to sign the partnership and cooperation agreement.</p>
<p>- Relations with Switzerland: conclusion of negotiations.</p>
<p>- EEA Council session: preparation of the Union's position.</p>
<p>- In the margins of the Council:</p>
<p>- EEA Council;</p>
<p>- Signature of the cooperation agreement with Albania;</p>
<p>- Signature of the partnership and cooperation agreement with Turkmenistan;</p>
<p>- Signature of the cooperation agreement with Yemen;</p>
<p>- Signature of the cooperation agreement with Andorra;</p>
<p>- Conference of the Representatives of the Governments of the Member States: appointment of judges and advocates-general to the Court of Justice (period in office begins 7 October 1997).</p>
<p>LUXEMBOURG - Education Council.</p>
<p>Provisional agenda includes:</p>
<p>- White paper on education and training.</p>
<p>- Proposal for a decision concerning the SOCRATES budget.</p>
<p>- Green paper on obstacles to mobility in higher education.</p>
<p>- Commission communication: "Learning in the Information Society".</p>
<p>- Council recommendation on quality in higher education.</p>
<p>- Commission communication on safety at school.</p>
<p>- (possibly) Voluntary service for young people.</p>
<p>MONDAY, JUNE 30</p>
<p>LUXEMBOURG - Culture Council.</p>
<p>Provisional agenda includes:</p>
<p>- Directive "Television without frontiers".</p>
<p>- Cooperation between public broadcast corporations.</p>
<p>- Proposal for a decision on an European Guarantee Fund (audiovisual).</p>
<p>- Proposal for a decision on European Cultural Cities.</p>
<p>- The cultural dimension of the European unification.</p>
<p>- A different set-up of EU cultural programmes.</p>
<p>- (Possibly) Book pricing.</p>
<p>* Dutch EU presidency ends. Luxembourg takes over to December 31, 1997.</p>
<p>TUESDAY, JULY 8</p>
<p>MADRID - NATO holds summit to chart course for enlargement and invite a number of former communist foes to begin membership talks (To July 9).</p>
<p>WEDNESDAY, JULY 9</p>
<p>BRUSSELS - Economic and Social Committee (ECOSOC) holds plenary session (To July 10).</p>
<p>SATURDAY, JULY 12</p>
<p>LUXEMBOURG - Informal Social Affairs Council (To July 13). No agenda yet available.</p>
<p>MONDAY, JULY 14</p>
<p>STRASBOURG - European Parliament holds plenary session (to July 18).</p>
<p>MONDAY, JULY 21</p>
<p>- EU institutions closed for Belgian Independence Day holiday.</p>
<p>TUESDAY, JULY 22</p>
<p>BRUSSELS - General Affairs Council (To July 23). No agenda yet available.</p>
<p>BRUSSELS - Farm Council. No agenda yet available.</p>
<p>THURSDAY, JULY 24</p>
<p>BRUSSELS - Budget Council. No agenda yet available.</p>
<p>AUGUST</p>
<p>- EU institutions closed for summer holidays.</p>
<p>SUNDAY, SEPTEMBER 7</p>
<p>LUXEMBOURG - Informal Farm Council (To September 9). No agenda yet available.</p>
<p>FRIDAY, SEPTEMBER 12</p>
<p>LUXEMBOURG - Informal ECOFIN Council (To September 14). No agenda yet available.</p>
<p>MONDAY, SEPTEMBER 15</p>
<p>BRUSSELS - General Affairs Council (September 16). No agenda yet available.</p>
<p>STRASBOURG - European Parliament holds plenary session (To September 19).</p>
<p>WEDNESDAY, SEPTEMBER 17</p>
<p>BRUSSELS - Committee of the Regions holds plenary session (To September 18).</p>
<p>MONDAY, SEPTEMBER 22</p>
<p>BRUSSELS - Justice and Home Affairs Council (To September 23). No agenda yet available.</p>
<p>BRUSSELS - Farm Council (To September 23). No agenda yet available.</p>
<p>WEDNESDAY, OCTOBER 1</p>
<p>BRUSSELS - European Parliament holds mini session (To October 2).</p>
<p>BRUSSELS - Economic and Social Committee (ECOSOC) holds plenary session (To October 2).</p>
<p>THURSDAY, OCTOBER 2</p>
<p>LUXEMBOURG - Telecoms Council. No agenda yet available.</p>
<p>FRIDAY, OCTOBER 3</p>
<p>LUXEMBOURG - Informal Internal Market Council (To October 4). No agenda yet available.</p>
<p>MONDAY, OCTOBER 6</p>
<p>LUXEMBOURG - General Affairs Council (To October 7). No agenda yet available.</p>
<p>THURSDAY, OCTOBER 9</p>
<p>LUXEMBOURG - Transport Council. No agenda yet available.</p>
<p>MONDAY, OCTOBER 13</p>
<p>LUXEMBOURG - ECOFIN Council. No agenda yet available.</p>
<p>TUESDAY, OCOTBER 14</p>
<p>LUXEMBOURG - Social Affairs Council. No agenda yet available.</p>
<p>FRIDAY, OCTOBER 17</p>
<p>LUXEMBOURG - Informal Justice and Home Affairs Council (To October 18). No agenda yet available.</p>
<p>MONDAY, OCTOBER 20</p>
<p>LUXEMBOURG - Farm Council (To OCtober 21). No agenda yet available.</p>
<p>STRASBOURG - European Parliament holds plenary session (To October 24).</p>
<p>THURSDAY, OCTOBER 23</p>
<p>LUXEMBOURG - Environment Council. No agenda yet available.</p>
<p>WEDNESDAY, OCTOBER 29</p>
<p>BRUSSELS - Economic and Social Committee (ECOSOC) holds plenary session (To October 30).</p>
<p>THURSDAY, OCTOBER 30</p>
<p>LUXEMBOURG - Fisheries Council. No agenda yet available.</p>
<p>MONDAY, NOVEMBER 3</p>
<p>BRUSSELS - Consumers Council. No agenda yet available.</p>
<p>WEDNESDAY, NOVEMBER 5</p>
<p>BRUSSELS - European Parliament holds mini session (To November 6).</p>
<p>MONDAY, NOVEMBER 10</p>
<p>BRUSSELS - Research Council. No agenda yet available.</p>
<p>WEDNESDAY, NOVEMBER 2</p>
<p>TOULOUSE, France - European People's Party (EPP) holds congress on "Europe and globalisation" (To November 14). Contact: EPP (322) 285 41 57.</p>
<p>THURSDAY, NOVEMBER 13</p>
<p>BRUSSELS - Industry Council. No agenda yet available.</p>
<p>MONDAY, NOVEMBER 17</p>
<p>BRUSSELS - ECOFIN Council. No agenda yet available.</p>
<p>BRUSSELS - Farm Council (To November). No agenda yet available.</p>
<p>STRASBOURG - European Parliament holds plenary session (To November 21).</p>
<p>WEDNESDAY, NOVEMBER 19</p>
<p>BRUSSELS - (possibly) Fisheries Council. No agenda yet available.</p>
<p>BRUSSELS - Committee of the Regions holds plenary session (To November 20).</p>
<p>THURSDAY, NOVEMBER 20</p>
<p>BRUSSELS - Education Council. No agenda yet available.</p>
<p>FRIDAY, NOVEMBER 21</p>
<p>BRUSSELS - Development Council. No agenda yet available.</p>
<p>MONDAY, NOVEMBER 24</p>
<p>BRUSSELS - General Affairs Council (To November 25). No agenda yet available.</p>
<p>BRUSSELS - Culture Council. No agenda yet available.</p>
<p>THURSDAY, NOVEMBER 27</p>
<p>BRUSSELS - Internal Market Council. No agenda yet available.</p>
<p>BRUSSELS - Budget Council. No agenda yet available.</p>
<p>MONDAY, DECEMBER 1</p>
<p>BRUSSELS - ECOFIN Council. No agenda yet available.</p>
<p>BRUSSELS - (possibly) Telecoms Council. No agenda yet available.</p>
<p>TUESDAY, DECEMBER 2</p>
<p>BRUSSELS - Social Affairs Council. No agenda yet available.</p>
<p>WEDNESDAY, DECEMBER 3</p>
<p>BRUSSELS - European Parliament holds mini session (To December 4).</p>
<p>THURSDAY, DECEMBER 4</p>
<p>BRUSSELS - Health Council. No agenda yet available.</p>
<p>BRUSSELS - Justice and Home Affairs Council. No agenda yet available.</p>
<p>MONDAY, DECEMBER 8</p>
<p>BRUSSELS - General Affairs Council (To December 9). No agenda yet available.</p>
<p>BRUSSELS - Energy Council. No agenda yet available.</p>
<p>WEDNESDAY, DECEMBER 10</p>
<p>BRUSSELS - Transport Council (To December 11). No agenda yet available.</p>
<p>BRUSSELS - Economic and Social Committee (ECOSOC) holds plenary session (To December 11).</p>
<p>FRIDAY, DECEMBER 12</p>
<p>LUXEMBOURG - Luxembourg presidency hosts European Council of heads of state and government (To December 13).</p>
<p>MONDAY, DECEMBER 15</p>
<p>BRUSSELS - Farm Council (To December 16). No agenda yet available.</p>
<p>BRUSSELS - Environment Council (To December 16). No agenda yet available.</p>
<p>STRASBOURG - European Parliament holds plenary session (To December 19).</p>
<p>THURSDAY, DECEMBER 18</p>
<p>BRUSSELS - Fisheries Council (To December 19). No agenda yet available.</p>
<p>MONDAY, DECEMBER 22</p>
<p>BRUSSELS - (possibly) ECOFIN Council. No agenda yet available.</p>
<p>WEDNESDAY, DECEMBER 24</p>
<p>- EU institutions closed for Christmas holidays until Sunday, January 4 inclusive.</p>
<p>If you have items for inclusion in the Reuter European</p>
<p>Community diary, please contact:</p>
<p>Telephone: Cynthia Simpson (322) 287 6851</p>
<p>Fax: (322) 230 5573</p>
<p>For technical queries regarding</p>
<p>the service, please call (322) 287 6666</p>
<p>- - - - - - - - - - - - - - - - - - - - - - -</p>
<p>EC Report (C)opyright Reuters Limited.</p>
</text>
<copyright>(c) Reuters Limited 1997</copyright>
<metadata>
<codes class="bip:countries:1.0">
  <code code="EEC">
    <editdetail action="confirmed" attribution="Reuters BIP Coding Group" date="1997-01-28"/>
  </code>
</codes>
<codes class="bip:topics:1.0">
  <code code="G15">
    <editdetail action="confirmed" attribution="Reuters BIP Coding Group" date="1997-01-28"/>
  </code>
  <code code="GCAT">
    <editdetail action="confirmed" attribution="Reuters BIP Coding Group" date="1997-01-28"/>
  </code>
</codes>
<dc element="dc.publisher" value="Reuters Holdings Plc"/>
<dc element="dc.date.published" value="1997-01-28"/>
<dc element="dc.source" value="Reuters"/>
<dc element="dc.creator.location.country.name" value="EU"/>
<dc element="dc.source" value="Reuters"/>
</metadata>
</newsitem>
