<?xml version="1.0" encoding="ISO-8859-1" standalone="no"?>
<newsitem date="1997-01-28" id="root" itemid="336756" xml:lang="en">
<title>USA: American seeks arbitration with pilots.</title>
<headline>American seeks arbitration with pilots.</headline>
<dateline>DALLAS 1997-01-28</dateline>
<text>
<p>American Airlines President Don Carty on Tuesday said the company had sent a letter to the pilots' union seeking arbitration to resolve their escalating contract dispute.</p>
<p>"We believe arbitration is the only rational solution to the dilemma," Carty said in a news conference. "If they are confident in their position, they should have absolutely no concern about arbitrating the matter."</p>
<p>The offer appeared to be an olive branch from the airline, which earlier turned down binding arbitration, as did the pilots' union.  </p>
<p>The two sides are now in a 30-day "cooling off" period which ends February 15. The pilots, represented by the American Pilot Association, have threatened to strike unless their demands for an 11 percent pay increase and other issues are met.</p>
<p>Carty said the airline, a unit of AMR Corp, did not want a strike, "but we cannot accept APA's demands." The demands would cost American $200 million annually, he said.</p>
<p>"The very fabric of this company is going to be torn apart by a strike," Carty said.</p>
<p>He said the threat of a strike had not yet affected flight bookings, but that it likely would as the deadline neared. He said an earlier strike by flight attendants cost the company $100 million.</p>
</text>
<copyright>(c) Reuters Limited 1997</copyright>
<metadata>
<codes class="bip:countries:1.0">
  <code code="USA">
    <editdetail action="confirmed" attribution="Reuters BIP Coding Group" date="1997-01-28"/>
  </code>
</codes>
<codes class="bip:industries:1.0">
  <code code="I75000">
    <editdetail action="confirmed" attribution="Reuters BIP Coding Group" date="1997-01-28"/>
  </code>
</codes>
<codes class="bip:topics:1.0">
  <code code="C42">
    <editdetail action="confirmed" attribution="Reuters BIP Coding Group" date="1997-01-28"/>
  </code>
  <code code="CCAT">
    <editdetail action="confirmed" attribution="Reuters BIP Coding Group" date="1997-01-28"/>
  </code>
  <code code="E41">
    <editdetail action="confirmed" attribution="Reuters BIP Coding Group" date="1997-01-28"/>
  </code>
  <code code="ECAT">
    <editdetail action="confirmed" attribution="Reuters BIP Coding Group" date="1997-01-28"/>
  </code>
  <code code="GCAT">
    <editdetail action="confirmed" attribution="Reuters BIP Coding Group" date="1997-01-28"/>
  </code>
  <code code="GJOB">
    <editdetail action="confirmed" attribution="Reuters BIP Coding Group" date="1997-01-28"/>
  </code>
</codes>
<dc element="dc.date.created" value="1997-01-28"/>
<dc element="dc.publisher" value="Reuters Holdings Plc"/>
<dc element="dc.date.published" value="1997-01-28"/>
<dc element="dc.source" value="Reuters"/>
<dc element="dc.creator.location" value="DALLAS"/>
<dc element="dc.creator.location.country.name" value="USA"/>
<dc element="dc.source" value="Reuters"/>
</metadata>
</newsitem>
