<?xml version="1.0" encoding="ISO-8859-1" standalone="no"?>
<newsitem date="1997-01-28" id="root" itemid="337419" xml:lang="en">
<title>BELARUS: Belarus rouble unchanged at 21,000 per dlr in Mins.</title>
<headline>Belarus rouble unchanged at 21,000 per dlr in Mins.</headline>
<dateline>MINSK 1997-01-28</dateline>
<text>
<p>The Belarussian rouble was unchanged at 21,000 per dollar on the Minsk Interbank Currency Exchange.</p>
<p>				    January 28	    January 27</p>
<p> Belar rouble rate to dollar   21,000		  21,000</p>
<p> Volume traded		  $1.184 million	    $2.893 million</p>
<p>--Kiev newsroom, +380 44 229 2264</p>
</text>
<copyright>(c) Reuters Limited 1997</copyright>
<metadata>
<codes class="bip:countries:1.0">
  <code code="BYELRS">
    <editdetail action="confirmed" attribution="Reuters BIP Coding Group" date="1997-01-28"/>
  </code>
</codes>
<codes class="bip:topics:1.0">
  <code code="M13">
    <editdetail action="confirmed" attribution="Reuters BIP Coding Group" date="1997-01-28"/>
  </code>
  <code code="M132">
    <editdetail action="confirmed" attribution="Reuters BIP Coding Group" date="1997-01-28"/>
  </code>
  <code code="MCAT">
    <editdetail action="confirmed" attribution="Reuters BIP Coding Group" date="1997-01-28"/>
  </code>
</codes>
<dc element="dc.date.created" value="1997-01-28"/>
<dc element="dc.publisher" value="Reuters Holdings Plc"/>
<dc element="dc.date.published" value="1997-01-28"/>
<dc element="dc.source" value="Reuters"/>
<dc element="dc.creator.location" value="MINSK"/>
<dc element="dc.creator.location.country.name" value="BELARUS"/>
<dc element="dc.source" value="Reuters"/>
</metadata>
</newsitem>
