<?xml version="1.0" encoding="ISO-8859-1" standalone="no"?>
<newsitem date="1997-01-28" id="root" itemid="337861" xml:lang="en">
<title>USA: INSIGHT - Dlr/mark pullback seen buying opportunity.</title>
<headline>INSIGHT - Dlr/mark pullback seen buying opportunity.</headline>
<dateline>NEW YORK 1997-01-28</dateline>
<text>
<p>Dollar/mark's decline from Tuesday's 1.6570 high is a temporary dip and the retracement presents an excellent opportunity to refresh longs before new highs, technical analysts said.</p>
<p>Support near 1.6455 marks, the previous 31-month high exceeded on Monday, should remain intact. But if it breaks, technicians said they would not hesitate to scoop up dollars.</p>
<p>"If we close below 1.6450 marks it could move down to 1.6300, that would be a spectacular buy," said Randolph Donney, director of capital market research at Pegasus Econometric Group.  </p>
<p>Al Inglesino, technical analyst at MCM CurrencyWatch, said he looked for an initial move down to between 1.6450 and 1.6405, ahead of another bounce higher. But he said a break below 1.6365 could delay the rebound.</p>
<p>"If we get below this (1.6365) level, then I'm looking for a possible deferral of the bullish potential; maybe we get to 1.6200 (marks), the pullback is a little deeper," he added.</p>
<p>The medium-to-longer term outlook for the dollar remains decidedly bullish, analysts said. Above Tuesday's 31-month high, Inglesino placed the next objectives within a 1.6720 to 1.6820 "resistance window".  </p>
<p>Donney said the dollar could reach 1.71 marks by April.</p>
<p>Many daily and weekly technical studies, such as the relative strength index, are overbought. Moving average convergence studies are also topping out, but analysts said while these may foreshadow an eventual correction of the rally, the dollar's uptrend is still too strong to heed them.</p>
<p>Analysts also remain strongly bullish dollar/yen after Tuesday's sharp rise, despite similarly overbought technical indicators.  </p>
<p>"We're overbought in just about every possible way you could imagine in dollar/yen," Donney said. "But I don't want to go against this trend, there is too much behind it."</p>
<p>The medium-term upside target in dollar/yen is 123.50 but intermediate resistance should be encountered at 121.95 and 122.55, according to analysts.</p>
<p>Support lies at 120.60 yen, followed by 119.25, they said.</p>
<p>At 1400 EST on Tuesday, dollar/yen was trading at 121.68/78 up from 120.64/69 at the U.S. open and at 1.6525/35 marks, up from 1.6508/13.</p>
<p>((--Alden Bentley, 212 859 1667))</p>
</text>
<copyright>(c) Reuters Limited 1997</copyright>
<metadata>
<codes class="bip:countries:1.0">
  <code code="USA">
    <editdetail action="confirmed" attribution="Reuters BIP Coding Group" date="1997-01-28"/>
  </code>
</codes>
<codes class="bip:topics:1.0">
  <code code="M13">
    <editdetail action="confirmed" attribution="Reuters BIP Coding Group" date="1997-01-28"/>
  </code>
  <code code="M132">
    <editdetail action="confirmed" attribution="Reuters BIP Coding Group" date="1997-01-28"/>
  </code>
  <code code="MCAT">
    <editdetail action="confirmed" attribution="Reuters BIP Coding Group" date="1997-01-28"/>
  </code>
</codes>
<dc element="dc.date.created" value="1997-01-28"/>
<dc element="dc.publisher" value="Reuters Holdings Plc"/>
<dc element="dc.date.published" value="1997-01-28"/>
<dc element="dc.source" value="Reuters"/>
<dc element="dc.creator.location" value="NEW YORK"/>
<dc element="dc.creator.location.country.name" value="USA"/>
<dc element="dc.source" value="Reuters"/>
</metadata>
</newsitem>
