<?xml version="1.0" encoding="ISO-8859-1" standalone="no"?>
<newsitem date="1997-01-28" id="root" itemid="337639" xml:lang="en">
<title>THAILAND: Burma jails 14 for involvement in student protests.</title>
<headline>Burma jails 14 for involvement in student protests.</headline>
<dateline>BANGKOK 1997-01-28</dateline>
<text>
<p>Burma said on Tuesday that 14 people, including five members of opposition leader Aung San Suu Kyi's political party, had each been jailed for seven years for involvement in last month's student unrest.</p>
<p>The military government said in a statement that the five members of the National League for Democracy (NLD) and nine others were found guilty of agitation and throwing rocks at security personnel during the unrest.</p>
<p>A spokesman for the ruling State Law and Order Restoration Council (SLORC) said they were now in Rangoon's Insein jail and were sentenced by the court on Monday.</p>
<p>"None of those sentenced were students," the statement said.</p>
<p>Thousands of Rangoon university students launched anti-government street protests in the capital in December to seek greater freedoms. More than 800 students were briefly detained for taking part in the protests.</p>
<p>The protests were the biggest in the capital since the pro-democracy uprising of 1988, which was crushed by the military and left thousands dead or in jail.</p>
<p>The SLORC shut down universities in the capital indefinitely and sent students home to the provinces. The universities are still closed.</p>
<p>Suu Kyi had maintained that her NLD party was not involved in the student unrest. But she said that she supported the students' demands for greater freedom in the country.</p>
</text>
<copyright>(c) Reuters Limited 1997</copyright>
<metadata>
<codes class="bip:countries:1.0">
  <code code="BURMA">
    <editdetail action="confirmed" attribution="Reuters BIP Coding Group" date="1997-01-28"/>
  </code>
</codes>
<codes class="bip:topics:1.0">
  <code code="GCAT">
    <editdetail action="confirmed" attribution="Reuters BIP Coding Group" date="1997-01-28"/>
  </code>
  <code code="GCRIM">
    <editdetail action="confirmed" attribution="Reuters BIP Coding Group" date="1997-01-28"/>
  </code>
  <code code="GPOL">
    <editdetail action="confirmed" attribution="Reuters BIP Coding Group" date="1997-01-28"/>
  </code>
  <code code="GVIO">
    <editdetail action="confirmed" attribution="Reuters BIP Coding Group" date="1997-01-28"/>
  </code>
</codes>
<dc element="dc.date.created" value="1997-01-28"/>
<dc element="dc.publisher" value="Reuters Holdings Plc"/>
<dc element="dc.date.published" value="1997-01-28"/>
<dc element="dc.source" value="Reuters"/>
<dc element="dc.creator.location" value="BANGKOK"/>
<dc element="dc.creator.location.country.name" value="THAILAND"/>
<dc element="dc.source" value="Reuters"/>
</metadata>
</newsitem>
