<?xml version="1.0" encoding="ISO-8859-1" standalone="no"?>
<newsitem date="1997-01-28" id="root" itemid="337170" xml:lang="en">
<title>SOUTH AFRICA: S.African truth probe asks who ordered Biko dead.</title>
<headline>S.African truth probe asks who ordered Biko dead.</headline>
<byline>Brendan Boyle</byline>
<dateline>CAPE TOWN 1996-01-29</dateline>
<text>
<p>South Africa's Truth Commission has welcomed the confessions of former policemen who tortured anti-apartheid leader Stephen Biko to death in 1977, but insists they must deliver their masters too.</p>
<p>Alex Boraine, deputy chairman of the statutory Truth and Reconciliation Commission, said on Tuesday an undisclosed number of former policemen had admitted killing 10 black activists including Biko and would seek pardon.</p>
<p>Lawyer Francois van der Merwe confirmed that the applicants included five men who would seek amnesty for killing Biko, charismatic leader of the Black Consciousness Movement, whose death galvanised world opinion against apartheid.</p>
<p>Biko, possibly the only black leader who could have rivalled the stature of President Nelson Mandela, died in a police cell from multiple injuries including brain damage.</p>
<p>Police photographs of his body showed his face battered and torn, apparently by beatings.</p>
<p>An official inquest failed to apportion blame for his death, but determined that he died alone in a cell after being driven naked, injured and chained in the back of a truck from Port Elizabeth, where he was arrested and interrogated, to Pretoria 1,200 km (700 miles) away.</p>
<p>"The information we have gathered constitutes a major breakthrough," Boraine told a news conference in Port Elizabeth.</p>
<p>But he said the information on Biko's death and the deliberate execution of nine others, some of whose bodies were burned on open fires, had not yet been tested.</p>
<p>"We are also not convinced that all those who bear responsibility for the acts and omissions which led to the deaths of people have come forward," he said.</p>
<p>Responding to questions, Boraine said none of the state doctors who examined Biko during his month-long detention and torture and pronounced him fit had sought pardon.</p>
<p>He said that in terms of South Africa's post-apartheid National Unity and Reconciliation Act, amnesty could be granted only to offenders who made a full confession.</p>
<p>"Full disclosure includes revealing the chain of command and we are anxious to establish what that was," he said.</p>
<p>Van der Merwe said his clients wanted to contribute to the work of the Truth Commission and to reconciliation, but he cautioned that their evidence might not lead investigators far.</p>
<p>"At this stage there seems to be a misconception...as to the fact that all these incidents can be and should be fed right through to the prime minister or president of the day.</p>
<p>"A lot of incidents were dealt with at lower levels, but within the culture of the government of the day... There is a line of command - how high it goes is something we will reserve for the evidence," he said.</p>
<p>B.J. Vorster, who was prime minister at the time, and police minister Jimmy Kruger, who said Biko's death "leaves me cold", are both dead.</p>
<p>P.W. Botha, who succeeded Vorster in 1978 and F.W. de Klerk, who became president in 1989, have said they have nothing to confess to the Truth Commission headed by Archbishop Desmond Tutu.</p>
<p>The commission is authorised to pardon human rights offenders on either side in the struggle over apartheid and to award limited compensation to victims and their families.</p>
<p>Families of the victims whose killers have now come forward declined to comment on Tuesday about the latest revelations, but Joyce Mtimkulu, whose son Siphiwe was tortured, killed and burned in 1982, told Reuters: "I will never forgive them."</p>
</text>
<copyright>(c) Reuters Limited 1997</copyright>
<metadata>
<codes class="bip:countries:1.0">
  <code code="SAFR">
    <editdetail action="confirmed" attribution="Reuters BIP Coding Group" date="1997-01-28"/>
  </code>
</codes>
<codes class="bip:topics:1.0">
  <code code="GCAT">
    <editdetail action="confirmed" attribution="Reuters BIP Coding Group" date="1997-01-28"/>
  </code>
  <code code="GCRIM">
    <editdetail action="confirmed" attribution="Reuters BIP Coding Group" date="1997-01-28"/>
  </code>
  <code code="GPOL">
    <editdetail action="confirmed" attribution="Reuters BIP Coding Group" date="1997-01-28"/>
  </code>
  <code code="GVIO">
    <editdetail action="confirmed" attribution="Reuters BIP Coding Group" date="1997-01-28"/>
  </code>
</codes>
<dc element="dc.date.created" value="1996-01-29"/>
<dc element="dc.publisher" value="Reuters Holdings Plc"/>
<dc element="dc.date.published" value="1997-01-28"/>
<dc element="dc.source" value="Reuters"/>
<dc element="dc.creator.location" value="CAPE TOWN"/>
<dc element="dc.creator.location.country.name" value="SOUTH AFRICA"/>
<dc element="dc.source" value="Reuters"/>
</metadata>
</newsitem>
