<?xml version="1.0" encoding="ISO-8859-1" standalone="no"?>
<newsitem date="1997-01-28" id="root" itemid="337457" xml:lang="en">
<title>VENEZUELA: Ten killed, 22 injured in Venezuela bus accident.</title>
<headline>Ten killed, 22 injured in Venezuela bus accident.</headline>
<dateline>CARACAS 1997-01-28</dateline>
<text>
<p>At least 10 people, three of them children, were killed and 22 injured when a bus plunged into a river in central Caracas on Tuesday, a fire brigade spokesman said.</p>
<p>A doctor at the scene of the accident said four of the injured were in critical condition.</p>
<p>The bus, carrying about 45 passengers, was on its way from Caracas to the Valles del Tuy area, about 25 miles (40 km) to the south when it skidded and plunged into the polluted waters of the Guaire river..</p>
</text>
<copyright>(c) Reuters Limited 1997</copyright>
<metadata>
<codes class="bip:countries:1.0">
  <code code="VEN">
    <editdetail action="confirmed" attribution="Reuters BIP Coding Group" date="1997-01-28"/>
  </code>
</codes>
<codes class="bip:topics:1.0">
  <code code="GCAT">
    <editdetail action="confirmed" attribution="Reuters BIP Coding Group" date="1997-01-28"/>
  </code>
  <code code="GDIS">
    <editdetail action="confirmed" attribution="Reuters BIP Coding Group" date="1997-01-28"/>
  </code>
</codes>
<dc element="dc.date.created" value="1997-01-28"/>
<dc element="dc.publisher" value="Reuters Holdings Plc"/>
<dc element="dc.date.published" value="1997-01-28"/>
<dc element="dc.source" value="Reuters"/>
<dc element="dc.creator.location" value="CARACAS"/>
<dc element="dc.creator.location.country.name" value="VENEZUELA"/>
<dc element="dc.source" value="Reuters"/>
</metadata>
</newsitem>
