<?xml version="1.0" encoding="ISO-8859-1" standalone="no"?>
<newsitem date="1997-01-28" id="root" itemid="338073" xml:lang="en">
<title>FRANCE: French broker upgrades Suez.</title>
<headline>French broker upgrades Suez.</headline>
<dateline>PARIS 1997-01-28</dateline>
<text>
<p>French broker SGE Delahaye has upgraded Compagnie de Suez to outperform from neutral, citing a clearer view of the holding company's business following its sale of property loans, fund managers said on Tuesday.</p>
<p>The broker revised the forecast 1997 earnings per share to 17.7 francs from 15.4.</p>
<p>Suez shares closed up 6.94 percent at 248 francs, while the market was up 1.95 percent.</p>
<p>Even if rumours of a link up between Suez and utilities firm Lyonnaise des Eaux did not prove true, the upgrade was justified because of the asset sales, the broker said.</p>
<p>Suez said on Monday it has sold a portfolio of property loans for three billion francs to U.S. investment fund Whitehall, managed by Goldman Sachs. Suez is taking a one billion franc charge on the disposal.</p>
<p>Suez expects to make a 1996 net profit of 800 million francs after the charge.</p>
</text>
<copyright>(c) Reuters Limited 1997</copyright>
<metadata>
<codes class="bip:countries:1.0">
  <code code="FRA">
    <editdetail action="confirmed" attribution="Reuters BIP Coding Group" date="1997-01-28"/>
  </code>
</codes>
<codes class="bip:industries:1.0">
  <code code="I81402">
    <editdetail action="confirmed" attribution="Reuters BIP Coding Group" date="1997-01-28"/>
  </code>
</codes>
<codes class="bip:topics:1.0">
  <code code="C15">
    <editdetail action="confirmed" attribution="Reuters BIP Coding Group" date="1997-01-28"/>
  </code>
  <code code="C152">
    <editdetail action="confirmed" attribution="Reuters BIP Coding Group" date="1997-01-28"/>
  </code>
  <code code="CCAT">
    <editdetail action="confirmed" attribution="Reuters BIP Coding Group" date="1997-01-28"/>
  </code>
</codes>
<dc element="dc.date.created" value="1997-01-28"/>
<dc element="dc.publisher" value="Reuters Holdings Plc"/>
<dc element="dc.date.published" value="1997-01-28"/>
<dc element="dc.source" value="Reuters"/>
<dc element="dc.creator.location" value="PARIS"/>
<dc element="dc.creator.location.country.name" value="FRANCE"/>
<dc element="dc.source" value="Reuters"/>
</metadata>
</newsitem>
