<?xml version="1.0" encoding="ISO-8859-1" standalone="no"?>
<newsitem date="1997-01-28" id="root" itemid="338260" xml:lang="en">
<title>SRI LANKA: Sri Lanka rebel mine kills six civilians.</title>
<headline>Sri Lanka rebel mine kills six civilians.</headline>
<dateline>COLOMBO 1997-01-28</dateline>
<text>
<p>A land mine planted on an east Sri Lanka road by Tamil separatist guerrillas blew up a van on Tuesday killing six civilians, two of them children, military officials said.</p>
<p>The blast at the village of Kudapokuna in Polonnaruwa district, 200 km (125 miles) northeast of Colombo, wounded at least two passengers, they said.</p>
<p>Liberation Tigers of Tamil Eelam rebels, hiding in nearby jungle, opened fire at police, delaying the rescue of the wounded, they added.</p>
<p>The LTTE, who are fighting for a homeland for minority Tamils in the predominantly Sinhalese Indian Ocean island's north and east, were not immediately available for comment.</p>
<p>The government says more than 50,000 people have died in the war, now in its 14th year. The LTTE say the toll is higher.</p>
</text>
<copyright>(c) Reuters Limited 1997</copyright>
<metadata>
<codes class="bip:countries:1.0">
  <code code="SRILAN">
    <editdetail action="confirmed" attribution="Reuters BIP Coding Group" date="1997-01-28"/>
  </code>
</codes>
<codes class="bip:topics:1.0">
  <code code="GCAT">
    <editdetail action="confirmed" attribution="Reuters BIP Coding Group" date="1997-01-28"/>
  </code>
  <code code="GVIO">
    <editdetail action="confirmed" attribution="Reuters BIP Coding Group" date="1997-01-28"/>
  </code>
</codes>
<dc element="dc.date.created" value="1997-01-28"/>
<dc element="dc.publisher" value="Reuters Holdings Plc"/>
<dc element="dc.date.published" value="1997-01-28"/>
<dc element="dc.source" value="Reuters"/>
<dc element="dc.creator.location" value="COLOMBO"/>
<dc element="dc.creator.location.country.name" value="SRI LANKA"/>
<dc element="dc.source" value="Reuters"/>
</metadata>
</newsitem>
