<?xml version="1.0" encoding="ISO-8859-1" standalone="no"?>
<newsitem date="1997-01-28" id="root" itemid="336601" xml:lang="en">
<title>USA: U.S. Satellite subscribers double in 1996.</title>
<headline>U.S. Satellite subscribers double in 1996.</headline>
<dateline>ST. PAUL, Minn. 1997-01-28</dateline>
<text>
<p>U.S. Satellite Broadcasting Co said Tuesday that its U.S. subscriber base nearly doubled in 1996 and that December was the best month ever for sales of its 18-inch Digital Satellite System (DSS).</p>
<p>During the quarter, paying subscribers grew by 175,000 to 1,220,000, the company said.</p>
<p>"December was the biggest month ever for DSS sales, said Stanley Hubbard, president and chief executive of U.S. Satellite. "DSS is now in one of every 42 homes in America, and we expect continued strong growth throughout 1997."</p>
<p>The company said more than one million DSS units were sold and installed in U.S. homes in 1996, and the total number of DSS homes now stands at 2.3 million.</p>
<p>"Since its introduction, DSS stands as the fastest selling product in consumer electronics history, and DSS continues to maintain a pace well ahead of other successful products including VCRs, cellular phones and CD players," Hubbard said.</p>
<p>Earlier, U.S. Satellite reported a net loss for the fiscal second quarter of $0.46 a share versus $0.31 last year. The loss was deepened by a $17 million charge for a manufacturer incentive program for DSS. The charge increased the net loss by $12.8 million or $0.15 a share.</p>
<p>((--Chicago newsdesk, 312-408-8787))</p>
</text>
<copyright>(c) Reuters Limited 1997</copyright>
<metadata>
<codes class="bip:countries:1.0">
  <code code="USA">
    <editdetail action="confirmed" attribution="Reuters BIP Coding Group" date="1997-01-28"/>
  </code>
</codes>
<codes class="bip:topics:1.0">
  <code code="C31">
    <editdetail action="confirmed" attribution="Reuters BIP Coding Group" date="1997-01-28"/>
  </code>
  <code code="CCAT">
    <editdetail action="confirmed" attribution="Reuters BIP Coding Group" date="1997-01-28"/>
  </code>
</codes>
<dc element="dc.date.created" value="1997-01-28"/>
<dc element="dc.publisher" value="Reuters Holdings Plc"/>
<dc element="dc.date.published" value="1997-01-28"/>
<dc element="dc.source" value="Reuters"/>
<dc element="dc.creator.location" value="ST. PAUL, Minn."/>
<dc element="dc.creator.location.country.name" value="USA"/>
<dc element="dc.source" value="Reuters"/>
</metadata>
</newsitem>
