<?xml version="1.0" encoding="ISO-8859-1" standalone="no"?>
<newsitem date="1997-01-28" id="root" itemid="336958" xml:lang="en">
<title>DUBAI: BOXING-EUBANK PLANS BOUT IN DUBAI, THEN TILT AT TITLE.</title>
<headline>BOXING-EUBANK PLANS BOUT IN DUBAI, THEN TILT AT TITLE.</headline>
<dateline>DUBAI 1997-01-28</dateline>
<text>
<p>Former World Boxing Organisation (WBO) middleweight and super-middleweight champion Chris Eubank said he planned to fight in Dubai on March 27.</p>
<p>"That is the tentative date but the bout at the end of March here in Dubai is confirmed," Eubank was reported by Dubai newspapers on Tuesday as saying.</p>
<p>The Briton, who was on a visit to Dubai, did not name his opponent.</p>
<p>Eubank retired from boxing in 1995 but started his comeback in Cairo last October with a defeat of Argentine Louis Barrera.</p>
<p>He said he hoped to have a shot at the world title if he won the fight in March.</p>
</text>
<copyright>(c) Reuters Limited 1997</copyright>
<metadata>
<codes class="bip:countries:1.0">
  <code code="DUBAI">
    <editdetail action="confirmed" attribution="Reuters BIP Coding Group" date="1997-01-28"/>
  </code>
  <code code="UAE">
    <editdetail action="confirmed" attribution="Reuters BIP Coding Group" date="1997-01-28"/>
  </code>
  <code code="UK">
    <editdetail action="confirmed" attribution="Reuters BIP Coding Group" date="1997-01-28"/>
  </code>
</codes>
<codes class="bip:topics:1.0">
  <code code="GCAT">
    <editdetail action="confirmed" attribution="Reuters BIP Coding Group" date="1997-01-28"/>
  </code>
  <code code="GSPO">
    <editdetail action="confirmed" attribution="Reuters BIP Coding Group" date="1997-01-28"/>
  </code>
</codes>
<dc element="dc.date.created" value="1997-01-28"/>
<dc element="dc.publisher" value="Reuters Holdings Plc"/>
<dc element="dc.date.published" value="1997-01-28"/>
<dc element="dc.source" value="Reuters"/>
<dc element="dc.creator.location" value="DUBAI"/>
<dc element="dc.creator.location.country.name" value="DUBAI"/>
<dc element="dc.source" value="Reuters"/>
</metadata>
</newsitem>
