<?xml version="1.0" encoding="ISO-8859-1" standalone="no"?>
<newsitem date="1997-01-28" id="root" itemid="337707" xml:lang="en">
<title>USA: U.S. officials discussing rights in China.</title>
<headline>U.S. officials discussing rights in China.</headline>
<byline>Carol Giacomo</byline>
<dateline>WASHINGTON 1997-01-28</dateline>
<text>
<p>A U.S. delegation is in Beijing seeking concessions on human rights that could make it unneccessary this year for the United States to sponsor a U.N. resolution faulting China's policy, officials said on Tuesday.</p>
<p>The talks are on Wednesday and Thursday, when the Washington is to release its annual report on human rights worldwide that as usual hits Beijing hard for rights abuses, officials said.</p>
<p>This year's China report says that by the end of 1996 there were no active dissidents left in China who had not been jailed or exiled, officials and other sources told Reuters.</p>
<p>Human rights is one of the most sensitive issues between China and the United States, which have been working hard to stablize ties and manage differences constructively.</p>
<p>The human rights report and the decision on whether to pursue a resolution criticising China at the U.N. Human Rights Commission pose an early challenge for new Secretary of State Madeleine Albright, who has said China will be a priority.</p>
<p>The commission meeting runs from March 10 to April 18.</p>
<p>The adminstration has been intensely debating how to balance rights with other issues on the U.S.-China agenda like Taiwan, trade and arms sales.</p>
<p>Albright has vowed to "tell it like it is" to China on human rights and said she would go forward with the annual U.N. resolution if there is no progress in Beijing's record. But she also said ties would not be held hostage to one issue.</p>
<p>While backing President Bill Clinton's goal of integrating Beijing into the world, not isolating it, Albright's public comments have raised hopes among rights advocates that she will promote a more aggressive U.S. approach toward China.</p>
<p>Albright discussed the U.N. resolution on Tuesday at the State Department with Dutch Foreign Minister Hans van Mierlo, whose country holds the European Union's rotating presidency, and European Commission Vice President Leon Brittan.</p>
<p>Later, she told reporters Washington and Europe were still deciding "how to make clear to the Chinese government our common desire for them to abide by certain (rights) standards." Van Mierlo expressed confidence the allies "would find a way to deal with it ... together."</p>
<p>At a news conference, Clinton defended U.S. policy toward China, which was delinked from human rights two years ago and now focuses more on trade and cooperation in other areas.</p>
<p>In Beijing last November, then Secretary of State Warren Christopher played down human rights. Albright may stop in Beijing on an around-the-world tour next month, one of many contacts expected ahead of proposed reciprocal summits.</p>
<p>The U.S. team now in Beijing is led by Sandra Kristoff, the National Security Council's chief Asia expert.</p>
<p>In a memo to the European Union obtained by Reuters, the adminstration said it was talking with China "about what meaningful, concrete steps they might take to avoid confrontation in Geneva."</p>
<p>These steps are releasing political prisoners needing medical attention, signing and submitting for ratification two international human rights covenants and resuming talks with the International Red Cross on allowing prison visits.</p>
<p>The administration urged European allies to "press these specific issues in your contacts with the Chinese" and stressed the importance of joint action, the memo said.</p>
<p>Experts said if China does not offer some credible human rights gesture this week, the United States would seem to have little choice but to sponsor the U.N. resolution.</p>
<p>Rights advocates fear there will be insufficient time to build political support for the resolution if action is delayed much longer. Unified action with Europe is seen as essential.</p>
<p>Mike Jendrzejczyk of Human Rights Watch/Asia said that in 1996 "China used trade and aid deals all over world to keep the resolution from coming up for debate and a vote" and is lobbying intensively against the resolution again this year.</p>
<p>If Washington and Europe continue delaying a decision on the resolution, "this is a recipe for disaster. ...Europe and the United States are playing into China's hands," he said.</p>
<p>Last week China suddenly offered to resume a long-stalled dialogue with the European Union on human rights on Feb. 14 in Singapore. That has effectively delayed a European Union decision on the issue until foreign ministers meet on Feb. 24.</p>
</text>
<copyright>(c) Reuters Limited 1997</copyright>
<metadata>
<codes class="bip:countries:1.0">
  <code code="CHINA">
    <editdetail action="confirmed" attribution="Reuters BIP Coding Group" date="1997-01-28"/>
  </code>
  <code code="UN">
    <editdetail action="confirmed" attribution="Reuters BIP Coding Group" date="1997-01-28"/>
  </code>
  <code code="USA">
    <editdetail action="confirmed" attribution="Reuters BIP Coding Group" date="1997-01-28"/>
  </code>
</codes>
<codes class="bip:topics:1.0">
  <code code="GCAT">
    <editdetail action="confirmed" attribution="Reuters BIP Coding Group" date="1997-01-28"/>
  </code>
  <code code="GDIP">
    <editdetail action="confirmed" attribution="Reuters BIP Coding Group" date="1997-01-28"/>
  </code>
  <code code="GPOL">
    <editdetail action="confirmed" attribution="Reuters BIP Coding Group" date="1997-01-28"/>
  </code>
</codes>
<dc element="dc.date.created" value="1997-01-28"/>
<dc element="dc.publisher" value="Reuters Holdings Plc"/>
<dc element="dc.date.published" value="1997-01-28"/>
<dc element="dc.source" value="Reuters"/>
<dc element="dc.creator.location" value="WASHINGTON"/>
<dc element="dc.creator.location.country.name" value="USA"/>
<dc element="dc.source" value="Reuters"/>
</metadata>
</newsitem>
