<?xml version="1.0" encoding="ISO-8859-1" standalone="no"?>
<newsitem date="1997-01-28" id="root" itemid="336670" xml:lang="en">
<title>USA: Pro-Fac Co-op Q2 net profit $3.70 mln.</title>
<headline>Pro-Fac Co-op Q2 net profit $3.70 mln.</headline>
<dateline>ROCHESTER, N.Y. 1997-01-28</dateline>
<text>
<p>Quarter Ended	  6 Months Ended</p>
<p>(dollars in thousands)  12/28/96  12/23/95 12/28/96  12/23/95</p>
<p> Sales			$ 208,186  $ 208,186$ 382,186$ 373,364</p>
<p> Net income/(loss)	  3,704   (1,877)     5,193   (3,711)</p>
<p>In fiscal 1997, results include a final settlement</p>
<p>regarding insurance proceeds, offset by a loss incurred on property held for sale. In fiscal 1996, results include consulting services relating to the development of a restructuring initiative.</p>
</text>
<copyright>(c) Reuters Limited 1997</copyright>
<metadata>
<codes class="bip:countries:1.0">
  <code code="USA">
    <editdetail action="confirmed" attribution="Reuters BIP Coding Group" date="1997-01-28"/>
  </code>
</codes>
<codes class="bip:topics:1.0">
  <code code="C15">
    <editdetail action="confirmed" attribution="Reuters BIP Coding Group" date="1997-01-28"/>
  </code>
  <code code="C151">
    <editdetail action="confirmed" attribution="Reuters BIP Coding Group" date="1997-01-28"/>
  </code>
  <code code="CCAT">
    <editdetail action="confirmed" attribution="Reuters BIP Coding Group" date="1997-01-28"/>
  </code>
</codes>
<dc element="dc.date.created" value="1997-01-28"/>
<dc element="dc.publisher" value="Reuters Holdings Plc"/>
<dc element="dc.date.published" value="1997-01-28"/>
<dc element="dc.source" value="Reuters"/>
<dc element="dc.creator.location" value="ROCHESTER, N.Y."/>
<dc element="dc.creator.location.country.name" value="USA"/>
<dc element="dc.source" value="Reuters"/>
</metadata>
</newsitem>
