<?xml version="1.0" encoding="ISO-8859-1" standalone="no"?>
<newsitem date="1997-01-28" id="root" itemid="336562" xml:lang="en">
<title>CANADA: Bombardier buys balance of de Havilland.</title>
<headline>Bombardier buys balance of de Havilland.</headline>
<dateline>MONTREAL 1997-01-28</dateline>
<text>
<p>Bombardier Inc. said on Tuesday that it completed the purchase of the 49 percent interest in de Havilland owned by the Province of Ontario for C$49 million.</p>
<p>Bombardier said it issued to Ontario a 15-year promissory note bearing interest of 7 percent with principal repayments of C$4.9 million to be made at the end of each of of years 6 through 15.</p>
<p>The transaction includes a covenant to operate the de Havilland business with a view to continuing aircraft final assembly, participation in Bombardier's aerospace programs and diversification of activities while maintaining engineering capability, investment in plant and equipment and provision of opportunities to Canadian suppliers.</p>
<p>Bombardier and the Government of Ontario purchased the business and assets of Boeing Co's de Havilland Division on January 22, 1992. For that transaction, Bombardier provided 51 percent and Ontario 49 percent of C$100 million of equity in a newly-created company, de Havilland Holdings Inc.</p>
<p>Bombardier had the right to buy, and Ontario the right to sell to Bombardier, from February 1, 1996 to January 31, 1997, all of Ontario's interest in de Havilland for C$49 million.</p>
<p>((Reuters Montreal bureau 514-985-2434))</p>
</text>
<copyright>(c) Reuters Limited 1997</copyright>
<metadata>
<codes class="bip:countries:1.0">
  <code code="CANA">
    <editdetail action="confirmed" attribution="Reuters BIP Coding Group" date="1997-01-28"/>
  </code>
</codes>
<codes class="bip:industries:1.0">
  <code code="I36400">
    <editdetail action="confirmed" attribution="Reuters BIP Coding Group" date="1997-01-28"/>
  </code>
  <code code="I3640010">
    <editdetail action="confirmed" attribution="Reuters BIP Coding Group" date="1997-01-28"/>
  </code>
</codes>
<codes class="bip:topics:1.0">
  <code code="C18">
    <editdetail action="confirmed" attribution="Reuters BIP Coding Group" date="1997-01-28"/>
  </code>
  <code code="C181">
    <editdetail action="confirmed" attribution="Reuters BIP Coding Group" date="1997-01-28"/>
  </code>
  <code code="CCAT">
    <editdetail action="confirmed" attribution="Reuters BIP Coding Group" date="1997-01-28"/>
  </code>
</codes>
<dc element="dc.date.created" value="1997-01-28"/>
<dc element="dc.publisher" value="Reuters Holdings Plc"/>
<dc element="dc.date.published" value="1997-01-28"/>
<dc element="dc.source" value="Reuters"/>
<dc element="dc.creator.location" value="MONTREAL"/>
<dc element="dc.creator.location.country.name" value="CANADA"/>
<dc element="dc.source" value="Reuters"/>
</metadata>
</newsitem>
