<?xml version="1.0" encoding="ISO-8859-1" standalone="no"?>
<newsitem date="1997-01-28" id="root" itemid="338217" xml:lang="en">
<title>INDIA: Market will drive India reforms - Price Waterhouse.</title>
<headline>Market will drive India reforms - Price Waterhouse.</headline>
<dateline>BOMBAY 1997-01-28</dateline>
<text>
<p>Market forces will continue to drive India's economic reforms despite concerns about its momentum, the chairman of Price Waterhouse World Firm Ltd said on Tuesday.</p>
<p>"Market forces will drive reforms' growth irrespective of politics," Dominic Tarantino told reporters.</p>
<p>Tarantino said his firm's business -- accountancy, auditing and consultancy -- was growing fastest in the emerging markets including China, India, Eastern Europe and the former Soviet Union.</p>
<p>"It is predicted that the emerging markets will likely produce more than half of the world's economic output in about 10 years time," Price Waterhouse said in a statement.</p>
<p>Company officials said their Indian clients included car maker Maruti Udyog Ltd, the Oil and Natural Gas Corporation Ltd and Orissa State Electricity Board, a state-run utility firm which was among the first to be privatised.</p>
<p>-- Bombay newsroom +91-22-265 9000</p>
</text>
<copyright>(c) Reuters Limited 1997</copyright>
<metadata>
<codes class="bip:countries:1.0">
  <code code="INDIA">
    <editdetail action="confirmed" attribution="Reuters BIP Coding Group" date="1997-01-28"/>
  </code>
</codes>
<codes class="bip:topics:1.0">
  <code code="E12">
    <editdetail action="confirmed" attribution="Reuters BIP Coding Group" date="1997-01-28"/>
  </code>
  <code code="ECAT">
    <editdetail action="confirmed" attribution="Reuters BIP Coding Group" date="1997-01-28"/>
  </code>
</codes>
<dc element="dc.date.created" value="1997-01-28"/>
<dc element="dc.publisher" value="Reuters Holdings Plc"/>
<dc element="dc.date.published" value="1997-01-28"/>
<dc element="dc.source" value="Reuters"/>
<dc element="dc.creator.location" value="BOMBAY"/>
<dc element="dc.creator.location.country.name" value="INDIA"/>
<dc element="dc.source" value="Reuters"/>
</metadata>
</newsitem>
