<?xml version="1.0" encoding="ISO-8859-1" standalone="no"?>
<newsitem date="1997-01-28" id="root" itemid="337712" xml:lang="en">
<title>USA: Clinton admits campaign financing "mistakes".</title>
<headline>Clinton admits campaign financing "mistakes".</headline>
<byline>Gene Gibbons</byline>
<dateline>WASHINGTON 1997-01-28</dateline>
<text>
<p>President Bill Clinton said on Tuesday "mistakes were made" in raising money for his re-election campaign, but insisted contributors did not buy influence with him and the system is not corrupt.</p>
<p>At a wide-ranging news conference in the White House East Room that spanned issues ranging from Boris Yeltsin's health to domestic budget concerns, Clinton said an overhaul of U.S. campaign financing laws was long overdue and promised to do all he can to fix the system.</p>
<p>"Nobody is blameless here. It costs so much money to pay for these campaigns that mistakes were made by people who either did it deliberately or inadvertantly," said Clinton, who has been under fire since last year's presidential campaign for condoning fund-raising tactics that some critics contend verged on being corrupt.</p>
<p>"It's up to others to decide whether those mistakes were made deliberately or inadvertently," the Democratic president said, alluding to congressional and Justice Department probes. "It's up to me do do what I can to clean up the system."</p>
<p>Clinton, who is backing a pending campaign reform measure sponsored by Senators John McCain, an Arizona Republican, and Russell Feingold, a Wisconsin Democrat, admitted it was inappropriate to have a top federal banking regulator attend a May 1996 White House meeting over coffee with more than a dozen leading bankers and Democratic Party fundraisers.</p>
<p>Some of the bankers pumped more than $300,000 into Clinton campaign coffers after the meeting, and the regulator -- Comptroller of the Currency Eugene Ludwig -- has said he would not have gone if he had known the nature of the event.</p>
<p>Clinton, who took office for another four-year term eight days ago, said those who donate money to him or his party get only a "respectful hearing" for their money. "Nobody buys a guaranteed result, nor should they ever," he said.</p>
<p>And he defended political fund-raising generally, saying: "I don't think there is anything wrong with raising money for the political process. The problem is the volume of money, the amount of money, the time it takes to raise, the inevitable questions that are raised."</p>
<p>"There is no pattern and practice here of trying to push our systmen over the brink into corruption," he said. "What happens is, there is a race to get as much money as you can to keep from being buried by the other people ... and at the edges, errors are made."</p>
<p>"And when they are made they need to be confessed and we need to assume responsibility for them, and that's what I'm trying to do up here today," Clinton said.</p>
<p>The financing of Clinton's re-election campaign has been a centre of controversy since late last year when it was revealed that Democrats had solicited large sums from Asian business interests with a stake in U.S. trade policy.</p>
<p>The party has voluntarily returned funds that were deemed improperly raised from non-citizens and has also taken several steps to tighten its fund-raising practices, including an outright prohibition on accepting funds from foreigners.</p>
<p>Clinton said laws governing political financing had been passed more than 20 years ago and were now obsolete. "We need to change the system -- it's just outdated," he said.</p>
<p>The campaign financing furore threatens to imperil Senate confirmation of two of Clinton's second-term Cabinet nominees -- Labour Secretary-designate Alexis Herman and Transportation Secretary-designate Rodney Slater.</p>
<p>Senate Republican Leader Trent Lott said on Tuesday that Herman might have come close to violating the law in her work as a White House official because of her reported role in arranging private fund-raising meetings.</p>
<p>Slater's activities are also under Republican scrutiny. It is illegal for government officials to raise campaign funds or engage in certain other political activities.</p>
</text>
<copyright>(c) Reuters Limited 1997</copyright>
<metadata>
<codes class="bip:countries:1.0">
  <code code="USA">
    <editdetail action="confirmed" attribution="Reuters BIP Coding Group" date="1997-01-28"/>
  </code>
</codes>
<codes class="bip:topics:1.0">
  <code code="E21">
    <editdetail action="confirmed" attribution="Reuters BIP Coding Group" date="1997-01-28"/>
  </code>
  <code code="E211">
    <editdetail action="confirmed" attribution="Reuters BIP Coding Group" date="1997-01-28"/>
  </code>
  <code code="ECAT">
    <editdetail action="confirmed" attribution="Reuters BIP Coding Group" date="1997-01-28"/>
  </code>
  <code code="GCAT">
    <editdetail action="confirmed" attribution="Reuters BIP Coding Group" date="1997-01-28"/>
  </code>
  <code code="GPOL">
    <editdetail action="confirmed" attribution="Reuters BIP Coding Group" date="1997-01-28"/>
  </code>
  <code code="GVOTE">
    <editdetail action="confirmed" attribution="Reuters BIP Coding Group" date="1997-01-28"/>
  </code>
</codes>
<dc element="dc.date.created" value="1997-01-28"/>
<dc element="dc.publisher" value="Reuters Holdings Plc"/>
<dc element="dc.date.published" value="1997-01-28"/>
<dc element="dc.source" value="Reuters"/>
<dc element="dc.creator.location" value="WASHINGTON"/>
<dc element="dc.creator.location.country.name" value="USA"/>
<dc element="dc.source" value="Reuters"/>
</metadata>
</newsitem>
