<?xml version="1.0" encoding="ISO-8859-1" standalone="no"?>
<newsitem date="1997-01-28" id="root" itemid="337148" xml:lang="en">
<title>BULGARIA: GOVERNMENT LIST.</title>
<headline>GOVERNMENT LIST.</headline>
<text>
<p>BULGARIA GOVERNMENT LIST (970128)</p>
<p>************************************************************</p>
<p>* 28 Jan 97 - The Socialists, defying public protests	*</p>
<p>*		 and a call by the president to hold	    *</p>
<p>*		 elections, say they will form a new	    *</p>
<p>*		 government under Nikolai Dobrev.		 *</p>
<p>************************************************************ - - - - - - -</p>
<p> President (Sworn in 19 Jan 97)...............Petar STOYANOV</p>
<p> Vice-president (Sworn in 19 Jan 97).......Todor KAVALDZHIEV</p>
<p>				 - - - - - - -</p>
<p>OUTGOING CABINET (Formed 26 Jan 95, reshuffled 10 Jun 96)</p>
<p>  Prime Minister..............................Zhan VIDENOV**</p>
<p>						    (**Resigned 21 Dec 96)</p>
<p> Deputy Prime Minister.....................Doncho KONAKCHIEV</p>
<p>(Also Minister of Territorial Development &amp; Construction)</p>
<p> Deputy Prime Minister.........................Roumen GECHEV</p>
<p>(Also Minister of Economic Development)</p>
<p> Deputy Prime Minister....................Svetoslav SHIVAROV</p>
<p>				 - - - - - - -</p>
<p>MINISTERS:</p>
<p> Agriculture.............................Krastio TRENDAFILOV</p>
<p> Culture........................................Ivan MARAZOV</p>
<p> Defence......................................Dimitar PAVLOV</p>
<p> Economic Development.........................See Deputy PMs</p>
<p> Education, Science &amp; Technologies............Ilcho DIMITROV</p>
<p> Energy......................................Roumen OVCHAROV</p>
<p> Environment........................Georgi Dimitrov GEORGIEV</p>
<p> Finance......................................Dimitar KOSTOV</p>
<p> Foreign Affairs (Acting).......................Irina BOKOVA</p>
<p> Health........................................Mimmi VITKOVA</p>
<p> Industry....................................Lyubomir DACHEV</p>
<p> Interior.....................................Nikolai DOBREV</p>
<p> Justice.................................Mladen CHERVENYAKOV</p>
<p> Social Care &amp; Labour........................Mincho KORALSKI</p>
<p> Territorial Development &amp; Construction.......See Deputy PMs</p>
<p> Trade......................................Atanas PAPARIZOV</p>
<p> Transport...................................Stamen STAMENOV</p>
<p>				 - - - - - - -</p>
<p> Parliamentary Speaker......................Blagovest SENDOV</p>
<p>				 - - - - - - -</p>
<p> Central Bank Governor......................Lyubomir FILIPOV</p>
<p>				 - - - - - - -</p>
<p>	 NOTE: Any comments/queries on the content of this</p>
<p>		 government list, please contact the Reuter</p>
<p>		 Editorial Reference Unit, London, on (171) 542</p>
<p>		 7968.</p>
<p>			 (End government list)</p>
</text>
<copyright>(c) Reuters Limited 1997</copyright>
<metadata>
<codes class="bip:countries:1.0">
  <code code="BUL">
    <editdetail action="confirmed" attribution="Reuters BIP Coding Group" date="1997-01-28"/>
  </code>
</codes>
<codes class="bip:topics:1.0">
  <code code="GCAT">
    <editdetail action="confirmed" attribution="Reuters BIP Coding Group" date="1997-01-28"/>
  </code>
  <code code="GPOL">
    <editdetail action="confirmed" attribution="Reuters BIP Coding Group" date="1997-01-28"/>
  </code>
</codes>
<dc element="dc.publisher" value="Reuters Holdings Plc"/>
<dc element="dc.date.published" value="1997-01-28"/>
<dc element="dc.source" value="Reuters"/>
<dc element="dc.creator.location.country.name" value="BULGARIA"/>
<dc element="dc.source" value="Reuters"/>
</metadata>
</newsitem>
