<?xml version="1.0" encoding="ISO-8859-1" standalone="no"?>
<newsitem date="1997-01-28" id="root" itemid="337104" xml:lang="en">
<title>UK: ICCO details result of cocoa buffer stock sale.</title>
<headline>ICCO details result of cocoa buffer stock sale.</headline>
<dateline>LONDON 1997-01-28</dateline>
<text>
<p>The International Cocoa Organization (ICCO) said the 4,250 tonne buffer-stock sale earlier on Tuesday was completed at the following prices.</p>
<p> ORIGIN	TONNES   CROP YEAR  QUALITY    PORT     PRICE/TONNE</p>
<p>Cameroon	 25	1981/82     FF	Amsterdam    $1,201 </p>
<p>Cameroon	100	1982/83     GF	Amsterdam    $1,201 </p>
<p>Cote d'Ivoire  20	1979/80     GF	Amsterdam    $1,285 </p>
<p>Cote d'Ivoire 351	1982/83     GF	Amsterdam    $1,333-1,341 </p>
<p>Cote d'Ivoire 248	1982/83     FF	Amsterdam    $1,270 </p>
<p>Cote d'Ivoire 200	1983/84     GF	Amsterdam    $1,325-1,333 </p>
<p>Ghana	 1,244	1987/88     GF	 Hull	  $1,392-1,397 </p>
<p>Nigeria	  49	1986/87     GF	Amsterdam    $1,330 </p>
<p>Nigeria	  99	1986/87     FF	Amsterdam    $1,245 </p>
<p>Nigeria	 457	1986/87     GF	 Hull	  $1,309-1,325 </p>
<p>Nigeria</p>
<p>(GF=good fermented, FF=fair fermented, FAQ=fair to average quality)</p>
<p>The ICCO said the carry for forward delivery was calculated at $12 per tonne per month.</p>
<p>--Clelia Oziel, London Newsroom 44 171 542 8072.</p>
</text>
<copyright>(c) Reuters Limited 1997</copyright>
<metadata>
<codes class="bip:countries:1.0">
  <code code="CAMER">
    <editdetail action="confirmed" attribution="Reuters BIP Coding Group" date="1997-01-28"/>
  </code>
  <code code="GHANA">
    <editdetail action="confirmed" attribution="Reuters BIP Coding Group" date="1997-01-28"/>
  </code>
  <code code="ICST">
    <editdetail action="confirmed" attribution="Reuters BIP Coding Group" date="1997-01-28"/>
  </code>
  <code code="NETH">
    <editdetail action="confirmed" attribution="Reuters BIP Coding Group" date="1997-01-28"/>
  </code>
  <code code="NIGEA">
    <editdetail action="confirmed" attribution="Reuters BIP Coding Group" date="1997-01-28"/>
  </code>
  <code code="UK">
    <editdetail action="confirmed" attribution="Reuters BIP Coding Group" date="1997-01-28"/>
  </code>
</codes>
<codes class="bip:topics:1.0">
  <code code="M14">
    <editdetail action="confirmed" attribution="Reuters BIP Coding Group" date="1997-01-28"/>
  </code>
  <code code="M141">
    <editdetail action="confirmed" attribution="Reuters BIP Coding Group" date="1997-01-28"/>
  </code>
  <code code="MCAT">
    <editdetail action="confirmed" attribution="Reuters BIP Coding Group" date="1997-01-28"/>
  </code>
</codes>
<dc element="dc.date.created" value="1997-01-28"/>
<dc element="dc.publisher" value="Reuters Holdings Plc"/>
<dc element="dc.date.published" value="1997-01-28"/>
<dc element="dc.source" value="Reuters"/>
<dc element="dc.creator.location" value="LONDON"/>
<dc element="dc.creator.location.country.name" value="UK"/>
<dc element="dc.source" value="Reuters"/>
</metadata>
</newsitem>
