<?xml version="1.0" encoding="ISO-8859-1" standalone="no"?>
<newsitem date="1997-01-28" id="root" itemid="337529" xml:lang="en">
<title>BRAZIL: Brazil re-election foes gather to discuss strategy.</title>
<headline>Brazil re-election foes gather to discuss strategy.</headline>
<dateline>BRASILIA 1997-01-28</dateline>
<text>
<p>Left and right-wing opponents of Brazilian President Fernando Henrique Cardoso's re-election plan held a last-minute meeting to discuss how to block today's first vote on a re-election bill in the Chamber of Deputies.</p>
<p>Despite their different ideologies, the party leaders were united in disputing the government's claims that it had more than the 308 votes needed to approve the amendment.</p>
<p>"What is clear is that we have more than enough support to block and stop the voting," Dep. Jose Machado, lower house leader of the socialist Workers Party told national Globo television.  </p>
<p>"The government is hugely overestimating its numbers," said Dep. Antonio Delfim Netto, an ex-finance minister and a friend of Paulo Maluf, a former Sao Paulo mayor who hopes to defeat Cardoso's re-election plan and boost his own presidential plans.</p>
<p>Maluf, recovering at home in Sao Paulo from an operation to remove his prostrate gland, accused Cardoso of attempting to change the constitution purely for his own benefit and told Globo only 265 deputies would vote in favor of the re-election bill.  </p>
<p>The opponents of Cardoso's re-election, including a rebel faction of the Brazilian Democratic Movement Party (PMDB), the largest in Congress, which is split over the re-election bid, hopes to stall tonight's scheduled vote by not registering their presence in the lower house.</p>
<p>Voting on constitutional amendments may only begin once 308 deputies register and the opposition's tactic would force the government to make sure its supporters turn out en masse to begin proceedings and then remain for voting.</p>
<p>The opposition also plans to put forward proposed changes to the re-election amendment which, if approved, would oblige the government to call a plebiscite on the issue and make Cardoso step down from office if involved in a re-election campaign.</p>
<p>While the opposition discussed its tactics, leaders of government-allied parties insisted they had enough votes.</p>
<p>"We're gathering more and more votes as time goes by...We're certain of victory," Benito Gama, the government's leader in the lower house said.</p>
<p>((--William Schomberg, Brasilia newsroom 5561 2230358))</p>
</text>
<copyright>(c) Reuters Limited 1997</copyright>
<metadata>
<codes class="bip:countries:1.0">
  <code code="BRAZ">
    <editdetail action="confirmed" attribution="Reuters BIP Coding Group" date="1997-01-28"/>
  </code>
</codes>
<codes class="bip:topics:1.0">
  <code code="GCAT">
    <editdetail action="confirmed" attribution="Reuters BIP Coding Group" date="1997-01-28"/>
  </code>
  <code code="GPOL">
    <editdetail action="confirmed" attribution="Reuters BIP Coding Group" date="1997-01-28"/>
  </code>
  <code code="GVOTE">
    <editdetail action="confirmed" attribution="Reuters BIP Coding Group" date="1997-01-28"/>
  </code>
</codes>
<dc element="dc.date.created" value="1997-01-28"/>
<dc element="dc.publisher" value="Reuters Holdings Plc"/>
<dc element="dc.date.published" value="1997-01-28"/>
<dc element="dc.source" value="Reuters"/>
<dc element="dc.creator.location" value="BRASILIA"/>
<dc element="dc.creator.location.country.name" value="BRAZIL"/>
<dc element="dc.source" value="Reuters"/>
</metadata>
</newsitem>
