<?xml version="1.0" encoding="ISO-8859-1" standalone="no"?>
<newsitem date="1997-01-28" id="root" itemid="337862" xml:lang="en">
<title>USA: Northern States nuke seen down into March.</title>
<headline>Northern States nuke seen down into March.</headline>
<dateline>NEW YORK 1997-01-28</dateline>
<text>
<p>Northern States Power Co's 500 megawatt (MW) Prairie Island nuclear power unit 2 is expected to be out of service until early March for scheduled refueling and maintenance, a company spokeswoman said Tuesday.</p>
<p>The unit, in Red Wing, Minn., was shut Jan 24 and is expected to be down for about 40 days, said spokeswoman Mary Heimstead.</p>
<p>"It is a basic refueling outage, the unit has to be taken down about every 18 months," Heimstead said, adding restart was expected to occur near March 5.</p>
<p>Northern States has made arrangements to purchase power on the spot market to replace that lost by the outage, the spokeswoman said.</p>
<p>"We will make up the difference through routine purchases and through increased generation from our other units," she said.</p>
<p>Northern States also operates the 503 MW Prairie Island 1 nuclear power unit, which continues to operate normally at full power, and the 544 MW Monticello nuclear plant in Monticello, Minn., which also continued to operate normally.</p>
<p>((--New York Power Desk +1 212 859 1627))</p>
</text>
<copyright>(c) Reuters Limited 1997</copyright>
<metadata>
<codes class="bip:countries:1.0">
  <code code="USA">
    <editdetail action="confirmed" attribution="Reuters BIP Coding Group" date="1997-01-28"/>
  </code>
</codes>
<codes class="bip:industries:1.0">
  <code code="I16100">
    <editdetail action="confirmed" attribution="Reuters BIP Coding Group" date="1997-01-28"/>
  </code>
  <code code="I1610109">
    <editdetail action="confirmed" attribution="Reuters BIP Coding Group" date="1997-01-28"/>
  </code>
</codes>
<codes class="bip:topics:1.0">
  <code code="C24">
    <editdetail action="confirmed" attribution="Reuters BIP Coding Group" date="1997-01-28"/>
  </code>
  <code code="CCAT">
    <editdetail action="confirmed" attribution="Reuters BIP Coding Group" date="1997-01-28"/>
  </code>
</codes>
<dc element="dc.date.created" value="1997-01-28"/>
<dc element="dc.publisher" value="Reuters Holdings Plc"/>
<dc element="dc.date.published" value="1997-01-28"/>
<dc element="dc.source" value="Reuters"/>
<dc element="dc.creator.location" value="NEW YORK"/>
<dc element="dc.creator.location.country.name" value="USA"/>
<dc element="dc.source" value="Reuters"/>
</metadata>
</newsitem>
