<?xml version="1.0" encoding="ISO-8859-1" standalone="no"?>
<newsitem date="1997-01-28" id="root" itemid="338182" xml:lang="en">
<title>INDIA: Forthcoming board meetings of Indian companies.</title>
<headline>Forthcoming board meetings of Indian companies.</headline>
<text>
<p>COMPANY		   DATE OF MEETING	PURPOSE</p>
<p>---------------------------------------------------------------</p>
<p> Ganesh Anhydride		 Jan 28     Half yearly results</p>
<p> Ganesh Benzoplast		Jan 28     Half yearly results</p>
<p> Lloyds Finance		   Jan 28     Half yearly results</p>
<p> Mannesmann Rexroth	     Jan 28     Accounts</p>
<p> Phoenix Lamps		    Jan 28     Merger of Phoenix</p>
<p>						     Electric India Ltd. in</p>
<p>						     company</p>
<p> Sugal &amp; Damani Finlease	Jan 28     To make a public</p>
<p>						     issue/Right issue of</p>
<p>						     shares/debentures in</p>
<p>						     near future</p>
<p> Coats Viyella		    Jan 29     Rights issue</p>
<p> TTK Pharma			 Jan 29     Half year results</p>
<p> Uniport Computers		Jan 29     Accounts</p>
<p> Abhishek Industries	    Jan 30     Accounts</p>
<p> Allianz Securities	     Jan 30     Half yearly results</p>
<p> Chandrika Traders		Jan 30     Half yearly results</p>
<p> Classic Globe Securities     Jan 30     Half yearly results</p>
<p> DSJ Communications	     Jan 30     Unaudited financial</p>
<p>						     results</p>
<p> Gujarat Fun'N Water Park     Jan 30     Interim dividend</p>
<p> Varinder Agro Chemicals	Jan 30     Accounts</p>
<p> Cholamandalam Inv. &amp; Fin. Co.Jan 31     Half yearly results</p>
<p> J.K. Synthetics		  Jan 31     Half yearly results</p>
<p> Square D Biotech		 Jan 31     Accounts (14 mths)</p>
<p> Trident Alcochem		 Jan 31     Accounts</p>
<p> Continental Chemicals	  Feb 01     Accounts</p>
<p> Nucleus Software		 Feb 01     Half yearly results</p>
<p> Dugar Hsg. Dev. Finance	Feb 03     Half yearly results</p>
<p> Digital Equipment		Feb 05     Unaudited financial</p>
<p>						     results (26 mths)</p>
<p> Gujarat Ambuja Cements	 Feb 05     Half yearly results</p>
<p> Jaiprakash Industries	  Feb 05     Accounts</p>
<p> Alpic Finance		    Feb 06     Half yearly results</p>
<p> Lupin Laboratories	     Feb 06     Half yearly results</p>
<p> Malvika Steel		    Feb 06     Half yearly results</p>
<p> Usha Udyog			 Feb 06     Half yearly results</p>
<p> Ashok Alco-chem		  Feb 07     Interim dividend</p>
<p> DGP Windsor India		Feb 07     Half yearly results</p>
<p> Usha Housing Development Co. Feb 07     Half yearly results</p>
<p> Usha (I)			   Feb 07     Half yearly results</p>
<p> Usha Iron &amp; Ferro Metals     Feb 07     Half yearly results</p>
<p> Jindal Photo Films	     Feb 10     Forfeiture of shares</p>
<p> M.J. Pharmaceuticals	   Feb 11     Accounts (15 mths)</p>
<p> Munis Forge			Feb 11     Half yearly results</p>
<p> Apka Diamond Industries	Feb 12     Review the performance</p>
<p>						     of the company</p>
<p> Smithkline Beecham Pharm.    Feb 14     Accounts &amp; Dividend</p>
<p> IFGL Refractories		Feb 19     Half yearly results</p>
<p> Krone Communication	    Feb 19     Accounts &amp; Dividend</p>
<p> Shin-Ho Petrochemicals	 Feb 19     Half yearly results</p>
<p> Analysis Finance		 Feb 21     Half yearly results</p>
<p> Pan Clothing &amp; Consolidated  Feb 24     Unaudited financial</p>
<p>						     results</p>
<p> Lead Financial Services	Feb 26     Half yearly results</p>
<p>.</p>
<p>1.  PCDs  -  Partly convertible debentures</p>
<p>2.  FCDs  -  Fully convertible debentures</p>
<p>     3.  NCD   -  Non-convertible debentures</p>
<p>     4.  R.D   -  Record date</p>
<p>     5.  CPS   -  Cumulative Preference Shares</p>
<p>.</p>
<p>-- Bombay newsroom +91-22-265 9000</p>
</text>
<copyright>(c) Reuters Limited 1997</copyright>
<metadata>
<codes class="bip:countries:1.0">
  <code code="INDIA">
    <editdetail action="confirmed" attribution="Reuters BIP Coding Group" date="1997-01-28"/>
  </code>
</codes>
<codes class="bip:topics:1.0">
  <code code="C15">
    <editdetail action="confirmed" attribution="Reuters BIP Coding Group" date="1997-01-28"/>
  </code>
  <code code="C151">
    <editdetail action="confirmed" attribution="Reuters BIP Coding Group" date="1997-01-28"/>
  </code>
  <code code="CCAT">
    <editdetail action="confirmed" attribution="Reuters BIP Coding Group" date="1997-01-28"/>
  </code>
</codes>
<dc element="dc.publisher" value="Reuters Holdings Plc"/>
<dc element="dc.date.published" value="1997-01-28"/>
<dc element="dc.source" value="Reuters"/>
<dc element="dc.creator.location.country.name" value="INDIA"/>
<dc element="dc.source" value="Reuters"/>
</metadata>
</newsitem>
