<?xml version="1.0" encoding="ISO-8859-1" standalone="no"?>
<newsitem date="1997-01-28" id="root" itemid="338142" xml:lang="en">
<title>SWEDEN: FORECAST - SKF '96 profit seen 2.43 bln skr.</title>
<headline>FORECAST - SKF '96 profit seen 2.43 bln skr.</headline>
<dateline>STOCKHOLM 1997-01-28</dateline>
<text>
<p>Swedish bearings maker AB SKF is expected to post a lower profit after financial items for 1996 of 2.43 billion crowns compared to 3.33 billion crowns the previous year, a Reuter poll of 16 analysts showed on Tuesday.</p>
<p>Forecasts varied between 2.22 billion and 2.69 billion crowns but the average forecast showed profit after financial items would be 27 percent lower on 1995.</p>
<p>The average of 14 analysts' forecasts showed SKF was expected to report profit per share of 13.20 crowns against 17.95 crowns in 1995.</p>
<p>SKF was expected to propose a dividend for 1996 of 5.32 crowns compared to 5.25 crowns a year earlier.</p>
<p>Analysts interviewed for the poll were from Nordiska, Paribas, James Capel, Fischer, Swedbank, Handelsbanken, Enskilda, Foreningsbanken, Carnegie, Kleinwort Benson, Morgan Grenfell, Fiba Nordic, UBS, Goldman Sachs, Penser and Aros.</p>
<p>SKF is due to release 1996 data on February 6.</p>
<p>PROFIT AFTER FIN ITEMS</p>
<p>  (MLN SKR)		  AVG	 RANGE	  ANALYSTS</p>
<p> 1996			  2,430    2,220-2,690	 16</p>
<p> 1997			  2,813    2,000-3,400	 15</p>
<p> 1998			  3,271    2,402-3,800	 14</p>
<p>(SKR)</p>
<p> Profit/share 1996	13.18    11.60-14.60	  14</p>
<p> Profit/share 1997	15.21    11.85-17.80	  14</p>
<p> Profit/share 1998	18.18    14.25-20.40	  14</p>
<p> Dividend 1996	     5.32     5.00-5.70	   14</p>
<p> Dividend 1997	     5.68     5.20-6.25	    9</p>
<p> Dividend 1998	     6.33     5.40-7.00	    8</p>
<p>-- Henrik Alberius, Stockholm newsroom +46-8-700 1250</p>
</text>
<copyright>(c) Reuters Limited 1997</copyright>
<metadata>
<codes class="bip:countries:1.0">
  <code code="SWED">
    <editdetail action="confirmed" attribution="Reuters BIP Coding Group" date="1997-01-28"/>
  </code>
</codes>
<codes class="bip:industries:1.0">
  <code code="I32600">
    <editdetail action="confirmed" attribution="Reuters BIP Coding Group" date="1997-01-28"/>
  </code>
</codes>
<codes class="bip:topics:1.0">
  <code code="C15">
    <editdetail action="confirmed" attribution="Reuters BIP Coding Group" date="1997-01-28"/>
  </code>
  <code code="C152">
    <editdetail action="confirmed" attribution="Reuters BIP Coding Group" date="1997-01-28"/>
  </code>
  <code code="CCAT">
    <editdetail action="confirmed" attribution="Reuters BIP Coding Group" date="1997-01-28"/>
  </code>
</codes>
<dc element="dc.date.created" value="1997-01-28"/>
<dc element="dc.publisher" value="Reuters Holdings Plc"/>
<dc element="dc.date.published" value="1997-01-28"/>
<dc element="dc.source" value="Reuters"/>
<dc element="dc.creator.location" value="STOCKHOLM"/>
<dc element="dc.creator.location.country.name" value="SWEDEN"/>
<dc element="dc.source" value="Reuters"/>
</metadata>
</newsitem>
