<?xml version="1.0" encoding="ISO-8859-1" standalone="no"?>
<newsitem date="1996-12-20" id="root" itemid="270693" xml:lang="en">
<title>USA: BALANCE - L.A. Harbor Department at $15.9 mln.</title>
<headline>BALANCE - L.A. Harbor Department at $15.9 mln.</headline>
<text>
<p>HARBOR DEPARTMENT OF THE CITY OF LOS ANGELES</p>
<p>RE: $320,000,000</p>
<p>REVENUE BONDS, ISSUE OF 1996</p>
<p>					   298,650,000.00</p>
<p>					   SERIES B (AMT)</p>
<p>MOODY'S: Aa		    S&amp;P: AA		    FITCH: AA</p>
<p>Delivery Date: Regular Way</p>
<p>Maturity	   Balance     Coupon    List</p>
<p>11/01/2003B	  2,675M    5.25	  4.85</p>
<p>11/01/2004B	  1,645M    5.25	  4.95</p>
<p>11/01/2005B	  6,920M    5.25	  5.05</p>
<p>  Total:	    11,240M</p>
<p>-------------------------------------------------------------</p>
<p>					   21,350,000.00</p>
<p>					 SERIES C REFUNDING</p>
<p>MOODY'S: Aa		    S&amp;P: AA		    FITCH: AA</p>
<p>Delivery Date: Regular Way</p>
<p>Maturity	   Balance     Coupon    List</p>
<p>11/01/2003C	     85M    4.875	 4.60</p>
<p>11/01/2009C	     75M    5.00	  5.25</p>
<p>11/01/2010C	    635M    5.125	 5.35</p>
<p>11/01/2011C	    545M    5.125	 5.40</p>
<p>11/01/2012C	    230M    5.25	  5.45</p>
<p>11/01/2013C	    735M    5.25	  5.50</p>
<p>11/01/2014C	    780M    5.30	  5.50</p>
<p>11/01/2015C	    820M    5.30	  5.55</p>
<p>11/01/2016C	    790M    5.30	  5.55</p>
<p>  Total:	     4,695M</p>
<p>Grand Total: 15,935M</p>
<p>Morgan Stanley &amp; Co. Incorporated</p>
<p>Lehman Brothers</p>
<p>Goldman, Sachs &amp; Co.</p>
<p>ABN Amro Securities</p>
<p>IN ASSOCIATION WITH:</p>
<p>J.P. Morgan Securities Inc.</p>
<p>--U.S. Municipal Desk, 212-859-1650</p>
</text>
<copyright>(c) Reuters Limited 1996</copyright>
<metadata>
<codes class="bip:countries:1.0">
  <code code="USA">
    <editdetail action="confirmed" attribution="Reuters BIP Coding Group" date="1996-12-20"/>
  </code>
</codes>
<codes class="bip:topics:1.0">
  <code code="E21">
    <editdetail action="confirmed" attribution="Reuters BIP Coding Group" date="1996-12-20"/>
  </code>
  <code code="E212">
    <editdetail action="confirmed" attribution="Reuters BIP Coding Group" date="1996-12-20"/>
  </code>
  <code code="ECAT">
    <editdetail action="confirmed" attribution="Reuters BIP Coding Group" date="1996-12-20"/>
  </code>
</codes>
<dc element="dc.publisher" value="Reuters Holdings Plc"/>
<dc element="dc.date.published" value="1996-12-20"/>
<dc element="dc.source" value="Reuters"/>
<dc element="dc.creator.location.country.name" value="USA"/>
<dc element="dc.source" value="Reuters"/>
</metadata>
</newsitem>
