<?xml version="1.0" encoding="ISO-8859-1" standalone="no"?>
<newsitem date="1997-01-28" id="root" itemid="338181" xml:lang="en">
<title>INDIA: Forthcoming book-closures of Indian companies.</title>
<headline>Forthcoming book-closures of Indian companies.</headline>
<text>
<p>------------------------------------------------</p>
<p> APS Star Industries	  March 21/March 31 AGM</p>
<p> Aditya Gears		   Jan 27/Jan 30     AGM</p>
<p> Agritech Hatcheries &amp; FoodsJan 29/Jan 31     AGM</p>
<p> Ahlcon Parenterals	   March 01/March 15 AGM</p>
<p> Allianz Capital &amp; Manag.   Feb 18/Feb 21     15% dividend</p>
<p> Anik Ship Bearing Indust.  Feb 1/Feb 3	 AGM</p>
<p> Antarctica Graphics	  Feb 25/Feb 28     Nil dividend</p>
<p> Asian Oilfield Services    Jan 24/Jan 30     AGM</p>
<p> BTW Industries		 Feb 04/Feb 08     (Revised)</p>
<p> Baroda Rayon Corpn.	  Dec 31/Jan 28'97  (Revised)</p>
<p> Bharat Forge		   Jan 15/Jan 31     Interest</p>
<p> Bhupendra Capital &amp; Fin.   Feb 18/Feb 19     AGM</p>
<p> Binny			    Feb 4/Feb 17	AGM</p>
<p> Cabot			    Feb 14/Feb 21     15% dividend</p>
<p> Ceat			     March 5/March 26  Interest &amp;</p>
<p>							    Redemption</p>
<p> Classic Filaments	    March 1/March 10  AGM</p>
<p> Consolidated Fibres &amp; Chem.March 1/March 14  AGM</p>
<p> Continental Chemicals	Feb 27/Feb 28     AGM</p>
<p> Cosmos Leather Exports     Feb 25/March 06   Nil dividend</p>
<p> Cranex			   March 10/March 25 (Revised)</p>
<p> DB (Inter.) Stock Brokers  Feb 14/Feb 18     AGM</p>
<p> DCL Maritech		   March 18/March 21 AGM</p>
<p> Denholm Steels		 Dec 18/Dec 30     15% dividend</p>
<p>							    (15 mths)</p>
<p> Digital Equipments	   March 10	    Redemption</p>
<p> Divya Chemicals		Jan 30/Jan 31     AGM</p>
<p> Dolat Inv.		     Feb 6/Feb 15	10% dividend</p>
<p> Dugar Finance		  Feb 18/March 4    AGM</p>
<p> Elcon Finlease &amp; Ind.	March 12/March 15 Dividend</p>
<p>							    (15 mths)</p>
<p> Emergy Pharma		  March 11/March 19 AGM</p>
<p> Empee Sugar &amp; Chem.	  Feb 10/Feb 17     AGM</p>
<p> Ensa Steel Industries	Jan 27/Feb 02     10% dividend</p>
<p>Equipment Conductors &amp;</p>
<p>  Cables			  March 7/March 11  Nil dividend</p>
<p> Fenoplast			Jan 28/Jan 31     AGM</p>
<p> Fidelity Finance	     Feb 7/Feb 12	Nil dividend</p>
<p> GIC Rise - 1991		March 5/March 31  Income</p>
<p>							    Distribution</p>
<p> Gazi Financial Ser.&amp; Inv.  Feb 26/Feb 28     AGM</p>
<p> Genelec			  March 5/March 11  AGM</p>
<p> Glaxo India		    Jan 14/Jan 28     15% Interim</p>
<p>							    dividend</p>
<p> Goodvalue Marketing Co.    Jan 30/Feb 3	15% dividend</p>
<p> Govindji Trikamdas Exports March 07/March 14 AGM</p>
<p> Gujarat Perstop ElectronicsMarch 1/March 5   AGM</p>
<p> HB Leasing &amp; Finance Co.   Feb 14/Feb 24     Nil dividend</p>
<p> Herdillia Oxides &amp; Elect.  March 18/March 31 AGM</p>
<p> Herdillia Polymers	   March 05/March 14 AGM</p>
<p> Himachal Fibres		Jan  6 to //	10% dividend</p>
<p> Hinduja Finance Corpn.     March 3/March 10  Conversion</p>
<p> Hindustan Dev. Corpn.	Feb 1/Feb 11	Redemption &amp;</p>
<p>							    Interest</p>
<p> Hotel Leela Venture	  March 4/March 14  Interest</p>
<p> Hotel Rugby		    Jan 16-July 22'97 AGM &amp; Dividend</p>
<p> Indian Hotels		  Feb 21/Feb 28     Interest</p>
<p> Indian Seamless Financial  Feb 24/March 01   AGM</p>
<p> Industrial Credit &amp; Inv.   March 5/March 21  Interest</p>
<p> Interface Financial Serv.  Jan 25/Jan 30     AGM</p>
<p> Jindal Iron &amp; Steel Co.    March 04/March 10 Interest</p>
<p> KND Engineering Technolog. Feb 14/Feb 19     AGM &amp; Dividend</p>
<p> Kothari Products	     March 1/March 17  AGM &amp; dividend</p>
<p> Krishna Synthetics	   Feb 14/Feb 20     AGM</p>
<p> MRF				March 1/March 13  80% dividend (30%</p>
<p>							    final dividend and</p>
<p>							    50% golden jubilee</p>
<p>							    dividend)</p>
<p> Maars Software Int'l	 Feb 16/Feb 19     AGM</p>
<p> Magma Leasing		  Feb 16/Feb 26     24% dividend</p>
<p> Mc Dowell &amp; Co.		March 04/March 20 AGM</p>
<p> Meghana Finance		Jan 29/Jan 30     Dividend</p>
<p>------------------------------------------------</p>
<p> Morinda Overseas IndustriesJan 27/Jan 30     AGM</p>
<p> Mukesh Babu Financial Ser. Jan 21/Jan 27     AGM</p>
<p> Munis Forge		    March 08/March 12 AGM</p>
<p> NEPC Textiles		  Jan 21/Jan 31     AGM</p>
<p> Natural Biocon		 Feb 22/Feb 26     AGM</p>
<p> Nova Pumech		    Feb 27/Feb 28     AGM</p>
<p> Oriental Carbon &amp; Chemical March 07/March 14 AGM</p>
<p> Orient Ceramics and Indus. March 25/March 31 Interest</p>
<p> Orind Exports		  Feb 14/Feb 15     10% dividend</p>
<p>							    (15 mths)</p>
<p> PNB Premium Plus 1991	Jan 20/Feb 10     Determining the</p>
<p>							    eligibility of the</p>
<p>							    unitholders for</p>
<p>							    casting the</p>
<p>							    ballot.</p>
<p> Punsumi India		  Feb 24/Feb 28     AGM</p>
<p> Radico Khaitan Finance     Feb 18/Feb 28     AGM</p>
<p> Raj Irrigation Pipes &amp; Fit.Feb 25/Feb 28     AGM</p>
<p> Rajshri Forex		  Jan 29/Jan 31     AGM</p>
<p> Rathi Alloys &amp; Steel	 Feb 03/Feb 05     AGM</p>
<p> Ritesh Industries	    Feb 21/Feb 24     AGM</p>
<p> Rossell Industries	   Feb 15/Feb 20     AGM</p>
<p> S.Kumars Synfabs	     Feb 25/March 4    10% dividend</p>
<p> S.S. Organics		  Feb 04/Feb 06     AGM</p>
<p> Sandur Laminates	     March 1/March 6   Nil dividend</p>
<p> Shri Ambuja Petrochemicals Jan 21/Jan 30     AGM</p>
<p> Standard Industries	  Jan 28/Feb 12     Nil dividend</p>
<p> Stanrose Mafatlal Invt.    Feb 04/Feb 21     20% dividend</p>
<p> Star Paper Mills	     Feb 17/Feb 28     AGM</p>
<p> Sterlite Industries	  March 04/March 14 Interest (PCD)</p>
<p> Sterlite Industries	  March 11/March 31 Interest (NCD)</p>
<p> Tata Chemicals		 Feb 26/March 11   Interest</p>
<p> Tata Engg. &amp; Loco. Co.     March 06/March 20 Interest</p>
<p> Tata Iron &amp; Steel Co.	Jan 11/Jan 31     Interest</p>
<p> Tata Iron &amp; Steel Co.	March 1/March 30  Issue of</p>
<p>							    certificates of</p>
<p>							    Bonds in lieu of</p>
<p>							   letter of allotment</p>
<p>							    and interest</p>
<p>							   (Regular Inc.Bonds/</p>
<p>							    Twin Benfit bonds/</p>
<p>							    Discount Bonds)</p>
<p> Tata Tea			 Feb 17/March 04   Interest</p>
<p> Transworld International   Jan 27/Feb 02     20% dividend</p>
<p> Tuticorin Alkali Chemicals March 1/March 19  23% dividend</p>
<p> Unicorp Industries	   March 15/March 25 Dividend</p>
<p> Uniplas India		  Feb 24/Feb 25     Nil dividend</p>
<p> Uni Tech Poly Packagings   March 04/March 11 AGM</p>
<p> Usha Martin Ind.	     March 12/March 31 Interest</p>
<p> Vasparr Containeurs	  March 22/March 29 AGM (instead of</p>
<p>							    22/03/96 to</p>
<p>							    29/03/96)</p>
<p> Vatsa Corporation	    March 12/March 22 AGM</p>
<p> Venus Eyevision		Jan 28/Jan 31     AGM</p>
<p> Vysali Pharmaceuticals     Jan 25/Jan 30     11% dividend</p>
<p> Zuari Finance		  Dec 27/Dec 31     2.5% dividend</p>
<p>							    (instead of 8%</p>
<p>							    dividend)</p>
<p>.</p>
<p>Notes : DEB  - Debentures</p>
<p>	   NC   - Non convertible</p>
<p>	   AGM  - Annual general meeting</p>
<p>	   EGM  - Extra ordinary general meeting</p>
<p>	   FCD  - Fully convertible debenture</p>
<p>	   NCD  - Non convertible debenture</p>
<p>	   PCD  - Partly convertible debenture</p>
<p>	   CD   - Convertible debentures</p>
<p>	   R.D. - Record Date.</p>
<p>	   p.s  - per share</p>
<p>.</p>
<p>-- Bombay newsroom +91-22-265 9000</p>
</text>
<copyright>(c) Reuters Limited 1997</copyright>
<metadata>
<codes class="bip:countries:1.0">
  <code code="INDIA">
    <editdetail action="confirmed" attribution="Reuters BIP Coding Group" date="1997-01-28"/>
  </code>
</codes>
<codes class="bip:topics:1.0">
  <code code="C15">
    <editdetail action="confirmed" attribution="Reuters BIP Coding Group" date="1997-01-28"/>
  </code>
  <code code="C151">
    <editdetail action="confirmed" attribution="Reuters BIP Coding Group" date="1997-01-28"/>
  </code>
  <code code="CCAT">
    <editdetail action="confirmed" attribution="Reuters BIP Coding Group" date="1997-01-28"/>
  </code>
</codes>
<dc element="dc.publisher" value="Reuters Holdings Plc"/>
<dc element="dc.date.published" value="1997-01-28"/>
<dc element="dc.source" value="Reuters"/>
<dc element="dc.creator.location.country.name" value="INDIA"/>
<dc element="dc.source" value="Reuters"/>
</metadata>
</newsitem>
