<?xml version="1.0" encoding="ISO-8859-1" standalone="no"?>
<newsitem date="1997-01-28" id="root" itemid="336986" xml:lang="en">
<title>FRANCE: SOCCER-PEDROS MAY LEAVE MARSEILLE FOR PARMA.</title>
<headline>SOCCER-PEDROS MAY LEAVE MARSEILLE FOR PARMA.</headline>
<dateline>PARIS 1997-01-28</dateline>
<text>
<p>French international striker Reynald Pedros, unimpressive this season with Marseille, may leave the former European champions to join Parma, sports daily l'Equipe said on Tuesday.</p>
<p>"Parma are interested and his transfer is in the pipeline," Marseille president Jean-Michel Roussier told l'Equipe.</p>
<p>He said he was only waiting for "a reasonable offer" from the Italian club before the Wednesday deadline for transfers in Italy.</p>
<p>Pedros, a gifted but moody 24-year-old playmaker and striker, joined Marseille from Nantes at the start of the season.</p>
</text>
<copyright>(c) Reuters Limited 1997</copyright>
<metadata>
<codes class="bip:countries:1.0">
  <code code="FRA">
    <editdetail action="confirmed" attribution="Reuters BIP Coding Group" date="1997-01-28"/>
  </code>
  <code code="ITALY">
    <editdetail action="confirmed" attribution="Reuters BIP Coding Group" date="1997-01-28"/>
  </code>
</codes>
<codes class="bip:topics:1.0">
  <code code="GCAT">
    <editdetail action="confirmed" attribution="Reuters BIP Coding Group" date="1997-01-28"/>
  </code>
  <code code="GSPO">
    <editdetail action="confirmed" attribution="Reuters BIP Coding Group" date="1997-01-28"/>
  </code>
</codes>
<dc element="dc.date.created" value="1997-01-28"/>
<dc element="dc.publisher" value="Reuters Holdings Plc"/>
<dc element="dc.date.published" value="1997-01-28"/>
<dc element="dc.source" value="Reuters"/>
<dc element="dc.creator.location" value="PARIS"/>
<dc element="dc.creator.location.country.name" value="FRANCE"/>
<dc element="dc.source" value="Reuters"/>
</metadata>
</newsitem>
