<?xml version="1.0" encoding="ISO-8859-1" standalone="no"?>
<newsitem date="1997-01-28" id="root" itemid="337158" xml:lang="en">
<title>CANADA: Conciliator helps Minorco/Manitoba labor.</title>
<headline>Conciliator helps Minorco/Manitoba labor.</headline>
<dateline>FLIN FLON, Manitoba 1997-01-28</dateline>
<text>
<p>The federal government has appointed a conciliator to help Hudson Bay Mining and Smelting Co Ltd settle contract negotiations with its unionized workers, Hudson Bay Mining said in a release on Tuesday.</p>
<p>The conciliation officer will meet company representatives as well as the United Steelworkers of America, the Association of Flin Flon Trade Unions and the International Association of Machinists and Aerospace Workers starting February 11, the company said.</p>
<p>Hudson Bay Mining, in Flin Flon in northern Manitoba, is controlled by Luxembourg-based Minorco SA.</p>
<p>The last contract with the zinc and copper operation's employees ended last October 1, the company said. The unions represent about 1,600 workers out of a total of 2,100 at operation's five mines and smelter.</p>
<p>Copper production from the smelter was 74,000 tonnes in 1995. Zinc production was 93,000 tonnes in 1995. Production figures for 1996 have not been released yet.</p>
<p>A company spokesman would not say what issues are standing in the way of an agreement.</p>
<p>The company and the unions have imposed a news blackout during labor talks, he said. The unions have not taken a strike vote and their old contract remains in force until a new one is reached, he added.</p>
<p>((Reuters Toronto Bureau 416 941-8100))</p>
</text>
<copyright>(c) Reuters Limited 1997</copyright>
<metadata>
<codes class="bip:countries:1.0">
  <code code="CANA">
    <editdetail action="confirmed" attribution="Reuters BIP Coding Group" date="1997-01-28"/>
  </code>
</codes>
<codes class="bip:industries:1.0">
  <code code="I21000">
    <editdetail action="confirmed" attribution="Reuters BIP Coding Group" date="1997-01-28"/>
  </code>
  <code code="I83960">
    <editdetail action="confirmed" attribution="Reuters BIP Coding Group" date="1997-01-28"/>
  </code>
</codes>
<codes class="bip:topics:1.0">
  <code code="C42">
    <editdetail action="confirmed" attribution="Reuters BIP Coding Group" date="1997-01-28"/>
  </code>
  <code code="CCAT">
    <editdetail action="confirmed" attribution="Reuters BIP Coding Group" date="1997-01-28"/>
  </code>
  <code code="E41">
    <editdetail action="confirmed" attribution="Reuters BIP Coding Group" date="1997-01-28"/>
  </code>
  <code code="ECAT">
    <editdetail action="confirmed" attribution="Reuters BIP Coding Group" date="1997-01-28"/>
  </code>
  <code code="GCAT">
    <editdetail action="confirmed" attribution="Reuters BIP Coding Group" date="1997-01-28"/>
  </code>
  <code code="GJOB">
    <editdetail action="confirmed" attribution="Reuters BIP Coding Group" date="1997-01-28"/>
  </code>
</codes>
<dc element="dc.date.created" value="1997-01-28"/>
<dc element="dc.publisher" value="Reuters Holdings Plc"/>
<dc element="dc.date.published" value="1997-01-28"/>
<dc element="dc.source" value="Reuters"/>
<dc element="dc.creator.location" value="FLIN FLON, Manitoba"/>
<dc element="dc.creator.location.country.name" value="CANADA"/>
<dc element="dc.source" value="Reuters"/>
</metadata>
</newsitem>
