<?xml version="1.0" encoding="ISO-8859-1" standalone="no"?>
<newsitem date="1997-01-28" id="root" itemid="337555" xml:lang="en">
<title>BERMUDA: Lasalle Re Q1 shr down.</title>
<headline>Lasalle Re Q1 shr down.</headline>
<dateline>HAMILTON, Bermuda 1997-01-28</dateline>
<text>
<p>(In thousands of U.S. dollars, except share and per share data)</p>
<p>				   Unaudited</p>
<p>					    Three Months Ended</p>
<p>				Dec. 31, 1996	  Dec. 31, 1995</p>
<p>Revenues</p>
<p> Premiums written		 $ 5,237		 $ 12,619</p>
<p>Change in unearned</p>
<p>  premiums			   37,886		   36,825</p>
<p> Net premiums earned	     43,123		   49,444</p>
<p> Net investment income	    8,148		    6,172</p>
<p>Net realized gains/(losses)</p>
<p>  on investments			 31			31</p>
<p> Total revenues		    51,302		   55,647</p>
<p>Expenses</p>
<p>Losses and loss expenses</p>
<p>  incurred			   10,837		   15,881</p>
<p> Underwriting expenses	    7,115		    6,498</p>
<p> Operational expenses	     3,304		    2,441</p>
<p> Corporate expenses		   839			853</p>
<p> Interest expense			67			 52</p>
<p> Exchange loss			1,093			522</p>
<p> Total expenses		    23,255		   26,247</p>
<p>Income before minority</p>
<p>  interest			   28,047		   29,400</p>
<p> Minority interest		  6,907		    8,283</p>
<p> Net income			  21,140		   21,117</p>
<p> Net income per common share     1.16		     1.23</p>
<p>Weighted average number of</p>
<p>common shares and common</p>
<p>share equivalents</p>
<p>  outstanding		  24,263,620	     23,900,115</p>
<p> Loss ratio			  25.13%		   32.12%</p>
<p> Expense ratio		     24.16%		   18.08%</p>
<p> Combined ratio		    49.29%		   50.20%</p>
<p>				   Quarter</p>
<p>						 Fully</p>
<p>				Primary    Diluted</p>
<p> Earnings per Share:	 1.16	 1.15</p>
<p>(a) The holders of exchangeable non-voting Shares in LaSalle Re Limited, which represents the minority interest, generally can exchange these shares at any time, on a one for one basis, for common shares in LaSalle Re Holdings Limited.  </p>
<p>For purposes of the computation of net income per common share, these shares have been treated as common share equivalents.</p>
<p>(b) As of Dec. 31, 1996, the Company had 2,499,348 options outstanding.  The dilution would be the equivalent of approximately 1,479,092 shares for the quarter using the treasury stock method, based on market price.</p>
<p>(c) As of Dec. 31, 1996, the Company had granted 340,872 stock appreciation rights.  The dilution would be the equivalent of approximately 57,244 shares for the quarter ended Dec. 31, 1996, using the treasury stock method, based on market price.</p>
<p>LaSalle Re Holdings Ltd.</p>
</text>
<copyright>(c) Reuters Limited 1997</copyright>
<metadata>
<codes class="bip:countries:1.0">
  <code code="BERM">
    <editdetail action="confirmed" attribution="Reuters BIP Coding Group" date="1997-01-28"/>
  </code>
</codes>
<codes class="bip:industries:1.0">
  <code code="I82003">
    <editdetail action="confirmed" attribution="Reuters BIP Coding Group" date="1997-01-28"/>
  </code>
  <code code="I8200318">
    <editdetail action="confirmed" attribution="Reuters BIP Coding Group" date="1997-01-28"/>
  </code>
</codes>
<codes class="bip:topics:1.0">
  <code code="C15">
    <editdetail action="confirmed" attribution="Reuters BIP Coding Group" date="1997-01-28"/>
  </code>
  <code code="C151">
    <editdetail action="confirmed" attribution="Reuters BIP Coding Group" date="1997-01-28"/>
  </code>
  <code code="CCAT">
    <editdetail action="confirmed" attribution="Reuters BIP Coding Group" date="1997-01-28"/>
  </code>
</codes>
<dc element="dc.date.created" value="1997-01-28"/>
<dc element="dc.publisher" value="Reuters Holdings Plc"/>
<dc element="dc.date.published" value="1997-01-28"/>
<dc element="dc.source" value="Reuters"/>
<dc element="dc.creator.location" value="HAMILTON, Bermuda"/>
<dc element="dc.creator.location.country.name" value="BERMUDA"/>
<dc element="dc.source" value="Reuters"/>
</metadata>
</newsitem>
