<?xml version="1.0" encoding="ISO-8859-1" standalone="no"?>
<newsitem date="1997-01-28" id="root" itemid="336730" xml:lang="en">
<title>USA: Electronic Designs Inc Q1 full results.</title>
<headline>Electronic Designs Inc Q1 full results.</headline>
<dateline>WESTBOROUGH, Mass. 1997-01-28</dateline>
<text>
<p>ELECTRONIC DESIGNS, INC.</p>
<p>			Consolidated Statement of Operations</p>
<p>		 (Amounts in thousands, except per share data)</p>
<p>				     (Unaudited)</p>
<p>					    Three months ended</p>
<p>					Dec. 29,     Dec. 30,</p>
<p>					    1996	   1995</p>
<p> Revenues			     $11,021     $13,630</p>
<p> Cost of revenues		     6,762     10,655*</p>
<p> Gross profit			   4,259	 2,975</p>
<p>Operating expenses:</p>
<p>    Research and development	  617	   760</p>
<p>Selling, general and</p>
<p>	administrative		  2,058	 2,229</p>
<p>    Restructuring			  --	   590</p>
<p>Amortization of intangible</p>
<p>	assets				117	   118</p>
<p> Total				    2,792	 3,697</p>
<p> Income (loss) from operations    1,467	 (722)</p>
<p>Other income (expense):</p>
<p>    Interest income			49	    45</p>
<p>    Interest expense		  (105)	 (244)</p>
<p> Total				     (56)	 (199)</p>
<p>Income (loss) before</p>
<p>    income taxes			1,411	 (921)</p>
<p> Provision for income taxes	   140	    --</p>
<p> Net income (loss)		    1,271	 (921)</p>
<p> Net income (loss) per share	 0.15	(0.19)</p>
<p>Weighted average common</p>
<p>     shares and equivalents	 9,814	 4,819</p>
<p>* Fiscal 1996 cost of revenues includes $1.1 million related to the upward revaluation of inventories acquired from EDI-MA to their estimated fair value as of the acquisition date.</p>
<p>				ELECTRONIC DESIGNS, INC.</p>
<p>			     Consolidated Balance Sheet</p>
<p>				 (Amounts in thousands)</p>
<p>				    (Unaudited)</p>
<p>					Dec. 29,     Sep 30,</p>
<p>					   1996	   1996</p>
<p>Assets</p>
<p>Current Assets:</p>
<p> Cash and cash equivalents	$5,096	$3,290</p>
<p> Accounts receivable, net	  6,171	 6,356</p>
<p> Inventories			   4,905	 5,483</p>
<p> Prepaid expenses			132	   143</p>
<p> Total current assets	     16,304	15,272</p>
<p>Property and equipment,</p>
<p>    net				  3,708	 3,843</p>
<p> Other assets			     87	    87</p>
<p> Intangible assets, net	    1,744	 1,861</p>
<p> Total assets			 21,843	21,063</p>
<p>Liabilities and Shareholders' Equity</p>
<p>Current Liabilities:</p>
<p>Current portion of</p>
<p>    long-term debt		   1,475	   828</p>
<p> Accounts payable		    4,487	 5,329</p>
<p>Accrued expenses and other</p>
<p>    current liabilities	    2,518	 2,690</p>
<p> Total current liabilities	 8,480	 8,847</p>
<p> Deferred rent			   140	   130</p>
<p>Long-term debt, net</p>
<p>    of current portion	     2,803	 2,939</p>
<p> Total liabilities		  11,423	11,916</p>
<p> Shareholders' Equity	     10,420	 9,147</p>
<p>Total liabilities and</p>
<p>    shareholders' equity	  21,843	21,063</p>
<p>SOURCE  Electronic Designs, Inc.</p>
<p>-- New York Newsdesk 212 859-1610</p>
</text>
<copyright>(c) Reuters Limited 1997</copyright>
<metadata>
<codes class="bip:countries:1.0">
  <code code="USA">
    <editdetail action="confirmed" attribution="Reuters BIP Coding Group" date="1997-01-28"/>
  </code>
</codes>
<codes class="bip:topics:1.0">
  <code code="C15">
    <editdetail action="confirmed" attribution="Reuters BIP Coding Group" date="1997-01-28"/>
  </code>
  <code code="C151">
    <editdetail action="confirmed" attribution="Reuters BIP Coding Group" date="1997-01-28"/>
  </code>
  <code code="CCAT">
    <editdetail action="confirmed" attribution="Reuters BIP Coding Group" date="1997-01-28"/>
  </code>
</codes>
<dc element="dc.date.created" value="1997-01-28"/>
<dc element="dc.publisher" value="Reuters Holdings Plc"/>
<dc element="dc.date.published" value="1997-01-28"/>
<dc element="dc.source" value="Reuters"/>
<dc element="dc.creator.location" value="WESTBOROUGH, Mass."/>
<dc element="dc.creator.location.country.name" value="USA"/>
<dc element="dc.source" value="Reuters"/>
</metadata>
</newsitem>
