<?xml version="1.0" encoding="ISO-8859-1" standalone="no"?>
<newsitem date="1997-01-28" id="root" itemid="336981" xml:lang="en">
<title>REPUBLIC OF IRELAND: RUGBY UNION-IRFU TO TAKE NO ACTION AGAINST PLAYERS.</title>
<headline>RUGBY UNION-IRFU TO TAKE NO ACTION AGAINST PLAYERS.</headline>
<dateline>DUBLIN 1997-01-28</dateline>
<text>
<p>The Irish Rugby Football Union (IRFU) said on Tuesday it would take no action against three players who were the subject of complaints by France after the Five Nations game in Dublin on January 18.</p>
<p>The French Rugby Union Federation (FFR) sent the IRFU a videotape of incidents allegedly involving hooker Keith Wood, lock forward Paddy Johns and scrum-half Niall Hogan.</p>
<p>But the IRFU said in a statement it had studied the tape and found that no Irish player had committed offences which warranted disciplinary action.</p>
<p>The FFR last week banned prop forward Franck Tournaire from their next Five Nations game against Wales in February for stamping on Ireland hooker Allen Clarke in Dublin.</p>
<p>But FFR president Bernard Lapasset complained that Ireland had not followed the rules in that case and should have complained to the Five Nations championship disciplinary committee.</p>
<p>Lapasset said that France would not sanction players in the future if normal procedures were not followed and said Tournaire would be allowed to continue playing for his club Narbonne.</p>
</text>
<copyright>(c) Reuters Limited 1997</copyright>
<metadata>
<codes class="bip:countries:1.0">
  <code code="FRA">
    <editdetail action="confirmed" attribution="Reuters BIP Coding Group" date="1997-01-28"/>
  </code>
  <code code="IRE">
    <editdetail action="confirmed" attribution="Reuters BIP Coding Group" date="1997-01-28"/>
  </code>
</codes>
<codes class="bip:topics:1.0">
  <code code="E41">
    <editdetail action="confirmed" attribution="Reuters BIP Coding Group" date="1997-01-28"/>
  </code>
  <code code="ECAT">
    <editdetail action="confirmed" attribution="Reuters BIP Coding Group" date="1997-01-28"/>
  </code>
  <code code="GCAT">
    <editdetail action="confirmed" attribution="Reuters BIP Coding Group" date="1997-01-28"/>
  </code>
  <code code="GJOB">
    <editdetail action="confirmed" attribution="Reuters BIP Coding Group" date="1997-01-28"/>
  </code>
  <code code="GSPO">
    <editdetail action="confirmed" attribution="Reuters BIP Coding Group" date="1997-01-28"/>
  </code>
</codes>
<dc element="dc.date.created" value="1997-01-28"/>
<dc element="dc.publisher" value="Reuters Holdings Plc"/>
<dc element="dc.date.published" value="1997-01-28"/>
<dc element="dc.source" value="Reuters"/>
<dc element="dc.creator.location" value="DUBLIN"/>
<dc element="dc.creator.location.country.name" value="REPUBLIC OF IRELAND"/>
<dc element="dc.source" value="Reuters"/>
</metadata>
</newsitem>
