<?xml version="1.0" encoding="ISO-8859-1" standalone="no"?>
<newsitem date="1997-01-28" id="root" itemid="336809" xml:lang="en">
<title>USA: U.S. high-yield corporate bond forward calendar.</title>
<headline>U.S. high-yield corporate bond forward calendar.</headline>
<dateline>NEW YORK 1997-01-28</dateline>
<text>
<p>Here is a list of pending high-yield issues, according to market sources:</p>
<p>Company		   Issue		   Maturity   Amount    Lead Mgr</p>
<p>Acindar Industria</p>
<p>Argentina De Aceros   notes		     2004   $100 million     CSFB</p>
<p>Advanced Radio</p>
<p>Telecom. Corp	   sr notes		  2007   $125 million     ML</p>
<p>AmeriCredit Corp	snr notes		 2004   $100 million     SB</p>
<p>Atlantic Express</p>
<p>Transportation Corp   144a sr sec notes     2004   $100 million     JEFF</p>
<p>Barret Resources Corp sr notes		  2007   $150 million     GS</p>
<p>Bresnan Com/BCC	 snr debs		  2008   $100 million     SAL</p>
<p>Bresnan Comm	    snr notes		 2007   $100 million     SAL</p>
<p>CANTV Finance Ltd     grtd notes		2002   $150 million     CHASE</p>
<p>Central Tractor Farm</p>
<p>&amp; Country Inc	   snr notes		 2007   $100 million     NCMI</p>
<p>Collins &amp; Aikman</p>
<p>Floor Coverings	 144a snr sub notes    2007   $100 million     BT</p>
<p>Dawson Production</p>
<p>Services Inc	    snr notes		 2007   $110 million     JEFF</p>
<p>Experian Info Sol.    snr sub notes	   2007   $250 million     CHASE</p>
<p>Fage Dairy Industry   144a snr notes	  2007   $115 million     CITI</p>
<p>General Wireless	snr disc notes	  2007   $220 million     BS</p>
<p>Kinder Care Learning</p>
<p>Centers		   144a snr sub notes    2007   $200 million     CHASE</p>
<p>Lomak Peteroleum Inc  snr sub notes	   2007   $100 million     CHASE</p>
<p>MBW Foods Inc	   144a snr sub notes    2007   $100 million     CHASE</p>
<p>Multi Market	    snr sub notes	   2007   $110 million     LEH</p>
<p>NextWave Telecom	N/A			 N/A    $300 million     CIBC</p>
<p>Orion Network Systems snr notes		 2007   $222 million     MS</p>
<p>Orion Network Systems snr disc notes	  2007   $125 million     MS</p>
<p>Optel Inc		 144a snr notes	  2007   $150 million     SAL</p>
<p>Pen-Tab Industries    snr sub notes	   2007   $65 million	JPM</p>
<p>Pocket Comm. Inc	snr disc notes	  2007   N/A	    DLJ</p>
<p>Premier Parks	   snr notes		 2007   $100 million     LEH</p>
<p>Renaissance</p>
<p>Cosmetics		 144a snr notes	  2007   $200 million     CIBC</p>
<p>Sun Media Corp	  144a snr sub notes    2007   $150 million     CIBC</p>
<p>Supermercados Norte   144a snr notes	  2001   $200 million     ML</p>
<p>Synthetic Industries  144a snr sub notes    N/A    $125 million     BS</p>
<p>Syratech Corp	   snr notes		 2007   $160 million     NCMI</p>
<p>TV Azteca		 snr grtd notes	  04/07  $350 million     BS</p>
<p>Vintage Petroleum     snr sub notes	   2009   $100 million     SAL</p>
<p>To have deals included, call: 212-859-1662</p>
</text>
<copyright>(c) Reuters Limited 1997</copyright>
<metadata>
<codes class="bip:countries:1.0">
  <code code="USA">
    <editdetail action="confirmed" attribution="Reuters BIP Coding Group" date="1997-01-28"/>
  </code>
</codes>
<codes class="bip:topics:1.0">
  <code code="M12">
    <editdetail action="confirmed" attribution="Reuters BIP Coding Group" date="1997-01-28"/>
  </code>
  <code code="MCAT">
    <editdetail action="confirmed" attribution="Reuters BIP Coding Group" date="1997-01-28"/>
  </code>
</codes>
<dc element="dc.date.created" value="1997-01-28"/>
<dc element="dc.publisher" value="Reuters Holdings Plc"/>
<dc element="dc.date.published" value="1997-01-28"/>
<dc element="dc.source" value="Reuters"/>
<dc element="dc.creator.location" value="NEW YORK"/>
<dc element="dc.creator.location.country.name" value="USA"/>
<dc element="dc.source" value="Reuters"/>
</metadata>
</newsitem>
