<?xml version="1.0" encoding="ISO-8859-1" standalone="no"?>
<newsitem date="1997-01-28" id="root" itemid="337444" xml:lang="en">
<title>UZBEKISTAN: Uzbeks to sell 1.1 bcm gas to Tajiks in '97.</title>
<headline>Uzbeks to sell 1.1 bcm gas to Tajiks in '97.</headline>
<dateline>TASHKENT 1997-01-28</dateline>
<text>
<p>Uzbekistan will supply Tajikistan with 1.1 billion cubic metres (bcm) of natural gas this year, according to an agreement signed by prime ministers of the two former Soviet Central Asian republics late on Monday.</p>
<p>"The amount is nearly the same as last year," Faizullo Nasyrov, councillor to the Tajik ambassador to Uzbekistan, told Reuters.</p>
<p>Nasyrov could not say what price Tajikistan would pay for the Uzbek supplies.</p>
<p>Russia's Interfax news agency said Tajikistan had asked the Uzbek government to reduce the price this year to $50 per 1,000 cubic metres from the current $55. World prices are around $70 per 1,000 cubic metres.</p>
<p>Tajikistan, devastated by four years of civil war, owes its resource-rich neighbour Uzbekistan $200 million, including $28 million for gas supplies in 1996, Nasyrov said.</p>
<p>But he noted that Tajikistan's gas debt had fallen from $60.2 million in January last year.</p>
<p>-- Shamil Baigin, Tashkent Newsroom, +7 3712 361958</p>
</text>
<copyright>(c) Reuters Limited 1997</copyright>
<metadata>
<codes class="bip:countries:1.0">
  <code code="TADZK">
    <editdetail action="confirmed" attribution="Reuters BIP Coding Group" date="1997-01-28"/>
  </code>
  <code code="UZBK">
    <editdetail action="confirmed" attribution="Reuters BIP Coding Group" date="1997-01-28"/>
  </code>
</codes>
<codes class="bip:industries:1.0">
  <code code="I13000">
    <editdetail action="confirmed" attribution="Reuters BIP Coding Group" date="1997-01-28"/>
  </code>
</codes>
<codes class="bip:topics:1.0">
  <code code="C31">
    <editdetail action="confirmed" attribution="Reuters BIP Coding Group" date="1997-01-28"/>
  </code>
  <code code="C312">
    <editdetail action="confirmed" attribution="Reuters BIP Coding Group" date="1997-01-28"/>
  </code>
  <code code="CCAT">
    <editdetail action="confirmed" attribution="Reuters BIP Coding Group" date="1997-01-28"/>
  </code>
  <code code="M14">
    <editdetail action="confirmed" attribution="Reuters BIP Coding Group" date="1997-01-28"/>
  </code>
  <code code="M143">
    <editdetail action="confirmed" attribution="Reuters BIP Coding Group" date="1997-01-28"/>
  </code>
  <code code="MCAT">
    <editdetail action="confirmed" attribution="Reuters BIP Coding Group" date="1997-01-28"/>
  </code>
</codes>
<dc element="dc.date.created" value="1997-01-28"/>
<dc element="dc.publisher" value="Reuters Holdings Plc"/>
<dc element="dc.date.published" value="1997-01-28"/>
<dc element="dc.source" value="Reuters"/>
<dc element="dc.creator.location" value="TASHKENT"/>
<dc element="dc.creator.location.country.name" value="UZBEKISTAN"/>
<dc element="dc.source" value="Reuters"/>
</metadata>
</newsitem>
