<?xml version="1.0" encoding="ISO-8859-1" standalone="no"?>
<newsitem date="1997-01-28" id="root" itemid="337469" xml:lang="en">
<title>BRAZIL: Brazil Lower House approves re-election amendment.</title>
<headline>Brazil Lower House approves re-election amendment.</headline>
<dateline>BRASILIA 1997-01-28</dateline>
<text>
<p>Brazil's Lower House voted on Tuesday to approve a constitutional amendment allowing President Fernando Henrique Cardoso to seek an unprecedented second term in office.</p>
<p>The amendment, which still requires a second round Lower House vote and Senate approval, was approved by 336 deputies, 17 voted against and six abstained according to Lower House president Luiz Eduardo Magalhaes. </p>
<p>The amendment paves the way for Cardoso, who is halfway through a four-year term, to run in the 1998 presidential election.</p>
<p>It would also allow state governors and mayors to run for a second consecutive term.</p>
<p>Brazil has banned re-election since the founding of the Republic in 1889.</p>
<p>The Lower House was due to vote on Wednesday morning on a series of proposed alterations to the bill floated by opposition parties.</p>
</text>
<copyright>(c) Reuters Limited 1997</copyright>
<metadata>
<codes class="bip:countries:1.0">
  <code code="BRAZ">
    <editdetail action="confirmed" attribution="Reuters BIP Coding Group" date="1997-01-28"/>
  </code>
</codes>
<codes class="bip:topics:1.0">
  <code code="GCAT">
    <editdetail action="confirmed" attribution="Reuters BIP Coding Group" date="1997-01-28"/>
  </code>
  <code code="GPOL">
    <editdetail action="confirmed" attribution="Reuters BIP Coding Group" date="1997-01-28"/>
  </code>
  <code code="GVOTE">
    <editdetail action="confirmed" attribution="Reuters BIP Coding Group" date="1997-01-28"/>
  </code>
</codes>
<dc element="dc.date.created" value="1997-01-28"/>
<dc element="dc.publisher" value="Reuters Holdings Plc"/>
<dc element="dc.date.published" value="1997-01-28"/>
<dc element="dc.source" value="Reuters"/>
<dc element="dc.creator.location" value="BRASILIA"/>
<dc element="dc.creator.location.country.name" value="BRAZIL"/>
<dc element="dc.source" value="Reuters"/>
</metadata>
</newsitem>
