<?xml version="1.0" encoding="ISO-8859-1" standalone="no"?>
<newsitem date="1997-01-28" id="root" itemid="336768" xml:lang="en">
<title>USA: Century Telephone wins 12 PCS licenses.</title>
<headline>Century Telephone wins 12 PCS licenses.</headline>
<dateline>MONROE, La. 1997-01-28</dateline>
<text>
<p>Century Telephone Enterprises Inc said on Tuesday it was awarded 12 Personal Communication Service, or PCS, licenses in the Federal Communications Commission's D and E block auctions.</p>
<p>Century's licenses include 10-MHz of spectrum and cover markets with a population of about four million people. They cover 11 Basic Trading Areas in Michigan and one in Vicksburg, Miss.</p>
<p>"This additional wireless spectrum complements our existing service clusters and will allow us to competitively attract new customers as well as offer value-added services to our existing customers," said Glen Post III, Century's president and chief executive.</p>
<p>Century said its total investment for this spectrum is about $4.6 million. Construction of networks in these areas is expected to begin during 1997.</p>
</text>
<copyright>(c) Reuters Limited 1997</copyright>
<metadata>
<codes class="bip:countries:1.0">
  <code code="USA">
    <editdetail action="confirmed" attribution="Reuters BIP Coding Group" date="1997-01-28"/>
  </code>
</codes>
<codes class="bip:industries:1.0">
  <code code="I79020">
    <editdetail action="confirmed" attribution="Reuters BIP Coding Group" date="1997-01-28"/>
  </code>
</codes>
<codes class="bip:topics:1.0">
  <code code="C13">
    <editdetail action="confirmed" attribution="Reuters BIP Coding Group" date="1997-01-28"/>
  </code>
  <code code="C21">
    <editdetail action="confirmed" attribution="Reuters BIP Coding Group" date="1997-01-28"/>
  </code>
  <code code="CCAT">
    <editdetail action="confirmed" attribution="Reuters BIP Coding Group" date="1997-01-28"/>
  </code>
</codes>
<dc element="dc.date.created" value="1997-01-28"/>
<dc element="dc.publisher" value="Reuters Holdings Plc"/>
<dc element="dc.date.published" value="1997-01-28"/>
<dc element="dc.source" value="Reuters"/>
<dc element="dc.creator.location" value="MONROE, La."/>
<dc element="dc.creator.location.country.name" value="USA"/>
<dc element="dc.source" value="Reuters"/>
</metadata>
</newsitem>
