<?xml version="1.0" encoding="ISO-8859-1" standalone="no"?>
<newsitem date="1997-01-28" id="root" itemid="336992" xml:lang="en">
<title>SOUTH AFRICA: S.AFRICAN DEC M3 MONEY SUPPLY GROWS 13.73 PCT.</title>
<headline>S.AFRICAN DEC M3 MONEY SUPPLY GROWS 13.73 PCT.</headline>
<dateline>PRETORIA 1997-01-28</dateline>
<text>
<p>South Africa's year-on-year broadly defined M3 money supply grew 13.73 percent in December, preliminary Reserve Bank figures show.</p>
<p>November M3 growth was revised to 15.18 percent from a preliminary 15.32 percent.</p>
<p>Annual private sector credit growth was 15.75 percent, preliminary figures showed, against a revised 17.13 percent in November.</p>
<p>A Reuters consensus poll of economist forecast M3 year-on-year growth of 14.3 percent from 15.32 in November while private credit was seen expanding 16.3 percent against 17.10 percent.  </p>
<p>Detailed data (Percentage changes over 12 months):</p>
<p>Dec 1996 preliminary M3 growth -- 13.73 percent</p>
<p>Dec 1996 preliminary private sector credit growth -- 15.75</p>
<p>percent</p>
<p>					   Nov '96	  Oct '96</p>
<p>M3  revised			    15.18	    16.03</p>
<p>M2    "				  18.16	    19.52     </p>
<p>M1    "				  33.98	    37.16</p>
<p>Private sector credit growth     17.13	    18.86</p>
<p>Monetary aggregates (rand millions)</p>
<p>			    Dec '96(prel) Nov '96 (rev)  Oct '96 (rev)</p>
<p>M3 unadjusted	   319.75	  316.12	   311.26</p>
<p>M3 seasonally adj.    317.40	  312.55	   312.90</p>
<p>Private sector credit 365.96	  361.90	   360.97</p>
<p>M3 annualised growth rate from base of guideline</p>
<p>			     14.83	   14.41	    15.89</p>
<p>(1996 guideline range 6-10 pct)</p>
<p>-- Johannesburg newsroom +27 11 482 1003</p>
</text>
<copyright>(c) Reuters Limited 1997</copyright>
<metadata>
<codes class="bip:countries:1.0">
  <code code="SAFR">
    <editdetail action="confirmed" attribution="Reuters BIP Coding Group" date="1997-01-28"/>
  </code>
</codes>
<codes class="bip:topics:1.0">
  <code code="E12">
    <editdetail action="confirmed" attribution="Reuters BIP Coding Group" date="1997-01-28"/>
  </code>
  <code code="E121">
    <editdetail action="confirmed" attribution="Reuters BIP Coding Group" date="1997-01-28"/>
  </code>
  <code code="ECAT">
    <editdetail action="confirmed" attribution="Reuters BIP Coding Group" date="1997-01-28"/>
  </code>
</codes>
<dc element="dc.date.created" value="1997-01-28"/>
<dc element="dc.publisher" value="Reuters Holdings Plc"/>
<dc element="dc.date.published" value="1997-01-28"/>
<dc element="dc.source" value="Reuters"/>
<dc element="dc.creator.location" value="PRETORIA"/>
<dc element="dc.creator.location.country.name" value="SOUTH AFRICA"/>
<dc element="dc.source" value="Reuters"/>
</metadata>
</newsitem>
