<?xml version="1.0" encoding="ISO-8859-1" standalone="no"?>
<newsitem date="1997-01-28" id="root" itemid="337533" xml:lang="en">
<title>MEXICO: Mexican daily port, shipping update for Jan 28.</title>
<headline>Mexican daily port, shipping update for Jan 28.</headline>
<dateline>MEXICO CITY 1997-01-27</dateline>
<text>
<p>Two of Mexico's main ports along the northwestern Gulf of Mexico were reported closed on Tuesday, the Communications and Transport Ministry said in its 1000 local/1600 GMT daily report.</p>
<p>The two Tamaulipas state ports, Tampico and Tuxpan, were shut amid winds from the north in Tampico between 65 and 75 km and waves five to eight feet high.</p>
<p>Further south along the gulf, the port of Veracruz was shut to smaller ships, in addition to La Pesca, El Mezquital, Nautla, Alvarado, Altamira and Rosarito.</p>
<p>A cold front in the Gulf of Mexico is expected to reduce temperatures and bring strong winds to the area in the next 24 hours. The ministry recommended caution in sailing along the western gulf.</p>
<p>The ministry updated port conditions and shipping warnings for the Gulf of Mexico, Caribbean and Pacific Coast.</p>
<p>-- Pacific Coast:</p>
<p>Slight clouds along northwest Baja California peninsula, and steady winds hitting maximum velocities of between 10 and 15 knots (19 to 28 km/11 to 17 miles per hour).</p>
<p>Winds in Gulf of Tehuantepec from the northeast up to 20 knots (38 km/22 miles per hour) with waves reaching heights between eight and 10 feet high.</p>
<p>-- Gulf of Mexico:</p>
<p>Moderate cold front heading southwest expected to intensify and hit the region during the next 24 hours with winds from the north from 25 to 35 knots (47 to 66 km/28 to 39 miles per hour) and waves seven to 10 feet high.</p>
<p>-- Caribbean:</p>
<p>Hot and partly cloudy with moderate winds of 20 to 30 km along shores of Quintana Roo and the Yucatan peninsula. Possible light rains.</p>
<p>((--Timna Tanners, Mexico City newsroom +525 728-7903))</p>
</text>
<copyright>(c) Reuters Limited 1997</copyright>
<metadata>
<codes class="bip:countries:1.0">
  <code code="MEX">
    <editdetail action="confirmed" attribution="Reuters BIP Coding Group" date="1997-01-28"/>
  </code>
</codes>
<codes class="bip:industries:1.0">
  <code code="I76300">
    <editdetail action="confirmed" attribution="Reuters BIP Coding Group" date="1997-01-28"/>
  </code>
</codes>
<codes class="bip:topics:1.0">
  <code code="C24">
    <editdetail action="confirmed" attribution="Reuters BIP Coding Group" date="1997-01-28"/>
  </code>
  <code code="CCAT">
    <editdetail action="confirmed" attribution="Reuters BIP Coding Group" date="1997-01-28"/>
  </code>
</codes>
<dc element="dc.date.created" value="1997-01-27"/>
<dc element="dc.publisher" value="Reuters Holdings Plc"/>
<dc element="dc.date.published" value="1997-01-28"/>
<dc element="dc.source" value="Reuters"/>
<dc element="dc.creator.location" value="MEXICO CITY"/>
<dc element="dc.creator.location.country.name" value="MEXICO"/>
<dc element="dc.source" value="Reuters"/>
</metadata>
</newsitem>
