<?xml version="1.0" encoding="ISO-8859-1" standalone="no"?>
<newsitem date="1996-11-26" id="root" itemid="219190" xml:lang="en">
<title>USA: Eli Lilly says FDA clears prozac for bulimia.</title>
<headline>Eli Lilly says FDA clears prozac for bulimia.</headline>
<dateline>INDIANAPOLIS 1996-11-25</dateline>
<text>
<p>The antidepressant drug Prozac won Food and Drug Administration approval for sale as the first medicine for the eating disorder bulimia nervosa, manufacturer Eli Lilly and Co. said Monday.</p>
<p>The illness strikes more than 1 million Americans a year, almost all of them women, Lilly said.</p>
<p>Bulimia is characterised by recurrent episodes of uncontrolled binge eating followed by some kind of compensatory behaviour, most often purging, which includes self-induced vomiting or misuse of laxatives and diuretics.</p>
<p>Clinical studies have shown that treatment with Prozac leads to a significant reduction in binging and purging episodes, said Freda Lewis-Hall, director of the Lilly Centre for Women's Health.</p>
<p>The most common side effects reported in the clinical trials included insomnia, nausea, anxiety and loss of strength, the Indianapolis-based drug maker said.</p>
<p>Lilly stock rose $3.125 to $78 on the New York Stock Exchange.</p>
<p>Industry analysts said Lilly may not see a huge gain in sales, but said the FDA action was a plus for the company.</p>
<p>"It will help the sales force, give them something new to talk about. It also will keep the drug in the minds of doctors," said Jean Rosenbaum, an analyst at PNC Investment Management &amp; Research.</p>
<p>Prozac is a widely prescribed antidepressant that inspired a best-selling book, "Listening to Prozac". It was approved for treating clinical depression in 1987 and for obsessive-compulsive disorder in 1994.</p>
<p>Lilly said it is estimated that more than 24 million people worldwide, including more than 18 million in the United States, have been treated with Prozac since its introduction.</p>
<p>To date, Prozac has been made available for treating depression in 107 countries and for obsessive-compulsive disorder in 39. The United States is the 34th country in which Prozac has been cleared for treating bulimia.</p>
</text>
<copyright>(c) Reuters Limited 1996</copyright>
<metadata>
<codes class="bip:countries:1.0">
  <code code="USA">
    <editdetail action="confirmed" attribution="Reuters BIP Coding Group" date="1996-11-26"/>
  </code>
</codes>
<codes class="bip:industries:1.0">
  <code code="I25700">
    <editdetail action="confirmed" attribution="Reuters BIP Coding Group" date="1996-11-26"/>
  </code>
</codes>
<codes class="bip:topics:1.0">
  <code code="C13">
    <editdetail action="confirmed" attribution="Reuters BIP Coding Group" date="1996-11-26"/>
  </code>
  <code code="C22">
    <editdetail action="confirmed" attribution="Reuters BIP Coding Group" date="1996-11-26"/>
  </code>
  <code code="CCAT">
    <editdetail action="confirmed" attribution="Reuters BIP Coding Group" date="1996-11-26"/>
  </code>
</codes>
<dc element="dc.date.created" value="1996-11-25"/>
<dc element="dc.publisher" value="Reuters Holdings Plc"/>
<dc element="dc.date.published" value="1996-11-26"/>
<dc element="dc.source" value="Reuters"/>
<dc element="dc.creator.location" value="INDIANAPOLIS"/>
<dc element="dc.creator.location.country.name" value="USA"/>
<dc element="dc.source" value="Reuters"/>
</metadata>
</newsitem>
