<?xml version="1.0" encoding="ISO-8859-1" standalone="no"?>
<newsitem date="1997-01-28" id="root" itemid="338213" xml:lang="en">
<title>INDIA: Indian state sets up infrastructure company.</title>
<headline>Indian state sets up infrastructure company.</headline>
<dateline>BOMBAY 1997-01-28</dateline>
<text>
<p>India's western desert state of Rajasthan on Tuesday announced plans to set up an infrastructure development company to help smooth the way for potential investors in the state's large projects.</p>
<p>An official statement said that the firm, the Project Development Corporation (PDCOR), will do the spadework for infrastructure projects in terms of preparing feasibility reports and securing approvals from financial institutions.</p>
<p>PDCOR will develop investment banking reports for mega infrastructure projects like a proposed 15 billion rupees ($419 million) industrial model township, a ten-billion-rupee leisure city, a 10-billion-rupee dry ports project, the statement said.</p>
<p>The firm, a joint venture with the Housing and Development Finance Corp (HDFC) and Infrastructure Leasing and Financial Services (IL&amp;FS), will have a total authorised capital of 50 million rupees, with an initial paid-up capital of 10 million rupees, it added.</p>
<p>Rajasthan state will hold a 24 percent stake in the firm, with IL&amp;FS taking 40 percent and HDFC taking up 36 percent.</p>
<p>The corporation will also tie up for finance with multilateral and bilateral financial institutions when required and offer these projects for implementation to Indian and foreign investors.</p>
<p>($1.00 = 35.82 rupees)</p>
<p>-- Bombay newsroom +91-22-265 9000</p>
</text>
<copyright>(c) Reuters Limited 1997</copyright>
<metadata>
<codes class="bip:countries:1.0">
  <code code="INDIA">
    <editdetail action="confirmed" attribution="Reuters BIP Coding Group" date="1997-01-28"/>
  </code>
</codes>
<codes class="bip:topics:1.0">
  <code code="C11">
    <editdetail action="confirmed" attribution="Reuters BIP Coding Group" date="1997-01-28"/>
  </code>
  <code code="CCAT">
    <editdetail action="confirmed" attribution="Reuters BIP Coding Group" date="1997-01-28"/>
  </code>
  <code code="E51">
    <editdetail action="confirmed" attribution="Reuters BIP Coding Group" date="1997-01-28"/>
  </code>
  <code code="ECAT">
    <editdetail action="confirmed" attribution="Reuters BIP Coding Group" date="1997-01-28"/>
  </code>
</codes>
<dc element="dc.date.created" value="1997-01-28"/>
<dc element="dc.publisher" value="Reuters Holdings Plc"/>
<dc element="dc.date.published" value="1997-01-28"/>
<dc element="dc.source" value="Reuters"/>
<dc element="dc.creator.location" value="BOMBAY"/>
<dc element="dc.creator.location.country.name" value="INDIA"/>
<dc element="dc.source" value="Reuters"/>
</metadata>
</newsitem>
