<?xml version="1.0" encoding="ISO-8859-1" standalone="no"?>
<newsitem date="1996-11-26" id="root" itemid="219127" xml:lang="en">
<title>NETHERLANDS: Dutch airlines to accept unlimited liability.</title>
<headline>Dutch airlines to accept unlimited liability.</headline>
<dateline>AMSTERDAM 1996-11-26</dateline>
<text>
<p>KLM, KLM Cityhopper, Martinair and Transavia will accept unlimited liability for accidents in which passengers are killed or injured, they said in a statement.</p>
<p>Earlier, the Financial Times reported European airlines KLM, SAS, Swissair, Austrian Airlines and Finnair will accept unlimited liability for such accidents.</p>
<p>The move will end the 1929 Warsaw Convention principle of limiting liability.</p>
<p>It pre-empts implementation next year of a deal negotiated by the International Air Transportation Association (IATA), dubbed the IATA Intercarrier Agreement, the paper said.</p>
<p>In 1983 KLM increased the limit for liability to around 250,000 guilders from around 40,000 guilders. This step was then followed by KLM Cityhopper, Martinair and Transavia, they said in a statement.</p>
<p>Martinair is jointly owned by KLM and Nedlloyd.</p>
<p>-- Amsterdam newsroom +31 20 504 5000 fax +31 20 504 5040</p>
</text>
<copyright>(c) Reuters Limited 1996</copyright>
<metadata>
<codes class="bip:countries:1.0">
  <code code="AUST">
    <editdetail action="confirmed" attribution="Reuters BIP Coding Group" date="1996-11-26"/>
  </code>
  <code code="NETH">
    <editdetail action="confirmed" attribution="Reuters BIP Coding Group" date="1996-11-26"/>
  </code>
</codes>
<codes class="bip:industries:1.0">
  <code code="I74000">
    <editdetail action="confirmed" attribution="Reuters BIP Coding Group" date="1996-11-26"/>
  </code>
  <code code="I75000">
    <editdetail action="confirmed" attribution="Reuters BIP Coding Group" date="1996-11-26"/>
  </code>
  <code code="I82000">
    <editdetail action="confirmed" attribution="Reuters BIP Coding Group" date="1996-11-26"/>
  </code>
</codes>
<codes class="bip:topics:1.0">
  <code code="C13">
    <editdetail action="confirmed" attribution="Reuters BIP Coding Group" date="1996-11-26"/>
  </code>
  <code code="C21">
    <editdetail action="confirmed" attribution="Reuters BIP Coding Group" date="1996-11-26"/>
  </code>
  <code code="CCAT">
    <editdetail action="confirmed" attribution="Reuters BIP Coding Group" date="1996-11-26"/>
  </code>
</codes>
<dc element="dc.date.created" value="1996-11-26"/>
<dc element="dc.publisher" value="Reuters Holdings Plc"/>
<dc element="dc.date.published" value="1996-11-26"/>
<dc element="dc.source" value="Reuters"/>
<dc element="dc.creator.location" value="AMSTERDAM"/>
<dc element="dc.creator.location.country.name" value="NETHERLANDS"/>
<dc element="dc.source" value="Reuters"/>
</metadata>
</newsitem>
