<?xml version="1.0" encoding="ISO-8859-1" standalone="no"?>
<newsitem date="1997-01-28" id="root" itemid="337779" xml:lang="en">
<title>USA: CCC seeks 40,000 tonnes U.S. wheat for Pakistan.</title>
<headline>CCC seeks 40,000 tonnes U.S. wheat for Pakistan.</headline>
<dateline>CHICAGO 1997-01-28</dateline>
<text>
<p>The Commodity Credit Corp said it was seeking up to 40,000 tonnes of U.S. No. 2 soft white wheat, maximum moisture 13.5 percent, under its export program for Pakistan.</p>
<p>Shipment period was slated for February 20 to March 15.</p>
<p>The CCC, part of the U.S. Department of Agriculture, said offers are due at 1400 CST on February 4.</p>
<p>All whole grain wheat bagged or bulk must be tested for vomitoxin, with a maximum permissible level of two parts per million.</p>
<p>((Doris Frankel 312-983-7305))</p>
</text>
<copyright>(c) Reuters Limited 1997</copyright>
<metadata>
<codes class="bip:countries:1.0">
  <code code="PAKIS">
    <editdetail action="confirmed" attribution="Reuters BIP Coding Group" date="1997-01-28"/>
  </code>
  <code code="USA">
    <editdetail action="confirmed" attribution="Reuters BIP Coding Group" date="1997-01-28"/>
  </code>
</codes>
<codes class="bip:topics:1.0">
  <code code="M14">
    <editdetail action="confirmed" attribution="Reuters BIP Coding Group" date="1997-01-28"/>
  </code>
  <code code="M141">
    <editdetail action="confirmed" attribution="Reuters BIP Coding Group" date="1997-01-28"/>
  </code>
  <code code="MCAT">
    <editdetail action="confirmed" attribution="Reuters BIP Coding Group" date="1997-01-28"/>
  </code>
</codes>
<dc element="dc.date.created" value="1997-01-28"/>
<dc element="dc.publisher" value="Reuters Holdings Plc"/>
<dc element="dc.date.published" value="1997-01-28"/>
<dc element="dc.source" value="Reuters"/>
<dc element="dc.creator.location" value="CHICAGO"/>
<dc element="dc.creator.location.country.name" value="USA"/>
<dc element="dc.source" value="Reuters"/>
</metadata>
</newsitem>
