<?xml version="1.0" encoding="ISO-8859-1" standalone="no"?>
<newsitem date="1997-01-28" id="root" itemid="337686" xml:lang="en">
<title>MOROCCO: Morocco court jails four more students.</title>
<headline>Morocco court jails four more students.</headline>
<dateline>CASABLANCA 1997-01-28</dateline>
<text>
<p>A Moroccan court jailed four students on Tuesday for to one year after it found them guilty of disturbing public order and violence against civil servants, a spokesman said.</p>
<p>Of six defendants, three received one-year terms, one was jailed for six months and two were acquitted, the spokesman at the Casablanca court of first instance said.</p>
<p>The same court sentenced each of 25 Islamist students on Monday to three months in jail after they were convicted on similar counts. All 25 had pleaded not guilty.</p>
<p>The court has jailed a total of 32 students in a series of trials this month, the court said.</p>
<p>All the students were arrested three weeks ago after protests on the Casablanca university campus to press demands for improvement of their material situation including transportation, a lawyer said.</p>
<p>Police said the students belong to the outlawed Islamic group Al-Adl-Wal Ihsane (Justice and Charity), led by Sheikh Yassine who is now in his seventh year under house arrest.</p>
<p>The group was founded as a charity association in 1980. It applied for official recognition as a political party a year later but the Interior Ministry rejected the demand. The association was banned in 1990.</p>
</text>
<copyright>(c) Reuters Limited 1997</copyright>
<metadata>
<codes class="bip:countries:1.0">
  <code code="MOROC">
    <editdetail action="confirmed" attribution="Reuters BIP Coding Group" date="1997-01-28"/>
  </code>
</codes>
<codes class="bip:topics:1.0">
  <code code="GCAT">
    <editdetail action="confirmed" attribution="Reuters BIP Coding Group" date="1997-01-28"/>
  </code>
  <code code="GCRIM">
    <editdetail action="confirmed" attribution="Reuters BIP Coding Group" date="1997-01-28"/>
  </code>
</codes>
<dc element="dc.date.created" value="1997-01-28"/>
<dc element="dc.publisher" value="Reuters Holdings Plc"/>
<dc element="dc.date.published" value="1997-01-28"/>
<dc element="dc.source" value="Reuters"/>
<dc element="dc.creator.location" value="CASABLANCA"/>
<dc element="dc.creator.location.country.name" value="MOROCCO"/>
<dc element="dc.source" value="Reuters"/>
</metadata>
</newsitem>
