<?xml version="1.0" encoding="ISO-8859-1" standalone="no"?>
<newsitem date="1996-12-20" id="root" itemid="270744" xml:lang="en">
<title>USA: Arizona man convicted of killing his children.</title>
<headline>Arizona man convicted of killing his children.</headline>
<dateline>PHOENIX 1996-12-19</dateline>
<text>
<p>An Arizona man was convicted on Thursday of murdering his four daughters, gunning them down as they watched television because he was distraught over the breakup of his marriage, authorities said.</p>
<p>Norman Yazzie, 33, was charged with shooting his five children on Sept. 1 with a .22-calibre rifle in their trailer home in Dennehotso, a small, isolated community near the Arizona-Utah border.</p>
<p>The four girls -- Jazana, 13, Veneshia, 11, Cara, 8 and Nathalie, 5 -- were killed. Yazzie's 11-year-old son, Rhyan, survived and testified at the trial. Yazzie was convicted of attempted murder in the shooting of his son.</p>
<p>After the shootings, Yazzie fled the scene and left a note with the words: "Who has the last laugh here ... How does it feel now?"</p>
<p>He later told investigators "I just couldn't handle the idea of not being a family."</p>
<p>The identity and whereabouts of the children's mother did not come up at the trial, held at a federal court meeting in Prescott, about 100 miles north of Phoenix. The jury deliberated less than two hours before reaching the verdict.</p>
<p>Dennehotso is located within the Navajo Nation. The federal government has jurisdiction over crimes committed on Indian reservations.</p>
<p>Yazzie is scheduled to be sentenced in February and faces life in prison. Because the Navajo Nation does not recognise the death penalty, the prosecutors will not seek it nor would the judge impose it, authorities said. Yazzie is a member of the Navajo Nation.</p>
<p>The U.S. Attorney for Arizona, Janet Napolitano, said "This was a horrific crime. We hope that the community of Dennehotso can begin healing now after what happened to them."</p>
</text>
<copyright>(c) Reuters Limited 1996</copyright>
<metadata>
<codes class="bip:countries:1.0">
  <code code="USA">
    <editdetail action="confirmed" attribution="Reuters BIP Coding Group" date="1996-12-20"/>
  </code>
</codes>
<codes class="bip:topics:1.0">
  <code code="GCAT">
    <editdetail action="confirmed" attribution="Reuters BIP Coding Group" date="1996-12-20"/>
  </code>
  <code code="GCRIM">
    <editdetail action="confirmed" attribution="Reuters BIP Coding Group" date="1996-12-20"/>
  </code>
</codes>
<dc element="dc.date.created" value="1996-12-19"/>
<dc element="dc.publisher" value="Reuters Holdings Plc"/>
<dc element="dc.date.published" value="1996-12-20"/>
<dc element="dc.source" value="Reuters"/>
<dc element="dc.creator.location" value="PHOENIX"/>
<dc element="dc.creator.location.country.name" value="USA"/>
<dc element="dc.source" value="Reuters"/>
</metadata>
</newsitem>
