<?xml version="1.0" encoding="ISO-8859-1" standalone="no"?>
<newsitem date="1997-01-28" id="root" itemid="336828" xml:lang="en">
<title>USA: Tricord Systems lowers server prices.</title>
<headline>Tricord Systems lowers server prices.</headline>
<dateline>PLYMOUTH, Minn. 1997-01-28</dateline>
<text>
<p>Tricord Systems Inc said Tuesday it cut prices by 20 to 35 percent on all its PowerFrame Enterprise Server configurations and add-ons, effective immediately.</p>
<p>Continuing improvements in manufacturing management processes and component cost reductions enabled the company to cut prices to customers, it added.</p>
<p>Tricord is also offering customers competitive pricing on entry-level configurations.</p>
<p>"Tricord has significantly lowered prices for processors and memory to make Tricord's proven solutions available to a larger market segment," Skip Duggan, vice president of product marketing, said in a statement.</p>
<p>Tricord also announced specially priced two- and four-processor Enterprise Access packages to run application development software from several industry partners.</p>
<p>((Reuters Chicago Newsdesk (312) 408-8787))</p>
</text>
<copyright>(c) Reuters Limited 1997</copyright>
<metadata>
<codes class="bip:countries:1.0">
  <code code="USA">
    <editdetail action="confirmed" attribution="Reuters BIP Coding Group" date="1997-01-28"/>
  </code>
</codes>
<codes class="bip:industries:1.0">
  <code code="I33030">
    <editdetail action="confirmed" attribution="Reuters BIP Coding Group" date="1997-01-28"/>
  </code>
</codes>
<codes class="bip:topics:1.0">
  <code code="C31">
    <editdetail action="confirmed" attribution="Reuters BIP Coding Group" date="1997-01-28"/>
  </code>
  <code code="CCAT">
    <editdetail action="confirmed" attribution="Reuters BIP Coding Group" date="1997-01-28"/>
  </code>
</codes>
<dc element="dc.date.created" value="1997-01-28"/>
<dc element="dc.publisher" value="Reuters Holdings Plc"/>
<dc element="dc.date.published" value="1997-01-28"/>
<dc element="dc.source" value="Reuters"/>
<dc element="dc.creator.location" value="PLYMOUTH, Minn."/>
<dc element="dc.creator.location.country.name" value="USA"/>
<dc element="dc.source" value="Reuters"/>
</metadata>
</newsitem>
