<?xml version="1.0" encoding="ISO-8859-1" standalone="no"?>
<newsitem date="1996-12-20" id="root" itemid="270815" xml:lang="en">
<title>DENMARK: Lauritzen unit sells German subsidiary.</title>
<headline>Lauritzen unit sells German subsidiary.</headline>
<dateline>COPENHAGEN 1996-12-20</dateline>
<text>
<p>Danish shipping group J. Lauritzen A/S said on Friday its Sabroe Refrigeration unit had sold its 100 percent owned German subsidiary Sabroe GMbH Druckluft-und Gastechnik to German Ultrafilter GmbH.</p>
<p>It gave no price but said its Flensburg-based subsidiary with an annual turnover of 160 million crowns would be taken over by the Haan-based German purchaser on January 1, 1997.</p>
<p>--Chris Follett, Copenhagen newsroom +45-33969652</p>
</text>
<copyright>(c) Reuters Limited 1996</copyright>
<metadata>
<codes class="bip:countries:1.0">
  <code code="DEN">
    <editdetail action="confirmed" attribution="Reuters BIP Coding Group" date="1996-12-20"/>
  </code>
  <code code="GFR">
    <editdetail action="confirmed" attribution="Reuters BIP Coding Group" date="1996-12-20"/>
  </code>
</codes>
<codes class="bip:industries:1.0">
  <code code="I32830">
    <editdetail action="confirmed" attribution="Reuters BIP Coding Group" date="1996-12-20"/>
  </code>
  <code code="I74000">
    <editdetail action="confirmed" attribution="Reuters BIP Coding Group" date="1996-12-20"/>
  </code>
</codes>
<codes class="bip:topics:1.0">
  <code code="C18">
    <editdetail action="confirmed" attribution="Reuters BIP Coding Group" date="1996-12-20"/>
  </code>
  <code code="C181">
    <editdetail action="confirmed" attribution="Reuters BIP Coding Group" date="1996-12-20"/>
  </code>
  <code code="CCAT">
    <editdetail action="confirmed" attribution="Reuters BIP Coding Group" date="1996-12-20"/>
  </code>
</codes>
<dc element="dc.date.created" value="1996-12-20"/>
<dc element="dc.publisher" value="Reuters Holdings Plc"/>
<dc element="dc.date.published" value="1996-12-20"/>
<dc element="dc.source" value="Reuters"/>
<dc element="dc.creator.location" value="COPENHAGEN"/>
<dc element="dc.creator.location.country.name" value="DENMARK"/>
<dc element="dc.source" value="Reuters"/>
</metadata>
</newsitem>
