<?xml version="1.0" encoding="ISO-8859-1" standalone="no"?>
<newsitem date="1997-01-28" id="root" itemid="337232" xml:lang="en">
<title>SOUTH AFRICA: Housing and fuel drive Dec South African inflation.</title>
<headline>Housing and fuel drive Dec South African inflation.</headline>
<dateline>JOHANNESBURG 1997-01-28</dateline>
<text>
<p>Higher housing and fuel costs were the main drivers behind South African inflation in December 1996, the Central Statistcal Service said on Tuesday.</p>
<p>The consumer price index rose 1.0 percent in December from November after rising 0.4 percent in November, while the year-on-year rise was 9.4 percent versus November's 9.2 percent.</p>
<p>The data was broadly in line with analysts' expectations and South African bonds showed little immediate response to the data.  </p>
<p>Housing contributed 0.4 of a percentage point to to the 1.0 point month-on-month rise, mainly due to an increase of one percentage point in interest rates on mortgage bonds following a surprise one point increase in the Bank rate to 17 percent in late November.</p>
<p>Transport kicked in with a 0.2 point contribution to the monthly following an eight cents per litre increase in the price of gasoline. Food contributed 0.2, tobacco products 0.1 and other items 0.1.  </p>
<p>Within the food component there was a notable 4.3 percent monthly increase in the price of meat in the run-up to Christmas but this was partially offset by a 4.7 percent decrease in vegetable prices.</p>
<p>-- Johannesburg newsroom +27 11 482 1003</p>
</text>
<copyright>(c) Reuters Limited 1997</copyright>
<metadata>
<codes class="bip:countries:1.0">
  <code code="SAFR">
    <editdetail action="confirmed" attribution="Reuters BIP Coding Group" date="1997-01-28"/>
  </code>
</codes>
<codes class="bip:topics:1.0">
  <code code="E13">
    <editdetail action="confirmed" attribution="Reuters BIP Coding Group" date="1997-01-28"/>
  </code>
  <code code="E131">
    <editdetail action="confirmed" attribution="Reuters BIP Coding Group" date="1997-01-28"/>
  </code>
  <code code="ECAT">
    <editdetail action="confirmed" attribution="Reuters BIP Coding Group" date="1997-01-28"/>
  </code>
</codes>
<dc element="dc.date.created" value="1997-01-28"/>
<dc element="dc.publisher" value="Reuters Holdings Plc"/>
<dc element="dc.date.published" value="1997-01-28"/>
<dc element="dc.source" value="Reuters"/>
<dc element="dc.creator.location" value="JOHANNESBURG"/>
<dc element="dc.creator.location.country.name" value="SOUTH AFRICA"/>
<dc element="dc.source" value="Reuters"/>
</metadata>
</newsitem>
