<?xml version="1.0" encoding="ISO-8859-1" standalone="no"?>
<newsitem date="1996-12-20" id="root" itemid="270816" xml:lang="en">
<title>ITALY: Italy's Prodi upbeat on economy, Europe.</title>
<headline>Italy's Prodi upbeat on economy, Europe.</headline>
<byline>Jude Webber</byline>
<dateline>ROME 1996-12-20</dateline>
<text>
<p>Prime Minister Romano Prodi said on Friday that his first six months in office had brought Italy within reach of entering Europe's planned single currency and had improved its economic performance beyond expectations.</p>
<p>"I have based the government's entire policy on entering Europe," Prodi told an end-of-year news conference.</p>
<p>"In May, financial analysts gave us a 10 percent chance. Now it's 60 percent. It's not 100 percent, but it's not bad."</p>
<p>Prodi, who took office in May at the head of a centre-left government, has said Italy must not fail to be among the founder members of Economic and Monetary Union when it starts in 1999.</p>
<p>But he said his efforts, which have included an austerity 1997 budget to slash 62.5 trillion lire ($41 billion) off Italy's bulging debts, would have been needed in any case "to get Italy out of a crisis that has lasted for 30 years".</p>
<p>The appointment with Europe had just speeded efforts up, he said, but congratulated himself on progress to date.</p>
<p>"The economy is recovering much better than forecast. Despite talk of falling consumption, I look at the figures every day and they are not falling," he said.</p>
<p>Six months ago, Italy failed to make the grade on any of the five criteria laid down in the Maastricht Treaty as goals to be reached by 1998 to qualify for EMU, Prodi said.</p>
<p>But now Italy had lowered inflation to 2.6 percent, nearly two percentage points lower than in May, slashed interest rates to 7.5 percent and rejoined Europe's Exchange Rate Mechanism.</p>
<p>On the key target -- reducing the annual deficit to three percent of Gross Domestic Product -- Prodi admitted there was still work to do. "We're not yet there, but we're very close."</p>
<p>He gave no figures. Officially, the government maintains it will reach the target in time, and Prodi said he was not worried by the fifth Maastricht goal, that of reducing total debts, because he thought very few states would manage to meet it.</p>
<p>Many economic analysts and the opposition believe that Prodi's Herculean efforts will still not be enough to qualify Italy for EMU, leaving him no option but to pass a mini-budget.</p>
<p>Prodi, who says interest rate developments could change the scenario, would not be drawn on whether another set of measures was necessary. He said the government would decide at the end of February or early March when 1996 accounts were published.</p>
<p>"If a mini-budget is needed, it will be very limited," he said, adding that it would come "totally through spending cuts".</p>
<p>The 1997 budget, which is nearing final parliamentary approval, has been criticised for being over-heavy on tax, including a one-off "Euro-tax" levy to raise 12.5 trillion lire.</p>
<p>But Prodi ducked criticism, saying he had no option but to dispense bitter medicine, and launched straight into a row with union leaders over a review of Italy's generous pensions system.</p>
<p>Prodi said Italy had to raise the limit for qualifying for a pension and told trades union leaders they must not refuse to begin discussions on the pension system next year.</p>
<p>A review of a 1995 pension reform deal, which economists say is badly needed, is due to be carried out in 1998 but Prodi wants to bring it forward by a year. Unions refuse point blank.</p>
<p>"It is not possible to delay the discussions," Prodi said. "I do not intend to smash the pension system but to bring about the necessary reforms so that the cash to pay pensions is really there and pensions are not paid out of an accumulation of debt."</p>
</text>
<copyright>(c) Reuters Limited 1996</copyright>
<metadata>
<codes class="bip:countries:1.0">
  <code code="EEC">
    <editdetail action="confirmed" attribution="Reuters BIP Coding Group" date="1996-12-20"/>
  </code>
  <code code="ITALY">
    <editdetail action="confirmed" attribution="Reuters BIP Coding Group" date="1996-12-20"/>
  </code>
</codes>
<codes class="bip:topics:1.0">
  <code code="E11">
    <editdetail action="confirmed" attribution="Reuters BIP Coding Group" date="1996-12-20"/>
  </code>
  <code code="E12">
    <editdetail action="confirmed" attribution="Reuters BIP Coding Group" date="1996-12-20"/>
  </code>
  <code code="E21">
    <editdetail action="confirmed" attribution="Reuters BIP Coding Group" date="1996-12-20"/>
  </code>
  <code code="E211">
    <editdetail action="confirmed" attribution="Reuters BIP Coding Group" date="1996-12-20"/>
  </code>
  <code code="ECAT">
    <editdetail action="confirmed" attribution="Reuters BIP Coding Group" date="1996-12-20"/>
  </code>
  <code code="G15">
    <editdetail action="confirmed" attribution="Reuters BIP Coding Group" date="1996-12-20"/>
  </code>
  <code code="G154">
    <editdetail action="confirmed" attribution="Reuters BIP Coding Group" date="1996-12-20"/>
  </code>
  <code code="GCAT">
    <editdetail action="confirmed" attribution="Reuters BIP Coding Group" date="1996-12-20"/>
  </code>
</codes>
<dc element="dc.date.created" value="1996-12-20"/>
<dc element="dc.publisher" value="Reuters Holdings Plc"/>
<dc element="dc.date.published" value="1996-12-20"/>
<dc element="dc.source" value="Reuters"/>
<dc element="dc.creator.location" value="ROME"/>
<dc element="dc.creator.location.country.name" value="ITALY"/>
<dc element="dc.source" value="Reuters"/>
</metadata>
</newsitem>
