<?xml version="1.0" encoding="ISO-8859-1" standalone="no"?>
<newsitem date="1997-01-28" id="root" itemid="337551" xml:lang="en">
<title>BRAZIL: Brazil's 11-month insurance premiums up 2 pct.</title>
<headline>Brazil's 11-month insurance premiums up 2 pct.</headline>
<dateline>SAO PAULO 1997-01-28</dateline>
<text>
<p>Brazilian insurance premiums in the first eleven months of 1996 rose 2 percent to 14 billion reais ($13.4 billion) over the same period in 1995, the National Federation of Insurance Firms (Fenaseg) said.</p>
<p>Fenaseg said in a statement that car insurance accounted for 30.4 percent of all premiums and health and life insurance accounted for 20 and 18.7 percent, respectively.  </p>
<p>Fenaseg said the insurance industry's capitalization market revenues between January and November increased 66.4 percent to 3.7 billion reais ($3.54 billion) over the same period 1995.</p>
<p>((-- Romina Nicaretta, Sao Paulo Newsroom, 5511 248 5415))</p>
</text>
<copyright>(c) Reuters Limited 1997</copyright>
<metadata>
<codes class="bip:countries:1.0">
  <code code="BRAZ">
    <editdetail action="confirmed" attribution="Reuters BIP Coding Group" date="1997-01-28"/>
  </code>
</codes>
<codes class="bip:industries:1.0">
  <code code="I82000">
    <editdetail action="confirmed" attribution="Reuters BIP Coding Group" date="1997-01-28"/>
  </code>
</codes>
<codes class="bip:topics:1.0">
  <code code="C31">
    <editdetail action="confirmed" attribution="Reuters BIP Coding Group" date="1997-01-28"/>
  </code>
  <code code="CCAT">
    <editdetail action="confirmed" attribution="Reuters BIP Coding Group" date="1997-01-28"/>
  </code>
</codes>
<dc element="dc.date.created" value="1997-01-28"/>
<dc element="dc.publisher" value="Reuters Holdings Plc"/>
<dc element="dc.date.published" value="1997-01-28"/>
<dc element="dc.source" value="Reuters"/>
<dc element="dc.creator.location" value="SAO PAULO"/>
<dc element="dc.creator.location.country.name" value="BRAZIL"/>
<dc element="dc.source" value="Reuters"/>
</metadata>
</newsitem>
