<?xml version="1.0" encoding="ISO-8859-1" standalone="no"?>
<newsitem date="1997-01-28" id="root" itemid="336854" xml:lang="en">
<title>USA: 3M shares up after Q4 EPS beats consensus.</title>
<headline>3M shares up after Q4 EPS beats consensus.</headline>
<dateline>CHICAGO 1997-01-28</dateline>
<text>
<p>Shares in Minnesota Mining &amp; Manufacturing Co rose 2-5/8 to 84-3/4 after the company reported fourth-quarter operating earnings of $0.90 per share, topping the First Call consensus estimate of $0.88 per share.</p>
<p>Analysts said the earnings figure was boosted by a lower tax rate, but sales volumes for the St. Paul, Minn.-based manufacturing giant were strong and profit margins were up.</p>
<p>"I'm pleased with the quarter," said Prudential Securities industry analyst Alexander Henderson.</p>
<p>At the same time, he cautioned that 3M's exposure to currency fluctuations tempers his enthusiasm for the stock.</p>
<p>The company said currency translation reduced fourth-quarter earnings by about five percent.</p>
<p>"A little caution is probably in order on some of these multinational names" due to currency effects, Henderson said.</p>
<p>3M reported earnings from continuing operations in the fourth quarter of 1995 of $0.63 per share.</p>
<p>((--Kevin Drawbaugh 312-408-8787))</p>
</text>
<copyright>(c) Reuters Limited 1997</copyright>
<metadata>
<codes class="bip:countries:1.0">
  <code code="USA">
    <editdetail action="confirmed" attribution="Reuters BIP Coding Group" date="1997-01-28"/>
  </code>
</codes>
<codes class="bip:industries:1.0">
  <code code="I83960">
    <editdetail action="confirmed" attribution="Reuters BIP Coding Group" date="1997-01-28"/>
  </code>
</codes>
<codes class="bip:topics:1.0">
  <code code="C15">
    <editdetail action="confirmed" attribution="Reuters BIP Coding Group" date="1997-01-28"/>
  </code>
  <code code="C151">
    <editdetail action="confirmed" attribution="Reuters BIP Coding Group" date="1997-01-28"/>
  </code>
  <code code="C1511">
    <editdetail action="confirmed" attribution="Reuters BIP Coding Group" date="1997-01-28"/>
  </code>
  <code code="C152">
    <editdetail action="confirmed" attribution="Reuters BIP Coding Group" date="1997-01-28"/>
  </code>
  <code code="CCAT">
    <editdetail action="confirmed" attribution="Reuters BIP Coding Group" date="1997-01-28"/>
  </code>
</codes>
<dc element="dc.date.created" value="1997-01-28"/>
<dc element="dc.publisher" value="Reuters Holdings Plc"/>
<dc element="dc.date.published" value="1997-01-28"/>
<dc element="dc.source" value="Reuters"/>
<dc element="dc.creator.location" value="CHICAGO"/>
<dc element="dc.creator.location.country.name" value="USA"/>
<dc element="dc.source" value="Reuters"/>
</metadata>
</newsitem>
