<?xml version="1.0" encoding="ISO-8859-1" standalone="no"?>
<newsitem date="1997-01-28" id="root" itemid="336863" xml:lang="en">
<title>USA: Metra Biosystems Inc Q2 shr loss widens.</title>
<headline>Metra Biosystems Inc Q2 shr loss widens.</headline>
<dateline>MOUNTAIN VIEW, Calif. 1997-01-28</dateline>
<text>
<p>Metra Biosystems Inc.</p>
<p>Statements of Operations</p>
<p>(in thousands, except per share amounts)</p>
<p>			    Three Months Ended    Six Months Ended</p>
<p>				 December 31,	   December 31,</p>
<p>				  1996	1995     1996	  1995</p>
<p>Revenues:</p>
<p> Product sales	   $ 1,515   $ 1,059   $ 2,682    $ 1,774</p>
<p> Partner revenues	    137     1,301	 213	1,676</p>
<p>   Total revenues	  1,652     2,360     2,895	3,450</p>
<p>Operating expenses:</p>
<p> Cost of product sales   1,310	 519     2,282	1,388</p>
<p> Research &amp; development  1,719	 870     3,396	1,748</p>
<p> Sales &amp; marketing	 2,567     1,703     5,409	2,645</p>
<p> General administrative    918	 665     2,084	1,202</p>
<p>Total operating</p>
<p>	expenses	     6,514     3,757    13,171	6,983</p>
<p>Loss from operations</p>
<p>			     (4,862)   (1,397)  (10,276)    (3,533)</p>
<p> Interest income, net	579	 419     1,204	  860</p>
<p>   Net loss		(4,283)     (978)   (9,072)    (2,673)</p>
<p> Net loss per share     (0.34)    (0.10)    (0.72)     (0.28)</p>
<p>Weighted average shares</p>
<p>used to compute net</p>
<p>  loss per share	  12,607     9,667    12,604	9,663</p>
</text>
<copyright>(c) Reuters Limited 1997</copyright>
<metadata>
<codes class="bip:countries:1.0">
  <code code="USA">
    <editdetail action="confirmed" attribution="Reuters BIP Coding Group" date="1997-01-28"/>
  </code>
</codes>
<codes class="bip:industries:1.0">
  <code code="I37200">
    <editdetail action="confirmed" attribution="Reuters BIP Coding Group" date="1997-01-28"/>
  </code>
</codes>
<codes class="bip:topics:1.0">
  <code code="C15">
    <editdetail action="confirmed" attribution="Reuters BIP Coding Group" date="1997-01-28"/>
  </code>
  <code code="C151">
    <editdetail action="confirmed" attribution="Reuters BIP Coding Group" date="1997-01-28"/>
  </code>
  <code code="CCAT">
    <editdetail action="confirmed" attribution="Reuters BIP Coding Group" date="1997-01-28"/>
  </code>
</codes>
<dc element="dc.date.created" value="1997-01-28"/>
<dc element="dc.publisher" value="Reuters Holdings Plc"/>
<dc element="dc.date.published" value="1997-01-28"/>
<dc element="dc.source" value="Reuters"/>
<dc element="dc.creator.location" value="MOUNTAIN VIEW, Calif."/>
<dc element="dc.creator.location.country.name" value="USA"/>
<dc element="dc.source" value="Reuters"/>
</metadata>
</newsitem>
