<?xml version="1.0" encoding="ISO-8859-1" standalone="no"?>
<newsitem date="1996-12-20" id="root" itemid="270814" xml:lang="en">
<title>SWITZERLAND: Roche founds vitamin B6 venture in China.</title>
<headline>Roche founds vitamin B6 venture in China.</headline>
<dateline>BASLE, Switzerland 1996-12-20</dateline>
<text>
<p>Swiss pharmaceuticals group Roche Holding AG said it and Shanghai New Asiatic Pharmaceuticals Co. Ltd had founded a joint-venture to produce Vitamin B6.</p>
<p>Roche said in a statement that the agreement to found Roche New Asiatic (Shanghai) Vitamins Ltd. was signed today and was part of the company's strategy of cooperating closely with local companies to develop the Chinese market.  </p>
<p>The venture is 60 percent owned by Roche and 40 percent by Shanghai New Asiatic Pharmaceuticals, one of the 100 largest pharmaceutical companies in China, which produces more than 50 different products.</p>
<p>The venture will produce an annual output of some 1,000 tonnes of Vitamin B6.</p>
<p>Investments of $29.6 million will mainly be used to modernise the vitamin production facilities in the Shanghai Pudong New Development Zone.</p>
<p>-- Zurich Editorial +41 1 631 7340</p>
</text>
<copyright>(c) Reuters Limited 1996</copyright>
<metadata>
<codes class="bip:countries:1.0">
  <code code="CHINA">
    <editdetail action="confirmed" attribution="Reuters BIP Coding Group" date="1996-12-20"/>
  </code>
  <code code="SWITZ">
    <editdetail action="confirmed" attribution="Reuters BIP Coding Group" date="1996-12-20"/>
  </code>
</codes>
<codes class="bip:industries:1.0">
  <code code="I25000">
    <editdetail action="confirmed" attribution="Reuters BIP Coding Group" date="1996-12-20"/>
  </code>
</codes>
<codes class="bip:topics:1.0">
  <code code="C11">
    <editdetail action="confirmed" attribution="Reuters BIP Coding Group" date="1996-12-20"/>
  </code>
  <code code="C24">
    <editdetail action="confirmed" attribution="Reuters BIP Coding Group" date="1996-12-20"/>
  </code>
  <code code="CCAT">
    <editdetail action="confirmed" attribution="Reuters BIP Coding Group" date="1996-12-20"/>
  </code>
</codes>
<dc element="dc.date.created" value="1996-12-20"/>
<dc element="dc.publisher" value="Reuters Holdings Plc"/>
<dc element="dc.date.published" value="1996-12-20"/>
<dc element="dc.source" value="Reuters"/>
<dc element="dc.creator.location" value="BASLE, Switzerland"/>
<dc element="dc.creator.location.country.name" value="SWITZERLAND"/>
<dc element="dc.source" value="Reuters"/>
</metadata>
</newsitem>
