<?xml version="1.0" encoding="ISO-8859-1" standalone="no"?>
<newsitem date="1997-01-28" id="root" itemid="337985" xml:lang="en">
<title>USA: Coastal Gulf of Mexico production soars.</title>
<headline>Coastal Gulf of Mexico production soars.</headline>
<dateline>HOUSTON 1997-01-28</dateline>
<text>
<p>Coastal Corp said Tuesday its daily production levels of oil and natural gas from the Gulf of Mexico more than tripled during 1996.</p>
<p>During the year, Coastal set two platforms in the Gulf of Mexico, and plans call for the construction of an additional eight structures in 1997, it said.</p>
<p>The company said its natural gas production increased to 145 million cubic feet per day at year's end from 47 million a year earlier. Net oil and gas condensate production increased to 4,200 barrels per day from 3,760 barrels daily.</p>
<p>Coastal announced Tuesday another natural gas discovery on the High Island 519A block in the Sar "H" formation. The 519A No. 5 Well logged about 52 feet of net pay sand in an untested fault block at a depth of 8,050 feet.</p>
<p>((-- New York Newsdesk 212-859-1610.))</p>
</text>
<copyright>(c) Reuters Limited 1997</copyright>
<metadata>
<codes class="bip:countries:1.0">
  <code code="USA">
    <editdetail action="confirmed" attribution="Reuters BIP Coding Group" date="1997-01-28"/>
  </code>
</codes>
<codes class="bip:industries:1.0">
  <code code="I13000">
    <editdetail action="confirmed" attribution="Reuters BIP Coding Group" date="1997-01-28"/>
  </code>
  <code code="I83960">
    <editdetail action="confirmed" attribution="Reuters BIP Coding Group" date="1997-01-28"/>
  </code>
</codes>
<codes class="bip:topics:1.0">
  <code code="C21">
    <editdetail action="confirmed" attribution="Reuters BIP Coding Group" date="1997-01-28"/>
  </code>
  <code code="CCAT">
    <editdetail action="confirmed" attribution="Reuters BIP Coding Group" date="1997-01-28"/>
  </code>
</codes>
<dc element="dc.date.created" value="1997-01-28"/>
<dc element="dc.publisher" value="Reuters Holdings Plc"/>
<dc element="dc.date.published" value="1997-01-28"/>
<dc element="dc.source" value="Reuters"/>
<dc element="dc.creator.location" value="HOUSTON"/>
<dc element="dc.creator.location.country.name" value="USA"/>
<dc element="dc.source" value="Reuters"/>
</metadata>
</newsitem>
