<?xml version="1.0" encoding="ISO-8859-1" standalone="no"?>
<newsitem date="1997-01-28" id="root" itemid="337879" xml:lang="en">
<title>USA: Triplets and other multiple births rise in U.S.</title>
<headline>Triplets and other multiple births rise in U.S.</headline>
<dateline>WASHINGTON 1997-01-28</dateline>
<text>
<p>The number of U.S. women having triplets and other multiple births has more than quadrupled in the past two decades, according to data released on Tuesday.</p>
<p>The National Centre for Health Statistics said the main reason for the dramatic rise was that more women were having babies in their 30s. In addition, older mothers tended to use more fertility drugs and fertility treatments.</p>
<p>In 1994, there were 4,594 multiple births, up from 1,034 in 1971. In 1994, that included 4,233 triplets, 315 quadruplets and 46 quintuplets or greater. The statistics do not count twins.</p>
<p>Multiple births were more common among white women than among blacks. The rate was highest among married college-educated women aged 30 or older.</p>
<p>Babies born in triplet and other multiple births tend to be small and premature and are at a greater risk for health problems. On average, they are half the weight of other babies at birth and arrive seven weeks earlier.</p>
</text>
<copyright>(c) Reuters Limited 1997</copyright>
<metadata>
<codes class="bip:countries:1.0">
  <code code="USA">
    <editdetail action="confirmed" attribution="Reuters BIP Coding Group" date="1997-01-28"/>
  </code>
</codes>
<codes class="bip:topics:1.0">
  <code code="GCAT">
    <editdetail action="confirmed" attribution="Reuters BIP Coding Group" date="1997-01-28"/>
  </code>
  <code code="GENV">
    <editdetail action="confirmed" attribution="Reuters BIP Coding Group" date="1997-01-28"/>
  </code>
</codes>
<dc element="dc.date.created" value="1997-01-28"/>
<dc element="dc.publisher" value="Reuters Holdings Plc"/>
<dc element="dc.date.published" value="1997-01-28"/>
<dc element="dc.source" value="Reuters"/>
<dc element="dc.creator.location" value="WASHINGTON"/>
<dc element="dc.creator.location.country.name" value="USA"/>
<dc element="dc.source" value="Reuters"/>
</metadata>
</newsitem>
