<?xml version="1.0" encoding="ISO-8859-1" standalone="no"?>
<newsitem date="1996-11-26" id="root" itemid="219178" xml:lang="en">
<title>THAILAND: Thai military pledges full support for new premier.</title>
<headline>Thai military pledges full support for new premier.</headline>
<byline>Sutin Wannabovorn</byline>
<dateline>BANGKOK 1996-11-26</dateline>
<text>
<p>Thailand's military on Tuesday gave an unprecedented show of support for an elected government by pledging full cooperation with former army chief turned premier, Chavalit Yongchaiyudh, military officials said.</p>
<p>Chavalit received the backing of the armed service chiefs on his front lawn after officially being appointed the 22nd prime minister by royal decree late on Monday.</p>
<p>The military has orchestrated 17 coups or attempted coups since Thailand abandoned its absolute monarchy for parliamentary democracy in 1932 and is usually reluctant to show its support for elected politicians, analysts say.</p>
<p>It recently vowed to stay neutral.</p>
<p>More than 1,000 soldiers led by supreme commander General Mongkol Ampornpisith marched to Chavalit's house early on Tuesday to pledge support for his six-party coalition.</p>
<p>"General Chavalit was the supreme commander and army commander in chief, who turned politician and won the election that makes him the graceful prime minister," Mongkol, accompanied by the army, navy and air force commanders, told Chavalit on the lawn.</p>
<p>"On behalf of the military we are here to pledge our full support to cooperate with you and your government in all aspects," he said.</p>
<p>Chavalit was military chief from 1987 to 1989 before leaving to form the New Aspiration Party (NAP) in 1990.</p>
<p>The NAP scored a two-seat victory over the Democrat Party in the November 17 general elections. Chavalit formed a six-party coalition that will command 221 seats in the 393-seat lower house of parliament.</p>
<p>The military pledged neutrality during the election despite allegations that generals close to Chavalit were sent out to intimidate supporters of rival parties.</p>
<p>Chavalit told his well-wishers he would always be a soldier in his heart.</p>
<p>"For the the rest of my life, I will never forget that I was from the military and am a life-long soldier," he said.</p>
<p>Chavalit, due to be sworn in along with his cabinet by King Bhumibol Adulyadej on December 1, will be only the second elected prime minister in Thai history to make the transition without the intervention of a military coup.</p>
<p>In February 1991, the military staged a bloodless coup to topple the elected government of prime minister Chatichai Choonhavan.</p>
<p>Chatichai now leads Chart Pattana Party, which won 52 seats in the election and is the second largest party in Chavalit's coalition.</p>
<p>He is expected to play a powerful role in the new government and is likely to oversee several portfolios, including foreign affairs, industry, communications and transport.</p>
</text>
<copyright>(c) Reuters Limited 1996</copyright>
<metadata>
<codes class="bip:countries:1.0">
  <code code="THAIL">
    <editdetail action="confirmed" attribution="Reuters BIP Coding Group" date="1996-11-26"/>
  </code>
</codes>
<dc element="dc.date.created" value="1996-11-26"/>
<dc element="dc.publisher" value="Reuters Holdings Plc"/>
<dc element="dc.date.published" value="1996-11-26"/>
<dc element="dc.source" value="Reuters"/>
<dc element="dc.creator.location" value="BANGKOK"/>
<dc element="dc.creator.location.country.name" value="THAILAND"/>
<dc element="dc.source" value="Reuters"/>
</metadata>
</newsitem>
