<?xml version="1.0" encoding="ISO-8859-1" standalone="no"?>
<newsitem date="1997-01-28" id="root" itemid="337940" xml:lang="en">
<title>USA: Connecticut Natural Gas Q1 shr lower.</title>
<headline>Connecticut Natural Gas Q1 shr lower.</headline>
<dateline>HARTFORD, Conn 1997-01-28</dateline>
<text>
<p>Consolidated Statement of Income</p>
<p>				 (Thousands of Dollars)</p>
<p>			     Three Months	 Twelve Months</p>
<p>			     Ended Dec 31	  Ended Dec 31</p>
<p>			    1996	1995     1996	 1995</p>
<p>Operating Revenues    $89,269   $90,462   $314,170  $289,116</p>
<p>Less Cost of Energy    50,567    49,072    176,670   154,953</p>
<p>State Gross Receipts Tax</p>
<p>				3,470     3,790     11,390    11,861</p>
<p>   Operating Margin    35,232    37,600    126,110   122,302</p>
<p>Operating Expenses:</p>
<p> Operations and other  17,897    17,881     76,036    72,009</p>
<p> Income Taxes	     5,978     6,430     13,912    11,680</p>
<p> Taxes other than income taxes</p>
<p>				1,936     1,922	7,604     7,464</p>
<p>			     25,811    26,233     97,552    91,153</p>
<p>Operating Income	  9,421    11,367     28,558    31,149</p>
<p>Nonrecurring Items	  --	 --	    892     3,624</p>
<p>Other Deductions, net (2,705)   (3,193)   (11,913)  (15,664)</p>
<p>Net Income		  6,716     8,174     17,537    19,109</p>
<p>Less: Preferred Dividends  16	  16	   63	  63</p>
<p>Net Income Applicable to</p>
<p>			     $6,700    $8,158    $17,474   $19,046</p>
<p>    Common Stock</p>
<p>Earnings per Average Share of Common Stock</p>
<p>				 $.63	$.82	$1.69     $1.92</p>
<p>Dividends Paid per Common Share</p>
<p>				 $.38	$.37	$1.51     $1.48</p>
<p>    ((-- New York Newsdesk 212 859-1610))</p>
</text>
<copyright>(c) Reuters Limited 1997</copyright>
<metadata>
<codes class="bip:countries:1.0">
  <code code="USA">
    <editdetail action="confirmed" attribution="Reuters BIP Coding Group" date="1997-01-28"/>
  </code>
</codes>
<codes class="bip:industries:1.0">
  <code code="I16200">
    <editdetail action="confirmed" attribution="Reuters BIP Coding Group" date="1997-01-28"/>
  </code>
</codes>
<codes class="bip:topics:1.0">
  <code code="C15">
    <editdetail action="confirmed" attribution="Reuters BIP Coding Group" date="1997-01-28"/>
  </code>
  <code code="C151">
    <editdetail action="confirmed" attribution="Reuters BIP Coding Group" date="1997-01-28"/>
  </code>
  <code code="CCAT">
    <editdetail action="confirmed" attribution="Reuters BIP Coding Group" date="1997-01-28"/>
  </code>
</codes>
<dc element="dc.date.created" value="1997-01-28"/>
<dc element="dc.publisher" value="Reuters Holdings Plc"/>
<dc element="dc.date.published" value="1997-01-28"/>
<dc element="dc.source" value="Reuters"/>
<dc element="dc.creator.location" value="HARTFORD, Conn"/>
<dc element="dc.creator.location.country.name" value="USA"/>
<dc element="dc.source" value="Reuters"/>
</metadata>
</newsitem>
