<?xml version="1.0" encoding="ISO-8859-1" standalone="no"?>
<newsitem date="1997-01-28" id="root" itemid="338236" xml:lang="en">
<title>INDIA: Bombay index stages late rally, SBI up 6.20 pct.</title>
<headline>Bombay index stages late rally, SBI up 6.20 pct.</headline>
<dateline>BOMBAY 1997-01-28</dateline>
<text>
<p>A late rally inspired by hectic local bidding in shares of State Bank of India (SBI) helped Bombay stocks on Tuesday resume their ascent after a lacklustre early session, dealers said.</p>
<p>"The market showed a kind of weakness early on..but spurted in the latter half of trading..," said dealer Vetri Subramaniam at institutional brokerage SSKI Securities.</p>
<p>Subramaniam said the buying appeared to be traders short-covering.</p>
<p>The Bombay Stock Exchange's (BSE) top index surged 41.49 points, or over one percent to end at a provisional 3,604.23.</p>
<p>SBI shot up 18.25 rupees, or 6.20 percent, to finish at 312.75 in hectic volumes of 1.04 billion shares, thus making it one of the best performing bellwether stocks on Tuesday.</p>
<p>Market talk of a relaxation in the 20 percent foreign buying limit in SBI spurred the price rise, dealers said.</p>
<p>"This will help a great deal to stoke up buying appetite of foreign institutional investors," said senior trader Ramnik Parekh. He said continued speculative buying ahead of government announcements was likely to sustain the market's upward trend.</p>
<p>Prime Minister H.D. Deve Gowda on Monday said new economic policy measures would be announced in the next few days.</p>
<p>Deve Gowda said the government would announce the policy measures this week before he and Finance Minister P. Chidambaram leave to attend the World Economic Forum in Davos on January 31.</p>
<p>"Some decisions will be coming in the next two to three days," the prime minister told a business gathering in Bombay.</p>
<p>Tuesday's BSE index rise came on the back of nearly a four percent surge on Monday.</p>
<p>Dealers said hesitation by operators to take delivery of stocks on the last day of settlement at the National Stock Exchange helped pviotals end lower than BSE rates.</p>
<p>TISCO rose 3.0 rupees to 211.0 and Reliance 8.0 to 280.50.</p>
</text>
<copyright>(c) Reuters Limited 1997</copyright>
<metadata>
<codes class="bip:countries:1.0">
  <code code="INDIA">
    <editdetail action="confirmed" attribution="Reuters BIP Coding Group" date="1997-01-28"/>
  </code>
</codes>
<codes class="bip:topics:1.0">
  <code code="M11">
    <editdetail action="confirmed" attribution="Reuters BIP Coding Group" date="1997-01-28"/>
  </code>
  <code code="MCAT">
    <editdetail action="confirmed" attribution="Reuters BIP Coding Group" date="1997-01-28"/>
  </code>
</codes>
<dc element="dc.date.created" value="1997-01-28"/>
<dc element="dc.publisher" value="Reuters Holdings Plc"/>
<dc element="dc.date.published" value="1997-01-28"/>
<dc element="dc.source" value="Reuters"/>
<dc element="dc.creator.location" value="BOMBAY"/>
<dc element="dc.creator.location.country.name" value="INDIA"/>
<dc element="dc.source" value="Reuters"/>
</metadata>
</newsitem>
