<?xml version="1.0" encoding="ISO-8859-1" standalone="no"?>
<newsitem date="1997-01-28" id="root" itemid="338163" xml:lang="en">
<title>GERMANY: FOCUS - Germany's Stark dampens hopes for broad EMU.</title>
<headline>FOCUS - Germany's Stark dampens hopes for broad EMU.</headline>
<byline>Erik Kirschbaum</byline>
<dateline>BAD NEUENAHR, Germany 1997-01-28</dateline>
<text>
<p>Germany on Tuesday played down expectations that Europe's single currency will begin with a big starting lineup in 1999, urging strict compliance to convergence goals to ensure the euro is stable.</p>
<p>Juergen Stark, State Secretary at the Finance Ministry, said some aspirants should forsake the political prestige of joining economic and monetary union (EMU) at the outset. They should instead watch from the sidelines until they are ready to join.</p>
<p>"There are members whose economic structures are not yet well enough prepared to take part," Stark told a conference of German newspaper editors outside Bonn.</p>
<p>Even some countries which qualify on paper "would be well advised to maintain exchange rate flexibility for a certain period, and...respect that they should not have to follow the rigid rules of the European Central Bank from the start."</p>
<p>Stark, number two to Finance Minister Theo Waigel and a hard-liner on monetary union, is seen as Chancellor Helmut Kohl's man at the ministry because he comes from the same Christian Democrat party.</p>
<p>He did not name names, but his comments appeared directed at countries like Italy or Spain that have not yet established a track record of exchange rate stability.</p>
<p>"For me the markets have overdone expectations that a large number of countries can qualify," Stark said. "We have to make sure that these countries also stand for stability. Only then does this project have a lasting chance of success."</p>
<p>Stark said Germany would meet the criteria this year to qualify for EMU despite revising up its budget deficit forecast due to higher unemployment.</p>
<p>A government annual economic forecast officially published on Tuesday forecast the budget deficit this year at 2.9 percent of gross domestic product (GDP). Waigel's 1997 budget, passed late last year, assumed a 2.5 percent deficit.</p>
<p>Stark said that Germany would not overshoot the three percent limit set by the Maastricht Treaty for joining EMU, which is due to be launched in 1999.</p>
<p>"I believe and I am convinced that we will meet the Maastricht criteria in 1997. We are open and honest," he said.</p>
<p>He added that the calm within the European exchange rate mechanism was an indication that financial markets were betting on a broad-based EMU.</p>
<p>"There are certain expectations in the market that a large number of European countries are going to start. There is calm in the exchange rate mechanism. It's being speculated that this is already a foregone conclusion," he said.</p>
<p>"I believe that there can be no foregone conclusions. The point of no return is in 1998."</p>
<p>The eligibility of European Union states to join will be judged early next year, and Stark said as many as 14 of the 15 EU members could meet the Maastricht budget deficit target.</p>
<p>Stark gave no direct comment on whether he expected EMU to go ahead on schedule, but said: "Fundamentally, stability still comes before the timetable."</p>
<p>He also moved foreign exchange markets with a comment that recent dollar gains were merely a correction to excessive mark strength over the past two years.</p>
<p>"In the dollar I see a normalisation of the strong overvaluation of the deutschemark in 1995 and '96," he said.</p>
<p>The U.S. currency climbed after Stark's comment to 31-month highs against the mark. In mid-afternoon European trading it stood at 1.6530/40 marks.</p>
</text>
<copyright>(c) Reuters Limited 1997</copyright>
<metadata>
<codes class="bip:countries:1.0">
  <code code="EEC">
    <editdetail action="confirmed" attribution="Reuters BIP Coding Group" date="1997-01-28"/>
  </code>
  <code code="GFR">
    <editdetail action="confirmed" attribution="Reuters BIP Coding Group" date="1997-01-28"/>
  </code>
</codes>
<codes class="bip:topics:1.0">
  <code code="E12">
    <editdetail action="confirmed" attribution="Reuters BIP Coding Group" date="1997-01-28"/>
  </code>
  <code code="ECAT">
    <editdetail action="confirmed" attribution="Reuters BIP Coding Group" date="1997-01-28"/>
  </code>
  <code code="G15">
    <editdetail action="confirmed" attribution="Reuters BIP Coding Group" date="1997-01-28"/>
  </code>
  <code code="G151">
    <editdetail action="confirmed" attribution="Reuters BIP Coding Group" date="1997-01-28"/>
  </code>
  <code code="G154">
    <editdetail action="confirmed" attribution="Reuters BIP Coding Group" date="1997-01-28"/>
  </code>
  <code code="GCAT">
    <editdetail action="confirmed" attribution="Reuters BIP Coding Group" date="1997-01-28"/>
  </code>
  <code code="M13">
    <editdetail action="confirmed" attribution="Reuters BIP Coding Group" date="1997-01-28"/>
  </code>
  <code code="M132">
    <editdetail action="confirmed" attribution="Reuters BIP Coding Group" date="1997-01-28"/>
  </code>
  <code code="MCAT">
    <editdetail action="confirmed" attribution="Reuters BIP Coding Group" date="1997-01-28"/>
  </code>
</codes>
<dc element="dc.date.created" value="1997-01-28"/>
<dc element="dc.publisher" value="Reuters Holdings Plc"/>
<dc element="dc.date.published" value="1997-01-28"/>
<dc element="dc.source" value="Reuters"/>
<dc element="dc.creator.location" value="BAD NEUENAHR, Germany"/>
<dc element="dc.creator.location.country.name" value="GERMANY"/>
<dc element="dc.source" value="Reuters"/>
</metadata>
</newsitem>
