<?xml version="1.0" encoding="ISO-8859-1" standalone="no"?>
<newsitem date="1997-01-28" id="root" itemid="338050" xml:lang="en">
<title>SPAIN: Venezuela reaches deal with Iberia on Viasa.</title>
<headline>Venezuela reaches deal with Iberia on Viasa.</headline>
<dateline>MADRID 1997-01-28</dateline>
<text>
<p>Venzuela reached an agreement on Tuesday with Iberia to save Venezuela's struggling national airline Viasa from bankruptcy, Spain's state holding group SEPI said.</p>
<p>SEPI said the President of Venezuela's National Investment Fund (FIV) Alberto Poletto had agreed with Iberia's chairman Xabier de Irala to channel further funds into the loss-making airline.</p>
<p>"The measures proposed are essential to avoid VIASA's bankrutpcy and guarantee its survival," SEPI, state-owned Iberia's major shareholder, said in a statement.  </p>
<p>State-owned Spanish carrier Iberia holds a 45 percent stake in Viasa, while Venezuela has a 40 percent share.</p>
<p>Under the agreement, Iberia has agreed to recapitalise part of Viasa's debt in exchange for the fleet of aircraft that was being held as guarantee.</p>
<p>"Iberia and FIV believe, however, that a basic requisite for the plan to work is the modification of Viasa's labour conditions, including a revision of all the collective agreements," SEPI said. The two sides said they would agree the details on the exact amount of the debt and value of assets in the next few days.  </p>
<p>But they acknowledged the plan hinged on agreement from Viasa's workers, a factor which stalled a previous emergency plan.</p>
<p>Iberia spearheaded a plan last November to save the loss-making Venezuelan airline from bankruptcy. But the plan, which involved cutting jobs, freezing pay and discarding unprofitable routes was overwhelmingly rejected by Viasa's workers, who claimed it failed to guarantee the future of the company. Iberia then withdrew its offer.</p>
<p>The two sides said they also decided to look for another party to run the airline. In the meantime, the two will split the management and administrative responsibilities.</p>
<p>SEPI said Iberia and FIV would maintain the suspension of flights until the plan had been approved and a definite solution for the company had been reached.</p>
<p>The airline suspended all its flights on Thursday for at least two weeks, stranding hundreds of passengers.</p>
<p>-- Madrid newsroom + 34 1 585 2161</p>
</text>
<copyright>(c) Reuters Limited 1997</copyright>
<metadata>
<codes class="bip:countries:1.0">
  <code code="SPAIN">
    <editdetail action="confirmed" attribution="Reuters BIP Coding Group" date="1997-01-28"/>
  </code>
  <code code="VEN">
    <editdetail action="confirmed" attribution="Reuters BIP Coding Group" date="1997-01-28"/>
  </code>
</codes>
<codes class="bip:industries:1.0">
  <code code="I75000">
    <editdetail action="confirmed" attribution="Reuters BIP Coding Group" date="1997-01-28"/>
  </code>
</codes>
<codes class="bip:topics:1.0">
  <code code="C13">
    <editdetail action="confirmed" attribution="Reuters BIP Coding Group" date="1997-01-28"/>
  </code>
  <code code="C17">
    <editdetail action="confirmed" attribution="Reuters BIP Coding Group" date="1997-01-28"/>
  </code>
  <code code="CCAT">
    <editdetail action="confirmed" attribution="Reuters BIP Coding Group" date="1997-01-28"/>
  </code>
</codes>
<dc element="dc.date.created" value="1997-01-28"/>
<dc element="dc.publisher" value="Reuters Holdings Plc"/>
<dc element="dc.date.published" value="1997-01-28"/>
<dc element="dc.source" value="Reuters"/>
<dc element="dc.creator.location" value="MADRID"/>
<dc element="dc.creator.location.country.name" value="SPAIN"/>
<dc element="dc.source" value="Reuters"/>
</metadata>
</newsitem>
