<?xml version="1.0" encoding="ISO-8859-1" standalone="no"?>
<newsitem date="1997-01-28" id="root" itemid="338097" xml:lang="en">
<title>GERMANY: German insurers plan campaign against tax plans.</title>
<headline>German insurers plan campaign against tax plans.</headline>
<dateline>BONN 1997-01-28</dateline>
<text>
<p>German insurers on Tuesday vowed to mobilise their customers and parliamentarians to protest against government plans to slap a 10 percent tax on life insurance returns.</p>
<p>The tax plans are part of a sweeping reform of the German taxation system revealed last week in Bonn, which insurers claim will cut returns on up to 80 million contracts.</p>
<p>"The final word has not yet been spoken on this matter," said Bernd Michaels, president of Germany's GDV insurance association, as he announced the group's forthcoming protest advertising campaign over the tax plans.</p>
<p>The GDV is planning to place ads in daily newspapers from Friday as well as mail all customers to inform them of the added cost. An open letter has already been sent to parliamentary delegates.</p>
<p>The GDV's life insurance expert Gerhard Rupprecht, also chief executive of Germany's biggest life insurer Allianz Leben, said holders of standard 35-year policies could expect to lose about 15 percent of their returns because of the levy.</p>
<p>Michaels warned that the tax plans could dissuade customers from providing for themselves in their old age, creating holes which the state would be forced to try to fill, or that more Germans might invest their money abroad.</p>
<p>The fact that the tax plans would also affect existing policies would unnerve clients, he said, making them dubious about the validity of policy conditions.</p>
<p>--Frankfurt Newsroom, +49 69 756525</p>
</text>
<copyright>(c) Reuters Limited 1997</copyright>
<metadata>
<codes class="bip:countries:1.0">
  <code code="GFR">
    <editdetail action="confirmed" attribution="Reuters BIP Coding Group" date="1997-01-28"/>
  </code>
</codes>
<codes class="bip:industries:1.0">
  <code code="I82002">
    <editdetail action="confirmed" attribution="Reuters BIP Coding Group" date="1997-01-28"/>
  </code>
</codes>
<codes class="bip:topics:1.0">
  <code code="C13">
    <editdetail action="confirmed" attribution="Reuters BIP Coding Group" date="1997-01-28"/>
  </code>
  <code code="CCAT">
    <editdetail action="confirmed" attribution="Reuters BIP Coding Group" date="1997-01-28"/>
  </code>
  <code code="E21">
    <editdetail action="confirmed" attribution="Reuters BIP Coding Group" date="1997-01-28"/>
  </code>
  <code code="E211">
    <editdetail action="confirmed" attribution="Reuters BIP Coding Group" date="1997-01-28"/>
  </code>
  <code code="ECAT">
    <editdetail action="confirmed" attribution="Reuters BIP Coding Group" date="1997-01-28"/>
  </code>
</codes>
<dc element="dc.date.created" value="1997-01-28"/>
<dc element="dc.publisher" value="Reuters Holdings Plc"/>
<dc element="dc.date.published" value="1997-01-28"/>
<dc element="dc.source" value="Reuters"/>
<dc element="dc.creator.location" value="BONN"/>
<dc element="dc.creator.location.country.name" value="GERMANY"/>
<dc element="dc.source" value="Reuters"/>
</metadata>
</newsitem>
