<?xml version="1.0" encoding="ISO-8859-1" standalone="no"?>
<newsitem date="1996-12-20" id="root" itemid="270780" xml:lang="en">
<title>NETHERLANDS: Dutch shares end just short of pre-Greenspan highs.</title>
<headline>Dutch shares end just short of pre-Greenspan highs.</headline>
<dateline>AMSTERDAM 1996-12-20</dateline>
<text>
<p>Dutch shares closed over one percent higher on Friday and more than four percent above the previous week's close.</p>
<p>Prices jumped higher at the opening, taking their lead from another strong session on Wall Street, and traded in a fairly narrow range thereafter.</p>
<p>The AEX index of 25 blue chip shares closed 7.15 points or 1.14 percent higher at 632.71.</p>
<p>This left the AEX index just four points below the highs it reached before Fed chairman Alan Greenspan rattled equity markets with his "irrational exuberance" speech.</p>
<p>The AEX index has risen some 30 percent this year and Dutch equity analysts believe it should be able to rise another 10 percent in 1997 given a sound fundamental background of robust economic growth, rising company earnings and modest inflation.</p>
<p>Among individual shares, food group CSM stood out on Friday, closing up 3.90 guilders at 94.50, as the market welcomed its acquisition of U.S. bakery ingredients maker Karp's Inc.</p>
<p>ABN AMRO ended 1.90 firmer at 110.80 as the 2.5 billion guilder sale of its MeesPierson investment bank unit to Fortis was sealed. Fortis Amev shares firmed one guilder to 58.80.</p>
</text>
<copyright>(c) Reuters Limited 1996</copyright>
<metadata>
<codes class="bip:countries:1.0">
  <code code="NETH">
    <editdetail action="confirmed" attribution="Reuters BIP Coding Group" date="1996-12-20"/>
  </code>
</codes>
<codes class="bip:topics:1.0">
  <code code="M11">
    <editdetail action="confirmed" attribution="Reuters BIP Coding Group" date="1996-12-20"/>
  </code>
  <code code="MCAT">
    <editdetail action="confirmed" attribution="Reuters BIP Coding Group" date="1996-12-20"/>
  </code>
</codes>
<dc element="dc.date.created" value="1996-12-20"/>
<dc element="dc.publisher" value="Reuters Holdings Plc"/>
<dc element="dc.date.published" value="1996-12-20"/>
<dc element="dc.source" value="Reuters"/>
<dc element="dc.creator.location" value="AMSTERDAM"/>
<dc element="dc.creator.location.country.name" value="NETHERLANDS"/>
<dc element="dc.source" value="Reuters"/>
</metadata>
</newsitem>
