<?xml version="1.0" encoding="ISO-8859-1" standalone="no"?>
<newsitem date="1997-01-28" id="root" itemid="336822" xml:lang="en">
<title>USA: Glenayre to upgrade ProNet's network.</title>
<headline>Glenayre to upgrade ProNet's network.</headline>
<dateline>CHARLOTTE, N.C. 1997-01-28</dateline>
<text>
<p>The Wireless Messaging Group of Glenayre Technologies said Tuesday that ProNet Inc a wireless service provider, has placed an order for paging infrastructure equipment to build out its recently acquired nationwide frequency throughout the southeastern United States. The upgrade and expansion is valued at approximately $3.5 million.</p>
<p>Under the agreement, Glenayre will provide ProNet with GL-T8500/T8600 transmitters, GL-C2000 controllers and GL-S2164 satellite receivers to expand the network's coverage. The equipment upgrades and additions include seven additional GL3000 Wireless Messaging Switches that will greatly increase the network's subscriber capacity and support of high speed paging protocols, including FLEX.</p>
</text>
<copyright>(c) Reuters Limited 1997</copyright>
<metadata>
<codes class="bip:countries:1.0">
  <code code="USA">
    <editdetail action="confirmed" attribution="Reuters BIP Coding Group" date="1997-01-28"/>
  </code>
</codes>
<codes class="bip:industries:1.0">
  <code code="I34330">
    <editdetail action="confirmed" attribution="Reuters BIP Coding Group" date="1997-01-28"/>
  </code>
  <code code="I34400">
    <editdetail action="confirmed" attribution="Reuters BIP Coding Group" date="1997-01-28"/>
  </code>
</codes>
<codes class="bip:topics:1.0">
  <code code="C33">
    <editdetail action="confirmed" attribution="Reuters BIP Coding Group" date="1997-01-28"/>
  </code>
  <code code="CCAT">
    <editdetail action="confirmed" attribution="Reuters BIP Coding Group" date="1997-01-28"/>
  </code>
</codes>
<dc element="dc.date.created" value="1997-01-28"/>
<dc element="dc.publisher" value="Reuters Holdings Plc"/>
<dc element="dc.date.published" value="1997-01-28"/>
<dc element="dc.source" value="Reuters"/>
<dc element="dc.creator.location" value="CHARLOTTE, N.C."/>
<dc element="dc.creator.location.country.name" value="USA"/>
<dc element="dc.source" value="Reuters"/>
</metadata>
</newsitem>
