<?xml version="1.0" encoding="ISO-8859-1" standalone="no"?>
<newsitem date="1997-01-28" id="root" itemid="336701" xml:lang="en">
<title>USA: Diana stake cut by investor.</title>
<headline>Diana stake cut by investor.</headline>
<dateline>WASHINGTON 1997-01-28</dateline>
<text>
<p>Richard Fisher, a Wisconsin investor, said Tuesday he had cut his stake in Diana Corp to 460,642 shares, or 8.3 percent.</p>
<p>In a filing with the Securities and Exchange Commission, Fisher said his latest transactions included the sale of 400,000 shares between December 18 and January 27 at prices ranging from $15.50 to $28 per share.</p>
<p>Fisher sold the stock for the purpose of diversifying his investments, the filing said.</p>
<p>Diana Corp, based in Milwaukee, Wis., is engaged in the distribution of food and related items.</p>
</text>
<copyright>(c) Reuters Limited 1997</copyright>
<metadata>
<codes class="bip:countries:1.0">
  <code code="USA">
    <editdetail action="confirmed" attribution="Reuters BIP Coding Group" date="1997-01-28"/>
  </code>
</codes>
<codes class="bip:industries:1.0">
  <code code="I83960">
    <editdetail action="confirmed" attribution="Reuters BIP Coding Group" date="1997-01-28"/>
  </code>
</codes>
<codes class="bip:topics:1.0">
  <code code="C18">
    <editdetail action="confirmed" attribution="Reuters BIP Coding Group" date="1997-01-28"/>
  </code>
  <code code="C181">
    <editdetail action="confirmed" attribution="Reuters BIP Coding Group" date="1997-01-28"/>
  </code>
  <code code="CCAT">
    <editdetail action="confirmed" attribution="Reuters BIP Coding Group" date="1997-01-28"/>
  </code>
</codes>
<dc element="dc.date.created" value="1997-01-28"/>
<dc element="dc.publisher" value="Reuters Holdings Plc"/>
<dc element="dc.date.published" value="1997-01-28"/>
<dc element="dc.source" value="Reuters"/>
<dc element="dc.creator.location" value="WASHINGTON"/>
<dc element="dc.creator.location.country.name" value="USA"/>
<dc element="dc.source" value="Reuters"/>
</metadata>
</newsitem>
