<?xml version="1.0" encoding="ISO-8859-1" standalone="no"?>
<newsitem date="1997-01-28" id="root" itemid="337908" xml:lang="en">
<title>USA: Chicago Fed sees steady, boring '97 U.S. economy.</title>
<headline>Chicago Fed sees steady, boring '97 U.S. economy.</headline>
<dateline>NEW YORK 1997-01-28</dateline>
<text>
<p>The Federal Reserve Bank of Chicago said on Tuesday the U.S. economy is likely to post an average, boring performance in 1997.</p>
<p>"In 1997, forecasters are expecting a fairly boring year," Chicago Fed senior economists William Strauss and Robert Schnorbus said in a paper about the U.S. economic outlook.</p>
<p>"But boring is not necessarily bad, considering that not a single forecaster is expecting a recession over the next five quarters," the economists also said in their joint report compiling the results of a symposium the Chicago Fed held in December.  </p>
<p>About 50 private and government economists took part in the conference.</p>
<p>The economists' consensus forecast called for the Gross Domestic Product to expand by 2.2 percent in 1997, the Consumer Price Index to rise by 2.8 percent, and the unemployment rate to average 5.5 percent.</p>
<p>"There was very widespread support for continued slow growth.  The range of limits of the (GDP) forecasts were 1.4 percent and 2.6 percent," the Chicago Fed economists said in the conference's summary the bank made public on Tuesday.</p>
<p>"This slow economic growth will be good news for inflation watchers as price pressures on the economy are not expected to be strong," the economists added.</p>
<p>The conference, entitled "Building a House for the 21st Century," also noted the surprising strength of the U.S. housing sector in 1996 and forecast "the housing market should continue to do well in 1997."</p>
<p>(( -- N.A. Treasury, 212-859-1660 ))</p>
</text>
<copyright>(c) Reuters Limited 1997</copyright>
<metadata>
<codes class="bip:countries:1.0">
  <code code="USA">
    <editdetail action="confirmed" attribution="Reuters BIP Coding Group" date="1997-01-28"/>
  </code>
</codes>
<codes class="bip:topics:1.0">
  <code code="E11">
    <editdetail action="confirmed" attribution="Reuters BIP Coding Group" date="1997-01-28"/>
  </code>
  <code code="ECAT">
    <editdetail action="confirmed" attribution="Reuters BIP Coding Group" date="1997-01-28"/>
  </code>
</codes>
<dc element="dc.date.created" value="1997-01-28"/>
<dc element="dc.publisher" value="Reuters Holdings Plc"/>
<dc element="dc.date.published" value="1997-01-28"/>
<dc element="dc.source" value="Reuters"/>
<dc element="dc.creator.location" value="NEW YORK"/>
<dc element="dc.creator.location.country.name" value="USA"/>
<dc element="dc.source" value="Reuters"/>
</metadata>
</newsitem>
