<?xml version="1.0" encoding="ISO-8859-1" standalone="no"?>
<newsitem date="1996-11-26" id="root" itemid="219147" xml:lang="en">
<title>SWITZERLAND: UBS sees ROE rising to 12 percent.</title>
<headline>UBS sees ROE rising to 12 percent.</headline>
<dateline>ZURICH 1996-11-26</dateline>
<text>
<p>Union Bank of Switzerland (UBS) said it expects its return on equity to increase to around 12 percent by 1999 as the result of measures to be taken as part of a domestic restructuring programme.</p>
<p>"From 1997 onwards, provisions will no longer be such a constraint on group earnings, so that the group return on equity can be expected to steadily increase to around 12 percent by 1999," UBS said in a statement.</p>
<p>The group's return on equity was 7.5 percent in 1995.</p>
<p>The UBS restructuring plan calls for a special 3.0 billion Swiss franc charge to cover furture developments of credit risks in its domestic portfolio. -- Zurich Editorial +41 1 631 7340</p>
</text>
<copyright>(c) Reuters Limited 1996</copyright>
<metadata>
<codes class="bip:countries:1.0">
  <code code="SWITZ">
    <editdetail action="confirmed" attribution="Reuters BIP Coding Group" date="1996-11-26"/>
  </code>
</codes>
<codes class="bip:industries:1.0">
  <code code="I81402">
    <editdetail action="confirmed" attribution="Reuters BIP Coding Group" date="1996-11-26"/>
  </code>
</codes>
<codes class="bip:topics:1.0">
  <code code="C15">
    <editdetail action="confirmed" attribution="Reuters BIP Coding Group" date="1996-11-26"/>
  </code>
  <code code="C152">
    <editdetail action="confirmed" attribution="Reuters BIP Coding Group" date="1996-11-26"/>
  </code>
  <code code="CCAT">
    <editdetail action="confirmed" attribution="Reuters BIP Coding Group" date="1996-11-26"/>
  </code>
</codes>
<dc element="dc.date.created" value="1996-11-26"/>
<dc element="dc.publisher" value="Reuters Holdings Plc"/>
<dc element="dc.date.published" value="1996-11-26"/>
<dc element="dc.source" value="Reuters"/>
<dc element="dc.creator.location" value="ZURICH"/>
<dc element="dc.creator.location.country.name" value="SWITZERLAND"/>
<dc element="dc.source" value="Reuters"/>
</metadata>
</newsitem>
