<?xml version="1.0" encoding="ISO-8859-1" standalone="no"?>
<newsitem date="1997-01-28" id="root" itemid="337672" xml:lang="en">
<title>JAPAN: Mitsubishi to invest in car project in Italy.</title>
<headline>Mitsubishi to invest in car project in Italy.</headline>
<byline>Mitsuo Suzuki</byline>
<dateline>TOKYO 1997-01-28</dateline>
<text>
<p>In the first foray into Italy by a Japanese carmaker, Mitsubishi Motors Corp said on Tuesday it would invest 20 billion yen ($166 million) in a project to produce Mitsubishi-brand sports-utility cars in the country.</p>
<p>Under an eight-year agreement with Industrie Pininfarina SpA, Mitsubishi plans to produce a totally new sports-utility car, modelled on those already made by Japan's Toyota Motor Corp and Suzuki Motor Corp, but with the added pizzazz of Italian design.</p>
<p>Pininfarina already produces luxury and sports cars for such European carmakers such as Fiat SpA, Peugeot and Alfa-Lancia Spa, and will advise Mitsubishi on the design.</p>
<p>"I am honoured that Mitsubishi has chosen Pininfarina for its new project," said group chairman Sergio Pininfarina.</p>
<p>Mitsubishi chairman Hirokazu Nakamura said he visited Pininfarina's car factory 30 years ago, and had dreamed ever since of doing business with the Italian company.</p>
<p>"Sergio is a very gifted aerodynamic engineer, and this is why we wanted to pursue this deal," Nakamura said.</p>
<p>The total investment includes the cost of design and development, and the building of moulds and other manufacturing equipment, the official said.</p>
<p>Pininfarina would invest two billion yen ($16.6 million), Mitsubishi said.</p>
<p>The Italian company would produce 35,000 of the vehicles a year for Mitsubishi at a Pininfarina plant, to go on sale in the spring of 1999 through Mitsubishi's European sales network, a Mitsubishi statement said.</p>
<p>Mitsubishi also said that it is aiming to boost its European sales of Mitsubishi-brand cars to 330,000 a year by 2000, from the current 220,000. It said about half the projected sales would be of cars made in Europe.</p>
<p>Mitsubishi's only other European investment is its Dutch unit, NedCar, owned equally by AB Volvo, Mitsubishi and the Dutch government.</p>
<p>The Italian news comes as a welcome bright spot for Mitsubishi, which has been enbroiled in an embarrassing sexual harassment suit in the United States.</p>
<p>Mitsubishi earlier this month made a deal with American civil rights leader Jesse Jackson's Rainbow/PUSH coalition to end a boycott called by Jackson because of a nine-month old sexual discrimination suit filed by female Mitsubishi workers in the United States.</p>
<p>The federal lawsuit filed by female workers at Mitsubishi's Normal, Illinois, plant alleges that many female employees were subjected to sexual harassment that the company did nothing to address. The suit seeks up to $300,000 each for the workers in back pay.</p>
</text>
<copyright>(c) Reuters Limited 1997</copyright>
<metadata>
<codes class="bip:countries:1.0">
  <code code="ITALY">
    <editdetail action="confirmed" attribution="Reuters BIP Coding Group" date="1997-01-28"/>
  </code>
  <code code="JAP">
    <editdetail action="confirmed" attribution="Reuters BIP Coding Group" date="1997-01-28"/>
  </code>
</codes>
<codes class="bip:industries:1.0">
  <code code="I35101">
    <editdetail action="confirmed" attribution="Reuters BIP Coding Group" date="1997-01-28"/>
  </code>
  <code code="I83700">
    <editdetail action="confirmed" attribution="Reuters BIP Coding Group" date="1997-01-28"/>
  </code>
</codes>
<codes class="bip:topics:1.0">
  <code code="C33">
    <editdetail action="confirmed" attribution="Reuters BIP Coding Group" date="1997-01-28"/>
  </code>
  <code code="CCAT">
    <editdetail action="confirmed" attribution="Reuters BIP Coding Group" date="1997-01-28"/>
  </code>
</codes>
<dc element="dc.date.created" value="1997-01-28"/>
<dc element="dc.publisher" value="Reuters Holdings Plc"/>
<dc element="dc.date.published" value="1997-01-28"/>
<dc element="dc.source" value="Reuters"/>
<dc element="dc.creator.location" value="TOKYO"/>
<dc element="dc.creator.location.country.name" value="JAPAN"/>
<dc element="dc.source" value="Reuters"/>
</metadata>
</newsitem>
