<?xml version="1.0" encoding="ISO-8859-1" standalone="no"?>
<newsitem date="1997-01-28" id="root" itemid="337147" xml:lang="en">
<title>NEW ZEALAND: CRICKET-Auckland dumps Parore.</title>
<headline>CRICKET-Auckland dumps Parore.</headline>
<dateline>AUCKLAND 1996-01-29</dateline>
<text>
<p>New Zealand batsman Adam Parore, sacked by the Auckland cricket selectors, will still be available for test and one day internationals this season.</p>
<p>A statement from Lindsay Crocker, the Auckland Cricket Association (ACA) chief executive yesterday, said the Auckland selectors had been concerned with aspects of Parore's performance for Auckland this summer.</p>
<p>"The Auckland selection panel has determined that Parore will not be selected for any Auckland team for the remainder of the 1996-97 season, should he be available," the statement said.  </p>
<p>Later Crocker said the ACA and Parore were both looking at ways to improve their future relationship and the selectors have said that should their panel remain the same they would be prepared to consider Parore for Auckland selection next summer.</p>
<p>Should he retain his New Zealand place, Parore would only be available for the Shell Trophy final in late March, if Auckland qualify for that final.</p>
<p>Christopher Doig, the New Zealand Cricket chief executive, said the ACA decision would not stop Parore from being available for New Zealand for the rest of this summer.  </p>
<p>"The Auckland decision on Parore is different from those in the past when players have been suspended for breach of code of conduct rules," said Doig. "Adam has not broken the code of conduct.</p>
<p>"The manager of the New Zealand team John Graham and the coach Steve Rixon have told me they are perfectly happy with Parore's behaviour, and the New Zealand Cricket decision is that Parore will remain with the New Zealand team as long as the national selectors want him."</p>
<p>-- Wellington newsroom 64 4 4734 746</p>
</text>
<copyright>(c) Reuters Limited 1997</copyright>
<metadata>
<codes class="bip:countries:1.0">
  <code code="NZ">
    <editdetail action="confirmed" attribution="Reuters BIP Coding Group" date="1997-01-28"/>
  </code>
</codes>
<codes class="bip:topics:1.0">
  <code code="GCAT">
    <editdetail action="confirmed" attribution="Reuters BIP Coding Group" date="1997-01-28"/>
  </code>
  <code code="GSPO">
    <editdetail action="confirmed" attribution="Reuters BIP Coding Group" date="1997-01-28"/>
  </code>
</codes>
<dc element="dc.date.created" value="1996-01-29"/>
<dc element="dc.publisher" value="Reuters Holdings Plc"/>
<dc element="dc.date.published" value="1997-01-28"/>
<dc element="dc.source" value="Reuters"/>
<dc element="dc.creator.location" value="AUCKLAND"/>
<dc element="dc.creator.location.country.name" value="NEW ZEALAND"/>
<dc element="dc.source" value="Reuters"/>
</metadata>
</newsitem>
