<?xml version="1.0" encoding="ISO-8859-1" standalone="no"?>
<newsitem date="1997-01-28" id="root" itemid="336736" xml:lang="en">
<title>USA: South Jersey Q4 net shr $1.71 vs $0.69.</title>
<headline>South Jersey Q4 net shr $1.71 vs $0.69.</headline>
<dateline>FOLSOM, N.J. 1997-01-28</dateline>
<text>
<p>1996			1995</p>
<p> Shr primary	    $  1.71		  $  0.69</p>
<p> Net			 18,393		    7,434</p>
<p> Revs		     101,317		  103,278</p>
<p> Avg shrs primary	10,745		   10,722</p>
<p>	     Year</p>
<p> Shr primary	   $   2.84		 $   1.65</p>
<p> Net			 30,498		   17,643</p>
<p> Revs		     355,458		  304,163</p>
<p> Avg shrs primary	10,732		   10,719</p>
<p>(All data above 000s except per share numbers)</p>
<p>NOTE: Full name is South Jersey Industries Inc.</p>
<p>1996 Q4 Oper shr $0.67 vs $0.65.</p>
</text>
<copyright>(c) Reuters Limited 1997</copyright>
<metadata>
<codes class="bip:countries:1.0">
  <code code="USA">
    <editdetail action="confirmed" attribution="Reuters BIP Coding Group" date="1997-01-28"/>
  </code>
</codes>
<codes class="bip:industries:1.0">
  <code code="I13000">
    <editdetail action="confirmed" attribution="Reuters BIP Coding Group" date="1997-01-28"/>
  </code>
  <code code="I1300003">
    <editdetail action="confirmed" attribution="Reuters BIP Coding Group" date="1997-01-28"/>
  </code>
</codes>
<codes class="bip:topics:1.0">
  <code code="C15">
    <editdetail action="confirmed" attribution="Reuters BIP Coding Group" date="1997-01-28"/>
  </code>
  <code code="C151">
    <editdetail action="confirmed" attribution="Reuters BIP Coding Group" date="1997-01-28"/>
  </code>
  <code code="C1511">
    <editdetail action="confirmed" attribution="Reuters BIP Coding Group" date="1997-01-28"/>
  </code>
  <code code="CCAT">
    <editdetail action="confirmed" attribution="Reuters BIP Coding Group" date="1997-01-28"/>
  </code>
</codes>
<dc element="dc.date.created" value="1997-01-28"/>
<dc element="dc.publisher" value="Reuters Holdings Plc"/>
<dc element="dc.date.published" value="1997-01-28"/>
<dc element="dc.source" value="Reuters"/>
<dc element="dc.creator.location" value="FOLSOM, N.J."/>
<dc element="dc.creator.location.country.name" value="USA"/>
<dc element="dc.source" value="Reuters"/>
</metadata>
</newsitem>
