<?xml version="1.0" encoding="ISO-8859-1" standalone="no"?>
<newsitem date="1997-01-28" id="root" itemid="337325" xml:lang="en">
<title>LITHUANIA: Lithuanian shares fall further in correction.</title>
<headline>Lithuanian shares fall further in correction.</headline>
<dateline>VILNIUS 1997-01-28</dateline>
<text>
<p>Lithuanian shares fell further in moderate trade on Tuesday, dealers said.</p>
<p>The group A index fell by 116.00 points to 2,706.88. Overall central market volume was just over three million litas.</p>
<p>"The market is going through a correction right now. Shares rose a bit too quickly early this year," said one dealer, referring to the market's short-lived bull run at the start of the year that saw share prices soar.</p>
<p>Dealers said that more corrections could be expected over the next two months as final company results for 1996 are published.</p>
<p>"The results could have a big impact on the market, especially if they fall short of the market's expectations," said one dealer.</p>
<p>Blue chip falls on Tuesday included Hermis Bank, which saw its price fall by 9.96 percent to 211.50 litas in trade of 296.100 litas.</p>
<p>Lithuania Gas fell by ten percent to 2.07 litas in trade of 380,000 litas.</p>
<p>Bloc trades worth 258,000 litas were also made on Tuesday and the secondary T-bill market was inactive.</p>
<p>-- Riga Newsroom + 371 721 5240</p>
</text>
<copyright>(c) Reuters Limited 1997</copyright>
<metadata>
<codes class="bip:countries:1.0">
  <code code="LITH">
    <editdetail action="confirmed" attribution="Reuters BIP Coding Group" date="1997-01-28"/>
  </code>
</codes>
<codes class="bip:topics:1.0">
  <code code="M11">
    <editdetail action="confirmed" attribution="Reuters BIP Coding Group" date="1997-01-28"/>
  </code>
  <code code="MCAT">
    <editdetail action="confirmed" attribution="Reuters BIP Coding Group" date="1997-01-28"/>
  </code>
</codes>
<dc element="dc.date.created" value="1997-01-28"/>
<dc element="dc.publisher" value="Reuters Holdings Plc"/>
<dc element="dc.date.published" value="1997-01-28"/>
<dc element="dc.source" value="Reuters"/>
<dc element="dc.creator.location" value="VILNIUS"/>
<dc element="dc.creator.location.country.name" value="LITHUANIA"/>
<dc element="dc.source" value="Reuters"/>
</metadata>
</newsitem>
