<?xml version="1.0" encoding="ISO-8859-1" standalone="no"?>
<newsitem date="1996-11-26" id="root" itemid="219093" xml:lang="en">
<title>NORWAY: PRESS DIGEST - Norway - Nov 26.</title>
<headline>PRESS DIGEST - Norway - Nov 26.</headline>
<dateline>OSLO 1996-11-26</dateline>
<text>
<p>Following are some of the leading stories in Norwegian papers this morning:</p>
<p>AFTENPOSTEN</p>
<p>- The World Jewish Congress (WJC) met in Oslo to discuss the search for Jewish property stolen by the Nazis during World War II. Jewish leaders said WJC made plans for penetrating Swiss bank secrecy in search of unclaimed wealth of Holocaust victims.</p>
<p>- Prime Minister Torbjoern Jagland, speaking prior to budget talks in parliament, says the ruling Labour Party wants to cut private consumption by increasing taxes.</p>
<p>DAGENS NAERINGSLIV</p>
<p>- Insurer Vital will have to reduce administrations costs by 120 million crowns by cutting up to 150 annual job equivalents. Vital is owned by Den Norske Bank (DnB).</p>
<p>- Norwegian state pension fund Folketrygdfondet sold four million A class shares in engineering and offshore group Aker ASA. The shares were sold at 143 crowns a piece. The total profit was 300 million crowns. Folketrygdfondet was the main opponent of the merger of Aker and fisheries-based investment group RGI.</p>
<p>- Oil company Saga Petroleum ASA is still in the competition to buy British Santa Fe Exploration.</p>
</text>
<copyright>(c) Reuters Limited 1996</copyright>
<metadata>
<codes class="bip:countries:1.0">
  <code code="NORW">
    <editdetail action="confirmed" attribution="Reuters BIP Coding Group" date="1996-11-26"/>
  </code>
</codes>
<codes class="bip:topics:1.0">
  <code code="GCAT">
    <editdetail action="confirmed" attribution="Reuters BIP Coding Group" date="1996-11-26"/>
  </code>
</codes>
<dc element="dc.date.created" value="1996-11-26"/>
<dc element="dc.publisher" value="Reuters Holdings Plc"/>
<dc element="dc.date.published" value="1996-11-26"/>
<dc element="dc.source" value="Reuters"/>
<dc element="dc.creator.location" value="OSLO"/>
<dc element="dc.creator.location.country.name" value="NORWAY"/>
<dc element="dc.source" value="Reuters"/>
</metadata>
</newsitem>
