<?xml version="1.0" encoding="ISO-8859-1" standalone="no"?>
<newsitem date="1997-01-28" id="root" itemid="337055" xml:lang="en">
<title>UK: UK Conservatives soldier on after surprise defeat.</title>
<headline>UK Conservatives soldier on after surprise defeat.</headline>
<byline>Paul Mylrea</byline>
<dateline>LONDON 1997-01-28</dateline>
<text>
<p>British Prime Minister John Major's Conservative government on Tuesday shrugged off a surprise defeat in parliament as a miscount and said it would not change its tactics for the election due by May.</p>
<p>The opposition took advantage of ministers being away at a cabinet brainstorming session at the prime minister's country residence to stage a late-night ambush in the House of Commons on a Monday vote over government education plans.</p>
<p>The opposition Labour Party claimed a knife-edge victory with 273 votes to the government's 272.</p>
<p>But Education Secretary Gillian Shephard told BBC radio's lunchtime news that there had been a miscount and that the opposition victory would be "short-lived".</p>
<p>"We understand that last night the vote was in fact a tie, which under the procedures of the House (of Commons) would have meant that the government didn't lose it, because in those circumstances the Speaker... votes with the government."</p>
<p>Labour said it was not clear what had happened but, under parliamentary rules, the result must stand.</p>
<p>Labour's senior parliamentary business manager, Donald Dewar, said there was a discrepancy between the count of people passing through voting lobbies and the names recorded on a list.</p>
<p>"Whatever happened... it is further evidence of the confusion and chaos which is now surrounding activities in the House of Commons. The reason for that is that the government... is without purpose and simply hanging on and hoping," he said.</p>
<p>"This is a further argument for an early general election."</p>
<p>The government has said it will reinstate the plans -- to let schools which have opted out of local authority control expand -- as the Education Bill goes through parliament.</p>
<p>Health Secretary Stephen Dorrell dismissed suggestions that the government was in trouble and risked being unable to hold on to power until Major's preferred election date of May 1.</p>
<p>"It's the prime minister's job to fix the date, not mine, I'm not going to speculate about that... Nobody's limping along," Dorrell told a BBC radio interviewer on Tuesday.</p>
<p>But Monday night's vote proved how difficult the main opposition Labour Party can make it for the government to keep the upper hand in parliament. Recent opinion polls have shown the Conservatives some 20 points behind Labour.</p>
<p>A breakdown in trust between Labour and the Conservatives has led to the end of cross-party arrangements allowing members of parliament detained elsewhere to miss votes without affecting the result, offering Labour plenty of chances for ambushes.</p>
</text>
<copyright>(c) Reuters Limited 1997</copyright>
<metadata>
<codes class="bip:countries:1.0">
  <code code="UK">
    <editdetail action="confirmed" attribution="Reuters BIP Coding Group" date="1997-01-28"/>
  </code>
</codes>
<codes class="bip:topics:1.0">
  <code code="GCAT">
    <editdetail action="confirmed" attribution="Reuters BIP Coding Group" date="1997-01-28"/>
  </code>
  <code code="GPOL">
    <editdetail action="confirmed" attribution="Reuters BIP Coding Group" date="1997-01-28"/>
  </code>
  <code code="GVOTE">
    <editdetail action="confirmed" attribution="Reuters BIP Coding Group" date="1997-01-28"/>
  </code>
</codes>
<dc element="dc.date.created" value="1997-01-28"/>
<dc element="dc.publisher" value="Reuters Holdings Plc"/>
<dc element="dc.date.published" value="1997-01-28"/>
<dc element="dc.source" value="Reuters"/>
<dc element="dc.creator.location" value="LONDON"/>
<dc element="dc.creator.location.country.name" value="UK"/>
<dc element="dc.source" value="Reuters"/>
</metadata>
</newsitem>
