<?xml version="1.0" encoding="ISO-8859-1" standalone="no"?>
<newsitem date="1997-01-28" id="root" itemid="337711" xml:lang="en">
<title>USA: BALANCE - New Orleans, La., at $2.1 mln.</title>
<headline>BALANCE - New Orleans, La., at $2.1 mln.</headline>
<text>
<p>CITY OF NEW ORLEANS, LOUISIANA</p>
<p>RE: $50,000,000</p>
<p>PUBLIC IMPROVEMENT BONDS</p>
<p>ISSUE OF 1997-A</p>
<p>    MOODY'S: Aaa		   S&amp;P: AAA</p>
<p>		 BAA(UNDERLYING)	  BBB+(UNDERLYING)</p>
<p>Delivery Date: 01/22/1997 FIRM</p>
<p>FGIC INSURED</p>
<p>Maturity	   Balance     Coupon    List</p>
<p>12/01/2001	     390M    5.625	 4.40</p>
<p>12/01/2002	     660M    5.625	 4.50</p>
<p>12/01/2003	     260M    5.625	 4.65</p>
<p>12/01/2005	     825M    5.625	 4.85</p>
<p>TOTAL:		 2,135M</p>
<p>Stephens Inc.</p>
<p>Scharff &amp; Jones/a Division of Morgan Keegan &amp; Co., Inc.</p>
<p>IN ASSOCIATION WITH:</p>
<p>Crews &amp; Associates, Inc.</p>
<p>A.G. Edwards &amp; Sons, Inc.</p>
<p>Duncan-Williams, Inc.</p>
<p>Sterne, Agee &amp; Leach, Inc.</p>
<p>Legg Mason Wood Walker Inc.</p>
<p>Stifel, Nicolaus &amp; Company, Incorporated</p>
<p>First National Bank of Commerce</p>
<p>Mesirow Financial Inc.</p>
<p>--U.S. Municipal Desk, 212-859-1650</p>
</text>
<copyright>(c) Reuters Limited 1997</copyright>
<metadata>
<codes class="bip:countries:1.0">
  <code code="USA">
    <editdetail action="confirmed" attribution="Reuters BIP Coding Group" date="1997-01-28"/>
  </code>
</codes>
<codes class="bip:topics:1.0">
  <code code="E21">
    <editdetail action="confirmed" attribution="Reuters BIP Coding Group" date="1997-01-28"/>
  </code>
  <code code="E212">
    <editdetail action="confirmed" attribution="Reuters BIP Coding Group" date="1997-01-28"/>
  </code>
  <code code="ECAT">
    <editdetail action="confirmed" attribution="Reuters BIP Coding Group" date="1997-01-28"/>
  </code>
</codes>
<dc element="dc.publisher" value="Reuters Holdings Plc"/>
<dc element="dc.date.published" value="1997-01-28"/>
<dc element="dc.source" value="Reuters"/>
<dc element="dc.creator.location.country.name" value="USA"/>
<dc element="dc.source" value="Reuters"/>
</metadata>
</newsitem>
