<?xml version="1.0" encoding="ISO-8859-1" standalone="no"?>
<newsitem date="1996-11-26" id="root" itemid="219114" xml:lang="en">
<title>FRANCE: BoF's Marchelli says franc-mark link sterile-paper.</title>
<headline>BoF's Marchelli says franc-mark link sterile-paper.</headline>
<dateline>PARIS 1996-11-26</dateline>
<text>
<p>Paul Marchelli, a member of the Bank of France's monetary policy council, was quoted on Tuesday as saying the link between the franc and the mark was sterile.</p>
<p>"The franc-mark link is sterile because it forces us to wait for the Bundesbank to lower its interest rates before we can lower ours," daily Liberation quoted him as saying.</p>
<p>Marchelli, who is believed to be outnumbered on the monetary policy council by those who defend the franc-mark link, said that "we should do everything to lower our interest rates as quickly as possible, which will allow an acceleration in growth and (the franc) to find a suitable level against the dollar". </p>
<p>His comments are likely to stoke a debate started last week when former president Valery Giscard d'Estaing called in a magazine article for a sharp depreciation in the franc.</p>
<p>Marchelli defended the monetary policy council, installed in 1994 when the Bank became independent, as an institution, but said that if the government wanted a different monetary policy, it should have "named different men".</p>
<p>The paper said that out of the nine members of the monetary policy council, six supported the current policy of defending the franc-mark link.</p>
<p>These included governor Jean-Claude Trichet, deputy governors Herve Hannoun and Denis Ferman, and lay members Jean Boissonat, Michel Albert and Bruno de Maulde.</p>
<p>The mandates of both Boissonat and de Maulde expire at the end of this year although their terms of office are renewable.</p>
<p>The presidents of the upper and lower houses of parliament and of the Economic and Social Council are due to nominate six people for the posts coming up, out of which the government will choose two.</p>
<p>The newspaper said those opposed to the current policy were Marchelli, Jean-Pierre Gerard and Denise Flouzat.</p>
<p>Marchelli's comments were the first time a member of the secretive monetary policy council had publicly criticised the Bank's policies.</p>
<p>-- Paris Newsroom +33 1 42 21 53 81</p>
</text>
<copyright>(c) Reuters Limited 1996</copyright>
<metadata>
<codes class="bip:countries:1.0">
  <code code="FRA">
    <editdetail action="confirmed" attribution="Reuters BIP Coding Group" date="1996-11-26"/>
  </code>
</codes>
<codes class="bip:topics:1.0">
  <code code="E12">
    <editdetail action="confirmed" attribution="Reuters BIP Coding Group" date="1996-11-26"/>
  </code>
  <code code="ECAT">
    <editdetail action="confirmed" attribution="Reuters BIP Coding Group" date="1996-11-26"/>
  </code>
  <code code="M13">
    <editdetail action="confirmed" attribution="Reuters BIP Coding Group" date="1996-11-26"/>
  </code>
  <code code="M132">
    <editdetail action="confirmed" attribution="Reuters BIP Coding Group" date="1996-11-26"/>
  </code>
  <code code="MCAT">
    <editdetail action="confirmed" attribution="Reuters BIP Coding Group" date="1996-11-26"/>
  </code>
</codes>
<dc element="dc.date.created" value="1996-11-26"/>
<dc element="dc.publisher" value="Reuters Holdings Plc"/>
<dc element="dc.date.published" value="1996-11-26"/>
<dc element="dc.source" value="Reuters"/>
<dc element="dc.creator.location" value="PARIS"/>
<dc element="dc.creator.location.country.name" value="FRANCE"/>
<dc element="dc.source" value="Reuters"/>
</metadata>
</newsitem>
