<?xml version="1.0" encoding="ISO-8859-1" standalone="no"?>
<newsitem date="1997-01-28" id="root" itemid="337826" xml:lang="en">
<title>USA: EMC expects FY97 earnings,revenue growth of 25 pct.</title>
<headline>EMC expects FY97 earnings,revenue growth of 25 pct.</headline>
<dateline>BOSTON 1997-01-28</dateline>
<text>
<p>EMC Corp, the Hopkinton, Mass. technology company, reported record revenues for the fourth quarter and officials expect the trend to continue.</p>
<p>"This year, in 1997, the plan is to achieve revenue and earnings of 25 percent," EMC President and Chief Executive Officer Michael Ruettgers said in a conference call.</p>
<p>The computer storage company expects to ship in volume all its Symmetrix systems this quarter adding that the six new products "completes our transition to all new models" that have lower manufacturing costs, he said.  </p>
<p>Saying his company was the world leader in both open systems, with 15 percent of the market, and mainframe systems, with a 44 percent market share, Ruettgers expected both markets to generate revenues of more than $10 billion in 1997.</p>
<p>He also expects the markets to "coalesce and grow together over the next two years...we call this trend enterprise storage and this is where the market is going."</p>
<p>He thought EMC's Symmetrix systems, which are compatible with both open and mainframe systems, would ensure the company's dominant share in the market.</p>
<p>"So the hardware platforms are now paying for future software," he said, adding he was "Confident in our plan for $200 million in software revenue this year."</p>
<p>Ruettgers said EMC added 1,000 new customers in 1996, including Aetna Inc, Chevron Corp and Ford Motor Co in the United States, as well as Deutch Telecom.</p>
<p>International sales accounted for 44 percent of fourth quarter revenues and Ruettgers expected overseas sales will "increase in both absolute and percentage terms."</p>
<p>Revenue for the fourth quarter was $656 million, 26 percent higher than a year earlier and net income was $124 million, up 100 percent over the fourth quarter of 1995, EMC said.</p>
<p>((--Leslie Gevirtz, 617-367-4142))</p>
</text>
<copyright>(c) Reuters Limited 1997</copyright>
<metadata>
<codes class="bip:countries:1.0">
  <code code="USA">
    <editdetail action="confirmed" attribution="Reuters BIP Coding Group" date="1997-01-28"/>
  </code>
</codes>
<codes class="bip:industries:1.0">
  <code code="I33020">
    <editdetail action="confirmed" attribution="Reuters BIP Coding Group" date="1997-01-28"/>
  </code>
  <code code="I3302019">
    <editdetail action="confirmed" attribution="Reuters BIP Coding Group" date="1997-01-28"/>
  </code>
</codes>
<codes class="bip:topics:1.0">
  <code code="C15">
    <editdetail action="confirmed" attribution="Reuters BIP Coding Group" date="1997-01-28"/>
  </code>
  <code code="C152">
    <editdetail action="confirmed" attribution="Reuters BIP Coding Group" date="1997-01-28"/>
  </code>
  <code code="CCAT">
    <editdetail action="confirmed" attribution="Reuters BIP Coding Group" date="1997-01-28"/>
  </code>
</codes>
<dc element="dc.date.created" value="1997-01-28"/>
<dc element="dc.publisher" value="Reuters Holdings Plc"/>
<dc element="dc.date.published" value="1997-01-28"/>
<dc element="dc.source" value="Reuters"/>
<dc element="dc.creator.location" value="BOSTON"/>
<dc element="dc.creator.location.country.name" value="USA"/>
<dc element="dc.source" value="Reuters"/>
</metadata>
</newsitem>
