<?xml version="1.0" encoding="ISO-8859-1" standalone="no"?>
<newsitem date="1996-12-20" id="root" itemid="270820" xml:lang="en">
<title>FRANCE: Exiled prince vows return to Cambodia, even jail.</title>
<headline>Exiled prince vows return to Cambodia, even jail.</headline>
<dateline>PARIS 1996-12-20</dateline>
<text>
<p>Exiled Cambodian Prince Norodom Sirivudh says he cannot afford to live in France and says he intends to return home even if jailed because that would provide him with free meals.</p>
<p>"You see, if I'm going back, it is also for financial reasons because I can no longer afford to live in France," Sirivudh told the French weekly Le Point in an interview published on Friday.</p>
<p>"In prison, at least, you eat free of charge," said Sirivudh, King Norodom Sihanouk's half-brother who was exiled to France nearly a year ago to avoid a 10-year prison sentence for an alleged plot to kill second Prime Minister Hun Sen.</p>
<p>The prince said his return, whose timing he was keeping secret, was driven by political considerations.</p>
<p>"It will be a political return. The Cambodian people are waiting for me," he said.</p>
<p>His proposed return has become a political tangle.</p>
<p>Cambodian co-Premier Prince Norodom Ranariddh has formally asked Sihanouk to pardon Sirivudh, but the king said he would not grant amnesty to Sirivudh without the approval of Hun Sen.</p>
<p>Hun Sen, who had threatened to call out troops and tanks to prevent Sirivudh's return, later relented and said he would welcome him with flowers if he were given a royal amnesty.</p>
</text>
<copyright>(c) Reuters Limited 1996</copyright>
<metadata>
<codes class="bip:countries:1.0">
  <code code="FRA">
    <editdetail action="confirmed" attribution="Reuters BIP Coding Group" date="1996-12-20"/>
  </code>
  <code code="KAMPA">
    <editdetail action="confirmed" attribution="Reuters BIP Coding Group" date="1996-12-20"/>
  </code>
</codes>
<codes class="bip:topics:1.0">
  <code code="GCAT">
    <editdetail action="confirmed" attribution="Reuters BIP Coding Group" date="1996-12-20"/>
  </code>
  <code code="GCRIM">
    <editdetail action="confirmed" attribution="Reuters BIP Coding Group" date="1996-12-20"/>
  </code>
  <code code="GPOL">
    <editdetail action="confirmed" attribution="Reuters BIP Coding Group" date="1996-12-20"/>
  </code>
</codes>
<dc element="dc.date.created" value="1996-12-20"/>
<dc element="dc.publisher" value="Reuters Holdings Plc"/>
<dc element="dc.date.published" value="1996-12-20"/>
<dc element="dc.source" value="Reuters"/>
<dc element="dc.creator.location" value="PARIS"/>
<dc element="dc.creator.location.country.name" value="FRANCE"/>
<dc element="dc.source" value="Reuters"/>
</metadata>
</newsitem>
