<?xml version="1.0" encoding="ISO-8859-1" standalone="no"?>
<newsitem date="1997-01-28" id="root" itemid="338043" xml:lang="en">
<title>GERMANY: FOCUS-German building sector starts '97 wage round.</title>
<headline>FOCUS-German building sector starts '97 wage round.</headline>
<byline>Mark John</byline>
<dateline>FRANKFURT 1997-01-28</dateline>
<text>
<p>Germany's construction sector entered its 1997 wage round on Tuesday with trade union IG Bau announcing that it would seek to ensure that wages for the 1.3 million workers in the industry did not fall in real terms.</p>
<p>But union officials said they would not name the precise level of the wage rise they would accept because it was only one part of a package of demands they would put to employers in an industry still struggling with its labour relations.</p>
<p>"We shall not be naming any figure in any form yet," IG Bau chairman Klaus Wiesehuegel told a news briefing.</p>
<p>Wiesehuegel said however the union saw other wage accords, such as those reached in the large metal and engineering sectors, as "guiding indicators". German inflation is widely expected to remain around 1.5 percent during 1997.</p>
<p>Agreements based around wage rises of 1.5 percent and 2.5 percent in 1997 and 1998 have been struck for the vast majority of Germany's 3.2 million metal and engineering workers, deals widely seen as moderate.</p>
<p>IG Bau will enter negotiations with employers late next month with a package of demands including the reinstatement of a 13th-month end-of-year bonus and of sick pay entitlements at 100 percent of salary.</p>
<p>It also wants clear agreements on payment of compensation to workers during bad weather, which this winter is expected to have helped push unemployment in the sector to some 400,000 -- a third of all German construction workers.</p>
<p>Last year building workers were awarded a 1.85 percent pay increase, but controversy in the industry has remained over the continued disparity between west and east German wages and use of low-paid foreign workers.</p>
<p>A spokesman for the construction employer federation ZDB said it would be looking at the details of wage demand before making a reaction but noted that the issue of sick pay entitlements, which have recently been cut, was not negotiable.</p>
<p>"Existing clauses on sick pay run until the end of the year," a ZDB spokesman said, confirming that wage negotiations are due to start in Frankfurt on February 27.</p>
<p>Sick pay in the sector was cut to 80 percent following a federal law introduced in October last year. Huge resistance by metal and engineering workers meant the law was not implemented in new wage contracts for those industries.</p>
<p>The new wage round comes after the generally-binding minimum wage deal agreed for construction workers last November and due to run as a trial till August 31 this year.</p>
<p>The accord sets west German wages at 17 marks and east German wages at 15.64 marks an hour -- some way down on the 18.60 and 17.11 marks respectively that IG Bau had orginally sought.</p>
<p>Construction analysts said that large contractors, which are already suffering from fierce price pressure, slow economic growth and a lack of building investment, would be little affected by a wage rise in the sector around or slightly above inflation.</p>
<p>"There is an increasing use by the large firms of subcontractors (which will absorb much of the pay rise). It will be on the smaller and medium firms that most of the impact will be seen," one analyst said.</p>
</text>
<copyright>(c) Reuters Limited 1997</copyright>
<metadata>
<codes class="bip:countries:1.0">
  <code code="GFR">
    <editdetail action="confirmed" attribution="Reuters BIP Coding Group" date="1997-01-28"/>
  </code>
</codes>
<codes class="bip:industries:1.0">
  <code code="I50000">
    <editdetail action="confirmed" attribution="Reuters BIP Coding Group" date="1997-01-28"/>
  </code>
</codes>
<codes class="bip:topics:1.0">
  <code code="C42">
    <editdetail action="confirmed" attribution="Reuters BIP Coding Group" date="1997-01-28"/>
  </code>
  <code code="CCAT">
    <editdetail action="confirmed" attribution="Reuters BIP Coding Group" date="1997-01-28"/>
  </code>
  <code code="E41">
    <editdetail action="confirmed" attribution="Reuters BIP Coding Group" date="1997-01-28"/>
  </code>
  <code code="ECAT">
    <editdetail action="confirmed" attribution="Reuters BIP Coding Group" date="1997-01-28"/>
  </code>
  <code code="GCAT">
    <editdetail action="confirmed" attribution="Reuters BIP Coding Group" date="1997-01-28"/>
  </code>
  <code code="GJOB">
    <editdetail action="confirmed" attribution="Reuters BIP Coding Group" date="1997-01-28"/>
  </code>
</codes>
<dc element="dc.date.created" value="1997-01-28"/>
<dc element="dc.publisher" value="Reuters Holdings Plc"/>
<dc element="dc.date.published" value="1997-01-28"/>
<dc element="dc.source" value="Reuters"/>
<dc element="dc.creator.location" value="FRANKFURT"/>
<dc element="dc.creator.location.country.name" value="GERMANY"/>
<dc element="dc.source" value="Reuters"/>
</metadata>
</newsitem>
