<?xml version="1.0" encoding="ISO-8859-1" standalone="no"?>
<newsitem date="1997-01-28" id="root" itemid="338264" xml:lang="en">
<title>INDIA: Gandhi's ashes set to embark on final pilgrimage.</title>
<headline>Gandhi's ashes set to embark on final pilgrimage.</headline>
<dateline>BHUBANESWAR, India 1997-01-28</dateline>
<text>
<p>Mahatma Gandhi's great grandson prepared on Tuesday to take the purported ashes of modern India's founding father out of a bank vault on a final pilgrimage to the Ganges River.</p>
<p>Tushar Arun Gandhi told Reuters in the eastern state of Orissa that he would lay claim to a box holding his forefather's ashes at a state-owned bank and take it on a procession through the streets of the state capital Bhubaneswar.</p>
<p>On Tuesday evening, the sealed wooded box would be placed on a podium in a special railway carriage, which would then leave on a 19-hour train ride through four states to the banks of the mighty Ganges, the Hindu religion's most sacred river.</p>
<p>The ashes were to be immersed in the Ganges at Allahabad city on January 30, the 49th anniversary of the assassination of the Mahatma.</p>
<p>"It took me close to one year to secure the release of the ashes and a lot of money too," Tushar Arun Gandhi said. "I am extremely happy and now feel completely relieved that the ashes will be finally out for immersion."</p>
<p>After a fast and much media attention, Tushar Arun Gandhi won control in November of the box, which had lain in a vault in the State Bank of India in Cuttack town, near Bhubaneswar, since 1950.</p>
<p>"No Hindu will ever like the ashes of his forefathers to be kept in a museum let alone a bank locker," he said. "Which is why I had to battle it out."</p>
<p>Gandhi was shot dead by a Hindu fanatic on January 30, 1948, five months after India, spurred by the apostle of non-violence, won independence from Britain. He was cremated in Delhi.</p>
<p>The box contains an urn which measures 18 inches by 18 inches by 20 inches (45 cm by 45 cm by 50 cm) and bears the inscription "It contains the ashes of Mahatma Gandhi".</p>
<p>But the state's chief minister has called the claims that the box contains Gandhi's ashes "a big hoax".</p>
<p>Gandhi's great grandson had hoped to take the ashes across the country before immersing them in the Ganges. The itinerary would have taken the ashes to sites linked to Gandhi's non-violent campaign against British rule.</p>
<p>But a state judge ordered him to take the ashes straight to Allahabad.</p>
<p>There, in a Hindu ceremony led by Gandhi's great grandson, the ashes were to be immersed on Thursday at the holy confluence of the Ganges with the Jamuna River and their mythical tributary, the Saraswati River.</p>
</text>
<copyright>(c) Reuters Limited 1997</copyright>
<metadata>
<codes class="bip:countries:1.0">
  <code code="INDIA">
    <editdetail action="confirmed" attribution="Reuters BIP Coding Group" date="1997-01-28"/>
  </code>
</codes>
<codes class="bip:topics:1.0">
  <code code="GCAT">
    <editdetail action="confirmed" attribution="Reuters BIP Coding Group" date="1997-01-28"/>
  </code>
  <code code="GPRO">
    <editdetail action="confirmed" attribution="Reuters BIP Coding Group" date="1997-01-28"/>
  </code>
</codes>
<dc element="dc.date.created" value="1997-01-28"/>
<dc element="dc.publisher" value="Reuters Holdings Plc"/>
<dc element="dc.date.published" value="1997-01-28"/>
<dc element="dc.source" value="Reuters"/>
<dc element="dc.creator.location" value="BHUBANESWAR, India"/>
<dc element="dc.creator.location.country.name" value="INDIA"/>
<dc element="dc.source" value="Reuters"/>
</metadata>
</newsitem>
