<?xml version="1.0" encoding="ISO-8859-1" standalone="no"?>
<newsitem date="1997-01-28" id="root" itemid="337837" xml:lang="en">
<title>USA: Calif. receives $30 mln for damage repairs - Senator.</title>
<headline>Calif. receives $30 mln for damage repairs - Senator.</headline>
<dateline>SACRAMENTO, Calif. 1997-01-28</dateline>
<text>
<p>The U.S. Department of Transportation will provide California full reimbursement for recently repaired highways damaged by this winter's floods and mudslides, U.S. Senator Barbara Boxer said on Tuesday.</p>
<p>California will receive $30 million in federal highway emergency relief funds to supplement the $20 million awarded earlier this month, Boxer, a California Democrat, said.  </p>
<p>"These funds are vital in our efforts to rebuild and repair the damage to our highways and bridges," Boxer said.</p>
<p>The Senator said she would lobby for funding for vital flood control projects, including levee repair.</p>
<p>A total of 46 of California's 58 counties are now under state of emergency declarations, state officials said.</p>
<p>Damage estimates from the devastating New Year floods have passed $1.5 billion. Nearly 16,000 homes have been damaged or destroyed in the flooding, according to state figures.</p>
</text>
<copyright>(c) Reuters Limited 1997</copyright>
<metadata>
<codes class="bip:countries:1.0">
  <code code="USA">
    <editdetail action="confirmed" attribution="Reuters BIP Coding Group" date="1997-01-28"/>
  </code>
</codes>
<codes class="bip:topics:1.0">
  <code code="E21">
    <editdetail action="confirmed" attribution="Reuters BIP Coding Group" date="1997-01-28"/>
  </code>
  <code code="E211">
    <editdetail action="confirmed" attribution="Reuters BIP Coding Group" date="1997-01-28"/>
  </code>
  <code code="ECAT">
    <editdetail action="confirmed" attribution="Reuters BIP Coding Group" date="1997-01-28"/>
  </code>
  <code code="GCAT">
    <editdetail action="confirmed" attribution="Reuters BIP Coding Group" date="1997-01-28"/>
  </code>
  <code code="GDIS">
    <editdetail action="confirmed" attribution="Reuters BIP Coding Group" date="1997-01-28"/>
  </code>
  <code code="GPOL">
    <editdetail action="confirmed" attribution="Reuters BIP Coding Group" date="1997-01-28"/>
  </code>
</codes>
<dc element="dc.date.created" value="1997-01-28"/>
<dc element="dc.publisher" value="Reuters Holdings Plc"/>
<dc element="dc.date.published" value="1997-01-28"/>
<dc element="dc.source" value="Reuters"/>
<dc element="dc.creator.location" value="SACRAMENTO, Calif."/>
<dc element="dc.creator.location.country.name" value="USA"/>
<dc element="dc.source" value="Reuters"/>
</metadata>
</newsitem>
