<?xml version="1.0" encoding="ISO-8859-1" standalone="no"?>
<newsitem date="1996-11-26" id="root" itemid="219181" xml:lang="en">
<title>JAPAN: Tokyo stocks finish higher, towed by blue chips.</title>
<headline>Tokyo stocks finish higher, towed by blue chips.</headline>
<dateline>TOKYO 1996-11-26</dateline>
<text>
<p>Tokyo stocks ended higher on Tuesday, supported by a booming New York stock market and towed by blue-chip issues, brokers said.</p>
<p>They said market participants were eager to see the Bank of Japan's (BOJ) "tankan" business sentiment survey to be released on Wednesday.</p>
<p>At the end of the session, the Nikkei 225 was up 124.68 points or 0.59 percent at 21,418.25. Its December futures were 60 points higher at 21,360.</p>
<p>"International issues which are seen doing well stole the limelight once again today as investors eagerly snapped up the shares," said Nomura Securities strategist Masaaki Higashida.</p>
</text>
<copyright>(c) Reuters Limited 1996</copyright>
<metadata>
<codes class="bip:countries:1.0">
  <code code="JAP">
    <editdetail action="confirmed" attribution="Reuters BIP Coding Group" date="1996-11-26"/>
  </code>
</codes>
<codes class="bip:topics:1.0">
  <code code="M11">
    <editdetail action="confirmed" attribution="Reuters BIP Coding Group" date="1996-11-26"/>
  </code>
</codes>
<dc element="dc.date.created" value="1996-11-26"/>
<dc element="dc.publisher" value="Reuters Holdings Plc"/>
<dc element="dc.date.published" value="1996-11-26"/>
<dc element="dc.source" value="Reuters"/>
<dc element="dc.creator.location" value="TOKYO"/>
<dc element="dc.creator.location.country.name" value="JAPAN"/>
<dc element="dc.source" value="Reuters"/>
</metadata>
</newsitem>
